model_version,state_code,property_type,quarter,index_value,sales
pm-2026Q2-v3,ALL,cluster,2021Q1,100.0,153
pm-2026Q2-v3,ALL,cluster,2021Q2,98.36,193
pm-2026Q2-v3,ALL,cluster,2021Q3,101.43,238
pm-2026Q2-v3,ALL,cluster,2021Q4,104.07,573
pm-2026Q2-v3,ALL,cluster,2022Q1,104.5,441
pm-2026Q2-v3,ALL,cluster,2022Q2,105.46,559
pm-2026Q2-v3,ALL,cluster,2022Q3,108.5,699
pm-2026Q2-v3,ALL,cluster,2022Q4,107.25,612
pm-2026Q2-v3,ALL,cluster,2023Q1,107.71,665
pm-2026Q2-v3,ALL,cluster,2023Q2,112.69,709
pm-2026Q2-v3,ALL,cluster,2023Q3,112.37,694
pm-2026Q2-v3,ALL,cluster,2023Q4,117.01,761
pm-2026Q2-v3,ALL,cluster,2024Q1,114.5,603
pm-2026Q2-v3,ALL,cluster,2024Q2,118.25,591
pm-2026Q2-v3,ALL,cluster,2024Q3,118.67,572
pm-2026Q2-v3,ALL,cluster,2024Q4,118.33,157
pm-2026Q2-v3,ALL,cluster,2025Q1,122.48,129
pm-2026Q2-v3,ALL,cluster,2025Q2,125.82,139
pm-2026Q2-v3,ALL,cluster,2025Q3,117.29,141
pm-2026Q2-v3,ALL,cluster,2025Q4,118.28,137
pm-2026Q2-v3,ALL,cluster,2026Q1,130.03,75
pm-2026Q2-v3,ALL,cluster,2026Q2,126.58,126
pm-2026Q2-v3,JHR,cluster,2021Q1,100.0,56
pm-2026Q2-v3,JHR,cluster,2021Q2,98.08,86
pm-2026Q2-v3,JHR,cluster,2021Q3,100.12,53
pm-2026Q2-v3,JHR,cluster,2021Q4,103.6,176
pm-2026Q2-v3,JHR,cluster,2022Q1,112.2,141
pm-2026Q2-v3,JHR,cluster,2022Q2,104.21,191
pm-2026Q2-v3,JHR,cluster,2022Q3,107.57,213
pm-2026Q2-v3,JHR,cluster,2022Q4,104.74,201
pm-2026Q2-v3,JHR,cluster,2023Q1,105.27,312
pm-2026Q2-v3,JHR,cluster,2023Q2,111.4,322
pm-2026Q2-v3,JHR,cluster,2023Q3,107.15,322
pm-2026Q2-v3,JHR,cluster,2023Q4,112.56,324
pm-2026Q2-v3,JHR,cluster,2024Q1,114.11,291
pm-2026Q2-v3,JHR,cluster,2024Q2,114.57,294
pm-2026Q2-v3,JHR,cluster,2024Q3,118.84,261
pm-2026Q2-v3,JHR,cluster,2024Q4,119.2,41
pm-2026Q2-v3,JHR,cluster,2025Q1,125.94,33
pm-2026Q2-v3,JHR,cluster,2025Q2,126.99,61
pm-2026Q2-v3,JHR,cluster,2025Q3,118.4,41
pm-2026Q2-v3,JHR,cluster,2025Q4,123.69,48
pm-2026Q2-v3,JHR,cluster,2026Q1,135.42,25
pm-2026Q2-v3,JHR,cluster,2026Q2,129.6,37
pm-2026Q2-v3,KDH,cluster,2021Q1,100.0,0
pm-2026Q2-v3,KDH,cluster,2021Q2,97.91,2
pm-2026Q2-v3,KDH,cluster,2021Q3,101.9,4
pm-2026Q2-v3,KDH,cluster,2021Q4,102.0,12
pm-2026Q2-v3,KDH,cluster,2022Q1,102.88,8
pm-2026Q2-v3,KDH,cluster,2022Q2,105.28,24
pm-2026Q2-v3,KDH,cluster,2022Q3,109.9,30
pm-2026Q2-v3,KDH,cluster,2022Q4,108.33,17
pm-2026Q2-v3,KDH,cluster,2023Q1,108.57,15
pm-2026Q2-v3,KDH,cluster,2023Q2,113.27,10
pm-2026Q2-v3,KDH,cluster,2023Q3,113.04,8
pm-2026Q2-v3,KDH,cluster,2023Q4,117.63,4
pm-2026Q2-v3,KDH,cluster,2024Q1,114.5,0
pm-2026Q2-v3,KDH,cluster,2024Q2,119.89,2
pm-2026Q2-v3,KDH,cluster,2024Q3,118.74,6
pm-2026Q2-v3,KDH,cluster,2024Q4,118.58,3
pm-2026Q2-v3,KDH,cluster,2025Q1,122.47,2
pm-2026Q2-v3,KDH,cluster,2025Q2,125.5,2
pm-2026Q2-v3,KDH,cluster,2025Q3,116.87,2
pm-2026Q2-v3,KDH,cluster,2025Q4,118.28,2
pm-2026Q2-v3,KDH,cluster,2026Q1,130.03,1
pm-2026Q2-v3,KDH,cluster,2026Q2,124.1,8
pm-2026Q2-v3,KTN,cluster,2021Q1,100.0,0
pm-2026Q2-v3,KTN,cluster,2021Q2,98.36,0
pm-2026Q2-v3,KTN,cluster,2021Q3,101.43,0
pm-2026Q2-v3,KTN,cluster,2021Q4,104.07,0
pm-2026Q2-v3,KTN,cluster,2022Q1,105.07,2
pm-2026Q2-v3,KTN,cluster,2022Q2,106.71,1
pm-2026Q2-v3,KTN,cluster,2022Q3,109.41,4
pm-2026Q2-v3,KTN,cluster,2022Q4,107.52,1
pm-2026Q2-v3,KTN,cluster,2023Q1,106.39,4
pm-2026Q2-v3,KTN,cluster,2023Q2,113.43,2
pm-2026Q2-v3,KTN,cluster,2023Q3,112.37,0
pm-2026Q2-v3,KTN,cluster,2023Q4,115.62,2
pm-2026Q2-v3,KTN,cluster,2024Q1,114.34,2
pm-2026Q2-v3,KTN,cluster,2024Q2,118.03,1
pm-2026Q2-v3,KTN,cluster,2024Q3,117.16,2
pm-2026Q2-v3,KTN,cluster,2024Q4,118.57,1
pm-2026Q2-v3,KTN,cluster,2025Q1,123.45,1
pm-2026Q2-v3,KTN,cluster,2025Q2,126.76,2
pm-2026Q2-v3,KTN,cluster,2025Q3,117.03,2
pm-2026Q2-v3,KTN,cluster,2025Q4,118.2,3
pm-2026Q2-v3,KTN,cluster,2026Q1,129.56,1
pm-2026Q2-v3,KTN,cluster,2026Q2,125.94,2
pm-2026Q2-v3,KUL,cluster,2021Q1,100.0,2
pm-2026Q2-v3,KUL,cluster,2021Q2,97.39,2
pm-2026Q2-v3,KUL,cluster,2021Q3,102.87,4
pm-2026Q2-v3,KUL,cluster,2021Q4,104.9,11
pm-2026Q2-v3,KUL,cluster,2022Q1,105.15,10
pm-2026Q2-v3,KUL,cluster,2022Q2,104.34,15
pm-2026Q2-v3,KUL,cluster,2022Q3,109.49,9
pm-2026Q2-v3,KUL,cluster,2022Q4,110.15,17
pm-2026Q2-v3,KUL,cluster,2023Q1,107.95,11
pm-2026Q2-v3,KUL,cluster,2023Q2,114.24,12
pm-2026Q2-v3,KUL,cluster,2023Q3,113.26,9
pm-2026Q2-v3,KUL,cluster,2023Q4,117.3,9
pm-2026Q2-v3,KUL,cluster,2024Q1,113.51,11
pm-2026Q2-v3,KUL,cluster,2024Q2,114.36,12
pm-2026Q2-v3,KUL,cluster,2024Q3,115.97,11
pm-2026Q2-v3,KUL,cluster,2024Q4,118.49,5
pm-2026Q2-v3,KUL,cluster,2025Q1,121.31,3
pm-2026Q2-v3,KUL,cluster,2025Q2,124.53,2
pm-2026Q2-v3,KUL,cluster,2025Q3,117.82,1
pm-2026Q2-v3,KUL,cluster,2025Q4,119.05,4
pm-2026Q2-v3,KUL,cluster,2026Q1,128.56,2
pm-2026Q2-v3,KUL,cluster,2026Q2,128.11,4
pm-2026Q2-v3,MLK,cluster,2021Q1,100.0,0
pm-2026Q2-v3,MLK,cluster,2021Q2,95.94,3
pm-2026Q2-v3,MLK,cluster,2021Q3,97.76,5
pm-2026Q2-v3,MLK,cluster,2021Q4,102.84,35
pm-2026Q2-v3,MLK,cluster,2022Q1,100.28,21
pm-2026Q2-v3,MLK,cluster,2022Q2,101.58,22
pm-2026Q2-v3,MLK,cluster,2022Q3,109.94,42
pm-2026Q2-v3,MLK,cluster,2022Q4,107.43,27
pm-2026Q2-v3,MLK,cluster,2023Q1,108.73,28
pm-2026Q2-v3,MLK,cluster,2023Q2,115.43,38
pm-2026Q2-v3,MLK,cluster,2023Q3,112.68,29
pm-2026Q2-v3,MLK,cluster,2023Q4,119.14,32
pm-2026Q2-v3,MLK,cluster,2024Q1,115.99,28
pm-2026Q2-v3,MLK,cluster,2024Q2,118.8,36
pm-2026Q2-v3,MLK,cluster,2024Q3,120.61,56
pm-2026Q2-v3,MLK,cluster,2024Q4,119.61,17
pm-2026Q2-v3,MLK,cluster,2025Q1,123.22,10
pm-2026Q2-v3,MLK,cluster,2025Q2,127.07,10
pm-2026Q2-v3,MLK,cluster,2025Q3,119.9,24
pm-2026Q2-v3,MLK,cluster,2025Q4,118.34,15
pm-2026Q2-v3,MLK,cluster,2026Q1,129.2,6
pm-2026Q2-v3,MLK,cluster,2026Q2,127.38,14
pm-2026Q2-v3,NSN,cluster,2021Q1,100.0,0
pm-2026Q2-v3,NSN,cluster,2021Q2,96.81,1
pm-2026Q2-v3,NSN,cluster,2021Q3,100.99,4
pm-2026Q2-v3,NSN,cluster,2021Q4,106.08,20
pm-2026Q2-v3,NSN,cluster,2022Q1,104.06,19
pm-2026Q2-v3,NSN,cluster,2022Q2,108.75,19
pm-2026Q2-v3,NSN,cluster,2022Q3,108.21,14
pm-2026Q2-v3,NSN,cluster,2022Q4,105.34,14
pm-2026Q2-v3,NSN,cluster,2023Q1,109.92,21
pm-2026Q2-v3,NSN,cluster,2023Q2,108.85,18
pm-2026Q2-v3,NSN,cluster,2023Q3,113.1,12
pm-2026Q2-v3,NSN,cluster,2023Q4,122.13,15
pm-2026Q2-v3,NSN,cluster,2024Q1,113.13,11
pm-2026Q2-v3,NSN,cluster,2024Q2,119.11,7
pm-2026Q2-v3,NSN,cluster,2024Q3,117.59,8
pm-2026Q2-v3,NSN,cluster,2024Q4,118.1,9
pm-2026Q2-v3,NSN,cluster,2025Q1,121.2,2
pm-2026Q2-v3,NSN,cluster,2025Q2,126.87,1
pm-2026Q2-v3,NSN,cluster,2025Q3,117.68,2
pm-2026Q2-v3,NSN,cluster,2025Q4,116.2,3
pm-2026Q2-v3,NSN,cluster,2026Q1,130.32,2
pm-2026Q2-v3,NSN,cluster,2026Q2,125.42,4
pm-2026Q2-v3,PHG,cluster,2021Q1,100.0,0
pm-2026Q2-v3,PHG,cluster,2021Q2,98.36,0
pm-2026Q2-v3,PHG,cluster,2021Q3,100.6,1
pm-2026Q2-v3,PHG,cluster,2021Q4,104.07,1
pm-2026Q2-v3,PHG,cluster,2022Q1,104.7,1
pm-2026Q2-v3,PHG,cluster,2022Q2,106.83,1
pm-2026Q2-v3,PHG,cluster,2022Q3,107.32,1
pm-2026Q2-v3,PHG,cluster,2022Q4,107.47,2
pm-2026Q2-v3,PHG,cluster,2023Q1,108.82,3
pm-2026Q2-v3,PHG,cluster,2023Q2,112.38,1
pm-2026Q2-v3,PHG,cluster,2023Q3,112.74,1
pm-2026Q2-v3,PHG,cluster,2023Q4,115.81,4
pm-2026Q2-v3,PHG,cluster,2024Q1,113.8,2
pm-2026Q2-v3,PHG,cluster,2024Q2,118.25,0
pm-2026Q2-v3,PHG,cluster,2024Q3,117.92,3
pm-2026Q2-v3,PHG,cluster,2024Q4,119.15,2
pm-2026Q2-v3,PHG,cluster,2025Q1,122.48,0
pm-2026Q2-v3,PHG,cluster,2025Q2,127.48,1
pm-2026Q2-v3,PHG,cluster,2025Q3,117.29,0
pm-2026Q2-v3,PHG,cluster,2025Q4,117.61,2
pm-2026Q2-v3,PHG,cluster,2026Q1,130.03,0
pm-2026Q2-v3,PHG,cluster,2026Q2,126.58,0
pm-2026Q2-v3,PJY,cluster,2021Q1,100.0,0
pm-2026Q2-v3,PJY,cluster,2021Q2,98.36,0
pm-2026Q2-v3,PJY,cluster,2021Q3,101.43,0
pm-2026Q2-v3,PJY,cluster,2021Q4,104.07,0
pm-2026Q2-v3,PJY,cluster,2022Q1,104.5,0
pm-2026Q2-v3,PJY,cluster,2022Q2,105.46,0
pm-2026Q2-v3,PJY,cluster,2022Q3,108.5,0
pm-2026Q2-v3,PJY,cluster,2022Q4,107.25,0
pm-2026Q2-v3,PJY,cluster,2023Q1,107.71,0
pm-2026Q2-v3,PJY,cluster,2023Q2,112.69,0
pm-2026Q2-v3,PJY,cluster,2023Q3,112.37,0
pm-2026Q2-v3,PJY,cluster,2023Q4,117.01,0
pm-2026Q2-v3,PJY,cluster,2024Q1,114.5,0
pm-2026Q2-v3,PJY,cluster,2024Q2,118.78,1
pm-2026Q2-v3,PJY,cluster,2024Q3,118.67,0
pm-2026Q2-v3,PJY,cluster,2024Q4,118.33,0
pm-2026Q2-v3,PJY,cluster,2025Q1,122.48,0
pm-2026Q2-v3,PJY,cluster,2025Q2,125.24,1
pm-2026Q2-v3,PJY,cluster,2025Q3,117.29,0
pm-2026Q2-v3,PJY,cluster,2025Q4,118.28,0
pm-2026Q2-v3,PJY,cluster,2026Q1,130.03,0
pm-2026Q2-v3,PJY,cluster,2026Q2,126.58,0
pm-2026Q2-v3,PLS,cluster,2021Q1,100.0,0
pm-2026Q2-v3,PLS,cluster,2021Q2,99.41,1
pm-2026Q2-v3,PLS,cluster,2021Q3,101.43,0
pm-2026Q2-v3,PLS,cluster,2021Q4,103.64,1
pm-2026Q2-v3,PLS,cluster,2022Q1,104.51,1
pm-2026Q2-v3,PLS,cluster,2022Q2,105.46,0
pm-2026Q2-v3,PLS,cluster,2022Q3,108.5,0
pm-2026Q2-v3,PLS,cluster,2022Q4,106.12,1
pm-2026Q2-v3,PLS,cluster,2023Q1,107.38,1
pm-2026Q2-v3,PLS,cluster,2023Q2,112.69,0
pm-2026Q2-v3,PLS,cluster,2023Q3,112.46,2
pm-2026Q2-v3,PLS,cluster,2023Q4,117.61,1
pm-2026Q2-v3,PLS,cluster,2024Q1,114.63,1
pm-2026Q2-v3,PLS,cluster,2024Q2,118.22,2
pm-2026Q2-v3,PLS,cluster,2024Q3,118.72,1
pm-2026Q2-v3,PLS,cluster,2024Q4,118.33,0
pm-2026Q2-v3,PLS,cluster,2025Q1,122.48,0
pm-2026Q2-v3,PLS,cluster,2025Q2,125.82,0
pm-2026Q2-v3,PLS,cluster,2025Q3,117.29,0
pm-2026Q2-v3,PLS,cluster,2025Q4,118.28,0
pm-2026Q2-v3,PLS,cluster,2026Q1,130.03,0
pm-2026Q2-v3,PLS,cluster,2026Q2,126.58,0
pm-2026Q2-v3,PNG,cluster,2021Q1,100.0,1
pm-2026Q2-v3,PNG,cluster,2021Q2,97.62,1
pm-2026Q2-v3,PNG,cluster,2021Q3,102.4,6
pm-2026Q2-v3,PNG,cluster,2021Q4,101.89,27
pm-2026Q2-v3,PNG,cluster,2022Q1,101.12,21
pm-2026Q2-v3,PNG,cluster,2022Q2,105.09,29
pm-2026Q2-v3,PNG,cluster,2022Q3,103.49,29
pm-2026Q2-v3,PNG,cluster,2022Q4,106.47,37
pm-2026Q2-v3,PNG,cluster,2023Q1,103.5,35
pm-2026Q2-v3,PNG,cluster,2023Q2,112.08,22
pm-2026Q2-v3,PNG,cluster,2023Q3,111.08,29
pm-2026Q2-v3,PNG,cluster,2023Q4,118.61,70
pm-2026Q2-v3,PNG,cluster,2024Q1,117.89,46
pm-2026Q2-v3,PNG,cluster,2024Q2,122.32,43
pm-2026Q2-v3,PNG,cluster,2024Q3,126.12,39
pm-2026Q2-v3,PNG,cluster,2024Q4,118.34,17
pm-2026Q2-v3,PNG,cluster,2025Q1,123.87,13
pm-2026Q2-v3,PNG,cluster,2025Q2,124.79,7
pm-2026Q2-v3,PNG,cluster,2025Q3,117.75,11
pm-2026Q2-v3,PNG,cluster,2025Q4,118.45,13
pm-2026Q2-v3,PNG,cluster,2026Q1,130.93,9
pm-2026Q2-v3,PNG,cluster,2026Q2,128.79,7
pm-2026Q2-v3,PRK,cluster,2021Q1,100.0,75
pm-2026Q2-v3,PRK,cluster,2021Q2,100.0,76
pm-2026Q2-v3,PRK,cluster,2021Q3,102.9,99
pm-2026Q2-v3,PRK,cluster,2021Q4,103.87,130
pm-2026Q2-v3,PRK,cluster,2022Q1,106.34,134
pm-2026Q2-v3,PRK,cluster,2022Q2,106.0,170
pm-2026Q2-v3,PRK,cluster,2022Q3,109.45,243
pm-2026Q2-v3,PRK,cluster,2022Q4,109.02,178
pm-2026Q2-v3,PRK,cluster,2023Q1,111.39,143
pm-2026Q2-v3,PRK,cluster,2023Q2,112.79,198
pm-2026Q2-v3,PRK,cluster,2023Q3,113.83,189
pm-2026Q2-v3,PRK,cluster,2023Q4,114.47,222
pm-2026Q2-v3,PRK,cluster,2024Q1,114.72,148
pm-2026Q2-v3,PRK,cluster,2024Q2,120.68,134
pm-2026Q2-v3,PRK,cluster,2024Q3,118.12,122
pm-2026Q2-v3,PRK,cluster,2024Q4,118.05,39
pm-2026Q2-v3,PRK,cluster,2025Q1,117.94,45
pm-2026Q2-v3,PRK,cluster,2025Q2,124.71,30
pm-2026Q2-v3,PRK,cluster,2025Q3,113.52,38
pm-2026Q2-v3,PRK,cluster,2025Q4,117.13,36
pm-2026Q2-v3,PRK,cluster,2026Q1,128.12,15
pm-2026Q2-v3,PRK,cluster,2026Q2,122.72,27
pm-2026Q2-v3,SBH,cluster,2021Q1,100.0,1
pm-2026Q2-v3,SBH,cluster,2021Q2,98.36,0
pm-2026Q2-v3,SBH,cluster,2021Q3,101.43,0
pm-2026Q2-v3,SBH,cluster,2021Q4,103.59,5
pm-2026Q2-v3,SBH,cluster,2022Q1,103.81,4
pm-2026Q2-v3,SBH,cluster,2022Q2,106.43,4
pm-2026Q2-v3,SBH,cluster,2022Q3,109.02,5
pm-2026Q2-v3,SBH,cluster,2022Q4,107.93,5
pm-2026Q2-v3,SBH,cluster,2023Q1,107.94,6
pm-2026Q2-v3,SBH,cluster,2023Q2,112.73,1
pm-2026Q2-v3,SBH,cluster,2023Q3,111.52,4
pm-2026Q2-v3,SBH,cluster,2023Q4,115.99,7
pm-2026Q2-v3,SBH,cluster,2024Q1,114.08,6
pm-2026Q2-v3,SBH,cluster,2024Q2,117.5,3
pm-2026Q2-v3,SBH,cluster,2024Q3,118.01,2
pm-2026Q2-v3,SBH,cluster,2024Q4,119.04,2
pm-2026Q2-v3,SBH,cluster,2025Q1,122.41,1
pm-2026Q2-v3,SBH,cluster,2025Q2,126.29,3
pm-2026Q2-v3,SBH,cluster,2025Q3,117.95,8
pm-2026Q2-v3,SBH,cluster,2025Q4,118.01,2
pm-2026Q2-v3,SBH,cluster,2026Q1,130.03,0
pm-2026Q2-v3,SBH,cluster,2026Q2,127.04,4
pm-2026Q2-v3,SGR,cluster,2021Q1,100.0,17
pm-2026Q2-v3,SGR,cluster,2021Q2,102.28,21
pm-2026Q2-v3,SGR,cluster,2021Q3,103.44,62
pm-2026Q2-v3,SGR,cluster,2021Q4,107.28,153
pm-2026Q2-v3,SGR,cluster,2022Q1,105.36,74
pm-2026Q2-v3,SGR,cluster,2022Q2,104.57,78
pm-2026Q2-v3,SGR,cluster,2022Q3,110.04,106
pm-2026Q2-v3,SGR,cluster,2022Q4,106.35,109
pm-2026Q2-v3,SGR,cluster,2023Q1,105.98,83
pm-2026Q2-v3,SGR,cluster,2023Q2,112.96,81
pm-2026Q2-v3,SGR,cluster,2023Q3,115.42,89
pm-2026Q2-v3,SGR,cluster,2023Q4,117.93,67
pm-2026Q2-v3,SGR,cluster,2024Q1,113.01,52
pm-2026Q2-v3,SGR,cluster,2024Q2,117.3,52
pm-2026Q2-v3,SGR,cluster,2024Q3,116.73,58
pm-2026Q2-v3,SGR,cluster,2024Q4,114.56,21
pm-2026Q2-v3,SGR,cluster,2025Q1,123.44,18
pm-2026Q2-v3,SGR,cluster,2025Q2,123.1,17
pm-2026Q2-v3,SGR,cluster,2025Q3,116.09,11
pm-2026Q2-v3,SGR,cluster,2025Q4,116.26,9
pm-2026Q2-v3,SGR,cluster,2026Q1,128.31,14
pm-2026Q2-v3,SGR,cluster,2026Q2,126.88,18
pm-2026Q2-v3,SWK,cluster,2021Q1,100.0,1
pm-2026Q2-v3,SWK,cluster,2021Q2,98.36,0
pm-2026Q2-v3,SWK,cluster,2021Q3,101.43,0
pm-2026Q2-v3,SWK,cluster,2021Q4,105.17,2
pm-2026Q2-v3,SWK,cluster,2022Q1,103.13,4
pm-2026Q2-v3,SWK,cluster,2022Q2,105.92,5
pm-2026Q2-v3,SWK,cluster,2022Q3,108.33,2
pm-2026Q2-v3,SWK,cluster,2022Q4,107.53,3
pm-2026Q2-v3,SWK,cluster,2023Q1,108.27,2
pm-2026Q2-v3,SWK,cluster,2023Q2,112.92,4
pm-2026Q2-v3,SWK,cluster,2023Q3,112.37,0
pm-2026Q2-v3,SWK,cluster,2023Q4,116.65,4
pm-2026Q2-v3,SWK,cluster,2024Q1,115.42,4
pm-2026Q2-v3,SWK,cluster,2024Q2,117.82,4
pm-2026Q2-v3,SWK,cluster,2024Q3,118.51,3
pm-2026Q2-v3,SWK,cluster,2024Q4,118.33,0
pm-2026Q2-v3,SWK,cluster,2025Q1,122.15,1
pm-2026Q2-v3,SWK,cluster,2025Q2,126.62,1
pm-2026Q2-v3,SWK,cluster,2025Q3,117.29,1
pm-2026Q2-v3,SWK,cluster,2025Q4,118.28,0
pm-2026Q2-v3,SWK,cluster,2026Q1,130.03,0
pm-2026Q2-v3,SWK,cluster,2026Q2,126.58,0
pm-2026Q2-v3,TRG,cluster,2021Q1,100.0,0
pm-2026Q2-v3,TRG,cluster,2021Q2,98.36,0
pm-2026Q2-v3,TRG,cluster,2021Q3,101.43,0
pm-2026Q2-v3,TRG,cluster,2021Q4,104.07,0
pm-2026Q2-v3,TRG,cluster,2022Q1,104.86,1
pm-2026Q2-v3,TRG,cluster,2022Q2,105.46,0
pm-2026Q2-v3,TRG,cluster,2022Q3,108.5,1
pm-2026Q2-v3,TRG,cluster,2022Q4,107.25,0
pm-2026Q2-v3,TRG,cluster,2023Q1,108.06,1
pm-2026Q2-v3,TRG,cluster,2023Q2,112.69,0
pm-2026Q2-v3,TRG,cluster,2023Q3,112.37,0
pm-2026Q2-v3,TRG,cluster,2023Q4,117.01,0
pm-2026Q2-v3,TRG,cluster,2024Q1,113.91,1
pm-2026Q2-v3,TRG,cluster,2024Q2,118.25,0
pm-2026Q2-v3,TRG,cluster,2024Q3,118.67,0
pm-2026Q2-v3,TRG,cluster,2024Q4,118.33,0
pm-2026Q2-v3,TRG,cluster,2025Q1,122.48,0
pm-2026Q2-v3,TRG,cluster,2025Q2,125.63,1
pm-2026Q2-v3,TRG,cluster,2025Q3,117.29,0
pm-2026Q2-v3,TRG,cluster,2025Q4,118.28,0
pm-2026Q2-v3,TRG,cluster,2026Q1,130.03,0
pm-2026Q2-v3,TRG,cluster,2026Q2,126.58,1
pm-2026Q2-v3,ALL,condo,2021Q1,100.0,759
pm-2026Q2-v3,ALL,condo,2021Q2,95.07,946
pm-2026Q2-v3,ALL,condo,2021Q3,92.09,1623
pm-2026Q2-v3,ALL,condo,2021Q4,94.25,4712
pm-2026Q2-v3,ALL,condo,2022Q1,89.44,3754
pm-2026Q2-v3,ALL,condo,2022Q2,92.51,5105
pm-2026Q2-v3,ALL,condo,2022Q3,94.04,5483
pm-2026Q2-v3,ALL,condo,2022Q4,95.31,4692
pm-2026Q2-v3,ALL,condo,2023Q1,95.28,4322
pm-2026Q2-v3,ALL,condo,2023Q2,96.75,4949
pm-2026Q2-v3,ALL,condo,2023Q3,95.92,4841
pm-2026Q2-v3,ALL,condo,2023Q4,99.29,4603
pm-2026Q2-v3,ALL,condo,2024Q1,98.23,3974
pm-2026Q2-v3,ALL,condo,2024Q2,97.45,4159
pm-2026Q2-v3,ALL,condo,2024Q3,96.97,4040
pm-2026Q2-v3,ALL,condo,2024Q4,92.66,1244
pm-2026Q2-v3,ALL,condo,2025Q1,97.78,1038
pm-2026Q2-v3,ALL,condo,2025Q2,96.86,1160
pm-2026Q2-v3,ALL,condo,2025Q3,94.5,1437
pm-2026Q2-v3,ALL,condo,2025Q4,101.5,1442
pm-2026Q2-v3,ALL,condo,2026Q1,95.56,773
pm-2026Q2-v3,ALL,condo,2026Q2,96.37,1070
pm-2026Q2-v3,JHR,condo,2021Q1,100.0,32
pm-2026Q2-v3,JHR,condo,2021Q2,80.53,47
pm-2026Q2-v3,JHR,condo,2021Q3,87.91,104
pm-2026Q2-v3,JHR,condo,2021Q4,93.84,288
pm-2026Q2-v3,JHR,condo,2022Q1,86.81,299
pm-2026Q2-v3,JHR,condo,2022Q2,93.19,440
pm-2026Q2-v3,JHR,condo,2022Q3,95.03,543
pm-2026Q2-v3,JHR,condo,2022Q4,93.18,541
pm-2026Q2-v3,JHR,condo,2023Q1,98.4,545
pm-2026Q2-v3,JHR,condo,2023Q2,101.57,646
pm-2026Q2-v3,JHR,condo,2023Q3,93.35,623
pm-2026Q2-v3,JHR,condo,2023Q4,98.01,578
pm-2026Q2-v3,JHR,condo,2024Q1,100.29,531
pm-2026Q2-v3,JHR,condo,2024Q2,102.38,664
pm-2026Q2-v3,JHR,condo,2024Q3,102.24,553
pm-2026Q2-v3,JHR,condo,2024Q4,94.47,139
pm-2026Q2-v3,JHR,condo,2025Q1,102.27,95
pm-2026Q2-v3,JHR,condo,2025Q2,100.16,143
pm-2026Q2-v3,JHR,condo,2025Q3,100.81,154
pm-2026Q2-v3,JHR,condo,2025Q4,104.8,120
pm-2026Q2-v3,JHR,condo,2026Q1,97.78,62
pm-2026Q2-v3,JHR,condo,2026Q2,100.25,122
pm-2026Q2-v3,KDH,condo,2021Q1,100.0,1
pm-2026Q2-v3,KDH,condo,2021Q2,96.87,1
pm-2026Q2-v3,KDH,condo,2021Q3,91.65,7
pm-2026Q2-v3,KDH,condo,2021Q4,92.95,13
pm-2026Q2-v3,KDH,condo,2022Q1,91.79,7
pm-2026Q2-v3,KDH,condo,2022Q2,88.48,18
pm-2026Q2-v3,KDH,condo,2022Q3,95.9,15
pm-2026Q2-v3,KDH,condo,2022Q4,95.08,16
pm-2026Q2-v3,KDH,condo,2023Q1,91.63,13
pm-2026Q2-v3,KDH,condo,2023Q2,94.33,15
pm-2026Q2-v3,KDH,condo,2023Q3,94.18,20
pm-2026Q2-v3,KDH,condo,2023Q4,94.46,11
pm-2026Q2-v3,KDH,condo,2024Q1,95.32,17
pm-2026Q2-v3,KDH,condo,2024Q2,95.76,24
pm-2026Q2-v3,KDH,condo,2024Q3,99.37,17
pm-2026Q2-v3,KDH,condo,2024Q4,93.94,3
pm-2026Q2-v3,KDH,condo,2025Q1,94.89,9
pm-2026Q2-v3,KDH,condo,2025Q2,98.72,4
pm-2026Q2-v3,KDH,condo,2025Q3,94.52,14
pm-2026Q2-v3,KDH,condo,2025Q4,100.56,5
pm-2026Q2-v3,KDH,condo,2026Q1,104.6,11
pm-2026Q2-v3,KDH,condo,2026Q2,104.88,12
pm-2026Q2-v3,KTN,condo,2021Q1,100.0,2
pm-2026Q2-v3,KTN,condo,2021Q2,95.07,0
pm-2026Q2-v3,KTN,condo,2021Q3,92.09,0
pm-2026Q2-v3,KTN,condo,2021Q4,93.21,4
pm-2026Q2-v3,KTN,condo,2022Q1,88.79,9
pm-2026Q2-v3,KTN,condo,2022Q2,93.3,7
pm-2026Q2-v3,KTN,condo,2022Q3,93.39,7
pm-2026Q2-v3,KTN,condo,2022Q4,95.31,0
pm-2026Q2-v3,KTN,condo,2023Q1,94.56,2
pm-2026Q2-v3,KTN,condo,2023Q2,101.62,5
pm-2026Q2-v3,KTN,condo,2023Q3,96.04,8
pm-2026Q2-v3,KTN,condo,2023Q4,101.21,4
pm-2026Q2-v3,KTN,condo,2024Q1,99.16,7
pm-2026Q2-v3,KTN,condo,2024Q2,100.5,9
pm-2026Q2-v3,KTN,condo,2024Q3,98.8,7
pm-2026Q2-v3,KTN,condo,2024Q4,94.05,1
pm-2026Q2-v3,KTN,condo,2025Q1,97.78,0
pm-2026Q2-v3,KTN,condo,2025Q2,95.52,4
pm-2026Q2-v3,KTN,condo,2025Q3,85.7,9
pm-2026Q2-v3,KTN,condo,2025Q4,101.27,3
pm-2026Q2-v3,KTN,condo,2026Q1,95.69,3
pm-2026Q2-v3,KTN,condo,2026Q2,96.19,1
pm-2026Q2-v3,KUL,condo,2021Q1,100.0,183
pm-2026Q2-v3,KUL,condo,2021Q2,102.79,183
pm-2026Q2-v3,KUL,condo,2021Q3,93.99,301
pm-2026Q2-v3,KUL,condo,2021Q4,95.05,1165
pm-2026Q2-v3,KUL,condo,2022Q1,92.31,877
pm-2026Q2-v3,KUL,condo,2022Q2,91.49,1127
pm-2026Q2-v3,KUL,condo,2022Q3,95.2,1252
pm-2026Q2-v3,KUL,condo,2022Q4,93.52,1015
pm-2026Q2-v3,KUL,condo,2023Q1,97.54,929
pm-2026Q2-v3,KUL,condo,2023Q2,93.84,1104
pm-2026Q2-v3,KUL,condo,2023Q3,92.67,1017
pm-2026Q2-v3,KUL,condo,2023Q4,93.03,1010
pm-2026Q2-v3,KUL,condo,2024Q1,91.52,805
pm-2026Q2-v3,KUL,condo,2024Q2,94.91,995
pm-2026Q2-v3,KUL,condo,2024Q3,93.12,1016
pm-2026Q2-v3,KUL,condo,2024Q4,88.75,260
pm-2026Q2-v3,KUL,condo,2025Q1,90.05,254
pm-2026Q2-v3,KUL,condo,2025Q2,90.4,333
pm-2026Q2-v3,KUL,condo,2025Q3,91.75,360
pm-2026Q2-v3,KUL,condo,2025Q4,111.32,543
pm-2026Q2-v3,KUL,condo,2026Q1,89.93,202
pm-2026Q2-v3,KUL,condo,2026Q2,92.69,305
pm-2026Q2-v3,LBN,condo,2021Q1,100.0,0
pm-2026Q2-v3,LBN,condo,2021Q2,95.08,1
pm-2026Q2-v3,LBN,condo,2021Q3,92.09,0
pm-2026Q2-v3,LBN,condo,2021Q4,93.92,3
pm-2026Q2-v3,LBN,condo,2022Q1,89.68,2
pm-2026Q2-v3,LBN,condo,2022Q2,93.28,5
pm-2026Q2-v3,LBN,condo,2022Q3,94.02,2
pm-2026Q2-v3,LBN,condo,2022Q4,95.53,5
pm-2026Q2-v3,LBN,condo,2023Q1,96.13,4
pm-2026Q2-v3,LBN,condo,2023Q2,97.51,4
pm-2026Q2-v3,LBN,condo,2023Q3,95.64,6
pm-2026Q2-v3,LBN,condo,2023Q4,98.25,4
pm-2026Q2-v3,LBN,condo,2024Q1,97.16,2
pm-2026Q2-v3,LBN,condo,2024Q2,97.82,2
pm-2026Q2-v3,LBN,condo,2024Q3,96.97,0
pm-2026Q2-v3,LBN,condo,2024Q4,92.66,0
pm-2026Q2-v3,LBN,condo,2025Q1,97.78,0
pm-2026Q2-v3,LBN,condo,2025Q2,96.57,1
pm-2026Q2-v3,LBN,condo,2025Q3,94.5,0
pm-2026Q2-v3,LBN,condo,2025Q4,101.23,2
pm-2026Q2-v3,LBN,condo,2026Q1,95.54,1
pm-2026Q2-v3,LBN,condo,2026Q2,96.4,1
pm-2026Q2-v3,MLK,condo,2021Q1,100.0,9
pm-2026Q2-v3,MLK,condo,2021Q2,101.11,22
pm-2026Q2-v3,MLK,condo,2021Q3,92.79,30
pm-2026Q2-v3,MLK,condo,2021Q4,98.41,74
pm-2026Q2-v3,MLK,condo,2022Q1,86.81,55
pm-2026Q2-v3,MLK,condo,2022Q2,89.86,94
pm-2026Q2-v3,MLK,condo,2022Q3,91.25,108
pm-2026Q2-v3,MLK,condo,2022Q4,93.03,79
pm-2026Q2-v3,MLK,condo,2023Q1,92.46,73
pm-2026Q2-v3,MLK,condo,2023Q2,93.19,62
pm-2026Q2-v3,MLK,condo,2023Q3,90.32,87
pm-2026Q2-v3,MLK,condo,2023Q4,95.93,82
pm-2026Q2-v3,MLK,condo,2024Q1,97.56,68
pm-2026Q2-v3,MLK,condo,2024Q2,95.52,93
pm-2026Q2-v3,MLK,condo,2024Q3,94.75,61
pm-2026Q2-v3,MLK,condo,2024Q4,92.09,23
pm-2026Q2-v3,MLK,condo,2025Q1,99.74,22
pm-2026Q2-v3,MLK,condo,2025Q2,98.79,21
pm-2026Q2-v3,MLK,condo,2025Q3,97.17,22
pm-2026Q2-v3,MLK,condo,2025Q4,106.98,34
pm-2026Q2-v3,MLK,condo,2026Q1,97.16,18
pm-2026Q2-v3,MLK,condo,2026Q2,102.69,30
pm-2026Q2-v3,NSN,condo,2021Q1,100.0,10
pm-2026Q2-v3,NSN,condo,2021Q2,97.01,8
pm-2026Q2-v3,NSN,condo,2021Q3,100.97,31
pm-2026Q2-v3,NSN,condo,2021Q4,99.56,88
pm-2026Q2-v3,NSN,condo,2022Q1,89.83,99
pm-2026Q2-v3,NSN,condo,2022Q2,91.16,104
pm-2026Q2-v3,NSN,condo,2022Q3,95.21,118
pm-2026Q2-v3,NSN,condo,2022Q4,93.57,101
pm-2026Q2-v3,NSN,condo,2023Q1,92.41,116
pm-2026Q2-v3,NSN,condo,2023Q2,94.79,89
pm-2026Q2-v3,NSN,condo,2023Q3,94.83,94
pm-2026Q2-v3,NSN,condo,2023Q4,101.45,84
pm-2026Q2-v3,NSN,condo,2024Q1,97.16,77
pm-2026Q2-v3,NSN,condo,2024Q2,93.69,75
pm-2026Q2-v3,NSN,condo,2024Q3,90.59,89
pm-2026Q2-v3,NSN,condo,2024Q4,91.29,32
pm-2026Q2-v3,NSN,condo,2025Q1,97.7,21
pm-2026Q2-v3,NSN,condo,2025Q2,98.95,22
pm-2026Q2-v3,NSN,condo,2025Q3,95.98,22
pm-2026Q2-v3,NSN,condo,2025Q4,99.26,32
pm-2026Q2-v3,NSN,condo,2026Q1,97.52,14
pm-2026Q2-v3,NSN,condo,2026Q2,91.98,25
pm-2026Q2-v3,PHG,condo,2021Q1,100.0,4
pm-2026Q2-v3,PHG,condo,2021Q2,91.93,6
pm-2026Q2-v3,PHG,condo,2021Q3,90.65,18
pm-2026Q2-v3,PHG,condo,2021Q4,94.58,77
pm-2026Q2-v3,PHG,condo,2022Q1,92.59,63
pm-2026Q2-v3,PHG,condo,2022Q2,97.61,95
pm-2026Q2-v3,PHG,condo,2022Q3,94.58,101
pm-2026Q2-v3,PHG,condo,2022Q4,88.16,77
pm-2026Q2-v3,PHG,condo,2023Q1,95.64,75
pm-2026Q2-v3,PHG,condo,2023Q2,90.03,66
pm-2026Q2-v3,PHG,condo,2023Q3,95.0,83
pm-2026Q2-v3,PHG,condo,2023Q4,108.43,74
pm-2026Q2-v3,PHG,condo,2024Q1,103.14,63
pm-2026Q2-v3,PHG,condo,2024Q2,99.0,52
pm-2026Q2-v3,PHG,condo,2024Q3,98.87,52
pm-2026Q2-v3,PHG,condo,2024Q4,86.25,22
pm-2026Q2-v3,PHG,condo,2025Q1,99.34,21
pm-2026Q2-v3,PHG,condo,2025Q2,96.76,18
pm-2026Q2-v3,PHG,condo,2025Q3,92.17,17
pm-2026Q2-v3,PHG,condo,2025Q4,97.94,30
pm-2026Q2-v3,PHG,condo,2026Q1,97.9,15
pm-2026Q2-v3,PHG,condo,2026Q2,94.2,19
pm-2026Q2-v3,PJY,condo,2021Q1,100.0,5
pm-2026Q2-v3,PJY,condo,2021Q2,93.99,2
pm-2026Q2-v3,PJY,condo,2021Q3,92.11,2
pm-2026Q2-v3,PJY,condo,2021Q4,91.6,8
pm-2026Q2-v3,PJY,condo,2022Q1,88.48,16
pm-2026Q2-v3,PJY,condo,2022Q2,90.04,16
pm-2026Q2-v3,PJY,condo,2022Q3,91.63,14
pm-2026Q2-v3,PJY,condo,2022Q4,94.44,17
pm-2026Q2-v3,PJY,condo,2023Q1,92.09,28
pm-2026Q2-v3,PJY,condo,2023Q2,107.49,50
pm-2026Q2-v3,PJY,condo,2023Q3,110.0,48
pm-2026Q2-v3,PJY,condo,2023Q4,104.29,33
pm-2026Q2-v3,PJY,condo,2024Q1,99.96,26
pm-2026Q2-v3,PJY,condo,2024Q2,96.09,10
pm-2026Q2-v3,PJY,condo,2024Q3,96.86,8
pm-2026Q2-v3,PJY,condo,2024Q4,89.64,4
pm-2026Q2-v3,PJY,condo,2025Q1,98.27,4
pm-2026Q2-v3,PJY,condo,2025Q2,95.83,3
pm-2026Q2-v3,PJY,condo,2025Q3,89.64,9
pm-2026Q2-v3,PJY,condo,2025Q4,101.5,0
pm-2026Q2-v3,PJY,condo,2026Q1,93.99,5
pm-2026Q2-v3,PJY,condo,2026Q2,95.39,2
pm-2026Q2-v3,PLS,condo,2021Q1,100.0,0
pm-2026Q2-v3,PLS,condo,2021Q2,95.07,0
pm-2026Q2-v3,PLS,condo,2021Q3,92.03,1
pm-2026Q2-v3,PLS,condo,2021Q4,94.25,0
pm-2026Q2-v3,PLS,condo,2022Q1,89.44,0
pm-2026Q2-v3,PLS,condo,2022Q2,92.51,0
pm-2026Q2-v3,PLS,condo,2022Q3,94.04,0
pm-2026Q2-v3,PLS,condo,2022Q4,95.62,1
pm-2026Q2-v3,PLS,condo,2023Q1,95.23,1
pm-2026Q2-v3,PLS,condo,2023Q2,96.75,0
pm-2026Q2-v3,PLS,condo,2023Q3,95.92,0
pm-2026Q2-v3,PLS,condo,2023Q4,99.29,0
pm-2026Q2-v3,PLS,condo,2024Q1,98.02,1
pm-2026Q2-v3,PLS,condo,2024Q2,97.45,0
pm-2026Q2-v3,PLS,condo,2024Q3,96.98,1
pm-2026Q2-v3,PLS,condo,2024Q4,92.66,0
pm-2026Q2-v3,PLS,condo,2025Q1,97.78,0
pm-2026Q2-v3,PLS,condo,2025Q2,96.86,0
pm-2026Q2-v3,PLS,condo,2025Q3,94.5,0
pm-2026Q2-v3,PLS,condo,2025Q4,101.5,0
pm-2026Q2-v3,PLS,condo,2026Q1,95.56,0
pm-2026Q2-v3,PLS,condo,2026Q2,96.37,0
pm-2026Q2-v3,PNG,condo,2021Q1,100.0,123
pm-2026Q2-v3,PNG,condo,2021Q2,101.55,134
pm-2026Q2-v3,PNG,condo,2021Q3,94.67,147
pm-2026Q2-v3,PNG,condo,2021Q4,96.18,700
pm-2026Q2-v3,PNG,condo,2022Q1,93.35,524
pm-2026Q2-v3,PNG,condo,2022Q2,96.11,833
pm-2026Q2-v3,PNG,condo,2022Q3,95.51,763
pm-2026Q2-v3,PNG,condo,2022Q4,97.03,648
pm-2026Q2-v3,PNG,condo,2023Q1,97.12,575
pm-2026Q2-v3,PNG,condo,2023Q2,93.65,658
pm-2026Q2-v3,PNG,condo,2023Q3,93.79,588
pm-2026Q2-v3,PNG,condo,2023Q4,96.09,590
pm-2026Q2-v3,PNG,condo,2024Q1,96.7,483
pm-2026Q2-v3,PNG,condo,2024Q2,95.58,515
pm-2026Q2-v3,PNG,condo,2024Q3,94.36,523
pm-2026Q2-v3,PNG,condo,2024Q4,93.95,182
pm-2026Q2-v3,PNG,condo,2025Q1,97.07,145
pm-2026Q2-v3,PNG,condo,2025Q2,93.05,140
pm-2026Q2-v3,PNG,condo,2025Q3,90.88,192
pm-2026Q2-v3,PNG,condo,2025Q4,93.99,160
pm-2026Q2-v3,PNG,condo,2026Q1,90.83,96
pm-2026Q2-v3,PNG,condo,2026Q2,91.74,139
pm-2026Q2-v3,PRK,condo,2021Q1,100.0,63
pm-2026Q2-v3,PRK,condo,2021Q2,90.39,48
pm-2026Q2-v3,PRK,condo,2021Q3,82.84,127
pm-2026Q2-v3,PRK,condo,2021Q4,92.88,154
pm-2026Q2-v3,PRK,condo,2022Q1,93.81,166
pm-2026Q2-v3,PRK,condo,2022Q2,94.46,204
pm-2026Q2-v3,PRK,condo,2022Q3,94.61,245
pm-2026Q2-v3,PRK,condo,2022Q4,96.93,172
pm-2026Q2-v3,PRK,condo,2023Q1,98.77,179
pm-2026Q2-v3,PRK,condo,2023Q2,98.71,131
pm-2026Q2-v3,PRK,condo,2023Q3,98.89,111
pm-2026Q2-v3,PRK,condo,2023Q4,102.97,105
pm-2026Q2-v3,PRK,condo,2024Q1,99.7,112
pm-2026Q2-v3,PRK,condo,2024Q2,99.91,117
pm-2026Q2-v3,PRK,condo,2024Q3,102.85,125
pm-2026Q2-v3,PRK,condo,2024Q4,100.15,42
pm-2026Q2-v3,PRK,condo,2025Q1,94.93,53
pm-2026Q2-v3,PRK,condo,2025Q2,97.03,37
pm-2026Q2-v3,PRK,condo,2025Q3,103.71,42
pm-2026Q2-v3,PRK,condo,2025Q4,100.62,34
pm-2026Q2-v3,PRK,condo,2026Q1,95.19,21
pm-2026Q2-v3,PRK,condo,2026Q2,96.03,34
pm-2026Q2-v3,SBH,condo,2021Q1,100.0,7
pm-2026Q2-v3,SBH,condo,2021Q2,92.22,18
pm-2026Q2-v3,SBH,condo,2021Q3,91.74,28
pm-2026Q2-v3,SBH,condo,2021Q4,95.88,190
pm-2026Q2-v3,SBH,condo,2022Q1,90.34,176
pm-2026Q2-v3,SBH,condo,2022Q2,93.66,230
pm-2026Q2-v3,SBH,condo,2022Q3,93.85,276
pm-2026Q2-v3,SBH,condo,2022Q4,96.19,249
pm-2026Q2-v3,SBH,condo,2023Q1,93.59,224
pm-2026Q2-v3,SBH,condo,2023Q2,96.09,220
pm-2026Q2-v3,SBH,condo,2023Q3,98.19,248
pm-2026Q2-v3,SBH,condo,2023Q4,99.64,204
pm-2026Q2-v3,SBH,condo,2024Q1,99.28,95
pm-2026Q2-v3,SBH,condo,2024Q2,97.45,0
pm-2026Q2-v3,SBH,condo,2024Q3,96.97,0
pm-2026Q2-v3,SBH,condo,2024Q4,92.66,0
pm-2026Q2-v3,SBH,condo,2025Q1,97.78,0
pm-2026Q2-v3,SBH,condo,2025Q2,96.86,0
pm-2026Q2-v3,SBH,condo,2025Q3,94.5,0
pm-2026Q2-v3,SBH,condo,2025Q4,101.5,0
pm-2026Q2-v3,SBH,condo,2026Q1,95.56,0
pm-2026Q2-v3,SBH,condo,2026Q2,96.37,0
pm-2026Q2-v3,SGR,condo,2021Q1,100.0,313
pm-2026Q2-v3,SGR,condo,2021Q2,96.63,471
pm-2026Q2-v3,SGR,condo,2021Q3,89.7,797
pm-2026Q2-v3,SGR,condo,2021Q4,92.9,1840
pm-2026Q2-v3,SGR,condo,2022Q1,89.39,1343
pm-2026Q2-v3,SGR,condo,2022Q2,92.62,1841
pm-2026Q2-v3,SGR,condo,2022Q3,93.27,1882
pm-2026Q2-v3,SGR,condo,2022Q4,92.18,1631
pm-2026Q2-v3,SGR,condo,2023Q1,92.15,1434
pm-2026Q2-v3,SGR,condo,2023Q2,96.25,1726
pm-2026Q2-v3,SGR,condo,2023Q3,95.28,1725
pm-2026Q2-v3,SGR,condo,2023Q4,96.43,1639
pm-2026Q2-v3,SGR,condo,2024Q1,96.85,1533
pm-2026Q2-v3,SGR,condo,2024Q2,98.31,1469
pm-2026Q2-v3,SGR,condo,2024Q3,100.34,1445
pm-2026Q2-v3,SGR,condo,2024Q4,97.85,475
pm-2026Q2-v3,SGR,condo,2025Q1,102.48,386
pm-2026Q2-v3,SGR,condo,2025Q2,101.79,390
pm-2026Q2-v3,SGR,condo,2025Q3,98.75,552
pm-2026Q2-v3,SGR,condo,2025Q4,101.94,426
pm-2026Q2-v3,SGR,condo,2026Q1,99.05,293
pm-2026Q2-v3,SGR,condo,2026Q2,100.0,342
pm-2026Q2-v3,SWK,condo,2021Q1,100.0,2
pm-2026Q2-v3,SWK,condo,2021Q2,94.36,2
pm-2026Q2-v3,SWK,condo,2021Q3,96.11,28
pm-2026Q2-v3,SWK,condo,2021Q4,96.12,79
pm-2026Q2-v3,SWK,condo,2022Q1,91.51,58
pm-2026Q2-v3,SWK,condo,2022Q2,95.91,73
pm-2026Q2-v3,SWK,condo,2022Q3,95.38,111
pm-2026Q2-v3,SWK,condo,2022Q4,97.85,105
pm-2026Q2-v3,SWK,condo,2023Q1,95.81,83
pm-2026Q2-v3,SWK,condo,2023Q2,97.39,131
pm-2026Q2-v3,SWK,condo,2023Q3,96.81,141
pm-2026Q2-v3,SWK,condo,2023Q4,101.09,144
pm-2026Q2-v3,SWK,condo,2024Q1,99.2,136
pm-2026Q2-v3,SWK,condo,2024Q2,99.21,121
pm-2026Q2-v3,SWK,condo,2024Q3,93.65,132
pm-2026Q2-v3,SWK,condo,2024Q4,90.19,49
pm-2026Q2-v3,SWK,condo,2025Q1,97.86,26
pm-2026Q2-v3,SWK,condo,2025Q2,95.71,40
pm-2026Q2-v3,SWK,condo,2025Q3,91.1,38
pm-2026Q2-v3,SWK,condo,2025Q4,97.06,47
pm-2026Q2-v3,SWK,condo,2026Q1,91.57,28
pm-2026Q2-v3,SWK,condo,2026Q2,95.15,33
pm-2026Q2-v3,TRG,condo,2021Q1,100.0,5
pm-2026Q2-v3,TRG,condo,2021Q2,98.75,3
pm-2026Q2-v3,TRG,condo,2021Q3,93.28,2
pm-2026Q2-v3,TRG,condo,2021Q4,87.33,29
pm-2026Q2-v3,TRG,condo,2022Q1,77.46,60
pm-2026Q2-v3,TRG,condo,2022Q2,87.19,18
pm-2026Q2-v3,TRG,condo,2022Q3,91.93,46
pm-2026Q2-v3,TRG,condo,2022Q4,108.74,35
pm-2026Q2-v3,TRG,condo,2023Q1,101.49,41
pm-2026Q2-v3,TRG,condo,2023Q2,96.13,42
pm-2026Q2-v3,TRG,condo,2023Q3,95.09,42
pm-2026Q2-v3,TRG,condo,2023Q4,99.31,41
pm-2026Q2-v3,TRG,condo,2024Q1,101.14,18
pm-2026Q2-v3,TRG,condo,2024Q2,96.0,13
pm-2026Q2-v3,TRG,condo,2024Q3,95.68,11
pm-2026Q2-v3,TRG,condo,2024Q4,92.9,12
pm-2026Q2-v3,TRG,condo,2025Q1,99.42,2
pm-2026Q2-v3,TRG,condo,2025Q2,97.32,4
pm-2026Q2-v3,TRG,condo,2025Q3,97.84,6
pm-2026Q2-v3,TRG,condo,2025Q4,103.73,6
pm-2026Q2-v3,TRG,condo,2026Q1,92.11,4
pm-2026Q2-v3,TRG,condo,2026Q2,92.62,5
pm-2026Q2-v3,ALL,detached,2021Q1,100.0,84
pm-2026Q2-v3,ALL,detached,2021Q2,104.26,143
pm-2026Q2-v3,ALL,detached,2021Q3,102.78,301
pm-2026Q2-v3,ALL,detached,2021Q4,103.45,1224
pm-2026Q2-v3,ALL,detached,2022Q1,97.43,1137
pm-2026Q2-v3,ALL,detached,2022Q2,101.75,1415
pm-2026Q2-v3,ALL,detached,2022Q3,102.94,1454
pm-2026Q2-v3,ALL,detached,2022Q4,100.78,1223
pm-2026Q2-v3,ALL,detached,2023Q1,100.71,1095
pm-2026Q2-v3,ALL,detached,2023Q2,104.23,1235
pm-2026Q2-v3,ALL,detached,2023Q3,104.77,1192
pm-2026Q2-v3,ALL,detached,2023Q4,101.11,1249
pm-2026Q2-v3,ALL,detached,2024Q1,106.35,1219
pm-2026Q2-v3,ALL,detached,2024Q2,103.13,1232
pm-2026Q2-v3,ALL,detached,2024Q3,104.02,1236
pm-2026Q2-v3,ALL,detached,2024Q4,102.36,601
pm-2026Q2-v3,ALL,detached,2025Q1,104.0,497
pm-2026Q2-v3,ALL,detached,2025Q2,102.15,510
pm-2026Q2-v3,ALL,detached,2025Q3,101.26,567
pm-2026Q2-v3,ALL,detached,2025Q4,107.19,581
pm-2026Q2-v3,ALL,detached,2026Q1,101.13,379
pm-2026Q2-v3,ALL,detached,2026Q2,105.79,585
pm-2026Q2-v3,JHR,detached,2021Q1,100.0,10
pm-2026Q2-v3,JHR,detached,2021Q2,104.48,29
pm-2026Q2-v3,JHR,detached,2021Q3,102.19,32
pm-2026Q2-v3,JHR,detached,2021Q4,104.55,127
pm-2026Q2-v3,JHR,detached,2022Q1,96.17,103
pm-2026Q2-v3,JHR,detached,2022Q2,100.27,147
pm-2026Q2-v3,JHR,detached,2022Q3,101.55,165
pm-2026Q2-v3,JHR,detached,2022Q4,104.67,136
pm-2026Q2-v3,JHR,detached,2023Q1,101.23,121
pm-2026Q2-v3,JHR,detached,2023Q2,100.55,135
pm-2026Q2-v3,JHR,detached,2023Q3,102.96,170
pm-2026Q2-v3,JHR,detached,2023Q4,101.42,153
pm-2026Q2-v3,JHR,detached,2024Q1,107.85,137
pm-2026Q2-v3,JHR,detached,2024Q2,108.97,122
pm-2026Q2-v3,JHR,detached,2024Q3,99.04,150
pm-2026Q2-v3,JHR,detached,2024Q4,100.06,35
pm-2026Q2-v3,JHR,detached,2025Q1,106.16,34
pm-2026Q2-v3,JHR,detached,2025Q2,99.21,38
pm-2026Q2-v3,JHR,detached,2025Q3,102.34,38
pm-2026Q2-v3,JHR,detached,2025Q4,110.51,45
pm-2026Q2-v3,JHR,detached,2026Q1,96.14,20
pm-2026Q2-v3,JHR,detached,2026Q2,112.18,54
pm-2026Q2-v3,KDH,detached,2021Q1,100.0,8
pm-2026Q2-v3,KDH,detached,2021Q2,104.78,12
pm-2026Q2-v3,KDH,detached,2021Q3,103.21,22
pm-2026Q2-v3,KDH,detached,2021Q4,99.99,108
pm-2026Q2-v3,KDH,detached,2022Q1,96.58,53
pm-2026Q2-v3,KDH,detached,2022Q2,101.55,57
pm-2026Q2-v3,KDH,detached,2022Q3,99.81,82
pm-2026Q2-v3,KDH,detached,2022Q4,100.47,74
pm-2026Q2-v3,KDH,detached,2023Q1,105.18,63
pm-2026Q2-v3,KDH,detached,2023Q2,112.46,80
pm-2026Q2-v3,KDH,detached,2023Q3,90.8,99
pm-2026Q2-v3,KDH,detached,2023Q4,106.44,62
pm-2026Q2-v3,KDH,detached,2024Q1,110.37,54
pm-2026Q2-v3,KDH,detached,2024Q2,107.07,50
pm-2026Q2-v3,KDH,detached,2024Q3,102.9,44
pm-2026Q2-v3,KDH,detached,2024Q4,98.02,17
pm-2026Q2-v3,KDH,detached,2025Q1,101.42,18
pm-2026Q2-v3,KDH,detached,2025Q2,102.11,24
pm-2026Q2-v3,KDH,detached,2025Q3,99.99,17
pm-2026Q2-v3,KDH,detached,2025Q4,113.64,14
pm-2026Q2-v3,KDH,detached,2026Q1,100.73,7
pm-2026Q2-v3,KDH,detached,2026Q2,106.15,12
pm-2026Q2-v3,KTN,detached,2021Q1,100.0,3
pm-2026Q2-v3,KTN,detached,2021Q2,103.43,4
pm-2026Q2-v3,KTN,detached,2021Q3,101.34,21
pm-2026Q2-v3,KTN,detached,2021Q4,98.97,58
pm-2026Q2-v3,KTN,detached,2022Q1,95.4,147
pm-2026Q2-v3,KTN,detached,2022Q2,99.65,124
pm-2026Q2-v3,KTN,detached,2022Q3,100.39,121
pm-2026Q2-v3,KTN,detached,2022Q4,100.5,110
pm-2026Q2-v3,KTN,detached,2023Q1,100.57,109
pm-2026Q2-v3,KTN,detached,2023Q2,101.16,108
pm-2026Q2-v3,KTN,detached,2023Q3,103.63,77
pm-2026Q2-v3,KTN,detached,2023Q4,100.14,133
pm-2026Q2-v3,KTN,detached,2024Q1,104.6,173
pm-2026Q2-v3,KTN,detached,2024Q2,102.57,201
pm-2026Q2-v3,KTN,detached,2024Q3,104.41,206
pm-2026Q2-v3,KTN,detached,2024Q4,105.74,170
pm-2026Q2-v3,KTN,detached,2025Q1,103.64,156
pm-2026Q2-v3,KTN,detached,2025Q2,106.94,136
pm-2026Q2-v3,KTN,detached,2025Q3,105.93,130
pm-2026Q2-v3,KTN,detached,2025Q4,108.62,159
pm-2026Q2-v3,KTN,detached,2026Q1,106.13,120
pm-2026Q2-v3,KTN,detached,2026Q2,110.02,195
pm-2026Q2-v3,KUL,detached,2021Q1,100.0,1
pm-2026Q2-v3,KUL,detached,2021Q2,104.11,2
pm-2026Q2-v3,KUL,detached,2021Q3,98.28,7
pm-2026Q2-v3,KUL,detached,2021Q4,103.39,53
pm-2026Q2-v3,KUL,detached,2022Q1,97.87,31
pm-2026Q2-v3,KUL,detached,2022Q2,102.88,56
pm-2026Q2-v3,KUL,detached,2022Q3,102.24,42
pm-2026Q2-v3,KUL,detached,2022Q4,104.86,44
pm-2026Q2-v3,KUL,detached,2023Q1,98.45,41
pm-2026Q2-v3,KUL,detached,2023Q2,100.15,46
pm-2026Q2-v3,KUL,detached,2023Q3,109.23,61
pm-2026Q2-v3,KUL,detached,2023Q4,98.77,50
pm-2026Q2-v3,KUL,detached,2024Q1,103.71,34
pm-2026Q2-v3,KUL,detached,2024Q2,98.47,36
pm-2026Q2-v3,KUL,detached,2024Q3,108.78,45
pm-2026Q2-v3,KUL,detached,2024Q4,100.9,21
pm-2026Q2-v3,KUL,detached,2025Q1,104.51,8
pm-2026Q2-v3,KUL,detached,2025Q2,101.08,13
pm-2026Q2-v3,KUL,detached,2025Q3,105.94,20
pm-2026Q2-v3,KUL,detached,2025Q4,108.98,35
pm-2026Q2-v3,KUL,detached,2026Q1,107.69,17
pm-2026Q2-v3,KUL,detached,2026Q2,104.57,17
pm-2026Q2-v3,LBN,detached,2021Q1,100.0,0
pm-2026Q2-v3,LBN,detached,2021Q2,104.26,0
pm-2026Q2-v3,LBN,detached,2021Q3,104.53,1
pm-2026Q2-v3,LBN,detached,2021Q4,102.33,3
pm-2026Q2-v3,LBN,detached,2022Q1,96.98,1
pm-2026Q2-v3,LBN,detached,2022Q2,101.75,0
pm-2026Q2-v3,LBN,detached,2022Q3,105.94,2
pm-2026Q2-v3,LBN,detached,2022Q4,98.67,3
pm-2026Q2-v3,LBN,detached,2023Q1,101.03,1
pm-2026Q2-v3,LBN,detached,2023Q2,104.23,0
pm-2026Q2-v3,LBN,detached,2023Q3,104.77,0
pm-2026Q2-v3,LBN,detached,2023Q4,101.11,0
pm-2026Q2-v3,LBN,detached,2024Q1,105.47,3
pm-2026Q2-v3,LBN,detached,2024Q2,103.2,1
pm-2026Q2-v3,LBN,detached,2024Q3,102.24,1
pm-2026Q2-v3,LBN,detached,2024Q4,102.36,0
pm-2026Q2-v3,LBN,detached,2025Q1,104.0,0
pm-2026Q2-v3,LBN,detached,2025Q2,102.15,0
pm-2026Q2-v3,LBN,detached,2025Q3,103.58,3
pm-2026Q2-v3,LBN,detached,2025Q4,107.19,0
pm-2026Q2-v3,LBN,detached,2026Q1,100.15,1
pm-2026Q2-v3,LBN,detached,2026Q2,105.79,0
pm-2026Q2-v3,MLK,detached,2021Q1,100.0,7
pm-2026Q2-v3,MLK,detached,2021Q2,105.43,12
pm-2026Q2-v3,MLK,detached,2021Q3,103.81,27
pm-2026Q2-v3,MLK,detached,2021Q4,102.79,116
pm-2026Q2-v3,MLK,detached,2022Q1,100.13,70
pm-2026Q2-v3,MLK,detached,2022Q2,99.76,91
pm-2026Q2-v3,MLK,detached,2022Q3,101.88,94
pm-2026Q2-v3,MLK,detached,2022Q4,101.32,56
pm-2026Q2-v3,MLK,detached,2023Q1,100.9,67
pm-2026Q2-v3,MLK,detached,2023Q2,104.93,78
pm-2026Q2-v3,MLK,detached,2023Q3,101.55,72
pm-2026Q2-v3,MLK,detached,2023Q4,101.76,52
pm-2026Q2-v3,MLK,detached,2024Q1,107.03,44
pm-2026Q2-v3,MLK,detached,2024Q2,101.03,62
pm-2026Q2-v3,MLK,detached,2024Q3,104.36,60
pm-2026Q2-v3,MLK,detached,2024Q4,108.73,22
pm-2026Q2-v3,MLK,detached,2025Q1,102.28,15
pm-2026Q2-v3,MLK,detached,2025Q2,100.66,9
pm-2026Q2-v3,MLK,detached,2025Q3,98.29,17
pm-2026Q2-v3,MLK,detached,2025Q4,106.88,19
pm-2026Q2-v3,MLK,detached,2026Q1,101.22,14
pm-2026Q2-v3,MLK,detached,2026Q2,104.07,12
pm-2026Q2-v3,NSN,detached,2021Q1,100.0,6
pm-2026Q2-v3,NSN,detached,2021Q2,102.9,5
pm-2026Q2-v3,NSN,detached,2021Q3,102.57,22
pm-2026Q2-v3,NSN,detached,2021Q4,109.64,88
pm-2026Q2-v3,NSN,detached,2022Q1,96.5,78
pm-2026Q2-v3,NSN,detached,2022Q2,97.71,101
pm-2026Q2-v3,NSN,detached,2022Q3,101.34,80
pm-2026Q2-v3,NSN,detached,2022Q4,98.04,77
pm-2026Q2-v3,NSN,detached,2023Q1,104.38,86
pm-2026Q2-v3,NSN,detached,2023Q2,102.04,93
pm-2026Q2-v3,NSN,detached,2023Q3,101.88,77
pm-2026Q2-v3,NSN,detached,2023Q4,105.12,75
pm-2026Q2-v3,NSN,detached,2024Q1,107.48,89
pm-2026Q2-v3,NSN,detached,2024Q2,103.67,84
pm-2026Q2-v3,NSN,detached,2024Q3,103.02,77
pm-2026Q2-v3,NSN,detached,2024Q4,102.81,31
pm-2026Q2-v3,NSN,detached,2025Q1,106.01,23
pm-2026Q2-v3,NSN,detached,2025Q2,101.84,14
pm-2026Q2-v3,NSN,detached,2025Q3,103.89,22
pm-2026Q2-v3,NSN,detached,2025Q4,104.49,30
pm-2026Q2-v3,NSN,detached,2026Q1,98.52,21
pm-2026Q2-v3,NSN,detached,2026Q2,106.31,21
pm-2026Q2-v3,PHG,detached,2021Q1,100.0,2
pm-2026Q2-v3,PHG,detached,2021Q2,106.96,4
pm-2026Q2-v3,PHG,detached,2021Q3,103.12,11
pm-2026Q2-v3,PHG,detached,2021Q4,103.09,48
pm-2026Q2-v3,PHG,detached,2022Q1,96.59,76
pm-2026Q2-v3,PHG,detached,2022Q2,99.25,78
pm-2026Q2-v3,PHG,detached,2022Q3,97.67,64
pm-2026Q2-v3,PHG,detached,2022Q4,98.65,59
pm-2026Q2-v3,PHG,detached,2023Q1,103.68,45
pm-2026Q2-v3,PHG,detached,2023Q2,106.68,45
pm-2026Q2-v3,PHG,detached,2023Q3,111.86,55
pm-2026Q2-v3,PHG,detached,2023Q4,104.04,56
pm-2026Q2-v3,PHG,detached,2024Q1,102.74,55
pm-2026Q2-v3,PHG,detached,2024Q2,102.49,53
pm-2026Q2-v3,PHG,detached,2024Q3,108.35,41
pm-2026Q2-v3,PHG,detached,2024Q4,100.05,24
pm-2026Q2-v3,PHG,detached,2025Q1,105.03,13
pm-2026Q2-v3,PHG,detached,2025Q2,102.41,12
pm-2026Q2-v3,PHG,detached,2025Q3,96.05,16
pm-2026Q2-v3,PHG,detached,2025Q4,106.39,14
pm-2026Q2-v3,PHG,detached,2026Q1,105.17,6
pm-2026Q2-v3,PHG,detached,2026Q2,100.89,12
pm-2026Q2-v3,PJY,detached,2021Q1,100.0,1
pm-2026Q2-v3,PJY,detached,2021Q2,104.26,0
pm-2026Q2-v3,PJY,detached,2021Q3,102.78,0
pm-2026Q2-v3,PJY,detached,2021Q4,103.52,2
pm-2026Q2-v3,PJY,detached,2022Q1,97.53,1
pm-2026Q2-v3,PJY,detached,2022Q2,101.47,1
pm-2026Q2-v3,PJY,detached,2022Q3,103.37,1
pm-2026Q2-v3,PJY,detached,2022Q4,100.94,1
pm-2026Q2-v3,PJY,detached,2023Q1,101.42,2
pm-2026Q2-v3,PJY,detached,2023Q2,104.23,0
pm-2026Q2-v3,PJY,detached,2023Q3,104.77,0
pm-2026Q2-v3,PJY,detached,2023Q4,100.95,2
pm-2026Q2-v3,PJY,detached,2024Q1,106.45,1
pm-2026Q2-v3,PJY,detached,2024Q2,103.13,0
pm-2026Q2-v3,PJY,detached,2024Q3,104.15,1
pm-2026Q2-v3,PJY,detached,2024Q4,102.01,1
pm-2026Q2-v3,PJY,detached,2025Q1,104.0,0
pm-2026Q2-v3,PJY,detached,2025Q2,102.15,0
pm-2026Q2-v3,PJY,detached,2025Q3,101.26,0
pm-2026Q2-v3,PJY,detached,2025Q4,107.19,0
pm-2026Q2-v3,PJY,detached,2026Q1,101.13,0
pm-2026Q2-v3,PJY,detached,2026Q2,104.5,2
pm-2026Q2-v3,PLS,detached,2021Q1,100.0,1
pm-2026Q2-v3,PLS,detached,2021Q2,102.42,2
pm-2026Q2-v3,PLS,detached,2021Q3,101.94,2
pm-2026Q2-v3,PLS,detached,2021Q4,103.52,6
pm-2026Q2-v3,PLS,detached,2022Q1,96.6,6
pm-2026Q2-v3,PLS,detached,2022Q2,101.15,4
pm-2026Q2-v3,PLS,detached,2022Q3,103.02,2
pm-2026Q2-v3,PLS,detached,2022Q4,102.13,3
pm-2026Q2-v3,PLS,detached,2023Q1,99.57,4
pm-2026Q2-v3,PLS,detached,2023Q2,104.04,4
pm-2026Q2-v3,PLS,detached,2023Q3,105.51,6
pm-2026Q2-v3,PLS,detached,2023Q4,101.11,0
pm-2026Q2-v3,PLS,detached,2024Q1,108.07,9
pm-2026Q2-v3,PLS,detached,2024Q2,102.35,2
pm-2026Q2-v3,PLS,detached,2024Q3,104.6,2
pm-2026Q2-v3,PLS,detached,2024Q4,103.17,1
pm-2026Q2-v3,PLS,detached,2025Q1,104.9,1
pm-2026Q2-v3,PLS,detached,2025Q2,102.72,3
pm-2026Q2-v3,PLS,detached,2025Q3,101.44,2
pm-2026Q2-v3,PLS,detached,2025Q4,107.1,1
pm-2026Q2-v3,PLS,detached,2026Q1,101.2,1
pm-2026Q2-v3,PLS,detached,2026Q2,105.54,1
pm-2026Q2-v3,PNG,detached,2021Q1,100.0,4
pm-2026Q2-v3,PNG,detached,2021Q2,104.17,4
pm-2026Q2-v3,PNG,detached,2021Q3,105.66,13
pm-2026Q2-v3,PNG,detached,2021Q4,103.71,70
pm-2026Q2-v3,PNG,detached,2022Q1,97.76,71
pm-2026Q2-v3,PNG,detached,2022Q2,103.62,82
pm-2026Q2-v3,PNG,detached,2022Q3,107.52,69
pm-2026Q2-v3,PNG,detached,2022Q4,96.22,52
pm-2026Q2-v3,PNG,detached,2023Q1,100.86,54
pm-2026Q2-v3,PNG,detached,2023Q2,102.97,57
pm-2026Q2-v3,PNG,detached,2023Q3,106.28,48
pm-2026Q2-v3,PNG,detached,2023Q4,93.57,63
pm-2026Q2-v3,PNG,detached,2024Q1,112.49,54
pm-2026Q2-v3,PNG,detached,2024Q2,100.47,59
pm-2026Q2-v3,PNG,detached,2024Q3,100.68,59
pm-2026Q2-v3,PNG,detached,2024Q4,102.78,14
pm-2026Q2-v3,PNG,detached,2025Q1,107.75,18
pm-2026Q2-v3,PNG,detached,2025Q2,101.37,15
pm-2026Q2-v3,PNG,detached,2025Q3,97.93,27
pm-2026Q2-v3,PNG,detached,2025Q4,107.18,14
pm-2026Q2-v3,PNG,detached,2026Q1,105.64,11
pm-2026Q2-v3,PNG,detached,2026Q2,106.27,21
pm-2026Q2-v3,PRK,detached,2021Q1,100.0,8
pm-2026Q2-v3,PRK,detached,2021Q2,104.66,5
pm-2026Q2-v3,PRK,detached,2021Q3,106.13,35
pm-2026Q2-v3,PRK,detached,2021Q4,108.94,135
pm-2026Q2-v3,PRK,detached,2022Q1,97.88,146
pm-2026Q2-v3,PRK,detached,2022Q2,108.0,199
pm-2026Q2-v3,PRK,detached,2022Q3,104.01,209
pm-2026Q2-v3,PRK,detached,2022Q4,105.56,166
pm-2026Q2-v3,PRK,detached,2023Q1,99.08,125
pm-2026Q2-v3,PRK,detached,2023Q2,103.53,158
pm-2026Q2-v3,PRK,detached,2023Q3,107.57,122
pm-2026Q2-v3,PRK,detached,2023Q4,107.11,190
pm-2026Q2-v3,PRK,detached,2024Q1,106.18,167
pm-2026Q2-v3,PRK,detached,2024Q2,106.44,166
pm-2026Q2-v3,PRK,detached,2024Q3,105.94,146
pm-2026Q2-v3,PRK,detached,2024Q4,100.04,74
pm-2026Q2-v3,PRK,detached,2025Q1,97.99,64
pm-2026Q2-v3,PRK,detached,2025Q2,93.23,82
pm-2026Q2-v3,PRK,detached,2025Q3,96.26,85
pm-2026Q2-v3,PRK,detached,2025Q4,100.51,69
pm-2026Q2-v3,PRK,detached,2026Q1,101.35,32
pm-2026Q2-v3,PRK,detached,2026Q2,104.96,61
pm-2026Q2-v3,SBH,detached,2021Q1,100.0,0
pm-2026Q2-v3,SBH,detached,2021Q2,104.26,0
pm-2026Q2-v3,SBH,detached,2021Q3,101.91,3
pm-2026Q2-v3,SBH,detached,2021Q4,107.98,6
pm-2026Q2-v3,SBH,detached,2022Q1,96.57,10
pm-2026Q2-v3,SBH,detached,2022Q2,103.16,28
pm-2026Q2-v3,SBH,detached,2022Q3,101.43,25
pm-2026Q2-v3,SBH,detached,2022Q4,101.13,9
pm-2026Q2-v3,SBH,detached,2023Q1,99.93,12
pm-2026Q2-v3,SBH,detached,2023Q2,101.71,21
pm-2026Q2-v3,SBH,detached,2023Q3,108.02,26
pm-2026Q2-v3,SBH,detached,2023Q4,90.86,16
pm-2026Q2-v3,SBH,detached,2024Q1,99.65,16
pm-2026Q2-v3,SBH,detached,2024Q2,102.1,18
pm-2026Q2-v3,SBH,detached,2024Q3,107.19,9
pm-2026Q2-v3,SBH,detached,2024Q4,107.25,13
pm-2026Q2-v3,SBH,detached,2025Q1,103.27,3
pm-2026Q2-v3,SBH,detached,2025Q2,105.92,7
pm-2026Q2-v3,SBH,detached,2025Q3,103.81,8
pm-2026Q2-v3,SBH,detached,2025Q4,105.4,10
pm-2026Q2-v3,SBH,detached,2026Q1,103.37,9
pm-2026Q2-v3,SBH,detached,2026Q2,107.92,17
pm-2026Q2-v3,SGR,detached,2021Q1,100.0,30
pm-2026Q2-v3,SGR,detached,2021Q2,104.27,58
pm-2026Q2-v3,SGR,detached,2021Q3,101.22,87
pm-2026Q2-v3,SGR,detached,2021Q4,101.37,312
pm-2026Q2-v3,SGR,detached,2022Q1,102.6,216
pm-2026Q2-v3,SGR,detached,2022Q2,103.62,326
pm-2026Q2-v3,SGR,detached,2022Q3,103.98,328
pm-2026Q2-v3,SGR,detached,2022Q4,101.54,307
pm-2026Q2-v3,SGR,detached,2023Q1,98.23,237
pm-2026Q2-v3,SGR,detached,2023Q2,103.37,295
pm-2026Q2-v3,SGR,detached,2023Q3,103.13,291
pm-2026Q2-v3,SGR,detached,2023Q4,101.27,264
pm-2026Q2-v3,SGR,detached,2024Q1,101.69,241
pm-2026Q2-v3,SGR,detached,2024Q2,103.0,255
pm-2026Q2-v3,SGR,detached,2024Q3,104.82,241
pm-2026Q2-v3,SGR,detached,2024Q4,104.89,76
pm-2026Q2-v3,SGR,detached,2025Q1,106.77,62
pm-2026Q2-v3,SGR,detached,2025Q2,104.34,71
pm-2026Q2-v3,SGR,detached,2025Q3,100.85,86
pm-2026Q2-v3,SGR,detached,2025Q4,108.71,82
pm-2026Q2-v3,SGR,detached,2026Q1,92.41,64
pm-2026Q2-v3,SGR,detached,2026Q2,108.34,80
pm-2026Q2-v3,SWK,detached,2021Q1,100.0,0
pm-2026Q2-v3,SWK,detached,2021Q2,104.26,0
pm-2026Q2-v3,SWK,detached,2021Q3,104.98,4
pm-2026Q2-v3,SWK,detached,2021Q4,102.8,19
pm-2026Q2-v3,SWK,detached,2022Q1,94.12,16
pm-2026Q2-v3,SWK,detached,2022Q2,103.76,23
pm-2026Q2-v3,SWK,detached,2022Q3,108.51,27
pm-2026Q2-v3,SWK,detached,2022Q4,96.63,16
pm-2026Q2-v3,SWK,detached,2023Q1,97.0,20
pm-2026Q2-v3,SWK,detached,2023Q2,112.23,20
pm-2026Q2-v3,SWK,detached,2023Q3,108.26,29
pm-2026Q2-v3,SWK,detached,2023Q4,98.99,23
pm-2026Q2-v3,SWK,detached,2024Q1,115.37,31
pm-2026Q2-v3,SWK,detached,2024Q2,102.53,29
pm-2026Q2-v3,SWK,detached,2024Q3,103.71,33
pm-2026Q2-v3,SWK,detached,2024Q4,94.88,19
pm-2026Q2-v3,SWK,detached,2025Q1,104.49,14
pm-2026Q2-v3,SWK,detached,2025Q2,107.63,15
pm-2026Q2-v3,SWK,detached,2025Q3,102.43,13
pm-2026Q2-v3,SWK,detached,2025Q4,106.45,19
pm-2026Q2-v3,SWK,detached,2026Q1,92.92,8
pm-2026Q2-v3,SWK,detached,2026Q2,102.47,13
pm-2026Q2-v3,TRG,detached,2021Q1,100.0,3
pm-2026Q2-v3,TRG,detached,2021Q2,103.51,6
pm-2026Q2-v3,TRG,detached,2021Q3,101.02,14
pm-2026Q2-v3,TRG,detached,2021Q4,99.3,73
pm-2026Q2-v3,TRG,detached,2022Q1,100.04,112
pm-2026Q2-v3,TRG,detached,2022Q2,100.67,98
pm-2026Q2-v3,TRG,detached,2022Q3,104.96,143
pm-2026Q2-v3,TRG,detached,2022Q4,101.82,110
pm-2026Q2-v3,TRG,detached,2023Q1,100.28,108
pm-2026Q2-v3,TRG,detached,2023Q2,104.19,95
pm-2026Q2-v3,TRG,detached,2023Q3,107.82,59
pm-2026Q2-v3,TRG,detached,2023Q4,106.6,110
pm-2026Q2-v3,TRG,detached,2024Q1,103.67,111
pm-2026Q2-v3,TRG,detached,2024Q2,102.95,94
pm-2026Q2-v3,TRG,detached,2024Q3,100.66,121
pm-2026Q2-v3,TRG,detached,2024Q4,104.86,83
pm-2026Q2-v3,TRG,detached,2025Q1,102.14,68
pm-2026Q2-v3,TRG,detached,2025Q2,101.55,71
pm-2026Q2-v3,TRG,detached,2025Q3,100.78,83
pm-2026Q2-v3,TRG,detached,2025Q4,106.36,70
pm-2026Q2-v3,TRG,detached,2026Q1,105.82,48
pm-2026Q2-v3,TRG,detached,2026Q2,103.24,67
pm-2026Q2-v3,ALL,flat,2021Q1,100.0,169
pm-2026Q2-v3,ALL,flat,2021Q2,90.03,236
pm-2026Q2-v3,ALL,flat,2021Q3,91.89,446
pm-2026Q2-v3,ALL,flat,2021Q4,100.27,1071
pm-2026Q2-v3,ALL,flat,2022Q1,98.68,950
pm-2026Q2-v3,ALL,flat,2022Q2,100.88,1339
pm-2026Q2-v3,ALL,flat,2022Q3,100.21,1308
pm-2026Q2-v3,ALL,flat,2022Q4,103.47,1197
pm-2026Q2-v3,ALL,flat,2023Q1,101.37,1048
pm-2026Q2-v3,ALL,flat,2023Q2,105.38,1198
pm-2026Q2-v3,ALL,flat,2023Q3,104.99,1219
pm-2026Q2-v3,ALL,flat,2023Q4,106.05,1131
pm-2026Q2-v3,ALL,flat,2024Q1,108.0,948
pm-2026Q2-v3,ALL,flat,2024Q2,108.64,1020
pm-2026Q2-v3,ALL,flat,2024Q3,108.82,1027
pm-2026Q2-v3,ALL,flat,2024Q4,108.83,324
pm-2026Q2-v3,ALL,flat,2025Q1,104.08,267
pm-2026Q2-v3,ALL,flat,2025Q2,110.31,328
pm-2026Q2-v3,ALL,flat,2025Q3,109.89,406
pm-2026Q2-v3,ALL,flat,2025Q4,111.9,347
pm-2026Q2-v3,ALL,flat,2026Q1,111.34,222
pm-2026Q2-v3,ALL,flat,2026Q2,110.48,283
pm-2026Q2-v3,JHR,flat,2021Q1,100.0,7
pm-2026Q2-v3,JHR,flat,2021Q2,90.19,8
pm-2026Q2-v3,JHR,flat,2021Q3,92.07,37
pm-2026Q2-v3,JHR,flat,2021Q4,97.94,69
pm-2026Q2-v3,JHR,flat,2022Q1,94.73,84
pm-2026Q2-v3,JHR,flat,2022Q2,98.04,104
pm-2026Q2-v3,JHR,flat,2022Q3,97.68,82
pm-2026Q2-v3,JHR,flat,2022Q4,103.75,102
pm-2026Q2-v3,JHR,flat,2023Q1,101.54,81
pm-2026Q2-v3,JHR,flat,2023Q2,102.09,122
pm-2026Q2-v3,JHR,flat,2023Q3,105.0,93
pm-2026Q2-v3,JHR,flat,2023Q4,108.1,106
pm-2026Q2-v3,JHR,flat,2024Q1,108.72,88
pm-2026Q2-v3,JHR,flat,2024Q2,110.86,95
pm-2026Q2-v3,JHR,flat,2024Q3,111.06,86
pm-2026Q2-v3,JHR,flat,2024Q4,106.73,13
pm-2026Q2-v3,JHR,flat,2025Q1,105.15,12
pm-2026Q2-v3,JHR,flat,2025Q2,111.48,10
pm-2026Q2-v3,JHR,flat,2025Q3,110.27,12
pm-2026Q2-v3,JHR,flat,2025Q4,113.97,17
pm-2026Q2-v3,JHR,flat,2026Q1,115.38,12
pm-2026Q2-v3,JHR,flat,2026Q2,113.58,28
pm-2026Q2-v3,KDH,flat,2021Q1,100.0,0
pm-2026Q2-v3,KDH,flat,2021Q2,90.03,0
pm-2026Q2-v3,KDH,flat,2021Q3,91.89,0
pm-2026Q2-v3,KDH,flat,2021Q4,100.27,0
pm-2026Q2-v3,KDH,flat,2022Q1,98.68,0
pm-2026Q2-v3,KDH,flat,2022Q2,100.18,1
pm-2026Q2-v3,KDH,flat,2022Q3,100.21,0
pm-2026Q2-v3,KDH,flat,2022Q4,103.47,0
pm-2026Q2-v3,KDH,flat,2023Q1,101.37,0
pm-2026Q2-v3,KDH,flat,2023Q2,105.38,0
pm-2026Q2-v3,KDH,flat,2023Q3,103.47,6
pm-2026Q2-v3,KDH,flat,2023Q4,106.53,2
pm-2026Q2-v3,KDH,flat,2024Q1,108.31,8
pm-2026Q2-v3,KDH,flat,2024Q2,109.1,6
pm-2026Q2-v3,KDH,flat,2024Q3,109.97,3
pm-2026Q2-v3,KDH,flat,2024Q4,108.53,1
pm-2026Q2-v3,KDH,flat,2025Q1,103.85,3
pm-2026Q2-v3,KDH,flat,2025Q2,110.31,0
pm-2026Q2-v3,KDH,flat,2025Q3,109.92,2
pm-2026Q2-v3,KDH,flat,2025Q4,111.61,1
pm-2026Q2-v3,KDH,flat,2026Q1,111.34,0
pm-2026Q2-v3,KDH,flat,2026Q2,111.2,1
pm-2026Q2-v3,KTN,flat,2021Q1,100.0,0
pm-2026Q2-v3,KTN,flat,2021Q2,90.03,0
pm-2026Q2-v3,KTN,flat,2021Q3,91.89,0
pm-2026Q2-v3,KTN,flat,2021Q4,100.27,0
pm-2026Q2-v3,KTN,flat,2022Q1,98.68,0
pm-2026Q2-v3,KTN,flat,2022Q2,100.88,0
pm-2026Q2-v3,KTN,flat,2022Q3,100.21,1
pm-2026Q2-v3,KTN,flat,2022Q4,103.47,0
pm-2026Q2-v3,KTN,flat,2023Q1,101.37,0
pm-2026Q2-v3,KTN,flat,2023Q2,105.38,0
pm-2026Q2-v3,KTN,flat,2023Q3,104.99,0
pm-2026Q2-v3,KTN,flat,2023Q4,106.05,0
pm-2026Q2-v3,KTN,flat,2024Q1,108.0,0
pm-2026Q2-v3,KTN,flat,2024Q2,108.64,0
pm-2026Q2-v3,KTN,flat,2024Q3,108.82,0
pm-2026Q2-v3,KTN,flat,2024Q4,108.83,0
pm-2026Q2-v3,KTN,flat,2025Q1,104.08,0
pm-2026Q2-v3,KTN,flat,2025Q2,110.31,0
pm-2026Q2-v3,KTN,flat,2025Q3,109.89,0
pm-2026Q2-v3,KTN,flat,2025Q4,111.9,0
pm-2026Q2-v3,KTN,flat,2026Q1,111.34,0
pm-2026Q2-v3,KTN,flat,2026Q2,110.48,0
pm-2026Q2-v3,KUL,flat,2021Q1,100.0,15
pm-2026Q2-v3,KUL,flat,2021Q2,93.0,17
pm-2026Q2-v3,KUL,flat,2021Q3,95.77,28
pm-2026Q2-v3,KUL,flat,2021Q4,97.52,109
pm-2026Q2-v3,KUL,flat,2022Q1,99.24,103
pm-2026Q2-v3,KUL,flat,2022Q2,101.52,150
pm-2026Q2-v3,KUL,flat,2022Q3,102.06,158
pm-2026Q2-v3,KUL,flat,2022Q4,104.17,143
pm-2026Q2-v3,KUL,flat,2023Q1,102.83,131
pm-2026Q2-v3,KUL,flat,2023Q2,106.69,168
pm-2026Q2-v3,KUL,flat,2023Q3,106.02,155
pm-2026Q2-v3,KUL,flat,2023Q4,106.48,140
pm-2026Q2-v3,KUL,flat,2024Q1,107.48,120
pm-2026Q2-v3,KUL,flat,2024Q2,106.87,158
pm-2026Q2-v3,KUL,flat,2024Q3,106.25,144
pm-2026Q2-v3,KUL,flat,2024Q4,108.63,46
pm-2026Q2-v3,KUL,flat,2025Q1,103.51,32
pm-2026Q2-v3,KUL,flat,2025Q2,108.85,41
pm-2026Q2-v3,KUL,flat,2025Q3,111.12,55
pm-2026Q2-v3,KUL,flat,2025Q4,107.76,44
pm-2026Q2-v3,KUL,flat,2026Q1,112.12,27
pm-2026Q2-v3,KUL,flat,2026Q2,107.06,36
pm-2026Q2-v3,LBN,flat,2021Q1,100.0,3
pm-2026Q2-v3,LBN,flat,2021Q2,90.66,1
pm-2026Q2-v3,LBN,flat,2021Q3,91.92,2
pm-2026Q2-v3,LBN,flat,2021Q4,99.42,6
pm-2026Q2-v3,LBN,flat,2022Q1,99.48,8
pm-2026Q2-v3,LBN,flat,2022Q2,101.52,2
pm-2026Q2-v3,LBN,flat,2022Q3,100.3,1
pm-2026Q2-v3,LBN,flat,2022Q4,103.47,0
pm-2026Q2-v3,LBN,flat,2023Q1,101.02,2
pm-2026Q2-v3,LBN,flat,2023Q2,104.58,4
pm-2026Q2-v3,LBN,flat,2023Q3,104.54,4
pm-2026Q2-v3,LBN,flat,2023Q4,104.29,6
pm-2026Q2-v3,LBN,flat,2024Q1,111.08,4
pm-2026Q2-v3,LBN,flat,2024Q2,108.7,3
pm-2026Q2-v3,LBN,flat,2024Q3,109.07,2
pm-2026Q2-v3,LBN,flat,2024Q4,108.83,0
pm-2026Q2-v3,LBN,flat,2025Q1,104.08,0
pm-2026Q2-v3,LBN,flat,2025Q2,110.73,1
pm-2026Q2-v3,LBN,flat,2025Q3,110.18,4
pm-2026Q2-v3,LBN,flat,2025Q4,110.98,2
pm-2026Q2-v3,LBN,flat,2026Q1,111.34,0
pm-2026Q2-v3,LBN,flat,2026Q2,110.48,0
pm-2026Q2-v3,MLK,flat,2021Q1,100.0,13
pm-2026Q2-v3,MLK,flat,2021Q2,89.92,5
pm-2026Q2-v3,MLK,flat,2021Q3,93.33,13
pm-2026Q2-v3,MLK,flat,2021Q4,99.26,18
pm-2026Q2-v3,MLK,flat,2022Q1,97.88,21
pm-2026Q2-v3,MLK,flat,2022Q2,100.09,18
pm-2026Q2-v3,MLK,flat,2022Q3,99.21,17
pm-2026Q2-v3,MLK,flat,2022Q4,102.75,13
pm-2026Q2-v3,MLK,flat,2023Q1,100.91,20
pm-2026Q2-v3,MLK,flat,2023Q2,106.83,21
pm-2026Q2-v3,MLK,flat,2023Q3,103.68,12
pm-2026Q2-v3,MLK,flat,2023Q4,105.78,19
pm-2026Q2-v3,MLK,flat,2024Q1,110.8,16
pm-2026Q2-v3,MLK,flat,2024Q2,110.0,8
pm-2026Q2-v3,MLK,flat,2024Q3,111.95,17
pm-2026Q2-v3,MLK,flat,2024Q4,109.45,1
pm-2026Q2-v3,MLK,flat,2025Q1,101.99,4
pm-2026Q2-v3,MLK,flat,2025Q2,111.71,6
pm-2026Q2-v3,MLK,flat,2025Q3,110.02,2
pm-2026Q2-v3,MLK,flat,2025Q4,112.78,2
pm-2026Q2-v3,MLK,flat,2026Q1,111.51,5
pm-2026Q2-v3,MLK,flat,2026Q2,108.49,4
pm-2026Q2-v3,NSN,flat,2021Q1,100.0,3
pm-2026Q2-v3,NSN,flat,2021Q2,92.08,5
pm-2026Q2-v3,NSN,flat,2021Q3,94.89,11
pm-2026Q2-v3,NSN,flat,2021Q4,101.78,27
pm-2026Q2-v3,NSN,flat,2022Q1,97.81,24
pm-2026Q2-v3,NSN,flat,2022Q2,101.68,18
pm-2026Q2-v3,NSN,flat,2022Q3,102.45,15
pm-2026Q2-v3,NSN,flat,2022Q4,101.16,18
pm-2026Q2-v3,NSN,flat,2023Q1,100.72,17
pm-2026Q2-v3,NSN,flat,2023Q2,105.24,21
pm-2026Q2-v3,NSN,flat,2023Q3,108.13,27
pm-2026Q2-v3,NSN,flat,2023Q4,106.97,20
pm-2026Q2-v3,NSN,flat,2024Q1,111.44,15
pm-2026Q2-v3,NSN,flat,2024Q2,104.89,21
pm-2026Q2-v3,NSN,flat,2024Q3,105.55,24
pm-2026Q2-v3,NSN,flat,2024Q4,108.13,4
pm-2026Q2-v3,NSN,flat,2025Q1,104.14,8
pm-2026Q2-v3,NSN,flat,2025Q2,108.31,6
pm-2026Q2-v3,NSN,flat,2025Q3,108.25,8
pm-2026Q2-v3,NSN,flat,2025Q4,111.55,4
pm-2026Q2-v3,NSN,flat,2026Q1,110.38,3
pm-2026Q2-v3,NSN,flat,2026Q2,110.48,0
pm-2026Q2-v3,PHG,flat,2021Q1,100.0,0
pm-2026Q2-v3,PHG,flat,2021Q2,90.03,0
pm-2026Q2-v3,PHG,flat,2021Q3,92.43,2
pm-2026Q2-v3,PHG,flat,2021Q4,100.61,1
pm-2026Q2-v3,PHG,flat,2022Q1,98.96,2
pm-2026Q2-v3,PHG,flat,2022Q2,101.65,2
pm-2026Q2-v3,PHG,flat,2022Q3,100.14,1
pm-2026Q2-v3,PHG,flat,2022Q4,103.86,3
pm-2026Q2-v3,PHG,flat,2023Q1,101.37,0
pm-2026Q2-v3,PHG,flat,2023Q2,105.37,1
pm-2026Q2-v3,PHG,flat,2023Q3,103.58,2
pm-2026Q2-v3,PHG,flat,2023Q4,104.61,4
pm-2026Q2-v3,PHG,flat,2024Q1,107.93,2
pm-2026Q2-v3,PHG,flat,2024Q2,109.54,5
pm-2026Q2-v3,PHG,flat,2024Q3,109.52,3
pm-2026Q2-v3,PHG,flat,2024Q4,108.83,0
pm-2026Q2-v3,PHG,flat,2025Q1,103.41,2
pm-2026Q2-v3,PHG,flat,2025Q2,109.97,1
pm-2026Q2-v3,PHG,flat,2025Q3,109.89,0
pm-2026Q2-v3,PHG,flat,2025Q4,111.9,0
pm-2026Q2-v3,PHG,flat,2026Q1,111.34,0
pm-2026Q2-v3,PHG,flat,2026Q2,110.48,0
pm-2026Q2-v3,PJY,flat,2021Q1,100.0,0
pm-2026Q2-v3,PJY,flat,2021Q2,90.03,0
pm-2026Q2-v3,PJY,flat,2021Q3,91.89,0
pm-2026Q2-v3,PJY,flat,2021Q4,100.27,0
pm-2026Q2-v3,PJY,flat,2022Q1,98.68,0
pm-2026Q2-v3,PJY,flat,2022Q2,100.88,0
pm-2026Q2-v3,PJY,flat,2022Q3,100.21,0
pm-2026Q2-v3,PJY,flat,2022Q4,103.47,1
pm-2026Q2-v3,PJY,flat,2023Q1,101.37,0
pm-2026Q2-v3,PJY,flat,2023Q2,105.38,0
pm-2026Q2-v3,PJY,flat,2023Q3,104.99,0
pm-2026Q2-v3,PJY,flat,2023Q4,106.05,0
pm-2026Q2-v3,PJY,flat,2024Q1,108.0,0
pm-2026Q2-v3,PJY,flat,2024Q2,108.64,0
pm-2026Q2-v3,PJY,flat,2024Q3,108.82,0
pm-2026Q2-v3,PJY,flat,2024Q4,108.83,0
pm-2026Q2-v3,PJY,flat,2025Q1,104.08,0
pm-2026Q2-v3,PJY,flat,2025Q2,110.31,0
pm-2026Q2-v3,PJY,flat,2025Q3,109.89,0
pm-2026Q2-v3,PJY,flat,2025Q4,111.9,0
pm-2026Q2-v3,PJY,flat,2026Q1,111.34,0
pm-2026Q2-v3,PJY,flat,2026Q2,110.48,0
pm-2026Q2-v3,PNG,flat,2021Q1,100.0,19
pm-2026Q2-v3,PNG,flat,2021Q2,74.57,45
pm-2026Q2-v3,PNG,flat,2021Q3,75.58,99
pm-2026Q2-v3,PNG,flat,2021Q4,104.37,295
pm-2026Q2-v3,PNG,flat,2022Q1,94.89,284
pm-2026Q2-v3,PNG,flat,2022Q2,101.51,429
pm-2026Q2-v3,PNG,flat,2022Q3,102.03,435
pm-2026Q2-v3,PNG,flat,2022Q4,105.96,366
pm-2026Q2-v3,PNG,flat,2023Q1,104.95,328
pm-2026Q2-v3,PNG,flat,2023Q2,108.03,390
pm-2026Q2-v3,PNG,flat,2023Q3,108.33,389
pm-2026Q2-v3,PNG,flat,2023Q4,108.59,349
pm-2026Q2-v3,PNG,flat,2024Q1,109.65,295
pm-2026Q2-v3,PNG,flat,2024Q2,111.77,327
pm-2026Q2-v3,PNG,flat,2024Q3,116.44,349
pm-2026Q2-v3,PNG,flat,2024Q4,110.35,132
pm-2026Q2-v3,PNG,flat,2025Q1,109.55,115
pm-2026Q2-v3,PNG,flat,2025Q2,111.83,147
pm-2026Q2-v3,PNG,flat,2025Q3,112.5,180
pm-2026Q2-v3,PNG,flat,2025Q4,114.47,171
pm-2026Q2-v3,PNG,flat,2026Q1,112.32,112
pm-2026Q2-v3,PNG,flat,2026Q2,112.68,127
pm-2026Q2-v3,PRK,flat,2021Q1,100.0,1
pm-2026Q2-v3,PRK,flat,2021Q2,90.41,1
pm-2026Q2-v3,PRK,flat,2021Q3,91.89,0
pm-2026Q2-v3,PRK,flat,2021Q4,99.46,4
pm-2026Q2-v3,PRK,flat,2022Q1,104.1,4
pm-2026Q2-v3,PRK,flat,2022Q2,105.96,5
pm-2026Q2-v3,PRK,flat,2022Q3,98.74,6
pm-2026Q2-v3,PRK,flat,2022Q4,103.31,5
pm-2026Q2-v3,PRK,flat,2023Q1,100.2,3
pm-2026Q2-v3,PRK,flat,2023Q2,105.3,2
pm-2026Q2-v3,PRK,flat,2023Q3,104.5,3
pm-2026Q2-v3,PRK,flat,2023Q4,105.47,2
pm-2026Q2-v3,PRK,flat,2024Q1,106.11,4
pm-2026Q2-v3,PRK,flat,2024Q2,106.22,6
pm-2026Q2-v3,PRK,flat,2024Q3,107.77,7
pm-2026Q2-v3,PRK,flat,2024Q4,109.09,1
pm-2026Q2-v3,PRK,flat,2025Q1,102.81,4
pm-2026Q2-v3,PRK,flat,2025Q2,110.01,3
pm-2026Q2-v3,PRK,flat,2025Q3,108.71,3
pm-2026Q2-v3,PRK,flat,2025Q4,112.22,3
pm-2026Q2-v3,PRK,flat,2026Q1,111.88,1
pm-2026Q2-v3,PRK,flat,2026Q2,111.07,3
pm-2026Q2-v3,SBH,flat,2021Q1,100.0,0
pm-2026Q2-v3,SBH,flat,2021Q2,90.2,1
pm-2026Q2-v3,SBH,flat,2021Q3,92.11,2
pm-2026Q2-v3,SBH,flat,2021Q4,99.95,4
pm-2026Q2-v3,SBH,flat,2022Q1,99.09,2
pm-2026Q2-v3,SBH,flat,2022Q2,101.05,15
pm-2026Q2-v3,SBH,flat,2022Q3,99.26,12
pm-2026Q2-v3,SBH,flat,2022Q4,104.01,8
pm-2026Q2-v3,SBH,flat,2023Q1,101.37,7
pm-2026Q2-v3,SBH,flat,2023Q2,107.23,13
pm-2026Q2-v3,SBH,flat,2023Q3,104.28,20
pm-2026Q2-v3,SBH,flat,2023Q4,106.12,14
pm-2026Q2-v3,SBH,flat,2024Q1,106.51,17
pm-2026Q2-v3,SBH,flat,2024Q2,108.64,0
pm-2026Q2-v3,SBH,flat,2024Q3,108.82,0
pm-2026Q2-v3,SBH,flat,2024Q4,108.83,0
pm-2026Q2-v3,SBH,flat,2025Q1,104.08,0
pm-2026Q2-v3,SBH,flat,2025Q2,110.31,0
pm-2026Q2-v3,SBH,flat,2025Q3,109.89,0
pm-2026Q2-v3,SBH,flat,2025Q4,111.9,0
pm-2026Q2-v3,SBH,flat,2026Q1,111.34,0
pm-2026Q2-v3,SBH,flat,2026Q2,110.48,0
pm-2026Q2-v3,SGR,flat,2021Q1,100.0,108
pm-2026Q2-v3,SGR,flat,2021Q2,101.19,152
pm-2026Q2-v3,SGR,flat,2021Q3,100.96,250
pm-2026Q2-v3,SGR,flat,2021Q4,100.21,503
pm-2026Q2-v3,SGR,flat,2022Q1,100.37,401
pm-2026Q2-v3,SGR,flat,2022Q2,98.25,557
pm-2026Q2-v3,SGR,flat,2022Q3,98.42,552
pm-2026Q2-v3,SGR,flat,2022Q4,101.3,515
pm-2026Q2-v3,SGR,flat,2023Q1,99.09,438
pm-2026Q2-v3,SGR,flat,2023Q2,104.03,442
pm-2026Q2-v3,SGR,flat,2023Q3,102.58,493
pm-2026Q2-v3,SGR,flat,2023Q4,102.19,448
pm-2026Q2-v3,SGR,flat,2024Q1,101.3,364
pm-2026Q2-v3,SGR,flat,2024Q2,107.41,373
pm-2026Q2-v3,SGR,flat,2024Q3,103.61,378
pm-2026Q2-v3,SGR,flat,2024Q4,108.44,113
pm-2026Q2-v3,SGR,flat,2025Q1,101.31,80
pm-2026Q2-v3,SGR,flat,2025Q2,108.38,102
pm-2026Q2-v3,SGR,flat,2025Q3,109.77,133
pm-2026Q2-v3,SGR,flat,2025Q4,111.81,100
pm-2026Q2-v3,SGR,flat,2026Q1,108.12,54
pm-2026Q2-v3,SGR,flat,2026Q2,113.63,75
pm-2026Q2-v3,SWK,flat,2021Q1,100.0,0
pm-2026Q2-v3,SWK,flat,2021Q2,90.29,1
pm-2026Q2-v3,SWK,flat,2021Q3,92.0,2
pm-2026Q2-v3,SWK,flat,2021Q4,101.5,32
pm-2026Q2-v3,SWK,flat,2022Q1,99.27,17
pm-2026Q2-v3,SWK,flat,2022Q2,99.33,38
pm-2026Q2-v3,SWK,flat,2022Q3,102.16,28
pm-2026Q2-v3,SWK,flat,2022Q4,103.5,21
pm-2026Q2-v3,SWK,flat,2023Q1,102.54,18
pm-2026Q2-v3,SWK,flat,2023Q2,103.9,14
pm-2026Q2-v3,SWK,flat,2023Q3,105.12,14
pm-2026Q2-v3,SWK,flat,2023Q4,107.18,19
pm-2026Q2-v3,SWK,flat,2024Q1,108.37,13
pm-2026Q2-v3,SWK,flat,2024Q2,109.91,17
pm-2026Q2-v3,SWK,flat,2024Q3,107.03,13
pm-2026Q2-v3,SWK,flat,2024Q4,110.0,12
pm-2026Q2-v3,SWK,flat,2025Q1,104.49,3
pm-2026Q2-v3,SWK,flat,2025Q2,111.88,11
pm-2026Q2-v3,SWK,flat,2025Q3,108.18,7
pm-2026Q2-v3,SWK,flat,2025Q4,111.68,2
pm-2026Q2-v3,SWK,flat,2026Q1,109.04,5
pm-2026Q2-v3,SWK,flat,2026Q2,107.79,6
pm-2026Q2-v3,TRG,flat,2021Q1,100.0,0
pm-2026Q2-v3,TRG,flat,2021Q2,90.03,0
pm-2026Q2-v3,TRG,flat,2021Q3,91.89,0
pm-2026Q2-v3,TRG,flat,2021Q4,101.4,3
pm-2026Q2-v3,TRG,flat,2022Q1,98.68,0
pm-2026Q2-v3,TRG,flat,2022Q2,100.88,0
pm-2026Q2-v3,TRG,flat,2022Q3,100.21,0
pm-2026Q2-v3,TRG,flat,2022Q4,104.46,2
pm-2026Q2-v3,TRG,flat,2023Q1,100.05,3
pm-2026Q2-v3,TRG,flat,2023Q2,105.38,0
pm-2026Q2-v3,TRG,flat,2023Q3,105.75,1
pm-2026Q2-v3,TRG,flat,2023Q4,106.39,2
pm-2026Q2-v3,TRG,flat,2024Q1,106.82,2
pm-2026Q2-v3,TRG,flat,2024Q2,108.63,1
pm-2026Q2-v3,TRG,flat,2024Q3,108.13,1
pm-2026Q2-v3,TRG,flat,2024Q4,108.93,1
pm-2026Q2-v3,TRG,flat,2025Q1,104.95,4
pm-2026Q2-v3,TRG,flat,2025Q2,110.31,0
pm-2026Q2-v3,TRG,flat,2025Q3,109.89,0
pm-2026Q2-v3,TRG,flat,2025Q4,112.14,1
pm-2026Q2-v3,TRG,flat,2026Q1,111.44,3
pm-2026Q2-v3,TRG,flat,2026Q2,109.05,3
pm-2026Q2-v3,ALL,low_cost_flat,2021Q1,100.0,338
pm-2026Q2-v3,ALL,low_cost_flat,2021Q2,101.04,391
pm-2026Q2-v3,ALL,low_cost_flat,2021Q3,101.97,800
pm-2026Q2-v3,ALL,low_cost_flat,2021Q4,102.5,1429
pm-2026Q2-v3,ALL,low_cost_flat,2022Q1,102.42,1166
pm-2026Q2-v3,ALL,low_cost_flat,2022Q2,103.33,1471
pm-2026Q2-v3,ALL,low_cost_flat,2022Q3,106.22,1601
pm-2026Q2-v3,ALL,low_cost_flat,2022Q4,107.69,1432
pm-2026Q2-v3,ALL,low_cost_flat,2023Q1,107.35,1401
pm-2026Q2-v3,ALL,low_cost_flat,2023Q2,108.48,1456
pm-2026Q2-v3,ALL,low_cost_flat,2023Q3,110.97,1555
pm-2026Q2-v3,ALL,low_cost_flat,2023Q4,111.82,1373
pm-2026Q2-v3,ALL,low_cost_flat,2024Q1,114.22,1393
pm-2026Q2-v3,ALL,low_cost_flat,2024Q2,115.71,1196
pm-2026Q2-v3,ALL,low_cost_flat,2024Q3,117.26,1033
pm-2026Q2-v3,ALL,low_cost_flat,2024Q4,116.89,331
pm-2026Q2-v3,ALL,low_cost_flat,2025Q1,121.31,242
pm-2026Q2-v3,ALL,low_cost_flat,2025Q2,118.91,231
pm-2026Q2-v3,ALL,low_cost_flat,2025Q3,120.74,295
pm-2026Q2-v3,ALL,low_cost_flat,2025Q4,122.45,343
pm-2026Q2-v3,ALL,low_cost_flat,2026Q1,123.26,203
pm-2026Q2-v3,ALL,low_cost_flat,2026Q2,130.89,257
pm-2026Q2-v3,JHR,low_cost_flat,2021Q1,100.0,35
pm-2026Q2-v3,JHR,low_cost_flat,2021Q2,96.01,27
pm-2026Q2-v3,JHR,low_cost_flat,2021Q3,95.72,88
pm-2026Q2-v3,JHR,low_cost_flat,2021Q4,93.27,153
pm-2026Q2-v3,JHR,low_cost_flat,2022Q1,93.84,134
pm-2026Q2-v3,JHR,low_cost_flat,2022Q2,100.65,178
pm-2026Q2-v3,JHR,low_cost_flat,2022Q3,103.37,191
pm-2026Q2-v3,JHR,low_cost_flat,2022Q4,104.82,170
pm-2026Q2-v3,JHR,low_cost_flat,2023Q1,108.07,151
pm-2026Q2-v3,JHR,low_cost_flat,2023Q2,109.13,166
pm-2026Q2-v3,JHR,low_cost_flat,2023Q3,110.38,201
pm-2026Q2-v3,JHR,low_cost_flat,2023Q4,115.72,206
pm-2026Q2-v3,JHR,low_cost_flat,2024Q1,117.63,238
pm-2026Q2-v3,JHR,low_cost_flat,2024Q2,122.76,233
pm-2026Q2-v3,JHR,low_cost_flat,2024Q3,123.58,173
pm-2026Q2-v3,JHR,low_cost_flat,2024Q4,120.64,28
pm-2026Q2-v3,JHR,low_cost_flat,2025Q1,124.36,14
pm-2026Q2-v3,JHR,low_cost_flat,2025Q2,121.28,17
pm-2026Q2-v3,JHR,low_cost_flat,2025Q3,118.93,18
pm-2026Q2-v3,JHR,low_cost_flat,2025Q4,130.83,44
pm-2026Q2-v3,JHR,low_cost_flat,2026Q1,131.47,30
pm-2026Q2-v3,JHR,low_cost_flat,2026Q2,139.7,33
pm-2026Q2-v3,KDH,low_cost_flat,2021Q1,100.0,0
pm-2026Q2-v3,KDH,low_cost_flat,2021Q2,101.02,1
pm-2026Q2-v3,KDH,low_cost_flat,2021Q3,101.97,0
pm-2026Q2-v3,KDH,low_cost_flat,2021Q4,101.92,11
pm-2026Q2-v3,KDH,low_cost_flat,2022Q1,102.68,10
pm-2026Q2-v3,KDH,low_cost_flat,2022Q2,103.78,13
pm-2026Q2-v3,KDH,low_cost_flat,2022Q3,104.23,17
pm-2026Q2-v3,KDH,low_cost_flat,2022Q4,108.31,6
pm-2026Q2-v3,KDH,low_cost_flat,2023Q1,105.88,19
pm-2026Q2-v3,KDH,low_cost_flat,2023Q2,107.42,17
pm-2026Q2-v3,KDH,low_cost_flat,2023Q3,110.85,13
pm-2026Q2-v3,KDH,low_cost_flat,2023Q4,112.33,13
pm-2026Q2-v3,KDH,low_cost_flat,2024Q1,114.61,16
pm-2026Q2-v3,KDH,low_cost_flat,2024Q2,117.08,14
pm-2026Q2-v3,KDH,low_cost_flat,2024Q3,116.42,13
pm-2026Q2-v3,KDH,low_cost_flat,2024Q4,114.76,10
pm-2026Q2-v3,KDH,low_cost_flat,2025Q1,122.76,5
pm-2026Q2-v3,KDH,low_cost_flat,2025Q2,118.83,5
pm-2026Q2-v3,KDH,low_cost_flat,2025Q3,122.03,5
pm-2026Q2-v3,KDH,low_cost_flat,2025Q4,123.1,7
pm-2026Q2-v3,KDH,low_cost_flat,2026Q1,123.26,0
pm-2026Q2-v3,KDH,low_cost_flat,2026Q2,132.99,4
pm-2026Q2-v3,KTN,low_cost_flat,2021Q1,100.0,1
pm-2026Q2-v3,KTN,low_cost_flat,2021Q2,101.8,3
pm-2026Q2-v3,KTN,low_cost_flat,2021Q3,101.97,0
pm-2026Q2-v3,KTN,low_cost_flat,2021Q4,102.5,0
pm-2026Q2-v3,KTN,low_cost_flat,2022Q1,102.42,0
pm-2026Q2-v3,KTN,low_cost_flat,2022Q2,103.33,0
pm-2026Q2-v3,KTN,low_cost_flat,2022Q3,107.96,6
pm-2026Q2-v3,KTN,low_cost_flat,2022Q4,107.3,1
pm-2026Q2-v3,KTN,low_cost_flat,2023Q1,107.35,0
pm-2026Q2-v3,KTN,low_cost_flat,2023Q2,107.66,2
pm-2026Q2-v3,KTN,low_cost_flat,2023Q3,110.42,4
pm-2026Q2-v3,KTN,low_cost_flat,2023Q4,112.04,1
pm-2026Q2-v3,KTN,low_cost_flat,2024Q1,113.62,4
pm-2026Q2-v3,KTN,low_cost_flat,2024Q2,115.67,1
pm-2026Q2-v3,KTN,low_cost_flat,2024Q3,117.26,0
pm-2026Q2-v3,KTN,low_cost_flat,2024Q4,117.34,1
pm-2026Q2-v3,KTN,low_cost_flat,2025Q1,121.85,1
pm-2026Q2-v3,KTN,low_cost_flat,2025Q2,118.9,1
pm-2026Q2-v3,KTN,low_cost_flat,2025Q3,120.74,0
pm-2026Q2-v3,KTN,low_cost_flat,2025Q4,120.92,2
pm-2026Q2-v3,KTN,low_cost_flat,2026Q1,123.26,0
pm-2026Q2-v3,KTN,low_cost_flat,2026Q2,130.89,0
pm-2026Q2-v3,KUL,low_cost_flat,2021Q1,100.0,20
pm-2026Q2-v3,KUL,low_cost_flat,2021Q2,101.55,32
pm-2026Q2-v3,KUL,low_cost_flat,2021Q3,106.14,55
pm-2026Q2-v3,KUL,low_cost_flat,2021Q4,108.44,146
pm-2026Q2-v3,KUL,low_cost_flat,2022Q1,108.74,139
pm-2026Q2-v3,KUL,low_cost_flat,2022Q2,105.52,175
pm-2026Q2-v3,KUL,low_cost_flat,2022Q3,108.97,188
pm-2026Q2-v3,KUL,low_cost_flat,2022Q4,110.19,151
pm-2026Q2-v3,KUL,low_cost_flat,2023Q1,111.54,155
pm-2026Q2-v3,KUL,low_cost_flat,2023Q2,108.82,160
pm-2026Q2-v3,KUL,low_cost_flat,2023Q3,111.52,171
pm-2026Q2-v3,KUL,low_cost_flat,2023Q4,108.43,142
pm-2026Q2-v3,KUL,low_cost_flat,2024Q1,113.5,153
pm-2026Q2-v3,KUL,low_cost_flat,2024Q2,115.8,135
pm-2026Q2-v3,KUL,low_cost_flat,2024Q3,115.64,173
pm-2026Q2-v3,KUL,low_cost_flat,2024Q4,115.43,39
pm-2026Q2-v3,KUL,low_cost_flat,2025Q1,118.08,43
pm-2026Q2-v3,KUL,low_cost_flat,2025Q2,113.47,45
pm-2026Q2-v3,KUL,low_cost_flat,2025Q3,117.48,48
pm-2026Q2-v3,KUL,low_cost_flat,2025Q4,117.84,45
pm-2026Q2-v3,KUL,low_cost_flat,2026Q1,118.85,28
pm-2026Q2-v3,KUL,low_cost_flat,2026Q2,122.91,41
pm-2026Q2-v3,LBN,low_cost_flat,2021Q1,100.0,0
pm-2026Q2-v3,LBN,low_cost_flat,2021Q2,101.04,0
pm-2026Q2-v3,LBN,low_cost_flat,2021Q3,101.97,0
pm-2026Q2-v3,LBN,low_cost_flat,2021Q4,103.04,3
pm-2026Q2-v3,LBN,low_cost_flat,2022Q1,102.42,0
pm-2026Q2-v3,LBN,low_cost_flat,2022Q2,103.33,0
pm-2026Q2-v3,LBN,low_cost_flat,2022Q3,106.22,0
pm-2026Q2-v3,LBN,low_cost_flat,2022Q4,107.69,0
pm-2026Q2-v3,LBN,low_cost_flat,2023Q1,107.79,2
pm-2026Q2-v3,LBN,low_cost_flat,2023Q2,108.0,2
pm-2026Q2-v3,LBN,low_cost_flat,2023Q3,110.88,2
pm-2026Q2-v3,LBN,low_cost_flat,2023Q4,112.2,3
pm-2026Q2-v3,LBN,low_cost_flat,2024Q1,113.22,2
pm-2026Q2-v3,LBN,low_cost_flat,2024Q2,115.55,1
pm-2026Q2-v3,LBN,low_cost_flat,2024Q3,117.56,2
pm-2026Q2-v3,LBN,low_cost_flat,2024Q4,116.89,0
pm-2026Q2-v3,LBN,low_cost_flat,2025Q1,121.31,0
pm-2026Q2-v3,LBN,low_cost_flat,2025Q2,118.91,0
pm-2026Q2-v3,LBN,low_cost_flat,2025Q3,120.74,0
pm-2026Q2-v3,LBN,low_cost_flat,2025Q4,122.45,0
pm-2026Q2-v3,LBN,low_cost_flat,2026Q1,123.26,0
pm-2026Q2-v3,LBN,low_cost_flat,2026Q2,130.89,0
pm-2026Q2-v3,MLK,low_cost_flat,2021Q1,100.0,4
pm-2026Q2-v3,MLK,low_cost_flat,2021Q2,100.83,3
pm-2026Q2-v3,MLK,low_cost_flat,2021Q3,101.24,10
pm-2026Q2-v3,MLK,low_cost_flat,2021Q4,100.95,22
pm-2026Q2-v3,MLK,low_cost_flat,2022Q1,101.71,16
pm-2026Q2-v3,MLK,low_cost_flat,2022Q2,102.88,25
pm-2026Q2-v3,MLK,low_cost_flat,2022Q3,106.34,20
pm-2026Q2-v3,MLK,low_cost_flat,2022Q4,109.45,23
pm-2026Q2-v3,MLK,low_cost_flat,2023Q1,108.78,20
pm-2026Q2-v3,MLK,low_cost_flat,2023Q2,110.36,30
pm-2026Q2-v3,MLK,low_cost_flat,2023Q3,111.8,31
pm-2026Q2-v3,MLK,low_cost_flat,2023Q4,110.38,27
pm-2026Q2-v3,MLK,low_cost_flat,2024Q1,114.45,22
pm-2026Q2-v3,MLK,low_cost_flat,2024Q2,114.18,24
pm-2026Q2-v3,MLK,low_cost_flat,2024Q3,114.16,16
pm-2026Q2-v3,MLK,low_cost_flat,2024Q4,120.35,7
pm-2026Q2-v3,MLK,low_cost_flat,2025Q1,121.75,1
pm-2026Q2-v3,MLK,low_cost_flat,2025Q2,120.02,1
pm-2026Q2-v3,MLK,low_cost_flat,2025Q3,120.92,2
pm-2026Q2-v3,MLK,low_cost_flat,2025Q4,123.18,4
pm-2026Q2-v3,MLK,low_cost_flat,2026Q1,122.01,3
pm-2026Q2-v3,MLK,low_cost_flat,2026Q2,130.87,10
pm-2026Q2-v3,NSN,low_cost_flat,2021Q1,100.0,7
pm-2026Q2-v3,NSN,low_cost_flat,2021Q2,100.71,5
pm-2026Q2-v3,NSN,low_cost_flat,2021Q3,101.41,12
pm-2026Q2-v3,NSN,low_cost_flat,2021Q4,104.04,30
pm-2026Q2-v3,NSN,low_cost_flat,2022Q1,101.65,44
pm-2026Q2-v3,NSN,low_cost_flat,2022Q2,106.14,40
pm-2026Q2-v3,NSN,low_cost_flat,2022Q3,109.99,57
pm-2026Q2-v3,NSN,low_cost_flat,2022Q4,107.91,54
pm-2026Q2-v3,NSN,low_cost_flat,2023Q1,105.89,51
pm-2026Q2-v3,NSN,low_cost_flat,2023Q2,107.07,62
pm-2026Q2-v3,NSN,low_cost_flat,2023Q3,110.33,46
pm-2026Q2-v3,NSN,low_cost_flat,2023Q4,113.18,53
pm-2026Q2-v3,NSN,low_cost_flat,2024Q1,115.87,35
pm-2026Q2-v3,NSN,low_cost_flat,2024Q2,115.84,43
pm-2026Q2-v3,NSN,low_cost_flat,2024Q3,114.9,33
pm-2026Q2-v3,NSN,low_cost_flat,2024Q4,112.08,17
pm-2026Q2-v3,NSN,low_cost_flat,2025Q1,118.54,17
pm-2026Q2-v3,NSN,low_cost_flat,2025Q2,117.76,11
pm-2026Q2-v3,NSN,low_cost_flat,2025Q3,119.45,20
pm-2026Q2-v3,NSN,low_cost_flat,2025Q4,124.42,7
pm-2026Q2-v3,NSN,low_cost_flat,2026Q1,127.24,8
pm-2026Q2-v3,NSN,low_cost_flat,2026Q2,131.04,12
pm-2026Q2-v3,PHG,low_cost_flat,2021Q1,100.0,0
pm-2026Q2-v3,PHG,low_cost_flat,2021Q2,101.91,3
pm-2026Q2-v3,PHG,low_cost_flat,2021Q3,101.97,0
pm-2026Q2-v3,PHG,low_cost_flat,2021Q4,103.89,4
pm-2026Q2-v3,PHG,low_cost_flat,2022Q1,102.53,3
pm-2026Q2-v3,PHG,low_cost_flat,2022Q2,102.33,5
pm-2026Q2-v3,PHG,low_cost_flat,2022Q3,104.66,3
pm-2026Q2-v3,PHG,low_cost_flat,2022Q4,108.84,7
pm-2026Q2-v3,PHG,low_cost_flat,2023Q1,106.11,5
pm-2026Q2-v3,PHG,low_cost_flat,2023Q2,108.58,3
pm-2026Q2-v3,PHG,low_cost_flat,2023Q3,110.97,0
pm-2026Q2-v3,PHG,low_cost_flat,2023Q4,114.26,6
pm-2026Q2-v3,PHG,low_cost_flat,2024Q1,112.89,3
pm-2026Q2-v3,PHG,low_cost_flat,2024Q2,116.02,3
pm-2026Q2-v3,PHG,low_cost_flat,2024Q3,117.22,5
pm-2026Q2-v3,PHG,low_cost_flat,2024Q4,116.61,3
pm-2026Q2-v3,PHG,low_cost_flat,2025Q1,121.96,2
pm-2026Q2-v3,PHG,low_cost_flat,2025Q2,119.35,1
pm-2026Q2-v3,PHG,low_cost_flat,2025Q3,120.51,3
pm-2026Q2-v3,PHG,low_cost_flat,2025Q4,121.73,2
pm-2026Q2-v3,PHG,low_cost_flat,2026Q1,123.32,1
pm-2026Q2-v3,PHG,low_cost_flat,2026Q2,129.63,2
pm-2026Q2-v3,PJY,low_cost_flat,2021Q1,100.0,1
pm-2026Q2-v3,PJY,low_cost_flat,2021Q2,101.23,3
pm-2026Q2-v3,PJY,low_cost_flat,2021Q3,102.44,7
pm-2026Q2-v3,PJY,low_cost_flat,2021Q4,103.12,7
pm-2026Q2-v3,PJY,low_cost_flat,2022Q1,103.19,3
pm-2026Q2-v3,PJY,low_cost_flat,2022Q2,104.07,14
pm-2026Q2-v3,PJY,low_cost_flat,2022Q3,106.5,6
pm-2026Q2-v3,PJY,low_cost_flat,2022Q4,108.06,5
pm-2026Q2-v3,PJY,low_cost_flat,2023Q1,107.66,11
pm-2026Q2-v3,PJY,low_cost_flat,2023Q2,109.68,11
pm-2026Q2-v3,PJY,low_cost_flat,2023Q3,111.62,9
pm-2026Q2-v3,PJY,low_cost_flat,2023Q4,111.24,8
pm-2026Q2-v3,PJY,low_cost_flat,2024Q1,114.26,11
pm-2026Q2-v3,PJY,low_cost_flat,2024Q2,114.83,7
pm-2026Q2-v3,PJY,low_cost_flat,2024Q3,116.24,7
pm-2026Q2-v3,PJY,low_cost_flat,2024Q4,116.33,1
pm-2026Q2-v3,PJY,low_cost_flat,2025Q1,121.65,1
pm-2026Q2-v3,PJY,low_cost_flat,2025Q2,118.28,2
pm-2026Q2-v3,PJY,low_cost_flat,2025Q3,120.29,1
pm-2026Q2-v3,PJY,low_cost_flat,2025Q4,121.15,3
pm-2026Q2-v3,PJY,low_cost_flat,2026Q1,122.94,1
pm-2026Q2-v3,PJY,low_cost_flat,2026Q2,129.93,2
pm-2026Q2-v3,PNG,low_cost_flat,2021Q1,100.0,26
pm-2026Q2-v3,PNG,low_cost_flat,2021Q2,100.62,30
pm-2026Q2-v3,PNG,low_cost_flat,2021Q3,102.88,90
pm-2026Q2-v3,PNG,low_cost_flat,2021Q4,101.61,314
pm-2026Q2-v3,PNG,low_cost_flat,2022Q1,99.35,269
pm-2026Q2-v3,PNG,low_cost_flat,2022Q2,98.25,346
pm-2026Q2-v3,PNG,low_cost_flat,2022Q3,100.45,376
pm-2026Q2-v3,PNG,low_cost_flat,2022Q4,105.28,357
pm-2026Q2-v3,PNG,low_cost_flat,2023Q1,106.28,333
pm-2026Q2-v3,PNG,low_cost_flat,2023Q2,109.56,346
pm-2026Q2-v3,PNG,low_cost_flat,2023Q3,109.67,394
pm-2026Q2-v3,PNG,low_cost_flat,2023Q4,112.91,363
pm-2026Q2-v3,PNG,low_cost_flat,2024Q1,117.42,346
pm-2026Q2-v3,PNG,low_cost_flat,2024Q2,117.45,298
pm-2026Q2-v3,PNG,low_cost_flat,2024Q3,120.51,324
pm-2026Q2-v3,PNG,low_cost_flat,2024Q4,120.43,167
pm-2026Q2-v3,PNG,low_cost_flat,2025Q1,120.67,114
pm-2026Q2-v3,PNG,low_cost_flat,2025Q2,120.95,117
pm-2026Q2-v3,PNG,low_cost_flat,2025Q3,127.8,147
pm-2026Q2-v3,PNG,low_cost_flat,2025Q4,124.22,152
pm-2026Q2-v3,PNG,low_cost_flat,2026Q1,122.63,100
pm-2026Q2-v3,PNG,low_cost_flat,2026Q2,131.48,116
pm-2026Q2-v3,PRK,low_cost_flat,2021Q1,100.0,1
pm-2026Q2-v3,PRK,low_cost_flat,2021Q2,103.05,3
pm-2026Q2-v3,PRK,low_cost_flat,2021Q3,101.6,4
pm-2026Q2-v3,PRK,low_cost_flat,2021Q4,103.3,44
pm-2026Q2-v3,PRK,low_cost_flat,2022Q1,105.52,28
pm-2026Q2-v3,PRK,low_cost_flat,2022Q2,103.2,32
pm-2026Q2-v3,PRK,low_cost_flat,2022Q3,109.16,13
pm-2026Q2-v3,PRK,low_cost_flat,2022Q4,106.35,11
pm-2026Q2-v3,PRK,low_cost_flat,2023Q1,107.78,12
pm-2026Q2-v3,PRK,low_cost_flat,2023Q2,107.25,16
pm-2026Q2-v3,PRK,low_cost_flat,2023Q3,110.77,15
pm-2026Q2-v3,PRK,low_cost_flat,2023Q4,110.33,11
pm-2026Q2-v3,PRK,low_cost_flat,2024Q1,114.15,15
pm-2026Q2-v3,PRK,low_cost_flat,2024Q2,117.73,13
pm-2026Q2-v3,PRK,low_cost_flat,2024Q3,116.16,9
pm-2026Q2-v3,PRK,low_cost_flat,2024Q4,115.71,3
pm-2026Q2-v3,PRK,low_cost_flat,2025Q1,121.48,2
pm-2026Q2-v3,PRK,low_cost_flat,2025Q2,118.36,1
pm-2026Q2-v3,PRK,low_cost_flat,2025Q3,121.95,3
pm-2026Q2-v3,PRK,low_cost_flat,2025Q4,118.19,5
pm-2026Q2-v3,PRK,low_cost_flat,2026Q1,123.38,4
pm-2026Q2-v3,PRK,low_cost_flat,2026Q2,127.57,4
pm-2026Q2-v3,SBH,low_cost_flat,2021Q1,100.0,1
pm-2026Q2-v3,SBH,low_cost_flat,2021Q2,101.46,7
pm-2026Q2-v3,SBH,low_cost_flat,2021Q3,102.84,14
pm-2026Q2-v3,SBH,low_cost_flat,2021Q4,103.62,25
pm-2026Q2-v3,SBH,low_cost_flat,2022Q1,102.72,24
pm-2026Q2-v3,SBH,low_cost_flat,2022Q2,104.41,31
pm-2026Q2-v3,SBH,low_cost_flat,2022Q3,106.2,19
pm-2026Q2-v3,SBH,low_cost_flat,2022Q4,107.33,34
pm-2026Q2-v3,SBH,low_cost_flat,2023Q1,106.29,24
pm-2026Q2-v3,SBH,low_cost_flat,2023Q2,106.97,29
pm-2026Q2-v3,SBH,low_cost_flat,2023Q3,112.36,33
pm-2026Q2-v3,SBH,low_cost_flat,2023Q4,107.28,27
pm-2026Q2-v3,SBH,low_cost_flat,2024Q1,115.85,10
pm-2026Q2-v3,SBH,low_cost_flat,2024Q2,115.71,0
pm-2026Q2-v3,SBH,low_cost_flat,2024Q3,117.26,0
pm-2026Q2-v3,SBH,low_cost_flat,2024Q4,116.89,0
pm-2026Q2-v3,SBH,low_cost_flat,2025Q1,121.31,0
pm-2026Q2-v3,SBH,low_cost_flat,2025Q2,118.91,0
pm-2026Q2-v3,SBH,low_cost_flat,2025Q3,120.74,0
pm-2026Q2-v3,SBH,low_cost_flat,2025Q4,122.45,0
pm-2026Q2-v3,SBH,low_cost_flat,2026Q1,123.26,0
pm-2026Q2-v3,SBH,low_cost_flat,2026Q2,130.89,0
pm-2026Q2-v3,SGR,low_cost_flat,2021Q1,100.0,240
pm-2026Q2-v3,SGR,low_cost_flat,2021Q2,102.1,272
pm-2026Q2-v3,SGR,low_cost_flat,2021Q3,103.38,518
pm-2026Q2-v3,SGR,low_cost_flat,2021Q4,102.55,659
pm-2026Q2-v3,SGR,low_cost_flat,2022Q1,104.77,480
pm-2026Q2-v3,SGR,low_cost_flat,2022Q2,105.64,603
pm-2026Q2-v3,SGR,low_cost_flat,2022Q3,106.12,685
pm-2026Q2-v3,SGR,low_cost_flat,2022Q4,107.13,600
pm-2026Q2-v3,SGR,low_cost_flat,2023Q1,107.72,593
pm-2026Q2-v3,SGR,low_cost_flat,2023Q2,108.96,597
pm-2026Q2-v3,SGR,low_cost_flat,2023Q3,110.61,629
pm-2026Q2-v3,SGR,low_cost_flat,2023Q4,111.52,485
pm-2026Q2-v3,SGR,low_cost_flat,2024Q1,112.91,511
pm-2026Q2-v3,SGR,low_cost_flat,2024Q2,112.12,390
pm-2026Q2-v3,SGR,low_cost_flat,2024Q3,117.22,254
pm-2026Q2-v3,SGR,low_cost_flat,2024Q4,116.1,36
pm-2026Q2-v3,SGR,low_cost_flat,2025Q1,119.95,32
pm-2026Q2-v3,SGR,low_cost_flat,2025Q2,118.86,24
pm-2026Q2-v3,SGR,low_cost_flat,2025Q3,119.94,41
pm-2026Q2-v3,SGR,low_cost_flat,2025Q4,121.98,59
pm-2026Q2-v3,SGR,low_cost_flat,2026Q1,119.49,20
pm-2026Q2-v3,SGR,low_cost_flat,2026Q2,130.54,21
pm-2026Q2-v3,SWK,low_cost_flat,2021Q1,100.0,2
pm-2026Q2-v3,SWK,low_cost_flat,2021Q2,101.31,2
pm-2026Q2-v3,SWK,low_cost_flat,2021Q3,102.34,2
pm-2026Q2-v3,SWK,low_cost_flat,2021Q4,104.7,9
pm-2026Q2-v3,SWK,low_cost_flat,2022Q1,103.45,13
pm-2026Q2-v3,SWK,low_cost_flat,2022Q2,102.59,7
pm-2026Q2-v3,SWK,low_cost_flat,2022Q3,106.51,17
pm-2026Q2-v3,SWK,low_cost_flat,2022Q4,108.6,9
pm-2026Q2-v3,SWK,low_cost_flat,2023Q1,104.54,17
pm-2026Q2-v3,SWK,low_cost_flat,2023Q2,107.51,10
pm-2026Q2-v3,SWK,low_cost_flat,2023Q3,111.44,7
pm-2026Q2-v3,SWK,low_cost_flat,2023Q4,112.12,18
pm-2026Q2-v3,SWK,low_cost_flat,2024Q1,111.43,19
pm-2026Q2-v3,SWK,low_cost_flat,2024Q2,111.75,26
pm-2026Q2-v3,SWK,low_cost_flat,2024Q3,118.0,17
pm-2026Q2-v3,SWK,low_cost_flat,2024Q4,117.81,16
pm-2026Q2-v3,SWK,low_cost_flat,2025Q1,122.79,8
pm-2026Q2-v3,SWK,low_cost_flat,2025Q2,121.57,5
pm-2026Q2-v3,SWK,low_cost_flat,2025Q3,119.79,4
pm-2026Q2-v3,SWK,low_cost_flat,2025Q4,121.18,11
pm-2026Q2-v3,SWK,low_cost_flat,2026Q1,122.74,2
pm-2026Q2-v3,SWK,low_cost_flat,2026Q2,133.1,8
pm-2026Q2-v3,TRG,low_cost_flat,2021Q1,100.0,0
pm-2026Q2-v3,TRG,low_cost_flat,2021Q2,101.04,0
pm-2026Q2-v3,TRG,low_cost_flat,2021Q3,101.97,0
pm-2026Q2-v3,TRG,low_cost_flat,2021Q4,101.21,2
pm-2026Q2-v3,TRG,low_cost_flat,2022Q1,102.04,3
pm-2026Q2-v3,TRG,low_cost_flat,2022Q2,104.21,2
pm-2026Q2-v3,TRG,low_cost_flat,2022Q3,106.93,3
pm-2026Q2-v3,TRG,low_cost_flat,2022Q4,108.19,4
pm-2026Q2-v3,TRG,low_cost_flat,2023Q1,108.68,8
pm-2026Q2-v3,TRG,low_cost_flat,2023Q2,110.29,5
pm-2026Q2-v3,TRG,low_cost_flat,2023Q3,110.97,0
pm-2026Q2-v3,TRG,low_cost_flat,2023Q4,113.63,10
pm-2026Q2-v3,TRG,low_cost_flat,2024Q1,111.84,8
pm-2026Q2-v3,TRG,low_cost_flat,2024Q2,113.59,8
pm-2026Q2-v3,TRG,low_cost_flat,2024Q3,117.03,7
pm-2026Q2-v3,TRG,low_cost_flat,2024Q4,116.37,3
pm-2026Q2-v3,TRG,low_cost_flat,2025Q1,121.42,2
pm-2026Q2-v3,TRG,low_cost_flat,2025Q2,118.48,1
pm-2026Q2-v3,TRG,low_cost_flat,2025Q3,120.07,3
pm-2026Q2-v3,TRG,low_cost_flat,2025Q4,123.63,2
pm-2026Q2-v3,TRG,low_cost_flat,2026Q1,122.3,6
pm-2026Q2-v3,TRG,low_cost_flat,2026Q2,131.5,4
pm-2026Q2-v3,ALL,low_cost_house,2021Q1,100.0,209
pm-2026Q2-v3,ALL,low_cost_house,2021Q2,104.29,263
pm-2026Q2-v3,ALL,low_cost_house,2021Q3,111.64,634
pm-2026Q2-v3,ALL,low_cost_house,2021Q4,114.94,1587
pm-2026Q2-v3,ALL,low_cost_house,2022Q1,113.53,1591
pm-2026Q2-v3,ALL,low_cost_house,2022Q2,115.97,1928
pm-2026Q2-v3,ALL,low_cost_house,2022Q3,118.48,1999
pm-2026Q2-v3,ALL,low_cost_house,2022Q4,118.95,1968
pm-2026Q2-v3,ALL,low_cost_house,2023Q1,123.12,1887
pm-2026Q2-v3,ALL,low_cost_house,2023Q2,124.06,1912
pm-2026Q2-v3,ALL,low_cost_house,2023Q3,129.6,2118
pm-2026Q2-v3,ALL,low_cost_house,2023Q4,128.87,2090
pm-2026Q2-v3,ALL,low_cost_house,2024Q1,129.64,1911
pm-2026Q2-v3,ALL,low_cost_house,2024Q2,133.54,1915
pm-2026Q2-v3,ALL,low_cost_house,2024Q3,134.53,1766
pm-2026Q2-v3,ALL,low_cost_house,2024Q4,138.25,621
pm-2026Q2-v3,ALL,low_cost_house,2025Q1,142.38,511
pm-2026Q2-v3,ALL,low_cost_house,2025Q2,143.26,539
pm-2026Q2-v3,ALL,low_cost_house,2025Q3,143.58,629
pm-2026Q2-v3,ALL,low_cost_house,2025Q4,144.17,638
pm-2026Q2-v3,ALL,low_cost_house,2026Q1,142.73,432
pm-2026Q2-v3,ALL,low_cost_house,2026Q2,144.63,548
pm-2026Q2-v3,JHR,low_cost_house,2021Q1,100.0,46
pm-2026Q2-v3,JHR,low_cost_house,2021Q2,104.98,84
pm-2026Q2-v3,JHR,low_cost_house,2021Q3,109.3,193
pm-2026Q2-v3,JHR,low_cost_house,2021Q4,110.42,420
pm-2026Q2-v3,JHR,low_cost_house,2022Q1,108.57,368
pm-2026Q2-v3,JHR,low_cost_house,2022Q2,111.34,506
pm-2026Q2-v3,JHR,low_cost_house,2022Q3,114.22,515
pm-2026Q2-v3,JHR,low_cost_house,2022Q4,116.87,481
pm-2026Q2-v3,JHR,low_cost_house,2023Q1,123.42,443
pm-2026Q2-v3,JHR,low_cost_house,2023Q2,123.97,490
pm-2026Q2-v3,JHR,low_cost_house,2023Q3,128.81,511
pm-2026Q2-v3,JHR,low_cost_house,2023Q4,130.87,553
pm-2026Q2-v3,JHR,low_cost_house,2024Q1,132.05,461
pm-2026Q2-v3,JHR,low_cost_house,2024Q2,136.36,497
pm-2026Q2-v3,JHR,low_cost_house,2024Q3,139.31,380
pm-2026Q2-v3,JHR,low_cost_house,2024Q4,140.02,64
pm-2026Q2-v3,JHR,low_cost_house,2025Q1,140.92,50
pm-2026Q2-v3,JHR,low_cost_house,2025Q2,143.36,58
pm-2026Q2-v3,JHR,low_cost_house,2025Q3,144.01,60
pm-2026Q2-v3,JHR,low_cost_house,2025Q4,145.56,100
pm-2026Q2-v3,JHR,low_cost_house,2026Q1,145.99,72
pm-2026Q2-v3,JHR,low_cost_house,2026Q2,152.62,89
pm-2026Q2-v3,KDH,low_cost_house,2021Q1,100.0,19
pm-2026Q2-v3,KDH,low_cost_house,2021Q2,98.95,28
pm-2026Q2-v3,KDH,low_cost_house,2021Q3,106.84,67
pm-2026Q2-v3,KDH,low_cost_house,2021Q4,110.68,264
pm-2026Q2-v3,KDH,low_cost_house,2022Q1,108.61,319
pm-2026Q2-v3,KDH,low_cost_house,2022Q2,111.09,316
pm-2026Q2-v3,KDH,low_cost_house,2022Q3,114.74,398
pm-2026Q2-v3,KDH,low_cost_house,2022Q4,116.37,354
pm-2026Q2-v3,KDH,low_cost_house,2023Q1,115.33,379
pm-2026Q2-v3,KDH,low_cost_house,2023Q2,121.84,359
pm-2026Q2-v3,KDH,low_cost_house,2023Q3,129.82,421
pm-2026Q2-v3,KDH,low_cost_house,2023Q4,129.76,372
pm-2026Q2-v3,KDH,low_cost_house,2024Q1,134.42,371
pm-2026Q2-v3,KDH,low_cost_house,2024Q2,138.29,352
pm-2026Q2-v3,KDH,low_cost_house,2024Q3,138.49,409
pm-2026Q2-v3,KDH,low_cost_house,2024Q4,146.68,177
pm-2026Q2-v3,KDH,low_cost_house,2025Q1,146.73,143
pm-2026Q2-v3,KDH,low_cost_house,2025Q2,151.73,160
pm-2026Q2-v3,KDH,low_cost_house,2025Q3,149.06,179
pm-2026Q2-v3,KDH,low_cost_house,2025Q4,151.06,190
pm-2026Q2-v3,KDH,low_cost_house,2026Q1,150.07,137
pm-2026Q2-v3,KDH,low_cost_house,2026Q2,152.78,141
pm-2026Q2-v3,KTN,low_cost_house,2021Q1,100.0,4
pm-2026Q2-v3,KTN,low_cost_house,2021Q2,103.98,1
pm-2026Q2-v3,KTN,low_cost_house,2021Q3,112.38,5
pm-2026Q2-v3,KTN,low_cost_house,2021Q4,117.5,8
pm-2026Q2-v3,KTN,low_cost_house,2022Q1,112.56,7
pm-2026Q2-v3,KTN,low_cost_house,2022Q2,117.16,13
pm-2026Q2-v3,KTN,low_cost_house,2022Q3,113.35,20
pm-2026Q2-v3,KTN,low_cost_house,2022Q4,115.86,12
pm-2026Q2-v3,KTN,low_cost_house,2023Q1,125.36,15
pm-2026Q2-v3,KTN,low_cost_house,2023Q2,121.84,21
pm-2026Q2-v3,KTN,low_cost_house,2023Q3,133.58,10
pm-2026Q2-v3,KTN,low_cost_house,2023Q4,127.34,20
pm-2026Q2-v3,KTN,low_cost_house,2024Q1,131.43,26
pm-2026Q2-v3,KTN,low_cost_house,2024Q2,139.5,27
pm-2026Q2-v3,KTN,low_cost_house,2024Q3,131.94,20
pm-2026Q2-v3,KTN,low_cost_house,2024Q4,137.64,17
pm-2026Q2-v3,KTN,low_cost_house,2025Q1,142.06,7
pm-2026Q2-v3,KTN,low_cost_house,2025Q2,139.71,7
pm-2026Q2-v3,KTN,low_cost_house,2025Q3,138.33,20
pm-2026Q2-v3,KTN,low_cost_house,2025Q4,146.39,13
pm-2026Q2-v3,KTN,low_cost_house,2026Q1,145.21,12
pm-2026Q2-v3,KTN,low_cost_house,2026Q2,144.95,4
pm-2026Q2-v3,KUL,low_cost_house,2021Q1,100.0,0
pm-2026Q2-v3,KUL,low_cost_house,2021Q2,104.67,1
pm-2026Q2-v3,KUL,low_cost_house,2021Q3,111.64,0
pm-2026Q2-v3,KUL,low_cost_house,2021Q4,115.48,4
pm-2026Q2-v3,KUL,low_cost_house,2022Q1,113.37,1
pm-2026Q2-v3,KUL,low_cost_house,2022Q2,116.24,8
pm-2026Q2-v3,KUL,low_cost_house,2022Q3,119.18,9
pm-2026Q2-v3,KUL,low_cost_house,2022Q4,118.55,7
pm-2026Q2-v3,KUL,low_cost_house,2023Q1,124.94,9
pm-2026Q2-v3,KUL,low_cost_house,2023Q2,124.51,12
pm-2026Q2-v3,KUL,low_cost_house,2023Q3,129.95,13
pm-2026Q2-v3,KUL,low_cost_house,2023Q4,130.17,8
pm-2026Q2-v3,KUL,low_cost_house,2024Q1,128.26,9
pm-2026Q2-v3,KUL,low_cost_house,2024Q2,132.19,6
pm-2026Q2-v3,KUL,low_cost_house,2024Q3,134.3,13
pm-2026Q2-v3,KUL,low_cost_house,2024Q4,137.7,2
pm-2026Q2-v3,KUL,low_cost_house,2025Q1,143.09,4
pm-2026Q2-v3,KUL,low_cost_house,2025Q2,142.53,9
pm-2026Q2-v3,KUL,low_cost_house,2025Q3,141.98,4
pm-2026Q2-v3,KUL,low_cost_house,2025Q4,143.73,1
pm-2026Q2-v3,KUL,low_cost_house,2026Q1,143.3,2
pm-2026Q2-v3,KUL,low_cost_house,2026Q2,143.78,4
pm-2026Q2-v3,LBN,low_cost_house,2021Q1,100.0,0
pm-2026Q2-v3,LBN,low_cost_house,2021Q2,104.29,0
pm-2026Q2-v3,LBN,low_cost_house,2021Q3,111.64,0
pm-2026Q2-v3,LBN,low_cost_house,2021Q4,114.94,0
pm-2026Q2-v3,LBN,low_cost_house,2022Q1,113.91,1
pm-2026Q2-v3,LBN,low_cost_house,2022Q2,116.56,1
pm-2026Q2-v3,LBN,low_cost_house,2022Q3,118.25,2
pm-2026Q2-v3,LBN,low_cost_house,2022Q4,120.14,3
pm-2026Q2-v3,LBN,low_cost_house,2023Q1,123.12,0
pm-2026Q2-v3,LBN,low_cost_house,2023Q2,123.86,1
pm-2026Q2-v3,LBN,low_cost_house,2023Q3,128.99,2
pm-2026Q2-v3,LBN,low_cost_house,2023Q4,127.7,2
pm-2026Q2-v3,LBN,low_cost_house,2024Q1,130.19,2
pm-2026Q2-v3,LBN,low_cost_house,2024Q2,133.54,0
pm-2026Q2-v3,LBN,low_cost_house,2024Q3,134.53,0
pm-2026Q2-v3,LBN,low_cost_house,2024Q4,138.04,1
pm-2026Q2-v3,LBN,low_cost_house,2025Q1,141.88,1
pm-2026Q2-v3,LBN,low_cost_house,2025Q2,143.26,0
pm-2026Q2-v3,LBN,low_cost_house,2025Q3,143.58,0
pm-2026Q2-v3,LBN,low_cost_house,2025Q4,144.17,0
pm-2026Q2-v3,LBN,low_cost_house,2026Q1,142.73,0
pm-2026Q2-v3,LBN,low_cost_house,2026Q2,144.63,0
pm-2026Q2-v3,MLK,low_cost_house,2021Q1,100.0,9
pm-2026Q2-v3,MLK,low_cost_house,2021Q2,103.31,7
pm-2026Q2-v3,MLK,low_cost_house,2021Q3,113.17,39
pm-2026Q2-v3,MLK,low_cost_house,2021Q4,111.17,80
pm-2026Q2-v3,MLK,low_cost_house,2022Q1,109.76,93
pm-2026Q2-v3,MLK,low_cost_house,2022Q2,116.92,95
pm-2026Q2-v3,MLK,low_cost_house,2022Q3,122.73,107
pm-2026Q2-v3,MLK,low_cost_house,2022Q4,116.31,116
pm-2026Q2-v3,MLK,low_cost_house,2023Q1,123.78,120
pm-2026Q2-v3,MLK,low_cost_house,2023Q2,124.07,82
pm-2026Q2-v3,MLK,low_cost_house,2023Q3,132.29,117
pm-2026Q2-v3,MLK,low_cost_house,2023Q4,124.51,142
pm-2026Q2-v3,MLK,low_cost_house,2024Q1,125.75,122
pm-2026Q2-v3,MLK,low_cost_house,2024Q2,133.03,120
pm-2026Q2-v3,MLK,low_cost_house,2024Q3,131.18,122
pm-2026Q2-v3,MLK,low_cost_house,2024Q4,139.14,47
pm-2026Q2-v3,MLK,low_cost_house,2025Q1,145.06,25
pm-2026Q2-v3,MLK,low_cost_house,2025Q2,145.51,29
pm-2026Q2-v3,MLK,low_cost_house,2025Q3,144.99,35
pm-2026Q2-v3,MLK,low_cost_house,2025Q4,144.7,29
pm-2026Q2-v3,MLK,low_cost_house,2026Q1,145.03,20
pm-2026Q2-v3,MLK,low_cost_house,2026Q2,148.39,42
pm-2026Q2-v3,NSN,low_cost_house,2021Q1,100.0,7
pm-2026Q2-v3,NSN,low_cost_house,2021Q2,104.06,10
pm-2026Q2-v3,NSN,low_cost_house,2021Q3,115.12,20
pm-2026Q2-v3,NSN,low_cost_house,2021Q4,118.34,69
pm-2026Q2-v3,NSN,low_cost_house,2022Q1,117.97,79
pm-2026Q2-v3,NSN,low_cost_house,2022Q2,119.1,100
pm-2026Q2-v3,NSN,low_cost_house,2022Q3,117.41,117
pm-2026Q2-v3,NSN,low_cost_house,2022Q4,118.19,111
pm-2026Q2-v3,NSN,low_cost_house,2023Q1,127.6,110
pm-2026Q2-v3,NSN,low_cost_house,2023Q2,120.91,124
pm-2026Q2-v3,NSN,low_cost_house,2023Q3,130.88,141
pm-2026Q2-v3,NSN,low_cost_house,2023Q4,133.22,115
pm-2026Q2-v3,NSN,low_cost_house,2024Q1,136.85,113
pm-2026Q2-v3,NSN,low_cost_house,2024Q2,138.43,110
pm-2026Q2-v3,NSN,low_cost_house,2024Q3,140.97,109
pm-2026Q2-v3,NSN,low_cost_house,2024Q4,138.69,46
pm-2026Q2-v3,NSN,low_cost_house,2025Q1,143.35,45
pm-2026Q2-v3,NSN,low_cost_house,2025Q2,139.6,42
pm-2026Q2-v3,NSN,low_cost_house,2025Q3,139.28,64
pm-2026Q2-v3,NSN,low_cost_house,2025Q4,133.79,61
pm-2026Q2-v3,NSN,low_cost_house,2026Q1,135.46,34
pm-2026Q2-v3,NSN,low_cost_house,2026Q2,128.07,56
pm-2026Q2-v3,PHG,low_cost_house,2021Q1,100.0,4
pm-2026Q2-v3,PHG,low_cost_house,2021Q2,106.75,8
pm-2026Q2-v3,PHG,low_cost_house,2021Q3,112.12,41
pm-2026Q2-v3,PHG,low_cost_house,2021Q4,114.27,84
pm-2026Q2-v3,PHG,low_cost_house,2022Q1,115.45,88
pm-2026Q2-v3,PHG,low_cost_house,2022Q2,118.8,107
pm-2026Q2-v3,PHG,low_cost_house,2022Q3,119.84,117
pm-2026Q2-v3,PHG,low_cost_house,2022Q4,118.42,146
pm-2026Q2-v3,PHG,low_cost_house,2023Q1,125.71,126
pm-2026Q2-v3,PHG,low_cost_house,2023Q2,127.97,113
pm-2026Q2-v3,PHG,low_cost_house,2023Q3,130.8,133
pm-2026Q2-v3,PHG,low_cost_house,2023Q4,129.63,132
pm-2026Q2-v3,PHG,low_cost_house,2024Q1,129.19,134
pm-2026Q2-v3,PHG,low_cost_house,2024Q2,130.83,115
pm-2026Q2-v3,PHG,low_cost_house,2024Q3,134.88,134
pm-2026Q2-v3,PHG,low_cost_house,2024Q4,137.07,66
pm-2026Q2-v3,PHG,low_cost_house,2025Q1,134.16,61
pm-2026Q2-v3,PHG,low_cost_house,2025Q2,140.78,43
pm-2026Q2-v3,PHG,low_cost_house,2025Q3,148.87,32
pm-2026Q2-v3,PHG,low_cost_house,2025Q4,142.96,38
pm-2026Q2-v3,PHG,low_cost_house,2026Q1,139.15,24
pm-2026Q2-v3,PHG,low_cost_house,2026Q2,141.59,44
pm-2026Q2-v3,PLS,low_cost_house,2021Q1,100.0,2
pm-2026Q2-v3,PLS,low_cost_house,2021Q2,103.56,3
pm-2026Q2-v3,PLS,low_cost_house,2021Q3,111.84,6
pm-2026Q2-v3,PLS,low_cost_house,2021Q4,120.71,28
pm-2026Q2-v3,PLS,low_cost_house,2022Q1,118.4,14
pm-2026Q2-v3,PLS,low_cost_house,2022Q2,117.1,16
pm-2026Q2-v3,PLS,low_cost_house,2022Q3,124.15,26
pm-2026Q2-v3,PLS,low_cost_house,2022Q4,125.38,22
pm-2026Q2-v3,PLS,low_cost_house,2023Q1,124.74,32
pm-2026Q2-v3,PLS,low_cost_house,2023Q2,126.26,21
pm-2026Q2-v3,PLS,low_cost_house,2023Q3,133.99,24
pm-2026Q2-v3,PLS,low_cost_house,2023Q4,125.11,31
pm-2026Q2-v3,PLS,low_cost_house,2024Q1,126.2,44
pm-2026Q2-v3,PLS,low_cost_house,2024Q2,125.48,52
pm-2026Q2-v3,PLS,low_cost_house,2024Q3,124.0,25
pm-2026Q2-v3,PLS,low_cost_house,2024Q4,134.37,9
pm-2026Q2-v3,PLS,low_cost_house,2025Q1,142.72,7
pm-2026Q2-v3,PLS,low_cost_house,2025Q2,145.22,3
pm-2026Q2-v3,PLS,low_cost_house,2025Q3,132.35,13
pm-2026Q2-v3,PLS,low_cost_house,2025Q4,146.84,9
pm-2026Q2-v3,PLS,low_cost_house,2026Q1,144.66,9
pm-2026Q2-v3,PLS,low_cost_house,2026Q2,144.43,7
pm-2026Q2-v3,PNG,low_cost_house,2021Q1,100.0,5
pm-2026Q2-v3,PNG,low_cost_house,2021Q2,103.43,4
pm-2026Q2-v3,PNG,low_cost_house,2021Q3,107.24,16
pm-2026Q2-v3,PNG,low_cost_house,2021Q4,107.95,52
pm-2026Q2-v3,PNG,low_cost_house,2022Q1,110.67,49
pm-2026Q2-v3,PNG,low_cost_house,2022Q2,112.6,56
pm-2026Q2-v3,PNG,low_cost_house,2022Q3,120.38,69
pm-2026Q2-v3,PNG,low_cost_house,2022Q4,117.96,61
pm-2026Q2-v3,PNG,low_cost_house,2023Q1,121.59,63
pm-2026Q2-v3,PNG,low_cost_house,2023Q2,124.05,74
pm-2026Q2-v3,PNG,low_cost_house,2023Q3,124.72,78
pm-2026Q2-v3,PNG,low_cost_house,2023Q4,132.67,56
pm-2026Q2-v3,PNG,low_cost_house,2024Q1,128.98,57
pm-2026Q2-v3,PNG,low_cost_house,2024Q2,138.17,52
pm-2026Q2-v3,PNG,low_cost_house,2024Q3,136.89,50
pm-2026Q2-v3,PNG,low_cost_house,2024Q4,138.21,32
pm-2026Q2-v3,PNG,low_cost_house,2025Q1,143.35,15
pm-2026Q2-v3,PNG,low_cost_house,2025Q2,148.35,30
pm-2026Q2-v3,PNG,low_cost_house,2025Q3,147.51,31
pm-2026Q2-v3,PNG,low_cost_house,2025Q4,147.08,26
pm-2026Q2-v3,PNG,low_cost_house,2026Q1,145.51,10
pm-2026Q2-v3,PNG,low_cost_house,2026Q2,150.97,20
pm-2026Q2-v3,PRK,low_cost_house,2021Q1,100.0,9
pm-2026Q2-v3,PRK,low_cost_house,2021Q2,104.52,11
pm-2026Q2-v3,PRK,low_cost_house,2021Q3,119.12,67
pm-2026Q2-v3,PRK,low_cost_house,2021Q4,121.91,239
pm-2026Q2-v3,PRK,low_cost_house,2022Q1,117.63,240
pm-2026Q2-v3,PRK,low_cost_house,2022Q2,122.48,328
pm-2026Q2-v3,PRK,low_cost_house,2022Q3,117.5,221
pm-2026Q2-v3,PRK,low_cost_house,2022Q4,122.73,239
pm-2026Q2-v3,PRK,low_cost_house,2023Q1,125.47,221
pm-2026Q2-v3,PRK,low_cost_house,2023Q2,123.79,223
pm-2026Q2-v3,PRK,low_cost_house,2023Q3,130.16,251
pm-2026Q2-v3,PRK,low_cost_house,2023Q4,126.66,246
pm-2026Q2-v3,PRK,low_cost_house,2024Q1,126.85,227
pm-2026Q2-v3,PRK,low_cost_house,2024Q2,126.4,247
pm-2026Q2-v3,PRK,low_cost_house,2024Q3,132.71,213
pm-2026Q2-v3,PRK,low_cost_house,2024Q4,132.64,49
pm-2026Q2-v3,PRK,low_cost_house,2025Q1,142.06,51
pm-2026Q2-v3,PRK,low_cost_house,2025Q2,142.26,47
pm-2026Q2-v3,PRK,low_cost_house,2025Q3,141.58,60
pm-2026Q2-v3,PRK,low_cost_house,2025Q4,138.93,50
pm-2026Q2-v3,PRK,low_cost_house,2026Q1,134.0,27
pm-2026Q2-v3,PRK,low_cost_house,2026Q2,143.91,48
pm-2026Q2-v3,SBH,low_cost_house,2021Q1,100.0,5
pm-2026Q2-v3,SBH,low_cost_house,2021Q2,105.56,10
pm-2026Q2-v3,SBH,low_cost_house,2021Q3,112.28,11
pm-2026Q2-v3,SBH,low_cost_house,2021Q4,115.66,24
pm-2026Q2-v3,SBH,low_cost_house,2022Q1,115.62,27
pm-2026Q2-v3,SBH,low_cost_house,2022Q2,114.47,32
pm-2026Q2-v3,SBH,low_cost_house,2022Q3,119.6,37
pm-2026Q2-v3,SBH,low_cost_house,2022Q4,119.18,26
pm-2026Q2-v3,SBH,low_cost_house,2023Q1,121.2,29
pm-2026Q2-v3,SBH,low_cost_house,2023Q2,125.45,36
pm-2026Q2-v3,SBH,low_cost_house,2023Q3,131.88,26
pm-2026Q2-v3,SBH,low_cost_house,2023Q4,128.22,30
pm-2026Q2-v3,SBH,low_cost_house,2024Q1,130.12,25
pm-2026Q2-v3,SBH,low_cost_house,2024Q2,132.25,16
pm-2026Q2-v3,SBH,low_cost_house,2024Q3,131.22,17
pm-2026Q2-v3,SBH,low_cost_house,2024Q4,139.64,13
pm-2026Q2-v3,SBH,low_cost_house,2025Q1,141.16,10
pm-2026Q2-v3,SBH,low_cost_house,2025Q2,142.3,13
pm-2026Q2-v3,SBH,low_cost_house,2025Q3,147.77,11
pm-2026Q2-v3,SBH,low_cost_house,2025Q4,140.62,15
pm-2026Q2-v3,SBH,low_cost_house,2026Q1,144.12,9
pm-2026Q2-v3,SBH,low_cost_house,2026Q2,141.94,15
pm-2026Q2-v3,SGR,low_cost_house,2021Q1,100.0,68
pm-2026Q2-v3,SGR,low_cost_house,2021Q2,111.06,72
pm-2026Q2-v3,SGR,low_cost_house,2021Q3,113.37,138
pm-2026Q2-v3,SGR,low_cost_house,2021Q4,114.49,247
pm-2026Q2-v3,SGR,low_cost_house,2022Q1,111.91,214
pm-2026Q2-v3,SGR,low_cost_house,2022Q2,114.61,259
pm-2026Q2-v3,SGR,low_cost_house,2022Q3,118.84,269
pm-2026Q2-v3,SGR,low_cost_house,2022Q4,120.09,281
pm-2026Q2-v3,SGR,low_cost_house,2023Q1,121.88,252
pm-2026Q2-v3,SGR,low_cost_house,2023Q2,126.12,243
pm-2026Q2-v3,SGR,low_cost_house,2023Q3,123.61,292
pm-2026Q2-v3,SGR,low_cost_house,2023Q4,129.25,246
pm-2026Q2-v3,SGR,low_cost_house,2024Q1,126.96,201
pm-2026Q2-v3,SGR,low_cost_house,2024Q2,132.14,193
pm-2026Q2-v3,SGR,low_cost_house,2024Q3,131.27,159
pm-2026Q2-v3,SGR,low_cost_house,2024Q4,141.26,37
pm-2026Q2-v3,SGR,low_cost_house,2025Q1,143.05,22
pm-2026Q2-v3,SGR,low_cost_house,2025Q2,141.72,30
pm-2026Q2-v3,SGR,low_cost_house,2025Q3,138.29,49
pm-2026Q2-v3,SGR,low_cost_house,2025Q4,141.04,47
pm-2026Q2-v3,SGR,low_cost_house,2026Q1,143.3,24
pm-2026Q2-v3,SGR,low_cost_house,2026Q2,140.73,25
pm-2026Q2-v3,SWK,low_cost_house,2021Q1,100.0,4
pm-2026Q2-v3,SWK,low_cost_house,2021Q2,106.61,6
pm-2026Q2-v3,SWK,low_cost_house,2021Q3,108.25,19
pm-2026Q2-v3,SWK,low_cost_house,2021Q4,114.34,55
pm-2026Q2-v3,SWK,low_cost_house,2022Q1,112.93,43
pm-2026Q2-v3,SWK,low_cost_house,2022Q2,115.89,63
pm-2026Q2-v3,SWK,low_cost_house,2022Q3,116.51,47
pm-2026Q2-v3,SWK,low_cost_house,2022Q4,117.54,66
pm-2026Q2-v3,SWK,low_cost_house,2023Q1,122.64,53
pm-2026Q2-v3,SWK,low_cost_house,2023Q2,122.78,63
pm-2026Q2-v3,SWK,low_cost_house,2023Q3,128.57,75
pm-2026Q2-v3,SWK,low_cost_house,2023Q4,126.57,81
pm-2026Q2-v3,SWK,low_cost_house,2024Q1,130.42,65
pm-2026Q2-v3,SWK,low_cost_house,2024Q2,134.0,76
pm-2026Q2-v3,SWK,low_cost_house,2024Q3,137.95,73
pm-2026Q2-v3,SWK,low_cost_house,2024Q4,139.67,29
pm-2026Q2-v3,SWK,low_cost_house,2025Q1,144.47,31
pm-2026Q2-v3,SWK,low_cost_house,2025Q2,150.4,36
pm-2026Q2-v3,SWK,low_cost_house,2025Q3,145.31,38
pm-2026Q2-v3,SWK,low_cost_house,2025Q4,147.91,27
pm-2026Q2-v3,SWK,low_cost_house,2026Q1,138.51,21
pm-2026Q2-v3,SWK,low_cost_house,2026Q2,143.09,25
pm-2026Q2-v3,TRG,low_cost_house,2021Q1,100.0,27
pm-2026Q2-v3,TRG,low_cost_house,2021Q2,99.24,18
pm-2026Q2-v3,TRG,low_cost_house,2021Q3,110.83,12
pm-2026Q2-v3,TRG,low_cost_house,2021Q4,117.19,13
pm-2026Q2-v3,TRG,low_cost_house,2022Q1,116.32,48
pm-2026Q2-v3,TRG,low_cost_house,2022Q2,115.77,28
pm-2026Q2-v3,TRG,low_cost_house,2022Q3,121.0,45
pm-2026Q2-v3,TRG,low_cost_house,2022Q4,121.02,43
pm-2026Q2-v3,TRG,low_cost_house,2023Q1,120.61,35
pm-2026Q2-v3,TRG,low_cost_house,2023Q2,123.59,50
pm-2026Q2-v3,TRG,low_cost_house,2023Q3,126.48,24
pm-2026Q2-v3,TRG,low_cost_house,2023Q4,131.75,56
pm-2026Q2-v3,TRG,low_cost_house,2024Q1,127.56,54
pm-2026Q2-v3,TRG,low_cost_house,2024Q2,133.26,52
pm-2026Q2-v3,TRG,low_cost_house,2024Q3,139.29,42
pm-2026Q2-v3,TRG,low_cost_house,2024Q4,133.62,32
pm-2026Q2-v3,TRG,low_cost_house,2025Q1,141.98,39
pm-2026Q2-v3,TRG,low_cost_house,2025Q2,133.28,32
pm-2026Q2-v3,TRG,low_cost_house,2025Q3,152.09,33
pm-2026Q2-v3,TRG,low_cost_house,2025Q4,148.66,32
pm-2026Q2-v3,TRG,low_cost_house,2026Q1,144.74,31
pm-2026Q2-v3,TRG,low_cost_house,2026Q2,149.32,28
pm-2026Q2-v3,ALL,semi_detached,2021Q1,100.0,274
pm-2026Q2-v3,ALL,semi_detached,2021Q2,102.75,421
pm-2026Q2-v3,ALL,semi_detached,2021Q3,102.3,642
pm-2026Q2-v3,ALL,semi_detached,2021Q4,103.27,2875
pm-2026Q2-v3,ALL,semi_detached,2022Q1,101.55,2453
pm-2026Q2-v3,ALL,semi_detached,2022Q2,104.96,3010
pm-2026Q2-v3,ALL,semi_detached,2022Q3,105.63,3128
pm-2026Q2-v3,ALL,semi_detached,2022Q4,105.9,2780
pm-2026Q2-v3,ALL,semi_detached,2023Q1,108.26,2601
pm-2026Q2-v3,ALL,semi_detached,2023Q2,109.43,2704
pm-2026Q2-v3,ALL,semi_detached,2023Q3,110.47,2605
pm-2026Q2-v3,ALL,semi_detached,2023Q4,110.22,2806
pm-2026Q2-v3,ALL,semi_detached,2024Q1,110.4,2560
pm-2026Q2-v3,ALL,semi_detached,2024Q2,113.24,2510
pm-2026Q2-v3,ALL,semi_detached,2024Q3,113.67,2499
pm-2026Q2-v3,ALL,semi_detached,2024Q4,111.93,1068
pm-2026Q2-v3,ALL,semi_detached,2025Q1,114.81,906
pm-2026Q2-v3,ALL,semi_detached,2025Q2,113.99,991
pm-2026Q2-v3,ALL,semi_detached,2025Q3,112.3,1037
pm-2026Q2-v3,ALL,semi_detached,2025Q4,115.88,1039
pm-2026Q2-v3,ALL,semi_detached,2026Q1,117.2,708
pm-2026Q2-v3,ALL,semi_detached,2026Q2,116.88,905
pm-2026Q2-v3,JHR,semi_detached,2021Q1,100.0,30
pm-2026Q2-v3,JHR,semi_detached,2021Q2,113.75,70
pm-2026Q2-v3,JHR,semi_detached,2021Q3,102.63,64
pm-2026Q2-v3,JHR,semi_detached,2021Q4,98.77,256
pm-2026Q2-v3,JHR,semi_detached,2022Q1,98.81,249
pm-2026Q2-v3,JHR,semi_detached,2022Q2,99.72,327
pm-2026Q2-v3,JHR,semi_detached,2022Q3,100.95,372
pm-2026Q2-v3,JHR,semi_detached,2022Q4,103.11,362
pm-2026Q2-v3,JHR,semi_detached,2023Q1,104.9,386
pm-2026Q2-v3,JHR,semi_detached,2023Q2,112.06,481
pm-2026Q2-v3,JHR,semi_detached,2023Q3,112.41,452
pm-2026Q2-v3,JHR,semi_detached,2023Q4,109.95,445
pm-2026Q2-v3,JHR,semi_detached,2024Q1,105.78,383
pm-2026Q2-v3,JHR,semi_detached,2024Q2,114.8,386
pm-2026Q2-v3,JHR,semi_detached,2024Q3,114.45,337
pm-2026Q2-v3,JHR,semi_detached,2024Q4,114.37,119
pm-2026Q2-v3,JHR,semi_detached,2025Q1,116.63,82
pm-2026Q2-v3,JHR,semi_detached,2025Q2,112.32,122
pm-2026Q2-v3,JHR,semi_detached,2025Q3,114.99,117
pm-2026Q2-v3,JHR,semi_detached,2025Q4,114.55,133
pm-2026Q2-v3,JHR,semi_detached,2026Q1,118.4,87
pm-2026Q2-v3,JHR,semi_detached,2026Q2,116.35,102
pm-2026Q2-v3,KDH,semi_detached,2021Q1,100.0,42
pm-2026Q2-v3,KDH,semi_detached,2021Q2,101.7,53
pm-2026Q2-v3,KDH,semi_detached,2021Q3,101.97,100
pm-2026Q2-v3,KDH,semi_detached,2021Q4,102.18,403
pm-2026Q2-v3,KDH,semi_detached,2022Q1,103.25,344
pm-2026Q2-v3,KDH,semi_detached,2022Q2,102.94,429
pm-2026Q2-v3,KDH,semi_detached,2022Q3,105.55,470
pm-2026Q2-v3,KDH,semi_detached,2022Q4,106.76,420
pm-2026Q2-v3,KDH,semi_detached,2023Q1,107.73,361
pm-2026Q2-v3,KDH,semi_detached,2023Q2,109.53,367
pm-2026Q2-v3,KDH,semi_detached,2023Q3,111.3,384
pm-2026Q2-v3,KDH,semi_detached,2023Q4,109.68,437
pm-2026Q2-v3,KDH,semi_detached,2024Q1,110.59,359
pm-2026Q2-v3,KDH,semi_detached,2024Q2,111.4,364
pm-2026Q2-v3,KDH,semi_detached,2024Q3,113.78,342
pm-2026Q2-v3,KDH,semi_detached,2024Q4,113.09,126
pm-2026Q2-v3,KDH,semi_detached,2025Q1,115.11,130
pm-2026Q2-v3,KDH,semi_detached,2025Q2,113.91,132
pm-2026Q2-v3,KDH,semi_detached,2025Q3,112.7,125
pm-2026Q2-v3,KDH,semi_detached,2025Q4,115.72,132
pm-2026Q2-v3,KDH,semi_detached,2026Q1,119.18,81
pm-2026Q2-v3,KDH,semi_detached,2026Q2,117.03,106
pm-2026Q2-v3,KTN,semi_detached,2021Q1,100.0,3
pm-2026Q2-v3,KTN,semi_detached,2021Q2,102.15,3
pm-2026Q2-v3,KTN,semi_detached,2021Q3,101.25,16
pm-2026Q2-v3,KTN,semi_detached,2021Q4,102.61,35
pm-2026Q2-v3,KTN,semi_detached,2022Q1,99.08,55
pm-2026Q2-v3,KTN,semi_detached,2022Q2,104.89,35
pm-2026Q2-v3,KTN,semi_detached,2022Q3,107.37,48
pm-2026Q2-v3,KTN,semi_detached,2022Q4,105.84,34
pm-2026Q2-v3,KTN,semi_detached,2023Q1,107.45,47
pm-2026Q2-v3,KTN,semi_detached,2023Q2,108.26,42
pm-2026Q2-v3,KTN,semi_detached,2023Q3,109.17,23
pm-2026Q2-v3,KTN,semi_detached,2023Q4,109.88,46
pm-2026Q2-v3,KTN,semi_detached,2024Q1,108.57,74
pm-2026Q2-v3,KTN,semi_detached,2024Q2,112.89,63
pm-2026Q2-v3,KTN,semi_detached,2024Q3,112.6,81
pm-2026Q2-v3,KTN,semi_detached,2024Q4,113.53,61
pm-2026Q2-v3,KTN,semi_detached,2025Q1,114.97,30
pm-2026Q2-v3,KTN,semi_detached,2025Q2,116.45,48
pm-2026Q2-v3,KTN,semi_detached,2025Q3,116.28,42
pm-2026Q2-v3,KTN,semi_detached,2025Q4,116.88,48
pm-2026Q2-v3,KTN,semi_detached,2026Q1,117.67,41
pm-2026Q2-v3,KTN,semi_detached,2026Q2,118.02,46
pm-2026Q2-v3,KUL,semi_detached,2021Q1,100.0,2
pm-2026Q2-v3,KUL,semi_detached,2021Q2,102.69,1
pm-2026Q2-v3,KUL,semi_detached,2021Q3,104.66,7
pm-2026Q2-v3,KUL,semi_detached,2021Q4,105.92,38
pm-2026Q2-v3,KUL,semi_detached,2022Q1,103.14,33
pm-2026Q2-v3,KUL,semi_detached,2022Q2,107.13,34
pm-2026Q2-v3,KUL,semi_detached,2022Q3,105.16,40
pm-2026Q2-v3,KUL,semi_detached,2022Q4,104.21,40
pm-2026Q2-v3,KUL,semi_detached,2023Q1,109.76,36
pm-2026Q2-v3,KUL,semi_detached,2023Q2,108.05,44
pm-2026Q2-v3,KUL,semi_detached,2023Q3,107.94,25
pm-2026Q2-v3,KUL,semi_detached,2023Q4,110.69,39
pm-2026Q2-v3,KUL,semi_detached,2024Q1,111.9,38
pm-2026Q2-v3,KUL,semi_detached,2024Q2,112.04,36
pm-2026Q2-v3,KUL,semi_detached,2024Q3,113.12,52
pm-2026Q2-v3,KUL,semi_detached,2024Q4,112.85,9
pm-2026Q2-v3,KUL,semi_detached,2025Q1,114.16,7
pm-2026Q2-v3,KUL,semi_detached,2025Q2,114.37,10
pm-2026Q2-v3,KUL,semi_detached,2025Q3,109.01,13
pm-2026Q2-v3,KUL,semi_detached,2025Q4,117.02,16
pm-2026Q2-v3,KUL,semi_detached,2026Q1,116.88,9
pm-2026Q2-v3,KUL,semi_detached,2026Q2,115.64,12
pm-2026Q2-v3,LBN,semi_detached,2021Q1,100.0,0
pm-2026Q2-v3,LBN,semi_detached,2021Q2,102.75,0
pm-2026Q2-v3,LBN,semi_detached,2021Q3,102.3,0
pm-2026Q2-v3,LBN,semi_detached,2021Q4,103.36,1
pm-2026Q2-v3,LBN,semi_detached,2022Q1,99.38,4
pm-2026Q2-v3,LBN,semi_detached,2022Q2,105.4,4
pm-2026Q2-v3,LBN,semi_detached,2022Q3,105.87,1
pm-2026Q2-v3,LBN,semi_detached,2022Q4,106.88,4
pm-2026Q2-v3,LBN,semi_detached,2023Q1,108.69,8
pm-2026Q2-v3,LBN,semi_detached,2023Q2,109.78,4
pm-2026Q2-v3,LBN,semi_detached,2023Q3,111.18,2
pm-2026Q2-v3,LBN,semi_detached,2023Q4,110.79,5
pm-2026Q2-v3,LBN,semi_detached,2024Q1,110.49,2
pm-2026Q2-v3,LBN,semi_detached,2024Q2,114.19,4
pm-2026Q2-v3,LBN,semi_detached,2024Q3,113.3,4
pm-2026Q2-v3,LBN,semi_detached,2024Q4,111.39,5
pm-2026Q2-v3,LBN,semi_detached,2025Q1,114.71,1
pm-2026Q2-v3,LBN,semi_detached,2025Q2,112.98,6
pm-2026Q2-v3,LBN,semi_detached,2025Q3,113.0,2
pm-2026Q2-v3,LBN,semi_detached,2025Q4,115.42,1
pm-2026Q2-v3,LBN,semi_detached,2026Q1,116.0,3
pm-2026Q2-v3,LBN,semi_detached,2026Q2,117.21,1
pm-2026Q2-v3,MLK,semi_detached,2021Q1,100.0,30
pm-2026Q2-v3,MLK,semi_detached,2021Q2,104.8,57
pm-2026Q2-v3,MLK,semi_detached,2021Q3,98.48,49
pm-2026Q2-v3,MLK,semi_detached,2021Q4,100.95,240
pm-2026Q2-v3,MLK,semi_detached,2022Q1,100.73,143
pm-2026Q2-v3,MLK,semi_detached,2022Q2,104.37,213
pm-2026Q2-v3,MLK,semi_detached,2022Q3,107.11,180
pm-2026Q2-v3,MLK,semi_detached,2022Q4,108.2,140
pm-2026Q2-v3,MLK,semi_detached,2023Q1,106.71,148
pm-2026Q2-v3,MLK,semi_detached,2023Q2,107.55,128
pm-2026Q2-v3,MLK,semi_detached,2023Q3,109.72,126
pm-2026Q2-v3,MLK,semi_detached,2023Q4,107.97,102
pm-2026Q2-v3,MLK,semi_detached,2024Q1,112.77,106
pm-2026Q2-v3,MLK,semi_detached,2024Q2,111.34,116
pm-2026Q2-v3,MLK,semi_detached,2024Q3,114.6,104
pm-2026Q2-v3,MLK,semi_detached,2024Q4,113.95,54
pm-2026Q2-v3,MLK,semi_detached,2025Q1,114.12,34
pm-2026Q2-v3,MLK,semi_detached,2025Q2,114.01,31
pm-2026Q2-v3,MLK,semi_detached,2025Q3,113.6,55
pm-2026Q2-v3,MLK,semi_detached,2025Q4,118.92,33
pm-2026Q2-v3,MLK,semi_detached,2026Q1,117.79,28
pm-2026Q2-v3,MLK,semi_detached,2026Q2,117.83,35
pm-2026Q2-v3,NSN,semi_detached,2021Q1,100.0,7
pm-2026Q2-v3,NSN,semi_detached,2021Q2,99.48,18
pm-2026Q2-v3,NSN,semi_detached,2021Q3,105.19,29
pm-2026Q2-v3,NSN,semi_detached,2021Q4,107.86,151
pm-2026Q2-v3,NSN,semi_detached,2022Q1,100.36,98
pm-2026Q2-v3,NSN,semi_detached,2022Q2,104.45,165
pm-2026Q2-v3,NSN,semi_detached,2022Q3,104.79,141
pm-2026Q2-v3,NSN,semi_detached,2022Q4,103.72,115
pm-2026Q2-v3,NSN,semi_detached,2023Q1,107.61,126
pm-2026Q2-v3,NSN,semi_detached,2023Q2,113.04,109
pm-2026Q2-v3,NSN,semi_detached,2023Q3,110.14,107
pm-2026Q2-v3,NSN,semi_detached,2023Q4,110.71,102
pm-2026Q2-v3,NSN,semi_detached,2024Q1,109.97,105
pm-2026Q2-v3,NSN,semi_detached,2024Q2,113.78,103
pm-2026Q2-v3,NSN,semi_detached,2024Q3,116.63,90
pm-2026Q2-v3,NSN,semi_detached,2024Q4,107.7,29
pm-2026Q2-v3,NSN,semi_detached,2025Q1,116.4,26
pm-2026Q2-v3,NSN,semi_detached,2025Q2,109.76,32
pm-2026Q2-v3,NSN,semi_detached,2025Q3,110.83,26
pm-2026Q2-v3,NSN,semi_detached,2025Q4,118.2,26
pm-2026Q2-v3,NSN,semi_detached,2026Q1,118.06,19
pm-2026Q2-v3,NSN,semi_detached,2026Q2,115.94,16
pm-2026Q2-v3,PHG,semi_detached,2021Q1,100.0,40
pm-2026Q2-v3,PHG,semi_detached,2021Q2,91.74,28
pm-2026Q2-v3,PHG,semi_detached,2021Q3,96.26,70
pm-2026Q2-v3,PHG,semi_detached,2021Q4,104.01,253
pm-2026Q2-v3,PHG,semi_detached,2022Q1,105.59,231
pm-2026Q2-v3,PHG,semi_detached,2022Q2,112.58,262
pm-2026Q2-v3,PHG,semi_detached,2022Q3,110.35,267
pm-2026Q2-v3,PHG,semi_detached,2022Q4,111.61,234
pm-2026Q2-v3,PHG,semi_detached,2023Q1,112.56,204
pm-2026Q2-v3,PHG,semi_detached,2023Q2,113.71,190
pm-2026Q2-v3,PHG,semi_detached,2023Q3,116.65,235
pm-2026Q2-v3,PHG,semi_detached,2023Q4,114.42,227
pm-2026Q2-v3,PHG,semi_detached,2024Q1,107.34,219
pm-2026Q2-v3,PHG,semi_detached,2024Q2,113.84,188
pm-2026Q2-v3,PHG,semi_detached,2024Q3,112.34,243
pm-2026Q2-v3,PHG,semi_detached,2024Q4,112.18,128
pm-2026Q2-v3,PHG,semi_detached,2025Q1,119.65,72
pm-2026Q2-v3,PHG,semi_detached,2025Q2,115.82,80
pm-2026Q2-v3,PHG,semi_detached,2025Q3,107.99,107
pm-2026Q2-v3,PHG,semi_detached,2025Q4,112.06,107
pm-2026Q2-v3,PHG,semi_detached,2026Q1,120.7,58
pm-2026Q2-v3,PHG,semi_detached,2026Q2,123.18,77
pm-2026Q2-v3,PJY,semi_detached,2021Q1,100.0,0
pm-2026Q2-v3,PJY,semi_detached,2021Q2,102.75,0
pm-2026Q2-v3,PJY,semi_detached,2021Q3,102.72,1
pm-2026Q2-v3,PJY,semi_detached,2021Q4,102.92,6
pm-2026Q2-v3,PJY,semi_detached,2022Q1,101.11,4
pm-2026Q2-v3,PJY,semi_detached,2022Q2,105.88,8
pm-2026Q2-v3,PJY,semi_detached,2022Q3,105.18,8
pm-2026Q2-v3,PJY,semi_detached,2022Q4,104.68,7
pm-2026Q2-v3,PJY,semi_detached,2023Q1,108.9,7
pm-2026Q2-v3,PJY,semi_detached,2023Q2,110.36,2
pm-2026Q2-v3,PJY,semi_detached,2023Q3,110.42,5
pm-2026Q2-v3,PJY,semi_detached,2023Q4,111.25,4
pm-2026Q2-v3,PJY,semi_detached,2024Q1,109.82,6
pm-2026Q2-v3,PJY,semi_detached,2024Q2,112.99,7
pm-2026Q2-v3,PJY,semi_detached,2024Q3,114.01,4
pm-2026Q2-v3,PJY,semi_detached,2024Q4,111.67,1
pm-2026Q2-v3,PJY,semi_detached,2025Q1,115.67,1
pm-2026Q2-v3,PJY,semi_detached,2025Q2,113.99,0
pm-2026Q2-v3,PJY,semi_detached,2025Q3,112.82,3
pm-2026Q2-v3,PJY,semi_detached,2025Q4,114.96,1
pm-2026Q2-v3,PJY,semi_detached,2026Q1,117.18,2
pm-2026Q2-v3,PJY,semi_detached,2026Q2,115.77,2
pm-2026Q2-v3,PLS,semi_detached,2021Q1,100.0,1
pm-2026Q2-v3,PLS,semi_detached,2021Q2,103.42,1
pm-2026Q2-v3,PLS,semi_detached,2021Q3,103.01,6
pm-2026Q2-v3,PLS,semi_detached,2021Q4,104.05,42
pm-2026Q2-v3,PLS,semi_detached,2022Q1,104.59,51
pm-2026Q2-v3,PLS,semi_detached,2022Q2,103.55,50
pm-2026Q2-v3,PLS,semi_detached,2022Q3,103.25,41
pm-2026Q2-v3,PLS,semi_detached,2022Q4,105.56,29
pm-2026Q2-v3,PLS,semi_detached,2023Q1,106.2,27
pm-2026Q2-v3,PLS,semi_detached,2023Q2,106.96,23
pm-2026Q2-v3,PLS,semi_detached,2023Q3,110.87,33
pm-2026Q2-v3,PLS,semi_detached,2023Q4,108.27,17
pm-2026Q2-v3,PLS,semi_detached,2024Q1,113.35,30
pm-2026Q2-v3,PLS,semi_detached,2024Q2,113.18,27
pm-2026Q2-v3,PLS,semi_detached,2024Q3,114.49,29
pm-2026Q2-v3,PLS,semi_detached,2024Q4,110.18,9
pm-2026Q2-v3,PLS,semi_detached,2025Q1,116.16,13
pm-2026Q2-v3,PLS,semi_detached,2025Q2,115.64,11
pm-2026Q2-v3,PLS,semi_detached,2025Q3,113.81,10
pm-2026Q2-v3,PLS,semi_detached,2025Q4,115.94,9
pm-2026Q2-v3,PLS,semi_detached,2026Q1,115.02,10
pm-2026Q2-v3,PLS,semi_detached,2026Q2,117.55,9
pm-2026Q2-v3,PNG,semi_detached,2021Q1,100.0,5
pm-2026Q2-v3,PNG,semi_detached,2021Q2,105.27,12
pm-2026Q2-v3,PNG,semi_detached,2021Q3,102.47,25
pm-2026Q2-v3,PNG,semi_detached,2021Q4,100.31,203
pm-2026Q2-v3,PNG,semi_detached,2022Q1,99.36,151
pm-2026Q2-v3,PNG,semi_detached,2022Q2,106.61,205
pm-2026Q2-v3,PNG,semi_detached,2022Q3,104.34,214
pm-2026Q2-v3,PNG,semi_detached,2022Q4,107.48,165
pm-2026Q2-v3,PNG,semi_detached,2023Q1,108.32,140
pm-2026Q2-v3,PNG,semi_detached,2023Q2,107.91,155
pm-2026Q2-v3,PNG,semi_detached,2023Q3,108.59,175
pm-2026Q2-v3,PNG,semi_detached,2023Q4,112.14,174
pm-2026Q2-v3,PNG,semi_detached,2024Q1,113.12,160
pm-2026Q2-v3,PNG,semi_detached,2024Q2,114.76,168
pm-2026Q2-v3,PNG,semi_detached,2024Q3,115.13,165
pm-2026Q2-v3,PNG,semi_detached,2024Q4,115.04,44
pm-2026Q2-v3,PNG,semi_detached,2025Q1,114.83,59
pm-2026Q2-v3,PNG,semi_detached,2025Q2,110.99,52
pm-2026Q2-v3,PNG,semi_detached,2025Q3,109.2,54
pm-2026Q2-v3,PNG,semi_detached,2025Q4,117.72,67
pm-2026Q2-v3,PNG,semi_detached,2026Q1,118.06,34
pm-2026Q2-v3,PNG,semi_detached,2026Q2,114.19,43
pm-2026Q2-v3,PRK,semi_detached,2021Q1,100.0,15
pm-2026Q2-v3,PRK,semi_detached,2021Q2,100.96,19
pm-2026Q2-v3,PRK,semi_detached,2021Q3,100.32,54
pm-2026Q2-v3,PRK,semi_detached,2021Q4,99.5,232
pm-2026Q2-v3,PRK,semi_detached,2022Q1,100.91,246
pm-2026Q2-v3,PRK,semi_detached,2022Q2,103.49,286
pm-2026Q2-v3,PRK,semi_detached,2022Q3,105.19,324
pm-2026Q2-v3,PRK,semi_detached,2022Q4,104.53,251
pm-2026Q2-v3,PRK,semi_detached,2023Q1,108.83,248
pm-2026Q2-v3,PRK,semi_detached,2023Q2,108.05,269
pm-2026Q2-v3,PRK,semi_detached,2023Q3,109.05,206
pm-2026Q2-v3,PRK,semi_detached,2023Q4,109.47,276
pm-2026Q2-v3,PRK,semi_detached,2024Q1,112.05,256
pm-2026Q2-v3,PRK,semi_detached,2024Q2,114.33,258
pm-2026Q2-v3,PRK,semi_detached,2024Q3,112.51,244
pm-2026Q2-v3,PRK,semi_detached,2024Q4,113.26,84
pm-2026Q2-v3,PRK,semi_detached,2025Q1,116.33,96
pm-2026Q2-v3,PRK,semi_detached,2025Q2,116.47,90
pm-2026Q2-v3,PRK,semi_detached,2025Q3,116.42,106
pm-2026Q2-v3,PRK,semi_detached,2025Q4,119.3,97
pm-2026Q2-v3,PRK,semi_detached,2026Q1,115.89,65
pm-2026Q2-v3,PRK,semi_detached,2026Q2,119.15,102
pm-2026Q2-v3,SBH,semi_detached,2021Q1,100.0,1
pm-2026Q2-v3,SBH,semi_detached,2021Q2,102.13,5
pm-2026Q2-v3,SBH,semi_detached,2021Q3,102.22,1
pm-2026Q2-v3,SBH,semi_detached,2021Q4,107.35,29
pm-2026Q2-v3,SBH,semi_detached,2022Q1,100.08,41
pm-2026Q2-v3,SBH,semi_detached,2022Q2,104.83,39
pm-2026Q2-v3,SBH,semi_detached,2022Q3,107.63,63
pm-2026Q2-v3,SBH,semi_detached,2022Q4,105.02,48
pm-2026Q2-v3,SBH,semi_detached,2023Q1,108.43,40
pm-2026Q2-v3,SBH,semi_detached,2023Q2,108.31,36
pm-2026Q2-v3,SBH,semi_detached,2023Q3,108.29,52
pm-2026Q2-v3,SBH,semi_detached,2023Q4,110.95,46
pm-2026Q2-v3,SBH,semi_detached,2024Q1,112.13,25
pm-2026Q2-v3,SBH,semi_detached,2024Q2,112.86,44
pm-2026Q2-v3,SBH,semi_detached,2024Q3,115.49,32
pm-2026Q2-v3,SBH,semi_detached,2024Q4,112.64,21
pm-2026Q2-v3,SBH,semi_detached,2025Q1,115.15,24
pm-2026Q2-v3,SBH,semi_detached,2025Q2,114.73,20
pm-2026Q2-v3,SBH,semi_detached,2025Q3,109.81,21
pm-2026Q2-v3,SBH,semi_detached,2025Q4,112.0,18
pm-2026Q2-v3,SBH,semi_detached,2026Q1,117.54,22
pm-2026Q2-v3,SBH,semi_detached,2026Q2,116.25,29
pm-2026Q2-v3,SGR,semi_detached,2021Q1,100.0,86
pm-2026Q2-v3,SGR,semi_detached,2021Q2,106.64,146
pm-2026Q2-v3,SGR,semi_detached,2021Q3,108.65,186
pm-2026Q2-v3,SGR,semi_detached,2021Q4,108.5,707
pm-2026Q2-v3,SGR,semi_detached,2022Q1,104.4,472
pm-2026Q2-v3,SGR,semi_detached,2022Q2,105.85,571
pm-2026Q2-v3,SGR,semi_detached,2022Q3,106.52,592
pm-2026Q2-v3,SGR,semi_detached,2022Q4,104.15,562
pm-2026Q2-v3,SGR,semi_detached,2023Q1,111.33,442
pm-2026Q2-v3,SGR,semi_detached,2023Q2,110.13,522
pm-2026Q2-v3,SGR,semi_detached,2023Q3,110.96,545
pm-2026Q2-v3,SGR,semi_detached,2023Q4,106.68,480
pm-2026Q2-v3,SGR,semi_detached,2024Q1,107.02,476
pm-2026Q2-v3,SGR,semi_detached,2024Q2,112.06,408
pm-2026Q2-v3,SGR,semi_detached,2024Q3,110.33,392
pm-2026Q2-v3,SGR,semi_detached,2024Q4,106.39,135
pm-2026Q2-v3,SGR,semi_detached,2025Q1,107.79,109
pm-2026Q2-v3,SGR,semi_detached,2025Q2,109.77,121
pm-2026Q2-v3,SGR,semi_detached,2025Q3,111.15,120
pm-2026Q2-v3,SGR,semi_detached,2025Q4,114.8,121
pm-2026Q2-v3,SGR,semi_detached,2026Q1,109.92,77
pm-2026Q2-v3,SGR,semi_detached,2026Q2,115.37,108
pm-2026Q2-v3,SWK,semi_detached,2021Q1,100.0,8
pm-2026Q2-v3,SWK,semi_detached,2021Q2,102.08,6
pm-2026Q2-v3,SWK,semi_detached,2021Q3,102.46,17
pm-2026Q2-v3,SWK,semi_detached,2021Q4,101.51,121
pm-2026Q2-v3,SWK,semi_detached,2022Q1,101.24,101
pm-2026Q2-v3,SWK,semi_detached,2022Q2,103.81,144
pm-2026Q2-v3,SWK,semi_detached,2022Q3,105.34,147
pm-2026Q2-v3,SWK,semi_detached,2022Q4,106.0,140
pm-2026Q2-v3,SWK,semi_detached,2023Q1,106.51,126
pm-2026Q2-v3,SWK,semi_detached,2023Q2,108.67,121
pm-2026Q2-v3,SWK,semi_detached,2023Q3,110.25,125
pm-2026Q2-v3,SWK,semi_detached,2023Q4,109.56,150
pm-2026Q2-v3,SWK,semi_detached,2024Q1,110.33,99
pm-2026Q2-v3,SWK,semi_detached,2024Q2,115.26,138
pm-2026Q2-v3,SWK,semi_detached,2024Q3,113.0,114
pm-2026Q2-v3,SWK,semi_detached,2024Q4,110.21,52
pm-2026Q2-v3,SWK,semi_detached,2025Q1,113.28,50
pm-2026Q2-v3,SWK,semi_detached,2025Q2,119.96,45
pm-2026Q2-v3,SWK,semi_detached,2025Q3,112.2,44
pm-2026Q2-v3,SWK,semi_detached,2025Q4,115.42,50
pm-2026Q2-v3,SWK,semi_detached,2026Q1,121.13,34
pm-2026Q2-v3,SWK,semi_detached,2026Q2,114.5,35
pm-2026Q2-v3,TRG,semi_detached,2021Q1,100.0,4
pm-2026Q2-v3,TRG,semi_detached,2021Q2,103.02,2
pm-2026Q2-v3,TRG,semi_detached,2021Q3,102.71,17
pm-2026Q2-v3,TRG,semi_detached,2021Q4,103.19,158
pm-2026Q2-v3,TRG,semi_detached,2022Q1,103.05,230
pm-2026Q2-v3,TRG,semi_detached,2022Q2,104.27,238
pm-2026Q2-v3,TRG,semi_detached,2022Q3,105.8,220
pm-2026Q2-v3,TRG,semi_detached,2022Q4,106.97,229
pm-2026Q2-v3,TRG,semi_detached,2023Q1,108.57,255
pm-2026Q2-v3,TRG,semi_detached,2023Q2,108.75,211
pm-2026Q2-v3,TRG,semi_detached,2023Q3,110.95,110
pm-2026Q2-v3,TRG,semi_detached,2023Q4,111.32,256
pm-2026Q2-v3,TRG,semi_detached,2024Q1,111.4,222
pm-2026Q2-v3,TRG,semi_detached,2024Q2,112.11,200
pm-2026Q2-v3,TRG,semi_detached,2024Q3,113.04,266
pm-2026Q2-v3,TRG,semi_detached,2024Q4,112.81,191
pm-2026Q2-v3,TRG,semi_detached,2025Q1,112.31,172
pm-2026Q2-v3,TRG,semi_detached,2025Q2,112.99,191
pm-2026Q2-v3,TRG,semi_detached,2025Q3,113.36,192
pm-2026Q2-v3,TRG,semi_detached,2025Q4,115.5,180
pm-2026Q2-v3,TRG,semi_detached,2026Q1,116.11,138
pm-2026Q2-v3,TRG,semi_detached,2026Q2,116.45,182
pm-2026Q2-v3,ALL,terrace,2021Q1,100.0,2356
pm-2026Q2-v3,ALL,terrace,2021Q2,99.0,3077
pm-2026Q2-v3,ALL,terrace,2021Q3,97.43,5113
pm-2026Q2-v3,ALL,terrace,2021Q4,101.92,14652
pm-2026Q2-v3,ALL,terrace,2022Q1,100.49,12110
pm-2026Q2-v3,ALL,terrace,2022Q2,102.95,15798
pm-2026Q2-v3,ALL,terrace,2022Q3,103.53,16424
pm-2026Q2-v3,ALL,terrace,2022Q4,104.51,14712
pm-2026Q2-v3,ALL,terrace,2023Q1,105.6,13577
pm-2026Q2-v3,ALL,terrace,2023Q2,106.64,15596
pm-2026Q2-v3,ALL,terrace,2023Q3,108.35,15566
pm-2026Q2-v3,ALL,terrace,2023Q4,109.21,14358
pm-2026Q2-v3,ALL,terrace,2024Q1,110.05,13554
pm-2026Q2-v3,ALL,terrace,2024Q2,110.76,13984
pm-2026Q2-v3,ALL,terrace,2024Q3,109.86,13129
pm-2026Q2-v3,ALL,terrace,2024Q4,110.92,4711
pm-2026Q2-v3,ALL,terrace,2025Q1,112.65,3903
pm-2026Q2-v3,ALL,terrace,2025Q2,113.02,4284
pm-2026Q2-v3,ALL,terrace,2025Q3,112.98,4946
pm-2026Q2-v3,ALL,terrace,2025Q4,115.35,4601
pm-2026Q2-v3,ALL,terrace,2026Q1,113.29,2734
pm-2026Q2-v3,ALL,terrace,2026Q2,115.85,3936
pm-2026Q2-v3,JHR,terrace,2021Q1,100.0,419
pm-2026Q2-v3,JHR,terrace,2021Q2,96.04,517
pm-2026Q2-v3,JHR,terrace,2021Q3,95.56,714
pm-2026Q2-v3,JHR,terrace,2021Q4,99.93,2310
pm-2026Q2-v3,JHR,terrace,2022Q1,98.08,2087
pm-2026Q2-v3,JHR,terrace,2022Q2,100.18,3294
pm-2026Q2-v3,JHR,terrace,2022Q3,102.84,3441
pm-2026Q2-v3,JHR,terrace,2022Q4,104.05,3256
pm-2026Q2-v3,JHR,terrace,2023Q1,105.77,3131
pm-2026Q2-v3,JHR,terrace,2023Q2,108.44,3875
pm-2026Q2-v3,JHR,terrace,2023Q3,108.17,3704
pm-2026Q2-v3,JHR,terrace,2023Q4,109.33,3343
pm-2026Q2-v3,JHR,terrace,2024Q1,111.77,3183
pm-2026Q2-v3,JHR,terrace,2024Q2,113.45,3341
pm-2026Q2-v3,JHR,terrace,2024Q3,113.56,2841
pm-2026Q2-v3,JHR,terrace,2024Q4,114.85,790
pm-2026Q2-v3,JHR,terrace,2025Q1,117.36,656
pm-2026Q2-v3,JHR,terrace,2025Q2,118.22,786
pm-2026Q2-v3,JHR,terrace,2025Q3,117.3,874
pm-2026Q2-v3,JHR,terrace,2025Q4,117.69,801
pm-2026Q2-v3,JHR,terrace,2026Q1,119.17,462
pm-2026Q2-v3,JHR,terrace,2026Q2,122.27,734
pm-2026Q2-v3,KDH,terrace,2021Q1,100.0,99
pm-2026Q2-v3,KDH,terrace,2021Q2,96.38,127
pm-2026Q2-v3,KDH,terrace,2021Q3,96.27,279
pm-2026Q2-v3,KDH,terrace,2021Q4,97.32,776
pm-2026Q2-v3,KDH,terrace,2022Q1,96.19,627
pm-2026Q2-v3,KDH,terrace,2022Q2,99.02,857
pm-2026Q2-v3,KDH,terrace,2022Q3,100.55,901
pm-2026Q2-v3,KDH,terrace,2022Q4,103.9,886
pm-2026Q2-v3,KDH,terrace,2023Q1,105.1,808
pm-2026Q2-v3,KDH,terrace,2023Q2,105.45,799
pm-2026Q2-v3,KDH,terrace,2023Q3,108.46,852
pm-2026Q2-v3,KDH,terrace,2023Q4,111.09,739
pm-2026Q2-v3,KDH,terrace,2024Q1,112.77,799
pm-2026Q2-v3,KDH,terrace,2024Q2,114.71,712
pm-2026Q2-v3,KDH,terrace,2024Q3,112.67,682
pm-2026Q2-v3,KDH,terrace,2024Q4,113.52,305
pm-2026Q2-v3,KDH,terrace,2025Q1,115.93,249
pm-2026Q2-v3,KDH,terrace,2025Q2,118.44,259
pm-2026Q2-v3,KDH,terrace,2025Q3,119.08,288
pm-2026Q2-v3,KDH,terrace,2025Q4,118.2,220
pm-2026Q2-v3,KDH,terrace,2026Q1,118.98,220
pm-2026Q2-v3,KDH,terrace,2026Q2,121.87,254
pm-2026Q2-v3,KTN,terrace,2021Q1,100.0,20
pm-2026Q2-v3,KTN,terrace,2021Q2,96.42,18
pm-2026Q2-v3,KTN,terrace,2021Q3,95.7,91
pm-2026Q2-v3,KTN,terrace,2021Q4,99.79,177
pm-2026Q2-v3,KTN,terrace,2022Q1,102.99,235
pm-2026Q2-v3,KTN,terrace,2022Q2,103.82,171
pm-2026Q2-v3,KTN,terrace,2022Q3,104.54,191
pm-2026Q2-v3,KTN,terrace,2022Q4,103.19,189
pm-2026Q2-v3,KTN,terrace,2023Q1,107.51,163
pm-2026Q2-v3,KTN,terrace,2023Q2,103.71,138
pm-2026Q2-v3,KTN,terrace,2023Q3,110.89,108
pm-2026Q2-v3,KTN,terrace,2023Q4,113.96,158
pm-2026Q2-v3,KTN,terrace,2024Q1,109.64,211
pm-2026Q2-v3,KTN,terrace,2024Q2,106.51,174
pm-2026Q2-v3,KTN,terrace,2024Q3,105.97,180
pm-2026Q2-v3,KTN,terrace,2024Q4,111.63,117
pm-2026Q2-v3,KTN,terrace,2025Q1,113.78,85
pm-2026Q2-v3,KTN,terrace,2025Q2,113.64,121
pm-2026Q2-v3,KTN,terrace,2025Q3,115.45,85
pm-2026Q2-v3,KTN,terrace,2025Q4,117.77,112
pm-2026Q2-v3,KTN,terrace,2026Q1,111.35,74
pm-2026Q2-v3,KTN,terrace,2026Q2,116.23,69
pm-2026Q2-v3,KUL,terrace,2021Q1,100.0,7
pm-2026Q2-v3,KUL,terrace,2021Q2,101.85,16
pm-2026Q2-v3,KUL,terrace,2021Q3,99.76,27
pm-2026Q2-v3,KUL,terrace,2021Q4,109.1,240
pm-2026Q2-v3,KUL,terrace,2022Q1,104.86,230
pm-2026Q2-v3,KUL,terrace,2022Q2,107.9,317
pm-2026Q2-v3,KUL,terrace,2022Q3,105.0,364
pm-2026Q2-v3,KUL,terrace,2022Q4,105.88,266
pm-2026Q2-v3,KUL,terrace,2023Q1,108.32,237
pm-2026Q2-v3,KUL,terrace,2023Q2,105.95,339
pm-2026Q2-v3,KUL,terrace,2023Q3,110.79,307
pm-2026Q2-v3,KUL,terrace,2023Q4,108.1,295
pm-2026Q2-v3,KUL,terrace,2024Q1,110.69,235
pm-2026Q2-v3,KUL,terrace,2024Q2,111.53,296
pm-2026Q2-v3,KUL,terrace,2024Q3,105.81,331
pm-2026Q2-v3,KUL,terrace,2024Q4,106.63,119
pm-2026Q2-v3,KUL,terrace,2025Q1,111.51,91
pm-2026Q2-v3,KUL,terrace,2025Q2,111.08,117
pm-2026Q2-v3,KUL,terrace,2025Q3,106.66,126
pm-2026Q2-v3,KUL,terrace,2025Q4,112.18,133
pm-2026Q2-v3,KUL,terrace,2026Q1,107.96,75
pm-2026Q2-v3,KUL,terrace,2026Q2,108.38,94
pm-2026Q2-v3,LBN,terrace,2021Q1,100.0,0
pm-2026Q2-v3,LBN,terrace,2021Q2,99.0,0
pm-2026Q2-v3,LBN,terrace,2021Q3,96.9,4
pm-2026Q2-v3,LBN,terrace,2021Q4,101.42,11
pm-2026Q2-v3,LBN,terrace,2022Q1,98.78,11
pm-2026Q2-v3,LBN,terrace,2022Q2,101.94,10
pm-2026Q2-v3,LBN,terrace,2022Q3,104.92,11
pm-2026Q2-v3,LBN,terrace,2022Q4,105.8,9
pm-2026Q2-v3,LBN,terrace,2023Q1,106.32,11
pm-2026Q2-v3,LBN,terrace,2023Q2,106.19,9
pm-2026Q2-v3,LBN,terrace,2023Q3,108.05,15
pm-2026Q2-v3,LBN,terrace,2023Q4,109.38,11
pm-2026Q2-v3,LBN,terrace,2024Q1,109.22,8
pm-2026Q2-v3,LBN,terrace,2024Q2,111.73,10
pm-2026Q2-v3,LBN,terrace,2024Q3,109.21,9
pm-2026Q2-v3,LBN,terrace,2024Q4,110.57,6
pm-2026Q2-v3,LBN,terrace,2025Q1,111.81,8
pm-2026Q2-v3,LBN,terrace,2025Q2,113.5,8
pm-2026Q2-v3,LBN,terrace,2025Q3,113.76,5
pm-2026Q2-v3,LBN,terrace,2025Q4,116.1,4
pm-2026Q2-v3,LBN,terrace,2026Q1,114.36,6
pm-2026Q2-v3,LBN,terrace,2026Q2,115.74,8
pm-2026Q2-v3,MLK,terrace,2021Q1,100.0,182
pm-2026Q2-v3,MLK,terrace,2021Q2,97.62,173
pm-2026Q2-v3,MLK,terrace,2021Q3,94.72,281
pm-2026Q2-v3,MLK,terrace,2021Q4,104.92,717
pm-2026Q2-v3,MLK,terrace,2022Q1,102.22,683
pm-2026Q2-v3,MLK,terrace,2022Q2,103.93,779
pm-2026Q2-v3,MLK,terrace,2022Q3,105.51,989
pm-2026Q2-v3,MLK,terrace,2022Q4,107.06,820
pm-2026Q2-v3,MLK,terrace,2023Q1,109.44,832
pm-2026Q2-v3,MLK,terrace,2023Q2,109.57,867
pm-2026Q2-v3,MLK,terrace,2023Q3,107.37,888
pm-2026Q2-v3,MLK,terrace,2023Q4,111.22,762
pm-2026Q2-v3,MLK,terrace,2024Q1,109.93,774
pm-2026Q2-v3,MLK,terrace,2024Q2,113.52,776
pm-2026Q2-v3,MLK,terrace,2024Q3,111.23,694
pm-2026Q2-v3,MLK,terrace,2024Q4,111.92,274
pm-2026Q2-v3,MLK,terrace,2025Q1,111.53,215
pm-2026Q2-v3,MLK,terrace,2025Q2,114.64,224
pm-2026Q2-v3,MLK,terrace,2025Q3,112.11,346
pm-2026Q2-v3,MLK,terrace,2025Q4,114.55,328
pm-2026Q2-v3,MLK,terrace,2026Q1,118.45,143
pm-2026Q2-v3,MLK,terrace,2026Q2,120.86,208
pm-2026Q2-v3,NSN,terrace,2021Q1,100.0,288
pm-2026Q2-v3,NSN,terrace,2021Q2,100.63,364
pm-2026Q2-v3,NSN,terrace,2021Q3,98.76,642
pm-2026Q2-v3,NSN,terrace,2021Q4,103.09,1564
pm-2026Q2-v3,NSN,terrace,2022Q1,101.28,1177
pm-2026Q2-v3,NSN,terrace,2022Q2,104.34,1333
pm-2026Q2-v3,NSN,terrace,2022Q3,104.88,1422
pm-2026Q2-v3,NSN,terrace,2022Q4,105.36,1196
pm-2026Q2-v3,NSN,terrace,2023Q1,102.6,1083
pm-2026Q2-v3,NSN,terrace,2023Q2,102.8,1218
pm-2026Q2-v3,NSN,terrace,2023Q3,104.86,1250
pm-2026Q2-v3,NSN,terrace,2023Q4,106.07,1037
pm-2026Q2-v3,NSN,terrace,2024Q1,107.94,1166
pm-2026Q2-v3,NSN,terrace,2024Q2,108.37,1131
pm-2026Q2-v3,NSN,terrace,2024Q3,104.01,988
pm-2026Q2-v3,NSN,terrace,2024Q4,104.64,310
pm-2026Q2-v3,NSN,terrace,2025Q1,107.96,311
pm-2026Q2-v3,NSN,terrace,2025Q2,107.39,285
pm-2026Q2-v3,NSN,terrace,2025Q3,106.61,363
pm-2026Q2-v3,NSN,terrace,2025Q4,110.13,383
pm-2026Q2-v3,NSN,terrace,2026Q1,107.14,187
pm-2026Q2-v3,NSN,terrace,2026Q2,107.14,315
pm-2026Q2-v3,PHG,terrace,2021Q1,100.0,136
pm-2026Q2-v3,PHG,terrace,2021Q2,100.88,120
pm-2026Q2-v3,PHG,terrace,2021Q3,99.6,236
pm-2026Q2-v3,PHG,terrace,2021Q4,99.2,747
pm-2026Q2-v3,PHG,terrace,2022Q1,99.79,690
pm-2026Q2-v3,PHG,terrace,2022Q2,100.88,810
pm-2026Q2-v3,PHG,terrace,2022Q3,103.49,851
pm-2026Q2-v3,PHG,terrace,2022Q4,102.06,756
pm-2026Q2-v3,PHG,terrace,2023Q1,104.19,698
pm-2026Q2-v3,PHG,terrace,2023Q2,104.98,746
pm-2026Q2-v3,PHG,terrace,2023Q3,109.34,853
pm-2026Q2-v3,PHG,terrace,2023Q4,106.37,854
pm-2026Q2-v3,PHG,terrace,2024Q1,107.57,773
pm-2026Q2-v3,PHG,terrace,2024Q2,107.29,763
pm-2026Q2-v3,PHG,terrace,2024Q3,107.52,741
pm-2026Q2-v3,PHG,terrace,2024Q4,113.52,318
pm-2026Q2-v3,PHG,terrace,2025Q1,113.45,273
pm-2026Q2-v3,PHG,terrace,2025Q2,109.64,235
pm-2026Q2-v3,PHG,terrace,2025Q3,111.53,288
pm-2026Q2-v3,PHG,terrace,2025Q4,116.31,311
pm-2026Q2-v3,PHG,terrace,2026Q1,111.12,172
pm-2026Q2-v3,PHG,terrace,2026Q2,113.84,237
pm-2026Q2-v3,PJY,terrace,2021Q1,100.0,2
pm-2026Q2-v3,PJY,terrace,2021Q2,100.03,7
pm-2026Q2-v3,PJY,terrace,2021Q3,98.08,5
pm-2026Q2-v3,PJY,terrace,2021Q4,108.74,42
pm-2026Q2-v3,PJY,terrace,2022Q1,105.01,23
pm-2026Q2-v3,PJY,terrace,2022Q2,108.8,16
pm-2026Q2-v3,PJY,terrace,2022Q3,105.8,21
pm-2026Q2-v3,PJY,terrace,2022Q4,105.06,19
pm-2026Q2-v3,PJY,terrace,2023Q1,104.02,17
pm-2026Q2-v3,PJY,terrace,2023Q2,106.29,7
pm-2026Q2-v3,PJY,terrace,2023Q3,105.9,12
pm-2026Q2-v3,PJY,terrace,2023Q4,107.12,12
pm-2026Q2-v3,PJY,terrace,2024Q1,108.83,6
pm-2026Q2-v3,PJY,terrace,2024Q2,106.94,16
pm-2026Q2-v3,PJY,terrace,2024Q3,108.6,9
pm-2026Q2-v3,PJY,terrace,2024Q4,110.68,2
pm-2026Q2-v3,PJY,terrace,2025Q1,109.9,6
pm-2026Q2-v3,PJY,terrace,2025Q2,112.94,1
pm-2026Q2-v3,PJY,terrace,2025Q3,109.6,7
pm-2026Q2-v3,PJY,terrace,2025Q4,114.26,2
pm-2026Q2-v3,PJY,terrace,2026Q1,112.3,2
pm-2026Q2-v3,PJY,terrace,2026Q2,114.21,3
pm-2026Q2-v3,PLS,terrace,2021Q1,100.0,12
pm-2026Q2-v3,PLS,terrace,2021Q2,100.1,15
pm-2026Q2-v3,PLS,terrace,2021Q3,96.15,16
pm-2026Q2-v3,PLS,terrace,2021Q4,99.06,66
pm-2026Q2-v3,PLS,terrace,2022Q1,95.55,70
pm-2026Q2-v3,PLS,terrace,2022Q2,100.5,74
pm-2026Q2-v3,PLS,terrace,2022Q3,100.86,91
pm-2026Q2-v3,PLS,terrace,2022Q4,105.62,84
pm-2026Q2-v3,PLS,terrace,2023Q1,105.18,75
pm-2026Q2-v3,PLS,terrace,2023Q2,107.78,66
pm-2026Q2-v3,PLS,terrace,2023Q3,110.56,70
pm-2026Q2-v3,PLS,terrace,2023Q4,111.03,63
pm-2026Q2-v3,PLS,terrace,2024Q1,110.84,59
pm-2026Q2-v3,PLS,terrace,2024Q2,113.05,50
pm-2026Q2-v3,PLS,terrace,2024Q3,110.52,66
pm-2026Q2-v3,PLS,terrace,2024Q4,110.73,23
pm-2026Q2-v3,PLS,terrace,2025Q1,114.39,23
pm-2026Q2-v3,PLS,terrace,2025Q2,113.8,18
pm-2026Q2-v3,PLS,terrace,2025Q3,115.44,20
pm-2026Q2-v3,PLS,terrace,2025Q4,116.23,14
pm-2026Q2-v3,PLS,terrace,2026Q1,113.22,12
pm-2026Q2-v3,PLS,terrace,2026Q2,118.13,16
pm-2026Q2-v3,PNG,terrace,2021Q1,100.0,74
pm-2026Q2-v3,PNG,terrace,2021Q2,95.95,173
pm-2026Q2-v3,PNG,terrace,2021Q3,92.09,244
pm-2026Q2-v3,PNG,terrace,2021Q4,100.51,719
pm-2026Q2-v3,PNG,terrace,2022Q1,101.75,623
pm-2026Q2-v3,PNG,terrace,2022Q2,101.52,805
pm-2026Q2-v3,PNG,terrace,2022Q3,104.44,740
pm-2026Q2-v3,PNG,terrace,2022Q4,105.34,657
pm-2026Q2-v3,PNG,terrace,2023Q1,107.24,597
pm-2026Q2-v3,PNG,terrace,2023Q2,112.24,622
pm-2026Q2-v3,PNG,terrace,2023Q3,110.9,662
pm-2026Q2-v3,PNG,terrace,2023Q4,111.66,525
pm-2026Q2-v3,PNG,terrace,2024Q1,112.55,566
pm-2026Q2-v3,PNG,terrace,2024Q2,112.83,638
pm-2026Q2-v3,PNG,terrace,2024Q3,114.34,633
pm-2026Q2-v3,PNG,terrace,2024Q4,113.08,224
pm-2026Q2-v3,PNG,terrace,2025Q1,116.13,189
pm-2026Q2-v3,PNG,terrace,2025Q2,112.27,188
pm-2026Q2-v3,PNG,terrace,2025Q3,115.38,207
pm-2026Q2-v3,PNG,terrace,2025Q4,118.6,200
pm-2026Q2-v3,PNG,terrace,2026Q1,115.88,137
pm-2026Q2-v3,PNG,terrace,2026Q2,115.35,167
pm-2026Q2-v3,PRK,terrace,2021Q1,100.0,299
pm-2026Q2-v3,PRK,terrace,2021Q2,98.92,379
pm-2026Q2-v3,PRK,terrace,2021Q3,99.63,729
pm-2026Q2-v3,PRK,terrace,2021Q4,101.1,1706
pm-2026Q2-v3,PRK,terrace,2022Q1,102.3,1854
pm-2026Q2-v3,PRK,terrace,2022Q2,102.43,2059
pm-2026Q2-v3,PRK,terrace,2022Q3,102.93,1895
pm-2026Q2-v3,PRK,terrace,2022Q4,105.23,1772
pm-2026Q2-v3,PRK,terrace,2023Q1,105.59,1700
pm-2026Q2-v3,PRK,terrace,2023Q2,106.52,1891
pm-2026Q2-v3,PRK,terrace,2023Q3,108.94,1803
pm-2026Q2-v3,PRK,terrace,2023Q4,108.65,1956
pm-2026Q2-v3,PRK,terrace,2024Q1,110.14,1750
pm-2026Q2-v3,PRK,terrace,2024Q2,113.44,1952
pm-2026Q2-v3,PRK,terrace,2024Q3,114.51,1871
pm-2026Q2-v3,PRK,terrace,2024Q4,114.49,652
pm-2026Q2-v3,PRK,terrace,2025Q1,114.1,567
pm-2026Q2-v3,PRK,terrace,2025Q2,112.83,603
pm-2026Q2-v3,PRK,terrace,2025Q3,115.04,661
pm-2026Q2-v3,PRK,terrace,2025Q4,115.13,590
pm-2026Q2-v3,PRK,terrace,2026Q1,112.66,316
pm-2026Q2-v3,PRK,terrace,2026Q2,118.57,572
pm-2026Q2-v3,SBH,terrace,2021Q1,100.0,6
pm-2026Q2-v3,SBH,terrace,2021Q2,99.34,11
pm-2026Q2-v3,SBH,terrace,2021Q3,97.16,30
pm-2026Q2-v3,SBH,terrace,2021Q4,100.87,186
pm-2026Q2-v3,SBH,terrace,2022Q1,101.49,217
pm-2026Q2-v3,SBH,terrace,2022Q2,104.56,273
pm-2026Q2-v3,SBH,terrace,2022Q3,104.54,268
pm-2026Q2-v3,SBH,terrace,2022Q4,103.11,213
pm-2026Q2-v3,SBH,terrace,2023Q1,105.6,208
pm-2026Q2-v3,SBH,terrace,2023Q2,107.81,247
pm-2026Q2-v3,SBH,terrace,2023Q3,109.09,243
pm-2026Q2-v3,SBH,terrace,2023Q4,110.31,233
pm-2026Q2-v3,SBH,terrace,2024Q1,109.69,200
pm-2026Q2-v3,SBH,terrace,2024Q2,108.89,226
pm-2026Q2-v3,SBH,terrace,2024Q3,111.13,213
pm-2026Q2-v3,SBH,terrace,2024Q4,113.11,143
pm-2026Q2-v3,SBH,terrace,2025Q1,112.59,104
pm-2026Q2-v3,SBH,terrace,2025Q2,112.5,134
pm-2026Q2-v3,SBH,terrace,2025Q3,113.59,146
pm-2026Q2-v3,SBH,terrace,2025Q4,112.23,113
pm-2026Q2-v3,SBH,terrace,2026Q1,115.5,103
pm-2026Q2-v3,SBH,terrace,2026Q2,112.89,148
pm-2026Q2-v3,SGR,terrace,2021Q1,100.0,771
pm-2026Q2-v3,SGR,terrace,2021Q2,100.42,1100
pm-2026Q2-v3,SGR,terrace,2021Q3,101.75,1682
pm-2026Q2-v3,SGR,terrace,2021Q4,102.89,4756
pm-2026Q2-v3,SGR,terrace,2022Q1,99.76,3083
pm-2026Q2-v3,SGR,terrace,2022Q2,103.37,4340
pm-2026Q2-v3,SGR,terrace,2022Q3,102.5,4570
pm-2026Q2-v3,SGR,terrace,2022Q4,103.51,3964
pm-2026Q2-v3,SGR,terrace,2023Q1,102.95,3485
pm-2026Q2-v3,SGR,terrace,2023Q2,105.63,4051
pm-2026Q2-v3,SGR,terrace,2023Q3,105.84,4222
pm-2026Q2-v3,SGR,terrace,2023Q4,106.43,3681
pm-2026Q2-v3,SGR,terrace,2024Q1,106.87,3196
pm-2026Q2-v3,SGR,terrace,2024Q2,108.34,3255
pm-2026Q2-v3,SGR,terrace,2024Q3,107.77,3216
pm-2026Q2-v3,SGR,terrace,2024Q4,106.66,1099
pm-2026Q2-v3,SGR,terrace,2025Q1,106.31,838
pm-2026Q2-v3,SGR,terrace,2025Q2,108.3,1032
pm-2026Q2-v3,SGR,terrace,2025Q3,108.34,1182
pm-2026Q2-v3,SGR,terrace,2025Q4,110.42,1049
pm-2026Q2-v3,SGR,terrace,2026Q1,109.48,631
pm-2026Q2-v3,SGR,terrace,2026Q2,110.8,837
pm-2026Q2-v3,SWK,terrace,2021Q1,100.0,32
pm-2026Q2-v3,SWK,terrace,2021Q2,101.32,52
pm-2026Q2-v3,SWK,terrace,2021Q3,97.76,102
pm-2026Q2-v3,SWK,terrace,2021Q4,99.46,489
pm-2026Q2-v3,SWK,terrace,2022Q1,98.15,360
pm-2026Q2-v3,SWK,terrace,2022Q2,100.72,499
pm-2026Q2-v3,SWK,terrace,2022Q3,99.78,495
pm-2026Q2-v3,SWK,terrace,2022Q4,102.42,425
pm-2026Q2-v3,SWK,terrace,2023Q1,102.34,339
pm-2026Q2-v3,SWK,terrace,2023Q2,106.06,489
pm-2026Q2-v3,SWK,terrace,2023Q3,106.57,475
pm-2026Q2-v3,SWK,terrace,2023Q4,107.79,488
pm-2026Q2-v3,SWK,terrace,2024Q1,109.71,417
pm-2026Q2-v3,SWK,terrace,2024Q2,111.61,462
pm-2026Q2-v3,SWK,terrace,2024Q3,111.3,434
pm-2026Q2-v3,SWK,terrace,2024Q4,111.38,185
pm-2026Q2-v3,SWK,terrace,2025Q1,115.63,160
pm-2026Q2-v3,SWK,terrace,2025Q2,115.73,185
pm-2026Q2-v3,SWK,terrace,2025Q3,114.75,198
pm-2026Q2-v3,SWK,terrace,2025Q4,118.39,208
pm-2026Q2-v3,SWK,terrace,2026Q1,116.29,107
pm-2026Q2-v3,SWK,terrace,2026Q2,120.99,152
pm-2026Q2-v3,TRG,terrace,2021Q1,100.0,9
pm-2026Q2-v3,TRG,terrace,2021Q2,99.41,5
pm-2026Q2-v3,TRG,terrace,2021Q3,99.5,31
pm-2026Q2-v3,TRG,terrace,2021Q4,104.04,146
pm-2026Q2-v3,TRG,terrace,2022Q1,100.26,140
pm-2026Q2-v3,TRG,terrace,2022Q2,103.87,161
pm-2026Q2-v3,TRG,terrace,2022Q3,104.15,174
pm-2026Q2-v3,TRG,terrace,2022Q4,104.73,200
pm-2026Q2-v3,TRG,terrace,2023Q1,107.67,193
pm-2026Q2-v3,TRG,terrace,2023Q2,107.12,232
pm-2026Q2-v3,TRG,terrace,2023Q3,108.07,102
pm-2026Q2-v3,TRG,terrace,2023Q4,109.11,201
pm-2026Q2-v3,TRG,terrace,2024Q1,112.9,211
pm-2026Q2-v3,TRG,terrace,2024Q2,110.43,182
pm-2026Q2-v3,TRG,terrace,2024Q3,110.23,221
pm-2026Q2-v3,TRG,terrace,2024Q4,107.79,144
pm-2026Q2-v3,TRG,terrace,2025Q1,110.68,128
pm-2026Q2-v3,TRG,terrace,2025Q2,114.11,88
pm-2026Q2-v3,TRG,terrace,2025Q3,113.78,150
pm-2026Q2-v3,TRG,terrace,2025Q4,118.0,133
pm-2026Q2-v3,TRG,terrace,2026Q1,109.71,87
pm-2026Q2-v3,TRG,terrace,2026Q2,117.75,122
pm-2026Q2-v3,ALL,townhouse,2021Q1,100.0,100
pm-2026Q2-v3,ALL,townhouse,2021Q2,107.99,73
pm-2026Q2-v3,ALL,townhouse,2021Q3,102.7,157
pm-2026Q2-v3,ALL,townhouse,2021Q4,107.49,340
pm-2026Q2-v3,ALL,townhouse,2022Q1,105.49,275
pm-2026Q2-v3,ALL,townhouse,2022Q2,106.85,333
pm-2026Q2-v3,ALL,townhouse,2022Q3,110.83,352
pm-2026Q2-v3,ALL,townhouse,2022Q4,109.52,320
pm-2026Q2-v3,ALL,townhouse,2023Q1,108.34,261
pm-2026Q2-v3,ALL,townhouse,2023Q2,117.12,300
pm-2026Q2-v3,ALL,townhouse,2023Q3,106.15,328
pm-2026Q2-v3,ALL,townhouse,2023Q4,113.79,282
pm-2026Q2-v3,ALL,townhouse,2024Q1,114.42,242
pm-2026Q2-v3,ALL,townhouse,2024Q2,118.85,216
pm-2026Q2-v3,ALL,townhouse,2024Q3,116.28,240
pm-2026Q2-v3,ALL,townhouse,2024Q4,119.42,78
pm-2026Q2-v3,ALL,townhouse,2025Q1,119.12,67
pm-2026Q2-v3,ALL,townhouse,2025Q2,112.74,70
pm-2026Q2-v3,ALL,townhouse,2025Q3,123.07,76
pm-2026Q2-v3,ALL,townhouse,2025Q4,119.67,62
pm-2026Q2-v3,ALL,townhouse,2026Q1,119.89,41
pm-2026Q2-v3,ALL,townhouse,2026Q2,125.83,69
pm-2026Q2-v3,JHR,townhouse,2021Q1,100.0,22
pm-2026Q2-v3,JHR,townhouse,2021Q2,104.09,10
pm-2026Q2-v3,JHR,townhouse,2021Q3,97.57,25
pm-2026Q2-v3,JHR,townhouse,2021Q4,102.66,41
pm-2026Q2-v3,JHR,townhouse,2022Q1,96.42,53
pm-2026Q2-v3,JHR,townhouse,2022Q2,102.39,55
pm-2026Q2-v3,JHR,townhouse,2022Q3,113.66,48
pm-2026Q2-v3,JHR,townhouse,2022Q4,104.24,55
pm-2026Q2-v3,JHR,townhouse,2023Q1,108.1,51
pm-2026Q2-v3,JHR,townhouse,2023Q2,113.94,42
pm-2026Q2-v3,JHR,townhouse,2023Q3,105.57,47
pm-2026Q2-v3,JHR,townhouse,2023Q4,116.28,28
pm-2026Q2-v3,JHR,townhouse,2024Q1,119.83,36
pm-2026Q2-v3,JHR,townhouse,2024Q2,125.97,32
pm-2026Q2-v3,JHR,townhouse,2024Q3,123.24,27
pm-2026Q2-v3,JHR,townhouse,2024Q4,121.9,11
pm-2026Q2-v3,JHR,townhouse,2025Q1,118.9,4
pm-2026Q2-v3,JHR,townhouse,2025Q2,117.79,8
pm-2026Q2-v3,JHR,townhouse,2025Q3,129.95,11
pm-2026Q2-v3,JHR,townhouse,2025Q4,125.02,7
pm-2026Q2-v3,JHR,townhouse,2026Q1,123.64,8
pm-2026Q2-v3,JHR,townhouse,2026Q2,128.06,8
pm-2026Q2-v3,KDH,townhouse,2021Q1,100.0,0
pm-2026Q2-v3,KDH,townhouse,2021Q2,107.99,0
pm-2026Q2-v3,KDH,townhouse,2021Q3,102.7,0
pm-2026Q2-v3,KDH,townhouse,2021Q4,107.49,0
pm-2026Q2-v3,KDH,townhouse,2022Q1,104.7,2
pm-2026Q2-v3,KDH,townhouse,2022Q2,107.22,3
pm-2026Q2-v3,KDH,townhouse,2022Q3,109.42,10
pm-2026Q2-v3,KDH,townhouse,2022Q4,109.16,3
pm-2026Q2-v3,KDH,townhouse,2023Q1,108.51,2
pm-2026Q2-v3,KDH,townhouse,2023Q2,117.94,4
pm-2026Q2-v3,KDH,townhouse,2023Q3,107.39,3
pm-2026Q2-v3,KDH,townhouse,2023Q4,113.69,2
pm-2026Q2-v3,KDH,townhouse,2024Q1,115.28,5
pm-2026Q2-v3,KDH,townhouse,2024Q2,117.15,3
pm-2026Q2-v3,KDH,townhouse,2024Q3,116.8,5
pm-2026Q2-v3,KDH,townhouse,2024Q4,119.53,2
pm-2026Q2-v3,KDH,townhouse,2025Q1,118.78,4
pm-2026Q2-v3,KDH,townhouse,2025Q2,112.04,3
pm-2026Q2-v3,KDH,townhouse,2025Q3,123.07,0
pm-2026Q2-v3,KDH,townhouse,2025Q4,120.73,2
pm-2026Q2-v3,KDH,townhouse,2026Q1,119.89,0
pm-2026Q2-v3,KDH,townhouse,2026Q2,126.19,1
pm-2026Q2-v3,KTN,townhouse,2021Q1,100.0,0
pm-2026Q2-v3,KTN,townhouse,2021Q2,107.99,0
pm-2026Q2-v3,KTN,townhouse,2021Q3,102.65,1
pm-2026Q2-v3,KTN,townhouse,2021Q4,107.49,0
pm-2026Q2-v3,KTN,townhouse,2022Q1,105.38,1
pm-2026Q2-v3,KTN,townhouse,2022Q2,106.66,1
pm-2026Q2-v3,KTN,townhouse,2022Q3,110.83,0
pm-2026Q2-v3,KTN,townhouse,2022Q4,109.3,7
pm-2026Q2-v3,KTN,townhouse,2023Q1,109.22,5
pm-2026Q2-v3,KTN,townhouse,2023Q2,116.92,1
pm-2026Q2-v3,KTN,townhouse,2023Q3,106.25,1
pm-2026Q2-v3,KTN,townhouse,2023Q4,113.79,0
pm-2026Q2-v3,KTN,townhouse,2024Q1,114.42,0
pm-2026Q2-v3,KTN,townhouse,2024Q2,118.6,1
pm-2026Q2-v3,KTN,townhouse,2024Q3,116.39,1
pm-2026Q2-v3,KTN,townhouse,2024Q4,119.16,1
pm-2026Q2-v3,KTN,townhouse,2025Q1,119.08,1
pm-2026Q2-v3,KTN,townhouse,2025Q2,112.92,1
pm-2026Q2-v3,KTN,townhouse,2025Q3,123.07,0
pm-2026Q2-v3,KTN,townhouse,2025Q4,119.67,0
pm-2026Q2-v3,KTN,townhouse,2026Q1,119.89,0
pm-2026Q2-v3,KTN,townhouse,2026Q2,125.83,0
pm-2026Q2-v3,KUL,townhouse,2021Q1,100.0,2
pm-2026Q2-v3,KUL,townhouse,2021Q2,110.23,3
pm-2026Q2-v3,KUL,townhouse,2021Q3,106.0,12
pm-2026Q2-v3,KUL,townhouse,2021Q4,108.22,31
pm-2026Q2-v3,KUL,townhouse,2022Q1,106.57,21
pm-2026Q2-v3,KUL,townhouse,2022Q2,106.23,26
pm-2026Q2-v3,KUL,townhouse,2022Q3,109.98,34
pm-2026Q2-v3,KUL,townhouse,2022Q4,115.42,21
pm-2026Q2-v3,KUL,townhouse,2023Q1,109.71,13
pm-2026Q2-v3,KUL,townhouse,2023Q2,116.42,25
pm-2026Q2-v3,KUL,townhouse,2023Q3,106.49,31
pm-2026Q2-v3,KUL,townhouse,2023Q4,108.45,20
pm-2026Q2-v3,KUL,townhouse,2024Q1,112.65,14
pm-2026Q2-v3,KUL,townhouse,2024Q2,114.37,18
pm-2026Q2-v3,KUL,townhouse,2024Q3,115.56,18
pm-2026Q2-v3,KUL,townhouse,2024Q4,119.81,10
pm-2026Q2-v3,KUL,townhouse,2025Q1,116.0,6
pm-2026Q2-v3,KUL,townhouse,2025Q2,113.39,6
pm-2026Q2-v3,KUL,townhouse,2025Q3,121.17,6
pm-2026Q2-v3,KUL,townhouse,2025Q4,117.43,7
pm-2026Q2-v3,KUL,townhouse,2026Q1,119.73,2
pm-2026Q2-v3,KUL,townhouse,2026Q2,129.19,5
pm-2026Q2-v3,MLK,townhouse,2021Q1,100.0,7
pm-2026Q2-v3,MLK,townhouse,2021Q2,106.9,5
pm-2026Q2-v3,MLK,townhouse,2021Q3,104.3,8
pm-2026Q2-v3,MLK,townhouse,2021Q4,107.97,22
pm-2026Q2-v3,MLK,townhouse,2022Q1,101.69,15
pm-2026Q2-v3,MLK,townhouse,2022Q2,107.44,29
pm-2026Q2-v3,MLK,townhouse,2022Q3,111.0,46
pm-2026Q2-v3,MLK,townhouse,2022Q4,109.18,35
pm-2026Q2-v3,MLK,townhouse,2023Q1,108.3,21
pm-2026Q2-v3,MLK,townhouse,2023Q2,119.91,23
pm-2026Q2-v3,MLK,townhouse,2023Q3,108.44,28
pm-2026Q2-v3,MLK,townhouse,2023Q4,114.48,30
pm-2026Q2-v3,MLK,townhouse,2024Q1,116.58,24
pm-2026Q2-v3,MLK,townhouse,2024Q2,116.88,20
pm-2026Q2-v3,MLK,townhouse,2024Q3,114.49,29
pm-2026Q2-v3,MLK,townhouse,2024Q4,120.66,10
pm-2026Q2-v3,MLK,townhouse,2025Q1,120.29,6
pm-2026Q2-v3,MLK,townhouse,2025Q2,115.07,6
pm-2026Q2-v3,MLK,townhouse,2025Q3,123.08,9
pm-2026Q2-v3,MLK,townhouse,2025Q4,118.54,8
pm-2026Q2-v3,MLK,townhouse,2026Q1,115.99,7
pm-2026Q2-v3,MLK,townhouse,2026Q2,123.15,15
pm-2026Q2-v3,NSN,townhouse,2021Q1,100.0,1
pm-2026Q2-v3,NSN,townhouse,2021Q2,109.29,4
pm-2026Q2-v3,NSN,townhouse,2021Q3,108.14,8
pm-2026Q2-v3,NSN,townhouse,2021Q4,113.88,12
pm-2026Q2-v3,NSN,townhouse,2022Q1,110.18,7
pm-2026Q2-v3,NSN,townhouse,2022Q2,108.08,9
pm-2026Q2-v3,NSN,townhouse,2022Q3,110.9,15
pm-2026Q2-v3,NSN,townhouse,2022Q4,111.03,11
pm-2026Q2-v3,NSN,townhouse,2023Q1,110.23,8
pm-2026Q2-v3,NSN,townhouse,2023Q2,122.7,11
pm-2026Q2-v3,NSN,townhouse,2023Q3,97.49,15
pm-2026Q2-v3,NSN,townhouse,2023Q4,112.98,13
pm-2026Q2-v3,NSN,townhouse,2024Q1,110.48,24
pm-2026Q2-v3,NSN,townhouse,2024Q2,120.68,12
pm-2026Q2-v3,NSN,townhouse,2024Q3,110.75,20
pm-2026Q2-v3,NSN,townhouse,2024Q4,120.23,3
pm-2026Q2-v3,NSN,townhouse,2025Q1,124.37,8
pm-2026Q2-v3,NSN,townhouse,2025Q2,103.79,9
pm-2026Q2-v3,NSN,townhouse,2025Q3,115.77,6
pm-2026Q2-v3,NSN,townhouse,2025Q4,115.81,3
pm-2026Q2-v3,NSN,townhouse,2026Q1,122.19,2
pm-2026Q2-v3,NSN,townhouse,2026Q2,125.97,3
pm-2026Q2-v3,PHG,townhouse,2021Q1,100.0,0
pm-2026Q2-v3,PHG,townhouse,2021Q2,107.99,1
pm-2026Q2-v3,PHG,townhouse,2021Q3,102.7,0
pm-2026Q2-v3,PHG,townhouse,2021Q4,107.49,0
pm-2026Q2-v3,PHG,townhouse,2022Q1,105.49,0
pm-2026Q2-v3,PHG,townhouse,2022Q2,106.79,1
pm-2026Q2-v3,PHG,townhouse,2022Q3,110.83,0
pm-2026Q2-v3,PHG,townhouse,2022Q4,109.52,0
pm-2026Q2-v3,PHG,townhouse,2023Q1,108.34,0
pm-2026Q2-v3,PHG,townhouse,2023Q2,117.12,0
pm-2026Q2-v3,PHG,townhouse,2023Q3,106.15,0
pm-2026Q2-v3,PHG,townhouse,2023Q4,114.11,3
pm-2026Q2-v3,PHG,townhouse,2024Q1,114.42,0
pm-2026Q2-v3,PHG,townhouse,2024Q2,118.58,1
pm-2026Q2-v3,PHG,townhouse,2024Q3,116.28,0
pm-2026Q2-v3,PHG,townhouse,2024Q4,119.42,0
pm-2026Q2-v3,PHG,townhouse,2025Q1,119.12,0
pm-2026Q2-v3,PHG,townhouse,2025Q2,112.74,0
pm-2026Q2-v3,PHG,townhouse,2025Q3,123.07,0
pm-2026Q2-v3,PHG,townhouse,2025Q4,119.67,0
pm-2026Q2-v3,PHG,townhouse,2026Q1,119.89,0
pm-2026Q2-v3,PHG,townhouse,2026Q2,125.83,0
pm-2026Q2-v3,PJY,townhouse,2021Q1,100.0,0
pm-2026Q2-v3,PJY,townhouse,2021Q2,107.99,0
pm-2026Q2-v3,PJY,townhouse,2021Q3,102.7,0
pm-2026Q2-v3,PJY,townhouse,2021Q4,107.75,1
pm-2026Q2-v3,PJY,townhouse,2022Q1,105.49,0
pm-2026Q2-v3,PJY,townhouse,2022Q2,107.47,3
pm-2026Q2-v3,PJY,townhouse,2022Q3,110.05,1
pm-2026Q2-v3,PJY,townhouse,2022Q4,109.52,0
pm-2026Q2-v3,PJY,townhouse,2023Q1,108.34,0
pm-2026Q2-v3,PJY,townhouse,2023Q2,116.86,1
pm-2026Q2-v3,PJY,townhouse,2023Q3,106.15,0
pm-2026Q2-v3,PJY,townhouse,2023Q4,113.79,0
pm-2026Q2-v3,PJY,townhouse,2024Q1,114.56,1
pm-2026Q2-v3,PJY,townhouse,2024Q2,118.85,0
pm-2026Q2-v3,PJY,townhouse,2024Q3,116.28,0
pm-2026Q2-v3,PJY,townhouse,2024Q4,119.42,0
pm-2026Q2-v3,PJY,townhouse,2025Q1,119.12,0
pm-2026Q2-v3,PJY,townhouse,2025Q2,112.74,0
pm-2026Q2-v3,PJY,townhouse,2025Q3,123.07,0
pm-2026Q2-v3,PJY,townhouse,2025Q4,119.67,0
pm-2026Q2-v3,PJY,townhouse,2026Q1,119.89,0
pm-2026Q2-v3,PJY,townhouse,2026Q2,125.83,0
pm-2026Q2-v3,PNG,townhouse,2021Q1,100.0,12
pm-2026Q2-v3,PNG,townhouse,2021Q2,108.02,11
pm-2026Q2-v3,PNG,townhouse,2021Q3,100.22,9
pm-2026Q2-v3,PNG,townhouse,2021Q4,104.82,35
pm-2026Q2-v3,PNG,townhouse,2022Q1,110.77,40
pm-2026Q2-v3,PNG,townhouse,2022Q2,108.36,35
pm-2026Q2-v3,PNG,townhouse,2022Q3,110.46,37
pm-2026Q2-v3,PNG,townhouse,2022Q4,108.45,21
pm-2026Q2-v3,PNG,townhouse,2023Q1,106.57,17
pm-2026Q2-v3,PNG,townhouse,2023Q2,116.31,31
pm-2026Q2-v3,PNG,townhouse,2023Q3,106.71,25
pm-2026Q2-v3,PNG,townhouse,2023Q4,115.45,18
pm-2026Q2-v3,PNG,townhouse,2024Q1,112.4,16
pm-2026Q2-v3,PNG,townhouse,2024Q2,117.76,19
pm-2026Q2-v3,PNG,townhouse,2024Q3,117.43,29
pm-2026Q2-v3,PNG,townhouse,2024Q4,119.46,8
pm-2026Q2-v3,PNG,townhouse,2025Q1,119.9,7
pm-2026Q2-v3,PNG,townhouse,2025Q2,115.17,6
pm-2026Q2-v3,PNG,townhouse,2025Q3,123.8,4
pm-2026Q2-v3,PNG,townhouse,2025Q4,120.41,3
pm-2026Q2-v3,PNG,townhouse,2026Q1,118.83,3
pm-2026Q2-v3,PNG,townhouse,2026Q2,124.96,9
pm-2026Q2-v3,PRK,townhouse,2021Q1,100.0,3
pm-2026Q2-v3,PRK,townhouse,2021Q2,107.9,2
pm-2026Q2-v3,PRK,townhouse,2021Q3,103.78,5
pm-2026Q2-v3,PRK,townhouse,2021Q4,108.32,11
pm-2026Q2-v3,PRK,townhouse,2022Q1,105.96,15
pm-2026Q2-v3,PRK,townhouse,2022Q2,108.22,12
pm-2026Q2-v3,PRK,townhouse,2022Q3,110.67,9
pm-2026Q2-v3,PRK,townhouse,2022Q4,107.57,8
pm-2026Q2-v3,PRK,townhouse,2023Q1,108.26,6
pm-2026Q2-v3,PRK,townhouse,2023Q2,117.23,6
pm-2026Q2-v3,PRK,townhouse,2023Q3,106.13,5
pm-2026Q2-v3,PRK,townhouse,2023Q4,117.81,5
pm-2026Q2-v3,PRK,townhouse,2024Q1,113.91,5
pm-2026Q2-v3,PRK,townhouse,2024Q2,117.93,6
pm-2026Q2-v3,PRK,townhouse,2024Q3,116.58,10
pm-2026Q2-v3,PRK,townhouse,2024Q4,118.98,1
pm-2026Q2-v3,PRK,townhouse,2025Q1,118.0,5
pm-2026Q2-v3,PRK,townhouse,2025Q2,111.62,3
pm-2026Q2-v3,PRK,townhouse,2025Q3,123.32,1
pm-2026Q2-v3,PRK,townhouse,2025Q4,119.41,2
pm-2026Q2-v3,PRK,townhouse,2026Q1,120.19,1
pm-2026Q2-v3,PRK,townhouse,2026Q2,125.4,2
pm-2026Q2-v3,SBH,townhouse,2021Q1,100.0,0
pm-2026Q2-v3,SBH,townhouse,2021Q2,107.99,0
pm-2026Q2-v3,SBH,townhouse,2021Q3,103.08,1
pm-2026Q2-v3,SBH,townhouse,2021Q4,107.71,1
pm-2026Q2-v3,SBH,townhouse,2022Q1,106.28,4
pm-2026Q2-v3,SBH,townhouse,2022Q2,106.76,7
pm-2026Q2-v3,SBH,townhouse,2022Q3,111.37,4
pm-2026Q2-v3,SBH,townhouse,2022Q4,110.4,5
pm-2026Q2-v3,SBH,townhouse,2023Q1,107.72,5
pm-2026Q2-v3,SBH,townhouse,2023Q2,115.72,3
pm-2026Q2-v3,SBH,townhouse,2023Q3,106.97,3
pm-2026Q2-v3,SBH,townhouse,2023Q4,112.16,9
pm-2026Q2-v3,SBH,townhouse,2024Q1,114.34,2
pm-2026Q2-v3,SBH,townhouse,2024Q2,118.85,0
pm-2026Q2-v3,SBH,townhouse,2024Q3,116.28,0
pm-2026Q2-v3,SBH,townhouse,2024Q4,119.42,0
pm-2026Q2-v3,SBH,townhouse,2025Q1,119.12,0
pm-2026Q2-v3,SBH,townhouse,2025Q2,112.74,0
pm-2026Q2-v3,SBH,townhouse,2025Q3,123.07,0
pm-2026Q2-v3,SBH,townhouse,2025Q4,119.67,0
pm-2026Q2-v3,SBH,townhouse,2026Q1,119.89,0
pm-2026Q2-v3,SBH,townhouse,2026Q2,125.83,0
pm-2026Q2-v3,SGR,townhouse,2021Q1,100.0,51
pm-2026Q2-v3,SGR,townhouse,2021Q2,109.77,32
pm-2026Q2-v3,SGR,townhouse,2021Q3,100.18,74
pm-2026Q2-v3,SGR,townhouse,2021Q4,107.4,165
pm-2026Q2-v3,SGR,townhouse,2022Q1,105.7,110
pm-2026Q2-v3,SGR,townhouse,2022Q2,106.81,136
pm-2026Q2-v3,SGR,townhouse,2022Q3,108.98,135
pm-2026Q2-v3,SGR,townhouse,2022Q4,110.8,132
pm-2026Q2-v3,SGR,townhouse,2023Q1,108.6,115
pm-2026Q2-v3,SGR,townhouse,2023Q2,115.03,129
pm-2026Q2-v3,SGR,townhouse,2023Q3,109.64,158
pm-2026Q2-v3,SGR,townhouse,2023Q4,113.67,139
pm-2026Q2-v3,SGR,townhouse,2024Q1,113.68,106
pm-2026Q2-v3,SGR,townhouse,2024Q2,119.07,87
pm-2026Q2-v3,SGR,townhouse,2024Q3,114.73,84
pm-2026Q2-v3,SGR,townhouse,2024Q4,114.48,23
pm-2026Q2-v3,SGR,townhouse,2025Q1,118.0,24
pm-2026Q2-v3,SGR,townhouse,2025Q2,113.81,25
pm-2026Q2-v3,SGR,townhouse,2025Q3,123.65,37
pm-2026Q2-v3,SGR,townhouse,2025Q4,122.26,22
pm-2026Q2-v3,SGR,townhouse,2026Q1,119.05,17
pm-2026Q2-v3,SGR,townhouse,2026Q2,124.89,23
pm-2026Q2-v3,SWK,townhouse,2021Q1,100.0,1
pm-2026Q2-v3,SWK,townhouse,2021Q2,107.81,1
pm-2026Q2-v3,SWK,townhouse,2021Q3,100.71,11
pm-2026Q2-v3,SWK,townhouse,2021Q4,106.49,21
pm-2026Q2-v3,SWK,townhouse,2022Q1,106.48,4
pm-2026Q2-v3,SWK,townhouse,2022Q2,105.87,11
pm-2026Q2-v3,SWK,townhouse,2022Q3,112.78,9
pm-2026Q2-v3,SWK,townhouse,2022Q4,109.49,14
pm-2026Q2-v3,SWK,townhouse,2023Q1,106.44,11
pm-2026Q2-v3,SWK,townhouse,2023Q2,117.18,21
pm-2026Q2-v3,SWK,townhouse,2023Q3,107.7,11
pm-2026Q2-v3,SWK,townhouse,2023Q4,113.42,8
pm-2026Q2-v3,SWK,townhouse,2024Q1,115.21,9
pm-2026Q2-v3,SWK,townhouse,2024Q2,120.88,16
pm-2026Q2-v3,SWK,townhouse,2024Q3,117.13,17
pm-2026Q2-v3,SWK,townhouse,2024Q4,120.96,5
pm-2026Q2-v3,SWK,townhouse,2025Q1,118.35,1
pm-2026Q2-v3,SWK,townhouse,2025Q2,112.3,3
pm-2026Q2-v3,SWK,townhouse,2025Q3,124.23,2
pm-2026Q2-v3,SWK,townhouse,2025Q4,118.2,6
pm-2026Q2-v3,SWK,townhouse,2026Q1,119.6,1
pm-2026Q2-v3,SWK,townhouse,2026Q2,124.76,3
pm-2026Q2-v3,TRG,townhouse,2021Q1,100.0,1
pm-2026Q2-v3,TRG,townhouse,2021Q2,108.11,4
pm-2026Q2-v3,TRG,townhouse,2021Q3,103.48,3
pm-2026Q2-v3,TRG,townhouse,2021Q4,107.49,0
pm-2026Q2-v3,TRG,townhouse,2022Q1,106.46,3
pm-2026Q2-v3,TRG,townhouse,2022Q2,107.81,5
pm-2026Q2-v3,TRG,townhouse,2022Q3,110.74,4
pm-2026Q2-v3,TRG,townhouse,2022Q4,109.45,8
pm-2026Q2-v3,TRG,townhouse,2023Q1,108.48,7
pm-2026Q2-v3,TRG,townhouse,2023Q2,116.67,3
pm-2026Q2-v3,TRG,townhouse,2023Q3,105.54,1
pm-2026Q2-v3,TRG,townhouse,2023Q4,113.26,7
pm-2026Q2-v3,TRG,townhouse,2024Q1,114.42,0
pm-2026Q2-v3,TRG,townhouse,2024Q2,118.65,1
pm-2026Q2-v3,TRG,townhouse,2024Q3,116.28,0
pm-2026Q2-v3,TRG,townhouse,2024Q4,118.66,4
pm-2026Q2-v3,TRG,townhouse,2025Q1,118.93,1
pm-2026Q2-v3,TRG,townhouse,2025Q2,112.74,0
pm-2026Q2-v3,TRG,townhouse,2025Q3,123.07,0
pm-2026Q2-v3,TRG,townhouse,2025Q4,119.15,2
pm-2026Q2-v3,TRG,townhouse,2026Q1,119.89,0
pm-2026Q2-v3,TRG,townhouse,2026Q2,125.83,0
pm-2026Q2-v3,ALL,all_types,2021Q1,100.0,4442
pm-2026Q2-v3,ALL,all_types,2021Q2,99.1,5743
pm-2026Q2-v3,ALL,all_types,2021Q3,98.27,9954
pm-2026Q2-v3,ALL,all_types,2021Q4,101.73,28463
pm-2026Q2-v3,ALL,all_types,2022Q1,99.56,23877
pm-2026Q2-v3,ALL,all_types,2022Q2,102.19,30958
pm-2026Q2-v3,ALL,all_types,2022Q3,103.23,32448
pm-2026Q2-v3,ALL,all_types,2022Q4,104.06,28936
pm-2026Q2-v3,ALL,all_types,2023Q1,104.97,26857
pm-2026Q2-v3,ALL,all_types,2023Q2,106.49,30059
pm-2026Q2-v3,ALL,all_types,2023Q3,107.63,30118
pm-2026Q2-v3,ALL,all_types,2023Q4,108.68,28653
pm-2026Q2-v3,ALL,all_types,2024Q1,109.38,26404
pm-2026Q2-v3,ALL,all_types,2024Q2,110.15,26823
pm-2026Q2-v3,ALL,all_types,2024Q3,109.8,25542
pm-2026Q2-v3,ALL,all_types,2024Q4,109.5,9135
pm-2026Q2-v3,ALL,all_types,2025Q1,111.98,7560
pm-2026Q2-v3,ALL,all_types,2025Q2,112.03,8252
pm-2026Q2-v3,ALL,all_types,2025Q3,111.37,9534
pm-2026Q2-v3,ALL,all_types,2025Q4,114.68,9190
pm-2026Q2-v3,ALL,all_types,2026Q1,112.54,5567
pm-2026Q2-v3,ALL,all_types,2026Q2,114.57,7779
pm-2026Q2-v3,JHR,all_types,2021Q1,100.0,657
pm-2026Q2-v3,JHR,all_types,2021Q2,96.58,878
pm-2026Q2-v3,JHR,all_types,2021Q3,96.75,1310
pm-2026Q2-v3,JHR,all_types,2021Q4,100.14,3840
pm-2026Q2-v3,JHR,all_types,2022Q1,98.18,3518
pm-2026Q2-v3,JHR,all_types,2022Q2,100.55,5242
pm-2026Q2-v3,JHR,all_types,2022Q3,103.05,5570
pm-2026Q2-v3,JHR,all_types,2022Q4,103.98,5304
pm-2026Q2-v3,JHR,all_types,2023Q1,106.25,5221
pm-2026Q2-v3,JHR,all_types,2023Q2,109.14,6279
pm-2026Q2-v3,JHR,all_types,2023Q3,108.35,6123
pm-2026Q2-v3,JHR,all_types,2023Q4,110.1,5736
pm-2026Q2-v3,JHR,all_types,2024Q1,111.97,5348
pm-2026Q2-v3,JHR,all_types,2024Q2,114.52,5664
pm-2026Q2-v3,JHR,all_types,2024Q3,114.68,4808
pm-2026Q2-v3,JHR,all_types,2024Q4,114.48,1240
pm-2026Q2-v3,JHR,all_types,2025Q1,117.69,980
pm-2026Q2-v3,JHR,all_types,2025Q2,117.66,1243
pm-2026Q2-v3,JHR,all_types,2025Q3,117.14,1325
pm-2026Q2-v3,JHR,all_types,2025Q4,118.81,1315
pm-2026Q2-v3,JHR,all_types,2026Q1,119.31,778
pm-2026Q2-v3,JHR,all_types,2026Q2,122.31,1207
pm-2026Q2-v3,KDH,all_types,2021Q1,100.0,169
pm-2026Q2-v3,KDH,all_types,2021Q2,98.56,224
pm-2026Q2-v3,KDH,all_types,2021Q3,100.19,479
pm-2026Q2-v3,KDH,all_types,2021Q4,101.47,1587
pm-2026Q2-v3,KDH,all_types,2022Q1,100.58,1370
pm-2026Q2-v3,KDH,all_types,2022Q2,102.62,1718
pm-2026Q2-v3,KDH,all_types,2022Q3,104.78,1923
pm-2026Q2-v3,KDH,all_types,2022Q4,107.09,1776
pm-2026Q2-v3,KDH,all_types,2023Q1,107.82,1660
pm-2026Q2-v3,KDH,all_types,2023Q2,110.15,1651
pm-2026Q2-v3,KDH,all_types,2023Q3,112.7,1806
pm-2026Q2-v3,KDH,all_types,2023Q4,114.37,1642
pm-2026Q2-v3,KDH,all_types,2024Q1,116.52,1629
pm-2026Q2-v3,KDH,all_types,2024Q2,118.34,1527
pm-2026Q2-v3,KDH,all_types,2024Q3,117.8,1521
pm-2026Q2-v3,KDH,all_types,2024Q4,119.28,644
pm-2026Q2-v3,KDH,all_types,2025Q1,121.24,563
pm-2026Q2-v3,KDH,all_types,2025Q2,123.17,589
pm-2026Q2-v3,KDH,all_types,2025Q3,122.53,632
pm-2026Q2-v3,KDH,all_types,2025Q4,123.94,573
pm-2026Q2-v3,KDH,all_types,2026Q1,124.52,457
pm-2026Q2-v3,KDH,all_types,2026Q2,126.25,539
pm-2026Q2-v3,KTN,all_types,2021Q1,100.0,33
pm-2026Q2-v3,KTN,all_types,2021Q2,100.17,29
pm-2026Q2-v3,KTN,all_types,2021Q3,99.25,134
pm-2026Q2-v3,KTN,all_types,2021Q4,100.49,282
pm-2026Q2-v3,KTN,all_types,2022Q1,99.68,456
pm-2026Q2-v3,KTN,all_types,2022Q2,102.73,352
pm-2026Q2-v3,KTN,all_types,2022Q3,103.54,398
pm-2026Q2-v3,KTN,all_types,2022Q4,102.94,354
pm-2026Q2-v3,KTN,all_types,2023Q1,105.28,345
pm-2026Q2-v3,KTN,all_types,2023Q2,104.08,319
pm-2026Q2-v3,KTN,all_types,2023Q3,108.45,231
pm-2026Q2-v3,KTN,all_types,2023Q4,108.25,364
pm-2026Q2-v3,KTN,all_types,2024Q1,108.26,497
pm-2026Q2-v3,KTN,all_types,2024Q2,107.04,477
pm-2026Q2-v3,KTN,all_types,2024Q3,107.23,497
pm-2026Q2-v3,KTN,all_types,2024Q4,110.36,369
pm-2026Q2-v3,KTN,all_types,2025Q1,110.82,281
pm-2026Q2-v3,KTN,all_types,2025Q2,112.16,320
pm-2026Q2-v3,KTN,all_types,2025Q3,112.26,288
pm-2026Q2-v3,KTN,all_types,2025Q4,114.89,340
pm-2026Q2-v3,KTN,all_types,2026Q1,111.27,251
pm-2026Q2-v3,KTN,all_types,2026Q2,114.93,317
pm-2026Q2-v3,KUL,all_types,2021Q1,100.0,232
pm-2026Q2-v3,KUL,all_types,2021Q2,101.81,257
pm-2026Q2-v3,KUL,all_types,2021Q3,96.72,441
pm-2026Q2-v3,KUL,all_types,2021Q4,99.37,1797
pm-2026Q2-v3,KUL,all_types,2022Q1,96.96,1445
pm-2026Q2-v3,KUL,all_types,2022Q2,97.02,1908
pm-2026Q2-v3,KUL,all_types,2022Q3,99.25,2096
pm-2026Q2-v3,KUL,all_types,2022Q4,98.71,1704
pm-2026Q2-v3,KUL,all_types,2023Q1,101.48,1562
pm-2026Q2-v3,KUL,all_types,2023Q2,99.01,1910
pm-2026Q2-v3,KUL,all_types,2023Q3,99.3,1789
pm-2026Q2-v3,KUL,all_types,2023Q4,98.74,1713
pm-2026Q2-v3,KUL,all_types,2024Q1,98.82,1419
pm-2026Q2-v3,KUL,all_types,2024Q2,101.14,1692
pm-2026Q2-v3,KUL,all_types,2024Q3,99.39,1803
pm-2026Q2-v3,KUL,all_types,2024Q4,96.74,511
pm-2026Q2-v3,KUL,all_types,2025Q1,98.24,448
pm-2026Q2-v3,KUL,all_types,2025Q2,98.35,576
pm-2026Q2-v3,KUL,all_types,2025Q3,99.09,633
pm-2026Q2-v3,KUL,all_types,2025Q4,112.06,828
pm-2026Q2-v3,KUL,all_types,2026Q1,98.52,364
pm-2026Q2-v3,KUL,all_types,2026Q2,100.3,518
pm-2026Q2-v3,LBN,all_types,2021Q1,100.0,3
pm-2026Q2-v3,LBN,all_types,2021Q2,98.46,2
pm-2026Q2-v3,LBN,all_types,2021Q3,97.6,7
pm-2026Q2-v3,LBN,all_types,2021Q4,101.18,27
pm-2026Q2-v3,LBN,all_types,2022Q1,98.51,27
pm-2026Q2-v3,LBN,all_types,2022Q2,101.99,22
pm-2026Q2-v3,LBN,all_types,2022Q3,103.7,19
pm-2026Q2-v3,LBN,all_types,2022Q4,104.65,24
pm-2026Q2-v3,LBN,all_types,2023Q1,105.12,28
pm-2026Q2-v3,LBN,all_types,2023Q2,106.13,24
pm-2026Q2-v3,LBN,all_types,2023Q3,107.25,31
pm-2026Q2-v3,LBN,all_types,2023Q4,107.9,31
pm-2026Q2-v3,LBN,all_types,2024Q1,108.97,23
pm-2026Q2-v3,LBN,all_types,2024Q2,110.5,21
pm-2026Q2-v3,LBN,all_types,2024Q3,109.25,18
pm-2026Q2-v3,LBN,all_types,2024Q4,109.04,12
pm-2026Q2-v3,LBN,all_types,2025Q1,110.48,10
pm-2026Q2-v3,LBN,all_types,2025Q2,111.62,16
pm-2026Q2-v3,LBN,all_types,2025Q3,111.54,14
pm-2026Q2-v3,LBN,all_types,2025Q4,114.25,9
pm-2026Q2-v3,LBN,all_types,2026Q1,112.46,11
pm-2026Q2-v3,LBN,all_types,2026Q2,113.93,10
pm-2026Q2-v3,MLK,all_types,2021Q1,100.0,261
pm-2026Q2-v3,MLK,all_types,2021Q2,99.55,287
pm-2026Q2-v3,MLK,all_types,2021Q3,97.25,462
pm-2026Q2-v3,MLK,all_types,2021Q4,104.32,1324
pm-2026Q2-v3,MLK,all_types,2022Q1,101.41,1117
pm-2026Q2-v3,MLK,all_types,2022Q2,103.79,1366
pm-2026Q2-v3,MLK,all_types,2022Q3,106.04,1603
pm-2026Q2-v3,MLK,all_types,2022Q4,106.74,1309
pm-2026Q2-v3,MLK,all_types,2023Q1,108.5,1329
pm-2026Q2-v3,MLK,all_types,2023Q2,109.48,1329
pm-2026Q2-v3,MLK,all_types,2023Q3,108.23,1390
pm-2026Q2-v3,MLK,all_types,2023Q4,110.55,1248
pm-2026Q2-v3,MLK,all_types,2024Q1,110.89,1204
pm-2026Q2-v3,MLK,all_types,2024Q2,113.05,1255
pm-2026Q2-v3,MLK,all_types,2024Q3,112.02,1159
pm-2026Q2-v3,MLK,all_types,2024Q4,113.14,455
pm-2026Q2-v3,MLK,all_types,2025Q1,113.48,332
pm-2026Q2-v3,MLK,all_types,2025Q2,115.38,337
pm-2026Q2-v3,MLK,all_types,2025Q3,113.45,512
pm-2026Q2-v3,MLK,all_types,2025Q4,116.65,472
pm-2026Q2-v3,MLK,all_types,2026Q1,118.14,244
pm-2026Q2-v3,MLK,all_types,2026Q2,120.63,370
pm-2026Q2-v3,NSN,all_types,2021Q1,100.0,329
pm-2026Q2-v3,NSN,all_types,2021Q2,100.62,420
pm-2026Q2-v3,NSN,all_types,2021Q3,100.6,779
pm-2026Q2-v3,NSN,all_types,2021Q4,104.57,2049
pm-2026Q2-v3,NSN,all_types,2022Q1,101.43,1625
pm-2026Q2-v3,NSN,all_types,2022Q2,104.27,1889
pm-2026Q2-v3,NSN,all_types,2022Q3,105.12,1979
pm-2026Q2-v3,NSN,all_types,2022Q4,105.09,1697
pm-2026Q2-v3,NSN,all_types,2023Q1,104.11,1618
pm-2026Q2-v3,NSN,all_types,2023Q2,104.41,1745
pm-2026Q2-v3,NSN,all_types,2023Q3,106.23,1769
pm-2026Q2-v3,NSN,all_types,2023Q4,108.06,1514
pm-2026Q2-v3,NSN,all_types,2024Q1,109.46,1635
pm-2026Q2-v3,NSN,all_types,2024Q2,109.74,1586
pm-2026Q2-v3,NSN,all_types,2024Q3,106.55,1438
pm-2026Q2-v3,NSN,all_types,2024Q4,106.42,481
pm-2026Q2-v3,NSN,all_types,2025Q1,110.33,461
pm-2026Q2-v3,NSN,all_types,2025Q2,109.08,422
pm-2026Q2-v3,NSN,all_types,2025Q3,108.56,533
pm-2026Q2-v3,NSN,all_types,2025Q4,111.65,549
pm-2026Q2-v3,NSN,all_types,2026Q1,109.36,290
pm-2026Q2-v3,NSN,all_types,2026Q2,108.95,452
pm-2026Q2-v3,PHG,all_types,2021Q1,100.0,186
pm-2026Q2-v3,PHG,all_types,2021Q2,99.36,170
pm-2026Q2-v3,PHG,all_types,2021Q3,99.71,379
pm-2026Q2-v3,PHG,all_types,2021Q4,101.35,1215
pm-2026Q2-v3,PHG,all_types,2022Q1,101.7,1154
pm-2026Q2-v3,PHG,all_types,2022Q2,104.33,1361
pm-2026Q2-v3,PHG,all_types,2022Q3,105.42,1405
pm-2026Q2-v3,PHG,all_types,2022Q4,104.29,1284
pm-2026Q2-v3,PHG,all_types,2023Q1,107.07,1156
pm-2026Q2-v3,PHG,all_types,2023Q2,107.75,1165
pm-2026Q2-v3,PHG,all_types,2023Q3,111.79,1362
pm-2026Q2-v3,PHG,all_types,2023Q4,109.92,1360
pm-2026Q2-v3,PHG,all_types,2024Q1,108.98,1251
pm-2026Q2-v3,PHG,all_types,2024Q2,109.89,1180
pm-2026Q2-v3,PHG,all_types,2024Q3,110.33,1222
pm-2026Q2-v3,PHG,all_types,2024Q4,112.98,563
pm-2026Q2-v3,PHG,all_types,2025Q1,115.22,444
pm-2026Q2-v3,PHG,all_types,2025Q2,112.37,391
pm-2026Q2-v3,PHG,all_types,2025Q3,112.07,463
pm-2026Q2-v3,PHG,all_types,2025Q4,116.25,504
pm-2026Q2-v3,PHG,all_types,2026Q1,114.27,276
pm-2026Q2-v3,PHG,all_types,2026Q2,116.18,391
pm-2026Q2-v3,PJY,all_types,2021Q1,100.0,9
pm-2026Q2-v3,PJY,all_types,2021Q2,98.15,12
pm-2026Q2-v3,PJY,all_types,2021Q3,96.88,15
pm-2026Q2-v3,PJY,all_types,2021Q4,99.98,66
pm-2026Q2-v3,PJY,all_types,2022Q1,97.24,47
pm-2026Q2-v3,PJY,all_types,2022Q2,99.7,58
pm-2026Q2-v3,PJY,all_types,2022Q3,99.9,51
pm-2026Q2-v3,PJY,all_types,2022Q4,101.03,50
pm-2026Q2-v3,PJY,all_types,2023Q1,100.05,65
pm-2026Q2-v3,PJY,all_types,2023Q2,107.77,71
pm-2026Q2-v3,PJY,all_types,2023Q3,108.87,74
pm-2026Q2-v3,PJY,all_types,2023Q4,106.97,59
pm-2026Q2-v3,PJY,all_types,2024Q1,106.1,51
pm-2026Q2-v3,PJY,all_types,2024Q2,104.23,41
pm-2026Q2-v3,PJY,all_types,2024Q3,105.36,29
pm-2026Q2-v3,PJY,all_types,2024Q4,102.51,9
pm-2026Q2-v3,PJY,all_types,2025Q1,107.3,12
pm-2026Q2-v3,PJY,all_types,2025Q2,106.41,7
pm-2026Q2-v3,PJY,all_types,2025Q3,102.85,20
pm-2026Q2-v3,PJY,all_types,2025Q4,109.94,6
pm-2026Q2-v3,PJY,all_types,2026Q1,106.39,10
pm-2026Q2-v3,PJY,all_types,2026Q2,108.49,11
pm-2026Q2-v3,PLS,all_types,2021Q1,100.0,16
pm-2026Q2-v3,PLS,all_types,2021Q2,101.66,22
pm-2026Q2-v3,PLS,all_types,2021Q3,101.07,31
pm-2026Q2-v3,PLS,all_types,2021Q4,104.57,143
pm-2026Q2-v3,PLS,all_types,2022Q1,102.14,142
pm-2026Q2-v3,PLS,all_types,2022Q2,104.49,144
pm-2026Q2-v3,PLS,all_types,2022Q3,105.96,160
pm-2026Q2-v3,PLS,all_types,2022Q4,109.25,140
pm-2026Q2-v3,PLS,all_types,2023Q1,108.98,140
pm-2026Q2-v3,PLS,all_types,2023Q2,111.0,114
pm-2026Q2-v3,PLS,all_types,2023Q3,114.88,135
pm-2026Q2-v3,PLS,all_types,2023Q4,112.76,112
pm-2026Q2-v3,PLS,all_types,2024Q1,114.35,144
pm-2026Q2-v3,PLS,all_types,2024Q2,115.15,133
pm-2026Q2-v3,PLS,all_types,2024Q3,113.95,124
pm-2026Q2-v3,PLS,all_types,2024Q4,114.81,42
pm-2026Q2-v3,PLS,all_types,2025Q1,119.82,44
pm-2026Q2-v3,PLS,all_types,2025Q2,119.74,35
pm-2026Q2-v3,PLS,all_types,2025Q3,117.78,45
pm-2026Q2-v3,PLS,all_types,2025Q4,121.52,33
pm-2026Q2-v3,PLS,all_types,2026Q1,119.14,32
pm-2026Q2-v3,PLS,all_types,2026Q2,122.5,33
pm-2026Q2-v3,PNG,all_types,2021Q1,100.0,269
pm-2026Q2-v3,PNG,all_types,2021Q2,95.43,414
pm-2026Q2-v3,PNG,all_types,2021Q3,93.06,649
pm-2026Q2-v3,PNG,all_types,2021Q4,100.45,2415
pm-2026Q2-v3,PNG,all_types,2022Q1,98.09,2032
pm-2026Q2-v3,PNG,all_types,2022Q2,100.4,2820
pm-2026Q2-v3,PNG,all_types,2022Q3,101.58,2732
pm-2026Q2-v3,PNG,all_types,2022Q4,103.48,2364
pm-2026Q2-v3,PNG,all_types,2023Q1,104.22,2142
pm-2026Q2-v3,PNG,all_types,2023Q2,105.84,2355
pm-2026Q2-v3,PNG,all_types,2023Q3,105.62,2388
pm-2026Q2-v3,PNG,all_types,2023Q4,107.27,2208
pm-2026Q2-v3,PNG,all_types,2024Q1,108.95,2023
pm-2026Q2-v3,PNG,all_types,2024Q2,109.14,2119
pm-2026Q2-v3,PNG,all_types,2024Q3,110.37,2171
pm-2026Q2-v3,PNG,all_types,2024Q4,108.96,820
pm-2026Q2-v3,PNG,all_types,2025Q1,110.93,675
pm-2026Q2-v3,PNG,all_types,2025Q2,108.69,702
pm-2026Q2-v3,PNG,all_types,2025Q3,109.63,853
pm-2026Q2-v3,PNG,all_types,2025Q4,112.11,806
pm-2026Q2-v3,PNG,all_types,2026Q1,109.95,512
pm-2026Q2-v3,PNG,all_types,2026Q2,111.2,649
pm-2026Q2-v3,PRK,all_types,2021Q1,100.0,474
pm-2026Q2-v3,PRK,all_types,2021Q2,99.46,544
pm-2026Q2-v3,PRK,all_types,2021Q3,100.64,1120
pm-2026Q2-v3,PRK,all_types,2021Q4,102.6,2655
pm-2026Q2-v3,PRK,all_types,2022Q1,102.81,2833
pm-2026Q2-v3,PRK,all_types,2022Q2,104.06,3295
pm-2026Q2-v3,PRK,all_types,2022Q3,104.21,3165
pm-2026Q2-v3,PRK,all_types,2022Q4,106.21,2802
pm-2026Q2-v3,PRK,all_types,2023Q1,106.88,2637
pm-2026Q2-v3,PRK,all_types,2023Q2,107.69,2894
pm-2026Q2-v3,PRK,all_types,2023Q3,110.09,2705
pm-2026Q2-v3,PRK,all_types,2023Q4,109.99,3013
pm-2026Q2-v3,PRK,all_types,2024Q1,110.99,2684
pm-2026Q2-v3,PRK,all_types,2024Q2,113.71,2899
pm-2026Q2-v3,PRK,all_types,2024Q3,114.67,2747
pm-2026Q2-v3,PRK,all_types,2024Q4,114.18,945
pm-2026Q2-v3,PRK,all_types,2025Q1,114.36,887
pm-2026Q2-v3,PRK,all_types,2025Q2,113.71,896
pm-2026Q2-v3,PRK,all_types,2025Q3,115.16,999
pm-2026Q2-v3,PRK,all_types,2025Q4,115.58,886
pm-2026Q2-v3,PRK,all_types,2026Q1,113.68,482
pm-2026Q2-v3,PRK,all_types,2026Q2,118.51,853
pm-2026Q2-v3,SBH,all_types,2021Q1,100.0,21
pm-2026Q2-v3,SBH,all_types,2021Q2,97.99,52
pm-2026Q2-v3,SBH,all_types,2021Q3,97.17,90
pm-2026Q2-v3,SBH,all_types,2021Q4,101.14,470
pm-2026Q2-v3,SBH,all_types,2022Q1,98.72,505
pm-2026Q2-v3,SBH,all_types,2022Q2,101.84,659
pm-2026Q2-v3,SBH,all_types,2022Q3,102.4,709
pm-2026Q2-v3,SBH,all_types,2022Q4,102.29,597
pm-2026Q2-v3,SBH,all_types,2023Q1,102.91,555
pm-2026Q2-v3,SBH,all_types,2023Q2,105.16,606
pm-2026Q2-v3,SBH,all_types,2023Q3,107.0,655
pm-2026Q2-v3,SBH,all_types,2023Q4,107.34,586
pm-2026Q2-v3,SBH,all_types,2024Q1,107.77,396
pm-2026Q2-v3,SBH,all_types,2024Q2,107.17,307
pm-2026Q2-v3,SBH,all_types,2024Q3,108.45,273
pm-2026Q2-v3,SBH,all_types,2024Q4,108.14,192
pm-2026Q2-v3,SBH,all_types,2025Q1,109.78,142
pm-2026Q2-v3,SBH,all_types,2025Q2,109.58,177
pm-2026Q2-v3,SBH,all_types,2025Q3,109.1,194
pm-2026Q2-v3,SBH,all_types,2025Q4,110.69,158
pm-2026Q2-v3,SBH,all_types,2026Q1,110.98,143
pm-2026Q2-v3,SBH,all_types,2026Q2,110.23,213
pm-2026Q2-v3,SGR,all_types,2021Q1,100.0,1684
pm-2026Q2-v3,SGR,all_types,2021Q2,100.76,2324
pm-2026Q2-v3,SGR,all_types,2021Q3,99.84,3794
pm-2026Q2-v3,SGR,all_types,2021Q4,101.23,9342
pm-2026Q2-v3,SGR,all_types,2022Q1,98.7,6393
pm-2026Q2-v3,SGR,all_types,2022Q2,101.37,8711
pm-2026Q2-v3,SGR,all_types,2022Q3,101.39,9119
pm-2026Q2-v3,SGR,all_types,2022Q4,101.66,8101
pm-2026Q2-v3,SGR,all_types,2023Q1,101.61,7079
pm-2026Q2-v3,SGR,all_types,2023Q2,104.66,8086
pm-2026Q2-v3,SGR,all_types,2023Q3,104.49,8444
pm-2026Q2-v3,SGR,all_types,2023Q4,104.96,7449
pm-2026Q2-v3,SGR,all_types,2024Q1,105.24,6680
pm-2026Q2-v3,SGR,all_types,2024Q2,107.25,6482
pm-2026Q2-v3,SGR,all_types,2024Q3,107.4,6227
pm-2026Q2-v3,SGR,all_types,2024Q4,106.45,2015
pm-2026Q2-v3,SGR,all_types,2025Q1,107.48,1571
pm-2026Q2-v3,SGR,all_types,2025Q2,108.63,1812
pm-2026Q2-v3,SGR,all_types,2025Q3,108.05,2211
pm-2026Q2-v3,SGR,all_types,2025Q4,110.65,1915
pm-2026Q2-v3,SGR,all_types,2026Q1,108.32,1194
pm-2026Q2-v3,SGR,all_types,2026Q2,111.18,1529
pm-2026Q2-v3,SWK,all_types,2021Q1,100.0,50
pm-2026Q2-v3,SWK,all_types,2021Q2,100.81,70
pm-2026Q2-v3,SWK,all_types,2021Q3,99.27,185
pm-2026Q2-v3,SWK,all_types,2021Q4,100.82,827
pm-2026Q2-v3,SWK,all_types,2022Q1,98.96,616
pm-2026Q2-v3,SWK,all_types,2022Q2,101.87,863
pm-2026Q2-v3,SWK,all_types,2022Q3,101.93,883
pm-2026Q2-v3,SWK,all_types,2022Q4,103.55,799
pm-2026Q2-v3,SWK,all_types,2023Q1,103.53,669
pm-2026Q2-v3,SWK,all_types,2023Q2,106.87,873
pm-2026Q2-v3,SWK,all_types,2023Q3,107.54,877
pm-2026Q2-v3,SWK,all_types,2023Q4,108.43,935
pm-2026Q2-v3,SWK,all_types,2024Q1,110.17,793
pm-2026Q2-v3,SWK,all_types,2024Q2,111.9,889
pm-2026Q2-v3,SWK,all_types,2024Q3,110.86,836
pm-2026Q2-v3,SWK,all_types,2024Q4,109.87,367
pm-2026Q2-v3,SWK,all_types,2025Q1,114.39,294
pm-2026Q2-v3,SWK,all_types,2025Q2,115.67,341
pm-2026Q2-v3,SWK,all_types,2025Q3,112.78,345
pm-2026Q2-v3,SWK,all_types,2025Q4,116.5,370
pm-2026Q2-v3,SWK,all_types,2026Q1,114.25,206
pm-2026Q2-v3,SWK,all_types,2026Q2,117.22,275
pm-2026Q2-v3,TRG,all_types,2021Q1,100.0,49
pm-2026Q2-v3,TRG,all_types,2021Q2,101.48,38
pm-2026Q2-v3,TRG,all_types,2021Q3,101.56,79
pm-2026Q2-v3,TRG,all_types,2021Q4,103.01,424
pm-2026Q2-v3,TRG,all_types,2022Q1,101.33,597
pm-2026Q2-v3,TRG,all_types,2022Q2,103.54,550
pm-2026Q2-v3,TRG,all_types,2022Q3,105.61,636
pm-2026Q2-v3,TRG,all_types,2022Q4,106.47,631
pm-2026Q2-v3,TRG,all_types,2023Q1,107.33,651
pm-2026Q2-v3,TRG,all_types,2023Q2,107.97,638
pm-2026Q2-v3,TRG,all_types,2023Q3,109.83,339
pm-2026Q2-v3,TRG,all_types,2023Q4,110.7,683
pm-2026Q2-v3,TRG,all_types,2024Q1,111.16,627
pm-2026Q2-v3,TRG,all_types,2024Q2,110.71,551
pm-2026Q2-v3,TRG,all_types,2024Q3,110.94,669
pm-2026Q2-v3,TRG,all_types,2024Q4,110.39,470
pm-2026Q2-v3,TRG,all_types,2025Q1,111.47,416
pm-2026Q2-v3,TRG,all_types,2025Q2,111.97,388
pm-2026Q2-v3,TRG,all_types,2025Q3,113.09,467
pm-2026Q2-v3,TRG,all_types,2025Q4,116.37,426
pm-2026Q2-v3,TRG,all_types,2026Q1,113.12,317
pm-2026Q2-v3,TRG,all_types,2026Q2,115.61,412
