model_version,state_code,state,district,property_type,tenure,storeys,size_band,n_sales_2y,quarter,size_m2,p10,p50,p90,y1_p10,y1_p50,y1_p90,y2_p10,y2_p50,y2_p90,y3_p10,y3_p50,y3_p90
pm-2026Q2-v3,JHR,Johor,Batu Pahat,condo,F,0,small,27,2026Q2,65.0,77000.0,104000.0,191000.0,77000.0,107000.0,193000.0,78000.0,109000.0,197000.0,78000.0,111000.0,201000.0
pm-2026Q2-v3,JHR,Johor,Batu Pahat,condo,F,0,typical,27,2026Q2,85.0,112000.0,151000.0,256000.0,113000.0,155000.0,259000.0,114000.0,158000.0,266000.0,114000.0,161000.0,272000.0
pm-2026Q2-v3,JHR,Johor,Batu Pahat,condo,F,0,large,27,2026Q2,105.0,159000.0,230000.0,317000.0,161000.0,232000.0,323000.0,162000.0,235000.0,332000.0,163000.0,238000.0,339000.0
pm-2026Q2-v3,JHR,Johor,Batu Pahat,detached,F,0,small,21,2026Q2,122.0,275000.0,440000.0,583000.0,278000.0,442000.0,589000.0,281000.0,446000.0,597000.0,285000.0,450000.0,607000.0
pm-2026Q2-v3,JHR,Johor,Batu Pahat,detached,F,0,typical,21,2026Q2,151.0,303000.0,466000.0,626000.0,306000.0,468000.0,631000.0,310000.0,473000.0,640000.0,313000.0,478000.0,651000.0
pm-2026Q2-v3,JHR,Johor,Batu Pahat,detached,F,0,large,21,2026Q2,263.0,394000.0,595000.0,908000.0,399000.0,601000.0,915000.0,403000.0,608000.0,927000.0,408000.0,615000.0,941000.0
pm-2026Q2-v3,JHR,Johor,Batu Pahat,flat,F,0,small,14,2026Q2,63.0,56000.0,87000.0,146000.0,57000.0,89000.0,149000.0,58000.0,91000.0,153000.0,60000.0,93000.0,157000.0
pm-2026Q2-v3,JHR,Johor,Batu Pahat,flat,F,0,typical,14,2026Q2,65.0,58000.0,88000.0,149000.0,59000.0,90000.0,152000.0,60000.0,92000.0,156000.0,62000.0,94000.0,160000.0
pm-2026Q2-v3,JHR,Johor,Batu Pahat,flat,F,0,large,14,2026Q2,77.0,68000.0,110000.0,192000.0,70000.0,112000.0,196000.0,71000.0,115000.0,201000.0,73000.0,118000.0,206000.0
pm-2026Q2-v3,JHR,Johor,Batu Pahat,low_cost_flat,F,0,small,12,2026Q2,48.0,56000.0,74000.0,148000.0,59000.0,78000.0,153000.0,62000.0,82000.0,161000.0,65000.0,87000.0,170000.0
pm-2026Q2-v3,JHR,Johor,Batu Pahat,low_cost_flat,F,0,typical,12,2026Q2,59.0,64000.0,90000.0,156000.0,67000.0,94000.0,163000.0,71000.0,99000.0,171000.0,74000.0,104000.0,179000.0
pm-2026Q2-v3,JHR,Johor,Batu Pahat,low_cost_flat,F,0,large,12,2026Q2,60.0,62000.0,91000.0,157000.0,65000.0,95000.0,163000.0,69000.0,100000.0,172000.0,72000.0,106000.0,180000.0
pm-2026Q2-v3,JHR,Johor,Batu Pahat,low_cost_house,F,0,small,93,2026Q2,52.0,85000.0,126000.0,186000.0,89000.0,132000.0,196000.0,93000.0,140000.0,208000.0,97000.0,147000.0,220000.0
pm-2026Q2-v3,JHR,Johor,Batu Pahat,low_cost_house,F,0,typical,93,2026Q2,57.0,84000.0,127000.0,185000.0,89000.0,133000.0,194000.0,93000.0,140000.0,206000.0,97000.0,147000.0,218000.0
pm-2026Q2-v3,JHR,Johor,Batu Pahat,low_cost_house,F,0,large,93,2026Q2,64.0,82000.0,128000.0,187000.0,86000.0,134000.0,196000.0,91000.0,141000.0,209000.0,95000.0,148000.0,221000.0
pm-2026Q2-v3,JHR,Johor,Batu Pahat,semi_detached,F,2,small,148,2026Q2,106.0,289000.0,444000.0,598000.0,297000.0,454000.0,613000.0,306000.0,467000.0,632000.0,314000.0,479000.0,652000.0
pm-2026Q2-v3,JHR,Johor,Batu Pahat,semi_detached,F,2,typical,148,2026Q2,149.0,345000.0,523000.0,648000.0,355000.0,534000.0,666000.0,365000.0,548000.0,687000.0,375000.0,561000.0,710000.0
pm-2026Q2-v3,JHR,Johor,Batu Pahat,semi_detached,F,2,large,148,2026Q2,224.0,428000.0,621000.0,805000.0,440000.0,636000.0,826000.0,452000.0,653000.0,852000.0,465000.0,670000.0,880000.0
pm-2026Q2-v3,JHR,Johor,Batu Pahat,terrace,F,1,small,885,2026Q2,86.0,212000.0,275000.0,361000.0,219000.0,282000.0,371000.0,225000.0,291000.0,384000.0,230000.0,299000.0,396000.0
pm-2026Q2-v3,JHR,Johor,Batu Pahat,terrace,F,1,typical,885,2026Q2,102.0,235000.0,294000.0,393000.0,242000.0,303000.0,404000.0,248000.0,312000.0,417000.0,255000.0,322000.0,431000.0
pm-2026Q2-v3,JHR,Johor,Batu Pahat,terrace,F,1,large,885,2026Q2,163.0,306000.0,374000.0,504000.0,315000.0,386000.0,518000.0,323000.0,398000.0,534000.0,331000.0,410000.0,552000.0
pm-2026Q2-v3,JHR,Johor,Johor Bahru,cluster,F,0,small,335,2026Q2,177.0,549000.0,771000.0,1175000.0,572000.0,804000.0,1219000.0,597000.0,839000.0,1273000.0,621000.0,875000.0,1331000.0
pm-2026Q2-v3,JHR,Johor,Johor Bahru,cluster,F,0,typical,335,2026Q2,201.0,571000.0,812000.0,1183000.0,595000.0,845000.0,1229000.0,620000.0,882000.0,1284000.0,646000.0,920000.0,1342000.0
pm-2026Q2-v3,JHR,Johor,Johor Bahru,cluster,F,0,large,335,2026Q2,221.0,619000.0,917000.0,1317000.0,645000.0,953000.0,1369000.0,673000.0,994000.0,1429000.0,701000.0,1035000.0,1496000.0
pm-2026Q2-v3,JHR,Johor,Johor Bahru,cluster,L,0,small,42,2026Q2,198.0,469000.0,693000.0,1140000.0,489000.0,722000.0,1182000.0,510000.0,754000.0,1233000.0,532000.0,786000.0,1289000.0
pm-2026Q2-v3,JHR,Johor,Johor Bahru,cluster,L,0,typical,42,2026Q2,198.0,469000.0,693000.0,1140000.0,489000.0,722000.0,1182000.0,510000.0,754000.0,1233000.0,532000.0,786000.0,1289000.0
pm-2026Q2-v3,JHR,Johor,Johor Bahru,cluster,L,0,large,42,2026Q2,198.0,469000.0,693000.0,1140000.0,489000.0,722000.0,1182000.0,510000.0,754000.0,1233000.0,532000.0,786000.0,1289000.0
pm-2026Q2-v3,JHR,Johor,Johor Bahru,condo,F,0,small,949,2026Q2,81.0,166000.0,331000.0,463000.0,168000.0,329000.0,472000.0,171000.0,333000.0,484000.0,172000.0,335000.0,495000.0
pm-2026Q2-v3,JHR,Johor,Johor Bahru,condo,F,0,typical,949,2026Q2,98.0,223000.0,390000.0,599000.0,226000.0,392000.0,608000.0,230000.0,398000.0,624000.0,232000.0,403000.0,638000.0
pm-2026Q2-v3,JHR,Johor,Johor Bahru,condo,F,0,large,949,2026Q2,118.0,305000.0,456000.0,720000.0,309000.0,462000.0,730000.0,312000.0,470000.0,749000.0,313000.0,477000.0,766000.0
pm-2026Q2-v3,JHR,Johor,Johor Bahru,condo,L,0,small,371,2026Q2,84.0,166000.0,296000.0,407000.0,168000.0,295000.0,415000.0,170000.0,298000.0,426000.0,172000.0,301000.0,436000.0
pm-2026Q2-v3,JHR,Johor,Johor Bahru,condo,L,0,typical,371,2026Q2,93.0,169000.0,313000.0,432000.0,172000.0,312000.0,440000.0,174000.0,315000.0,452000.0,176000.0,318000.0,463000.0
pm-2026Q2-v3,JHR,Johor,Johor Bahru,condo,L,0,large,371,2026Q2,107.0,240000.0,367000.0,512000.0,244000.0,369000.0,521000.0,246000.0,374000.0,535000.0,247000.0,378000.0,547000.0
pm-2026Q2-v3,JHR,Johor,Johor Bahru,detached,F,0,small,109,2026Q2,138.0,375000.0,664000.0,1302000.0,379000.0,669000.0,1306000.0,384000.0,678000.0,1323000.0,388000.0,687000.0,1340000.0
pm-2026Q2-v3,JHR,Johor,Johor Bahru,detached,F,0,typical,109,2026Q2,249.0,541000.0,1016000.0,2172000.0,548000.0,1024000.0,2176000.0,554000.0,1037000.0,2204000.0,561000.0,1050000.0,2232000.0
pm-2026Q2-v3,JHR,Johor,Johor Bahru,detached,F,0,large,109,2026Q2,346.0,707000.0,1422000.0,2838000.0,716000.0,1430000.0,2845000.0,724000.0,1448000.0,2882000.0,732000.0,1465000.0,2919000.0
pm-2026Q2-v3,JHR,Johor,Johor Bahru,detached,L,0,small,56,2026Q2,117.0,180000.0,283000.0,645000.0,182000.0,286000.0,645000.0,184000.0,290000.0,653000.0,186000.0,295000.0,662000.0
pm-2026Q2-v3,JHR,Johor,Johor Bahru,detached,L,0,typical,56,2026Q2,158.0,218000.0,306000.0,794000.0,221000.0,312000.0,793000.0,223000.0,317000.0,803000.0,226000.0,322000.0,814000.0
pm-2026Q2-v3,JHR,Johor,Johor Bahru,detached,L,0,large,56,2026Q2,199.0,198000.0,364000.0,931000.0,201000.0,368000.0,929000.0,203000.0,373000.0,941000.0,205000.0,378000.0,954000.0
pm-2026Q2-v3,JHR,Johor,Johor Bahru,flat,F,0,small,109,2026Q2,63.0,77000.0,133000.0,220000.0,79000.0,135000.0,224000.0,81000.0,138000.0,229000.0,83000.0,142000.0,236000.0
pm-2026Q2-v3,JHR,Johor,Johor Bahru,flat,F,0,typical,109,2026Q2,70.0,90000.0,146000.0,240000.0,92000.0,149000.0,245000.0,94000.0,153000.0,251000.0,97000.0,156000.0,258000.0
pm-2026Q2-v3,JHR,Johor,Johor Bahru,flat,F,0,large,109,2026Q2,79.0,98000.0,184000.0,281000.0,100000.0,187000.0,287000.0,102000.0,191000.0,294000.0,105000.0,195000.0,303000.0
pm-2026Q2-v3,JHR,Johor,Johor Bahru,flat,L,0,small,44,2026Q2,66.0,82000.0,133000.0,232000.0,84000.0,136000.0,237000.0,86000.0,139000.0,243000.0,88000.0,142000.0,249000.0
pm-2026Q2-v3,JHR,Johor,Johor Bahru,flat,L,0,typical,44,2026Q2,70.0,90000.0,141000.0,242000.0,92000.0,144000.0,247000.0,94000.0,148000.0,253000.0,96000.0,151000.0,260000.0
pm-2026Q2-v3,JHR,Johor,Johor Bahru,flat,L,0,large,44,2026Q2,73.0,91000.0,155000.0,254000.0,93000.0,158000.0,259000.0,95000.0,162000.0,265000.0,97000.0,165000.0,272000.0
pm-2026Q2-v3,JHR,Johor,Johor Bahru,low_cost_flat,F,0,small,221,2026Q2,48.0,70000.0,117000.0,201000.0,73000.0,122000.0,210000.0,77000.0,128000.0,220000.0,81000.0,135000.0,232000.0
pm-2026Q2-v3,JHR,Johor,Johor Bahru,low_cost_flat,F,0,typical,221,2026Q2,55.0,78000.0,137000.0,214000.0,82000.0,143000.0,223000.0,86000.0,150000.0,235000.0,90000.0,158000.0,247000.0
pm-2026Q2-v3,JHR,Johor,Johor Bahru,low_cost_flat,F,0,large,221,2026Q2,62.0,83000.0,150000.0,231000.0,87000.0,156000.0,241000.0,91000.0,164000.0,253000.0,96000.0,172000.0,266000.0
pm-2026Q2-v3,JHR,Johor,Johor Bahru,low_cost_flat,L,0,small,105,2026Q2,48.0,68000.0,109000.0,197000.0,71000.0,114000.0,205000.0,75000.0,120000.0,216000.0,79000.0,126000.0,226000.0
pm-2026Q2-v3,JHR,Johor,Johor Bahru,low_cost_flat,L,0,typical,105,2026Q2,57.0,76000.0,132000.0,217000.0,80000.0,137000.0,226000.0,83000.0,144000.0,238000.0,88000.0,151000.0,250000.0
pm-2026Q2-v3,JHR,Johor,Johor Bahru,low_cost_flat,L,0,large,105,2026Q2,64.0,82000.0,141000.0,230000.0,86000.0,147000.0,240000.0,90000.0,155000.0,252000.0,95000.0,162000.0,265000.0
pm-2026Q2-v3,JHR,Johor,Johor Bahru,low_cost_house,F,0,small,353,2026Q2,52.0,132000.0,231000.0,315000.0,139000.0,240000.0,333000.0,146000.0,252000.0,354000.0,153000.0,263000.0,374000.0
pm-2026Q2-v3,JHR,Johor,Johor Bahru,low_cost_house,F,0,typical,353,2026Q2,57.0,134000.0,229000.0,313000.0,141000.0,238000.0,330000.0,148000.0,249000.0,351000.0,155000.0,261000.0,371000.0
pm-2026Q2-v3,JHR,Johor,Johor Bahru,low_cost_house,F,0,large,353,2026Q2,61.0,131000.0,235000.0,315000.0,137000.0,244000.0,332000.0,145000.0,256000.0,354000.0,152000.0,267000.0,374000.0
pm-2026Q2-v3,JHR,Johor,Johor Bahru,low_cost_house,L,0,small,46,2026Q2,54.0,129000.0,218000.0,313000.0,135000.0,227000.0,329000.0,143000.0,238000.0,350000.0,149000.0,250000.0,370000.0
pm-2026Q2-v3,JHR,Johor,Johor Bahru,low_cost_house,L,0,typical,46,2026Q2,58.0,128000.0,221000.0,310000.0,135000.0,230000.0,327000.0,142000.0,241000.0,348000.0,149000.0,253000.0,368000.0
pm-2026Q2-v3,JHR,Johor,Johor Bahru,low_cost_house,L,0,large,46,2026Q2,61.0,127000.0,224000.0,312000.0,133000.0,233000.0,329000.0,141000.0,245000.0,349000.0,147000.0,256000.0,370000.0
pm-2026Q2-v3,JHR,Johor,Johor Bahru,semi_detached,F,2,small,372,2026Q2,162.0,543000.0,790000.0,1148000.0,558000.0,811000.0,1176000.0,574000.0,833000.0,1211000.0,590000.0,857000.0,1249000.0
pm-2026Q2-v3,JHR,Johor,Johor Bahru,semi_detached,F,2,typical,372,2026Q2,211.0,599000.0,954000.0,1405000.0,616000.0,977000.0,1439000.0,633000.0,1004000.0,1482000.0,651000.0,1031000.0,1528000.0
pm-2026Q2-v3,JHR,Johor,Johor Bahru,semi_detached,F,2,large,372,2026Q2,251.0,627000.0,1038000.0,1484000.0,646000.0,1061000.0,1521000.0,664000.0,1090000.0,1566000.0,682000.0,1119000.0,1614000.0
pm-2026Q2-v3,JHR,Johor,Johor Bahru,semi_detached,L,2,small,22,2026Q2,110.0,364000.0,582000.0,693000.0,375000.0,593000.0,713000.0,385000.0,607000.0,736000.0,396000.0,621000.0,760000.0
pm-2026Q2-v3,JHR,Johor,Johor Bahru,semi_detached,L,2,typical,22,2026Q2,128.0,417000.0,617000.0,770000.0,428000.0,630000.0,791000.0,440000.0,646000.0,816000.0,453000.0,663000.0,842000.0
pm-2026Q2-v3,JHR,Johor,Johor Bahru,semi_detached,L,2,large,22,2026Q2,153.0,433000.0,662000.0,882000.0,445000.0,677000.0,904000.0,458000.0,695000.0,932000.0,471000.0,713000.0,962000.0
pm-2026Q2-v3,JHR,Johor,Johor Bahru,terrace,F,2,small,3879,2026Q2,86.0,316000.0,485000.0,622000.0,325000.0,496000.0,639000.0,335000.0,509000.0,660000.0,345000.0,523000.0,682000.0
pm-2026Q2-v3,JHR,Johor,Johor Bahru,terrace,F,2,typical,3879,2026Q2,128.0,440000.0,600000.0,816000.0,453000.0,616000.0,837000.0,466000.0,634000.0,864000.0,479000.0,653000.0,892000.0
pm-2026Q2-v3,JHR,Johor,Johor Bahru,terrace,F,2,large,3879,2026Q2,153.0,457000.0,634000.0,883000.0,470000.0,651000.0,905000.0,484000.0,669000.0,934000.0,497000.0,689000.0,965000.0
pm-2026Q2-v3,JHR,Johor,Johor Bahru,terrace,L,2,small,306,2026Q2,85.0,295000.0,461000.0,599000.0,303000.0,471000.0,615000.0,312000.0,484000.0,635000.0,321000.0,496000.0,656000.0
pm-2026Q2-v3,JHR,Johor,Johor Bahru,terrace,L,2,typical,306,2026Q2,128.0,422000.0,570000.0,787000.0,435000.0,586000.0,807000.0,447000.0,602000.0,833000.0,459000.0,621000.0,860000.0
pm-2026Q2-v3,JHR,Johor,Johor Bahru,terrace,L,2,large,306,2026Q2,153.0,437000.0,612000.0,853000.0,450000.0,629000.0,875000.0,462000.0,647000.0,903000.0,475000.0,666000.0,932000.0
pm-2026Q2-v3,JHR,Johor,Johor Bahru,townhouse,F,0,small,69,2026Q2,99.0,208000.0,316000.0,492000.0,216000.0,327000.0,508000.0,224000.0,339000.0,529000.0,232000.0,353000.0,553000.0
pm-2026Q2-v3,JHR,Johor,Johor Bahru,townhouse,F,0,typical,69,2026Q2,120.0,293000.0,416000.0,622000.0,305000.0,432000.0,644000.0,316000.0,448000.0,670000.0,327000.0,466000.0,700000.0
pm-2026Q2-v3,JHR,Johor,Johor Bahru,townhouse,F,0,large,69,2026Q2,141.0,318000.0,476000.0,759000.0,330000.0,493000.0,784000.0,342000.0,512000.0,815000.0,354000.0,533000.0,852000.0
pm-2026Q2-v3,JHR,Johor,Kluang,cluster,F,0,small,62,2026Q2,177.0,407000.0,518000.0,692000.0,424000.0,540000.0,719000.0,442000.0,564000.0,752000.0,459000.0,588000.0,787000.0
pm-2026Q2-v3,JHR,Johor,Kluang,cluster,F,0,typical,62,2026Q2,181.0,410000.0,526000.0,701000.0,428000.0,548000.0,729000.0,446000.0,572000.0,762000.0,463000.0,597000.0,798000.0
pm-2026Q2-v3,JHR,Johor,Kluang,cluster,F,0,large,62,2026Q2,249.0,478000.0,578000.0,821000.0,498000.0,605000.0,853000.0,518000.0,633000.0,891000.0,538000.0,661000.0,932000.0
pm-2026Q2-v3,JHR,Johor,Kluang,detached,F,0,small,35,2026Q2,140.0,246000.0,405000.0,629000.0,249000.0,408000.0,633000.0,252000.0,412000.0,641000.0,255000.0,417000.0,651000.0
pm-2026Q2-v3,JHR,Johor,Kluang,detached,F,0,typical,35,2026Q2,147.0,255000.0,409000.0,630000.0,258000.0,412000.0,634000.0,261000.0,416000.0,642000.0,264000.0,421000.0,652000.0
pm-2026Q2-v3,JHR,Johor,Kluang,detached,F,0,large,35,2026Q2,160.0,271000.0,426000.0,656000.0,274000.0,430000.0,661000.0,277000.0,435000.0,670000.0,280000.0,440000.0,680000.0
pm-2026Q2-v3,JHR,Johor,Kluang,detached,L,0,small,36,2026Q2,84.0,78000.0,171000.0,358000.0,79000.0,172000.0,358000.0,80000.0,174000.0,363000.0,81000.0,176000.0,368000.0
pm-2026Q2-v3,JHR,Johor,Kluang,detached,L,0,typical,36,2026Q2,93.0,81000.0,174000.0,369000.0,82000.0,175000.0,370000.0,83000.0,177000.0,374000.0,84000.0,179000.0,379000.0
pm-2026Q2-v3,JHR,Johor,Kluang,detached,L,0,large,36,2026Q2,114.0,105000.0,220000.0,423000.0,106000.0,221000.0,424000.0,107000.0,224000.0,429000.0,108000.0,226000.0,436000.0
pm-2026Q2-v3,JHR,Johor,Kluang,low_cost_house,F,0,small,77,2026Q2,55.0,76000.0,126000.0,181000.0,80000.0,132000.0,190000.0,84000.0,138000.0,202000.0,88000.0,145000.0,214000.0
pm-2026Q2-v3,JHR,Johor,Kluang,low_cost_house,F,0,typical,77,2026Q2,57.0,76000.0,126000.0,180000.0,80000.0,131000.0,189000.0,84000.0,138000.0,201000.0,88000.0,145000.0,213000.0
pm-2026Q2-v3,JHR,Johor,Kluang,low_cost_house,F,0,large,77,2026Q2,62.0,75000.0,128000.0,180000.0,79000.0,133000.0,190000.0,84000.0,140000.0,202000.0,87000.0,146000.0,213000.0
pm-2026Q2-v3,JHR,Johor,Kluang,low_cost_house,L,0,small,10,2026Q2,49.0,69000.0,119000.0,176000.0,73000.0,124000.0,185000.0,77000.0,130000.0,197000.0,80000.0,136000.0,209000.0
pm-2026Q2-v3,JHR,Johor,Kluang,low_cost_house,L,0,typical,10,2026Q2,51.0,69000.0,118000.0,177000.0,72000.0,123000.0,186000.0,76000.0,130000.0,197000.0,79000.0,136000.0,209000.0
pm-2026Q2-v3,JHR,Johor,Kluang,low_cost_house,L,0,large,10,2026Q2,61.0,71000.0,119000.0,180000.0,75000.0,124000.0,189000.0,79000.0,130000.0,201000.0,82000.0,137000.0,213000.0
pm-2026Q2-v3,JHR,Johor,Kluang,semi_detached,F,2,small,132,2026Q2,144.0,352000.0,489000.0,674000.0,362000.0,502000.0,691000.0,372000.0,516000.0,711000.0,382000.0,530000.0,735000.0
pm-2026Q2-v3,JHR,Johor,Kluang,semi_detached,F,2,typical,132,2026Q2,181.0,406000.0,533000.0,694000.0,418000.0,547000.0,712000.0,430000.0,562000.0,734000.0,441000.0,578000.0,758000.0
pm-2026Q2-v3,JHR,Johor,Kluang,semi_detached,F,2,large,132,2026Q2,258.0,486000.0,597000.0,831000.0,499000.0,615000.0,851000.0,513000.0,634000.0,877000.0,526000.0,653000.0,905000.0
pm-2026Q2-v3,JHR,Johor,Kluang,terrace,F,1,small,668,2026Q2,86.0,199000.0,260000.0,332000.0,205000.0,267000.0,341000.0,210000.0,274000.0,352000.0,216000.0,282000.0,364000.0
pm-2026Q2-v3,JHR,Johor,Kluang,terrace,F,1,typical,668,2026Q2,100.0,214000.0,286000.0,353000.0,221000.0,293000.0,363000.0,227000.0,301000.0,375000.0,233000.0,310000.0,388000.0
pm-2026Q2-v3,JHR,Johor,Kluang,terrace,F,1,large,668,2026Q2,130.0,244000.0,315000.0,426000.0,251000.0,324000.0,438000.0,258000.0,334000.0,451000.0,265000.0,344000.0,466000.0
pm-2026Q2-v3,JHR,Johor,Kluang,terrace,L,1,small,54,2026Q2,80.0,155000.0,215000.0,292000.0,159000.0,221000.0,300000.0,164000.0,227000.0,309000.0,168000.0,233000.0,319000.0
pm-2026Q2-v3,JHR,Johor,Kluang,terrace,L,1,typical,54,2026Q2,80.0,155000.0,215000.0,292000.0,159000.0,221000.0,300000.0,164000.0,227000.0,309000.0,168000.0,233000.0,319000.0
pm-2026Q2-v3,JHR,Johor,Kluang,terrace,L,1,large,54,2026Q2,82.0,153000.0,216000.0,293000.0,157000.0,222000.0,301000.0,162000.0,228000.0,311000.0,167000.0,235000.0,321000.0
pm-2026Q2-v3,JHR,Johor,Kota Tinggi,detached,L,0,small,21,2026Q2,63.0,128000.0,190000.0,325000.0,129000.0,192000.0,326000.0,131000.0,195000.0,330000.0,132000.0,197000.0,335000.0
pm-2026Q2-v3,JHR,Johor,Kota Tinggi,detached,L,0,typical,21,2026Q2,70.0,128000.0,208000.0,340000.0,129000.0,209000.0,342000.0,131000.0,212000.0,346000.0,132000.0,214000.0,351000.0
pm-2026Q2-v3,JHR,Johor,Kota Tinggi,detached,L,0,large,21,2026Q2,101.0,137000.0,257000.0,453000.0,138000.0,258000.0,455000.0,140000.0,261000.0,461000.0,142000.0,264000.0,467000.0
pm-2026Q2-v3,JHR,Johor,Kota Tinggi,low_cost_house,F,0,small,13,2026Q2,46.0,89000.0,157000.0,240000.0,94000.0,163000.0,252000.0,99000.0,172000.0,267000.0,103000.0,180000.0,283000.0
pm-2026Q2-v3,JHR,Johor,Kota Tinggi,low_cost_house,F,0,typical,13,2026Q2,51.0,88000.0,159000.0,242000.0,93000.0,166000.0,254000.0,98000.0,174000.0,270000.0,102000.0,182000.0,286000.0
pm-2026Q2-v3,JHR,Johor,Kota Tinggi,low_cost_house,F,0,large,13,2026Q2,65.0,91000.0,165000.0,236000.0,96000.0,172000.0,248000.0,101000.0,180000.0,264000.0,106000.0,189000.0,280000.0
pm-2026Q2-v3,JHR,Johor,Kota Tinggi,low_cost_house,L,0,small,10,2026Q2,52.0,98000.0,175000.0,272000.0,103000.0,183000.0,285000.0,109000.0,192000.0,303000.0,114000.0,202000.0,321000.0
pm-2026Q2-v3,JHR,Johor,Kota Tinggi,low_cost_house,L,0,typical,10,2026Q2,60.0,98000.0,181000.0,264000.0,103000.0,188000.0,278000.0,109000.0,198000.0,295000.0,114000.0,207000.0,312000.0
pm-2026Q2-v3,JHR,Johor,Kota Tinggi,low_cost_house,L,0,large,10,2026Q2,118.0,149000.0,271000.0,458000.0,157000.0,284000.0,480000.0,166000.0,299000.0,509000.0,173000.0,314000.0,539000.0
pm-2026Q2-v3,JHR,Johor,Kota Tinggi,terrace,F,2,small,148,2026Q2,77.0,228000.0,308000.0,433000.0,234000.0,317000.0,444000.0,241000.0,326000.0,458000.0,247000.0,336000.0,473000.0
pm-2026Q2-v3,JHR,Johor,Kota Tinggi,terrace,F,2,typical,148,2026Q2,106.0,288000.0,391000.0,517000.0,297000.0,402000.0,531000.0,305000.0,413000.0,548000.0,313000.0,425000.0,566000.0
pm-2026Q2-v3,JHR,Johor,Kota Tinggi,terrace,F,2,large,148,2026Q2,154.0,369000.0,494000.0,652000.0,380000.0,508000.0,670000.0,391000.0,522000.0,692000.0,401000.0,537000.0,715000.0
pm-2026Q2-v3,JHR,Johor,Kota Tinggi,terrace,L,1,small,72,2026Q2,75.0,215000.0,288000.0,373000.0,221000.0,296000.0,384000.0,228000.0,304000.0,396000.0,234000.0,313000.0,409000.0
pm-2026Q2-v3,JHR,Johor,Kota Tinggi,terrace,L,1,typical,72,2026Q2,88.0,217000.0,311000.0,405000.0,224000.0,319000.0,416000.0,230000.0,327000.0,430000.0,236000.0,336000.0,444000.0
pm-2026Q2-v3,JHR,Johor,Kota Tinggi,terrace,L,1,large,72,2026Q2,121.0,295000.0,366000.0,527000.0,303000.0,378000.0,541000.0,311000.0,390000.0,558000.0,319000.0,402000.0,576000.0
pm-2026Q2-v3,JHR,Johor,Kulai,cluster,F,0,small,33,2026Q2,180.0,482000.0,622000.0,832000.0,503000.0,648000.0,865000.0,524000.0,676000.0,904000.0,544000.0,706000.0,947000.0
pm-2026Q2-v3,JHR,Johor,Kulai,cluster,F,0,typical,33,2026Q2,180.0,482000.0,622000.0,832000.0,503000.0,648000.0,865000.0,524000.0,676000.0,904000.0,544000.0,706000.0,947000.0
pm-2026Q2-v3,JHR,Johor,Kulai,cluster,F,0,large,33,2026Q2,206.0,538000.0,719000.0,938000.0,561000.0,748000.0,976000.0,585000.0,779000.0,1021000.0,608000.0,812000.0,1069000.0
pm-2026Q2-v3,JHR,Johor,Kulai,cluster,L,0,small,15,2026Q2,144.0,391000.0,519000.0,770000.0,407000.0,542000.0,800000.0,425000.0,566000.0,835000.0,442000.0,591000.0,872000.0
pm-2026Q2-v3,JHR,Johor,Kulai,cluster,L,0,typical,15,2026Q2,180.0,429000.0,573000.0,814000.0,447000.0,597000.0,846000.0,466000.0,623000.0,884000.0,485000.0,651000.0,925000.0
pm-2026Q2-v3,JHR,Johor,Kulai,cluster,L,0,large,15,2026Q2,180.0,429000.0,573000.0,814000.0,447000.0,597000.0,846000.0,466000.0,623000.0,884000.0,485000.0,651000.0,925000.0
pm-2026Q2-v3,JHR,Johor,Kulai,condo,F,0,small,22,2026Q2,82.0,150000.0,246000.0,349000.0,152000.0,247000.0,355000.0,154000.0,250000.0,365000.0,155000.0,253000.0,373000.0
pm-2026Q2-v3,JHR,Johor,Kulai,condo,F,0,typical,22,2026Q2,82.0,150000.0,246000.0,349000.0,152000.0,247000.0,355000.0,154000.0,250000.0,365000.0,155000.0,253000.0,373000.0
pm-2026Q2-v3,JHR,Johor,Kulai,condo,F,0,large,22,2026Q2,89.0,173000.0,274000.0,382000.0,175000.0,275000.0,389000.0,177000.0,279000.0,399000.0,178000.0,281000.0,409000.0
pm-2026Q2-v3,JHR,Johor,Kulai,detached,L,0,small,12,2026Q2,85.0,113000.0,243000.0,500000.0,115000.0,244000.0,501000.0,116000.0,247000.0,507000.0,117000.0,250000.0,514000.0
pm-2026Q2-v3,JHR,Johor,Kulai,detached,L,0,typical,12,2026Q2,112.0,145000.0,264000.0,570000.0,147000.0,266000.0,571000.0,148000.0,270000.0,578000.0,150000.0,273000.0,586000.0
pm-2026Q2-v3,JHR,Johor,Kulai,detached,L,0,large,12,2026Q2,140.0,178000.0,271000.0,663000.0,180000.0,275000.0,662000.0,182000.0,279000.0,671000.0,184000.0,284000.0,680000.0
pm-2026Q2-v3,JHR,Johor,Kulai,flat,F,0,small,11,2026Q2,65.0,72000.0,128000.0,200000.0,74000.0,130000.0,204000.0,75000.0,133000.0,209000.0,77000.0,136000.0,215000.0
pm-2026Q2-v3,JHR,Johor,Kulai,flat,F,0,typical,11,2026Q2,80.0,85000.0,159000.0,251000.0,87000.0,162000.0,256000.0,89000.0,165000.0,262000.0,91000.0,169000.0,270000.0
pm-2026Q2-v3,JHR,Johor,Kulai,flat,F,0,large,11,2026Q2,82.0,86000.0,166000.0,264000.0,89000.0,169000.0,269000.0,91000.0,172000.0,276000.0,93000.0,176000.0,284000.0
pm-2026Q2-v3,JHR,Johor,Kulai,low_cost_flat,F,0,small,11,2026Q2,53.0,71000.0,114000.0,177000.0,75000.0,119000.0,185000.0,78000.0,125000.0,194000.0,82000.0,131000.0,204000.0
pm-2026Q2-v3,JHR,Johor,Kulai,low_cost_flat,F,0,typical,11,2026Q2,53.0,71000.0,114000.0,177000.0,75000.0,119000.0,185000.0,78000.0,125000.0,194000.0,82000.0,131000.0,204000.0
pm-2026Q2-v3,JHR,Johor,Kulai,low_cost_flat,F,0,large,11,2026Q2,71.0,92000.0,151000.0,222000.0,97000.0,157000.0,232000.0,102000.0,165000.0,243000.0,107000.0,173000.0,256000.0
pm-2026Q2-v3,JHR,Johor,Kulai,low_cost_house,F,0,small,90,2026Q2,47.0,119000.0,217000.0,285000.0,125000.0,225000.0,301000.0,132000.0,235000.0,320000.0,138000.0,246000.0,339000.0
pm-2026Q2-v3,JHR,Johor,Kulai,low_cost_house,F,0,typical,90,2026Q2,52.0,119000.0,217000.0,286000.0,125000.0,224000.0,302000.0,132000.0,235000.0,321000.0,138000.0,245000.0,340000.0
pm-2026Q2-v3,JHR,Johor,Kulai,low_cost_house,F,0,large,90,2026Q2,62.0,121000.0,222000.0,282000.0,128000.0,229000.0,298000.0,134000.0,240000.0,317000.0,141000.0,250000.0,336000.0
pm-2026Q2-v3,JHR,Johor,Kulai,semi_detached,F,2,small,46,2026Q2,138.0,419000.0,627000.0,851000.0,431000.0,642000.0,872000.0,443000.0,659000.0,899000.0,455000.0,676000.0,928000.0
pm-2026Q2-v3,JHR,Johor,Kulai,semi_detached,F,2,typical,46,2026Q2,216.0,549000.0,829000.0,1048000.0,565000.0,847000.0,1076000.0,581000.0,869000.0,1110000.0,597000.0,891000.0,1146000.0
pm-2026Q2-v3,JHR,Johor,Kulai,semi_detached,F,2,large,46,2026Q2,251.0,592000.0,857000.0,1053000.0,609000.0,876000.0,1082000.0,626000.0,898000.0,1116000.0,644000.0,921000.0,1154000.0
pm-2026Q2-v3,JHR,Johor,Kulai,terrace,F,2,small,727,2026Q2,81.0,280000.0,383000.0,500000.0,289000.0,392000.0,514000.0,297000.0,404000.0,530000.0,305000.0,415000.0,548000.0
pm-2026Q2-v3,JHR,Johor,Kulai,terrace,F,2,typical,727,2026Q2,99.0,307000.0,421000.0,558000.0,316000.0,432000.0,573000.0,325000.0,445000.0,592000.0,334000.0,457000.0,612000.0
pm-2026Q2-v3,JHR,Johor,Kulai,terrace,F,2,large,727,2026Q2,144.0,394000.0,487000.0,649000.0,406000.0,502000.0,666000.0,417000.0,518000.0,688000.0,427000.0,533000.0,711000.0
pm-2026Q2-v3,JHR,Johor,Kulai,terrace,L,1,small,18,2026Q2,80.0,241000.0,337000.0,430000.0,248000.0,345000.0,442000.0,255000.0,354000.0,456000.0,262000.0,364000.0,471000.0
pm-2026Q2-v3,JHR,Johor,Kulai,terrace,L,1,typical,18,2026Q2,97.0,252000.0,363000.0,480000.0,259000.0,372000.0,493000.0,267000.0,382000.0,509000.0,274000.0,393000.0,526000.0
pm-2026Q2-v3,JHR,Johor,Kulai,terrace,L,1,large,18,2026Q2,120.0,300000.0,380000.0,544000.0,309000.0,392000.0,558000.0,317000.0,404000.0,575000.0,325000.0,416000.0,594000.0
pm-2026Q2-v3,JHR,Johor,Mersing,terrace,F,1,small,95,2026Q2,82.0,180000.0,273000.0,322000.0,185000.0,278000.0,332000.0,190000.0,285000.0,344000.0,196000.0,292000.0,355000.0
pm-2026Q2-v3,JHR,Johor,Mersing,terrace,F,1,typical,95,2026Q2,82.0,180000.0,273000.0,322000.0,185000.0,278000.0,332000.0,190000.0,285000.0,344000.0,196000.0,292000.0,355000.0
pm-2026Q2-v3,JHR,Johor,Mersing,terrace,F,1,large,95,2026Q2,100.0,200000.0,315000.0,368000.0,206000.0,321000.0,379000.0,212000.0,328000.0,392000.0,218000.0,336000.0,405000.0
pm-2026Q2-v3,JHR,Johor,Muar,condo,F,0,small,19,2026Q2,67.0,82000.0,150000.0,257000.0,83000.0,152000.0,260000.0,84000.0,154000.0,266000.0,85000.0,156000.0,272000.0
pm-2026Q2-v3,JHR,Johor,Muar,condo,F,0,typical,19,2026Q2,72.0,96000.0,167000.0,279000.0,98000.0,169000.0,282000.0,99000.0,172000.0,289000.0,100000.0,174000.0,296000.0
pm-2026Q2-v3,JHR,Johor,Muar,condo,F,0,large,19,2026Q2,95.0,153000.0,242000.0,369000.0,156000.0,244000.0,375000.0,157000.0,248000.0,384000.0,158000.0,251000.0,393000.0
pm-2026Q2-v3,JHR,Johor,Muar,detached,F,0,small,19,2026Q2,134.0,412000.0,562000.0,812000.0,416000.0,568000.0,819000.0,421000.0,575000.0,829000.0,425000.0,583000.0,843000.0
pm-2026Q2-v3,JHR,Johor,Muar,detached,F,0,typical,19,2026Q2,138.0,410000.0,560000.0,837000.0,415000.0,566000.0,843000.0,419000.0,573000.0,854000.0,423000.0,581000.0,868000.0
pm-2026Q2-v3,JHR,Johor,Muar,detached,F,0,large,19,2026Q2,253.0,555000.0,827000.0,1236000.0,561000.0,834000.0,1245000.0,568000.0,844000.0,1261000.0,574000.0,854000.0,1281000.0
pm-2026Q2-v3,JHR,Johor,Muar,low_cost_house,F,0,small,46,2026Q2,57.0,89000.0,157000.0,228000.0,94000.0,163000.0,240000.0,99000.0,172000.0,255000.0,103000.0,180000.0,270000.0
pm-2026Q2-v3,JHR,Johor,Muar,low_cost_house,F,0,typical,46,2026Q2,61.0,85000.0,158000.0,228000.0,90000.0,165000.0,239000.0,95000.0,173000.0,255000.0,99000.0,181000.0,270000.0
pm-2026Q2-v3,JHR,Johor,Muar,low_cost_house,F,0,large,46,2026Q2,65.0,90000.0,166000.0,228000.0,94000.0,172000.0,240000.0,100000.0,181000.0,255000.0,104000.0,189000.0,270000.0
pm-2026Q2-v3,JHR,Johor,Muar,semi_detached,F,1,small,201,2026Q2,105.0,351000.0,487000.0,600000.0,362000.0,498000.0,616000.0,372000.0,511000.0,635000.0,382000.0,524000.0,657000.0
pm-2026Q2-v3,JHR,Johor,Muar,semi_detached,F,1,typical,201,2026Q2,116.0,375000.0,505000.0,645000.0,385000.0,518000.0,662000.0,396000.0,532000.0,683000.0,407000.0,547000.0,705000.0
pm-2026Q2-v3,JHR,Johor,Muar,semi_detached,F,1,large,201,2026Q2,196.0,454000.0,565000.0,914000.0,467000.0,583000.0,934000.0,480000.0,602000.0,962000.0,492000.0,622000.0,991000.0
pm-2026Q2-v3,JHR,Johor,Muar,terrace,F,1,small,422,2026Q2,90.0,267000.0,366000.0,486000.0,275000.0,376000.0,499000.0,283000.0,387000.0,515000.0,291000.0,398000.0,533000.0
pm-2026Q2-v3,JHR,Johor,Muar,terrace,F,1,typical,422,2026Q2,101.0,296000.0,396000.0,525000.0,304000.0,407000.0,539000.0,313000.0,418000.0,556000.0,321000.0,430000.0,575000.0
pm-2026Q2-v3,JHR,Johor,Muar,terrace,F,1,large,422,2026Q2,178.0,367000.0,507000.0,690000.0,378000.0,521000.0,708000.0,388000.0,535000.0,731000.0,399000.0,551000.0,754000.0
pm-2026Q2-v3,JHR,Johor,Pontian,detached,F,0,small,22,2026Q2,115.0,297000.0,482000.0,625000.0,301000.0,484000.0,631000.0,304000.0,488000.0,640000.0,307000.0,492000.0,651000.0
pm-2026Q2-v3,JHR,Johor,Pontian,detached,F,0,typical,22,2026Q2,155.0,346000.0,515000.0,707000.0,350000.0,519000.0,713000.0,354000.0,524000.0,723000.0,358000.0,530000.0,734000.0
pm-2026Q2-v3,JHR,Johor,Pontian,detached,F,0,large,22,2026Q2,216.0,412000.0,663000.0,815000.0,417000.0,664000.0,824000.0,422000.0,669000.0,836000.0,427000.0,674000.0,851000.0
pm-2026Q2-v3,JHR,Johor,Pontian,low_cost_house,F,0,small,18,2026Q2,55.0,106000.0,173000.0,243000.0,111000.0,181000.0,256000.0,117000.0,190000.0,272000.0,123000.0,199000.0,288000.0
pm-2026Q2-v3,JHR,Johor,Pontian,low_cost_house,F,0,typical,18,2026Q2,56.0,106000.0,173000.0,243000.0,111000.0,181000.0,256000.0,117000.0,190000.0,272000.0,123000.0,199000.0,288000.0
pm-2026Q2-v3,JHR,Johor,Pontian,low_cost_house,F,0,large,18,2026Q2,59.0,108000.0,171000.0,243000.0,113000.0,179000.0,256000.0,119000.0,188000.0,272000.0,125000.0,197000.0,288000.0
pm-2026Q2-v3,JHR,Johor,Pontian,semi_detached,F,1,small,35,2026Q2,98.0,303000.0,452000.0,495000.0,311000.0,459000.0,511000.0,320000.0,469000.0,527000.0,329000.0,479000.0,546000.0
pm-2026Q2-v3,JHR,Johor,Pontian,semi_detached,F,1,typical,35,2026Q2,128.0,382000.0,510000.0,585000.0,393000.0,521000.0,602000.0,404000.0,534000.0,622000.0,414000.0,547000.0,642000.0
pm-2026Q2-v3,JHR,Johor,Pontian,semi_detached,F,1,large,35,2026Q2,211.0,451000.0,636000.0,715000.0,464000.0,648000.0,737000.0,477000.0,663000.0,760000.0,490000.0,679000.0,786000.0
pm-2026Q2-v3,JHR,Johor,Pontian,terrace,F,2,small,119,2026Q2,78.0,214000.0,308000.0,438000.0,221000.0,317000.0,450000.0,227000.0,326000.0,464000.0,233000.0,335000.0,479000.0
pm-2026Q2-v3,JHR,Johor,Pontian,terrace,F,2,typical,119,2026Q2,100.0,263000.0,388000.0,492000.0,271000.0,397000.0,506000.0,279000.0,407000.0,522000.0,287000.0,418000.0,540000.0
pm-2026Q2-v3,JHR,Johor,Pontian,terrace,F,2,large,119,2026Q2,156.0,398000.0,455000.0,651000.0,409000.0,471000.0,668000.0,419000.0,487000.0,689000.0,429000.0,504000.0,711000.0
pm-2026Q2-v3,JHR,Johor,Segamat,cluster,L,0,small,23,2026Q2,137.0,252000.0,359000.0,477000.0,263000.0,373000.0,496000.0,274000.0,388000.0,519000.0,285000.0,404000.0,543000.0
pm-2026Q2-v3,JHR,Johor,Segamat,cluster,L,0,typical,23,2026Q2,137.0,252000.0,359000.0,477000.0,263000.0,373000.0,496000.0,274000.0,388000.0,519000.0,285000.0,404000.0,543000.0
pm-2026Q2-v3,JHR,Johor,Segamat,cluster,L,0,large,23,2026Q2,137.0,252000.0,359000.0,477000.0,263000.0,373000.0,496000.0,274000.0,388000.0,519000.0,285000.0,404000.0,543000.0
pm-2026Q2-v3,JHR,Johor,Segamat,detached,L,0,small,28,2026Q2,116.0,106000.0,260000.0,454000.0,107000.0,260000.0,456000.0,108000.0,263000.0,462000.0,109000.0,265000.0,468000.0
pm-2026Q2-v3,JHR,Johor,Segamat,detached,L,0,typical,28,2026Q2,147.0,123000.0,266000.0,483000.0,124000.0,267000.0,485000.0,126000.0,270000.0,491000.0,127000.0,273000.0,498000.0
pm-2026Q2-v3,JHR,Johor,Segamat,detached,L,0,large,28,2026Q2,147.0,123000.0,266000.0,483000.0,124000.0,267000.0,485000.0,126000.0,270000.0,491000.0,127000.0,273000.0,498000.0
pm-2026Q2-v3,JHR,Johor,Segamat,low_cost_house,F,0,small,35,2026Q2,49.0,71000.0,98000.0,174000.0,74000.0,104000.0,182000.0,78000.0,110000.0,193000.0,81000.0,116000.0,204000.0
pm-2026Q2-v3,JHR,Johor,Segamat,low_cost_house,F,0,typical,35,2026Q2,59.0,75000.0,104000.0,173000.0,79000.0,110000.0,181000.0,83000.0,116000.0,192000.0,86000.0,122000.0,203000.0
pm-2026Q2-v3,JHR,Johor,Segamat,low_cost_house,F,0,large,35,2026Q2,65.0,73000.0,109000.0,176000.0,77000.0,115000.0,184000.0,81000.0,121000.0,195000.0,84000.0,128000.0,207000.0
pm-2026Q2-v3,JHR,Johor,Segamat,semi_detached,F,1,small,40,2026Q2,118.0,297000.0,407000.0,479000.0,306000.0,416000.0,493000.0,314000.0,426000.0,509000.0,323000.0,437000.0,526000.0
pm-2026Q2-v3,JHR,Johor,Segamat,semi_detached,F,1,typical,40,2026Q2,144.0,308000.0,426000.0,527000.0,317000.0,435000.0,541000.0,326000.0,447000.0,558000.0,335000.0,459000.0,577000.0
pm-2026Q2-v3,JHR,Johor,Segamat,semi_detached,F,1,large,40,2026Q2,215.0,377000.0,478000.0,650000.0,388000.0,492000.0,666000.0,399000.0,506000.0,686000.0,409000.0,522000.0,709000.0
pm-2026Q2-v3,JHR,Johor,Segamat,terrace,F,1,small,264,2026Q2,86.0,182000.0,200000.0,305000.0,186000.0,208000.0,313000.0,191000.0,216000.0,323000.0,195000.0,224000.0,333000.0
pm-2026Q2-v3,JHR,Johor,Segamat,terrace,F,1,typical,264,2026Q2,96.0,191000.0,229000.0,320000.0,196000.0,237000.0,328000.0,201000.0,244000.0,339000.0,206000.0,252000.0,350000.0
pm-2026Q2-v3,JHR,Johor,Segamat,terrace,F,1,large,264,2026Q2,141.0,243000.0,304000.0,415000.0,250000.0,313000.0,426000.0,257000.0,323000.0,439000.0,264000.0,333000.0,454000.0
pm-2026Q2-v3,JHR,Johor,Segamat,terrace,L,1,small,76,2026Q2,80.0,150000.0,168000.0,282000.0,154000.0,175000.0,289000.0,157000.0,182000.0,297000.0,161000.0,188000.0,307000.0
pm-2026Q2-v3,JHR,Johor,Segamat,terrace,L,1,typical,76,2026Q2,93.0,147000.0,196000.0,299000.0,151000.0,202000.0,306000.0,156000.0,209000.0,316000.0,160000.0,215000.0,326000.0
pm-2026Q2-v3,JHR,Johor,Segamat,terrace,L,1,large,76,2026Q2,99.0,164000.0,233000.0,318000.0,169000.0,239000.0,327000.0,174000.0,246000.0,337000.0,179000.0,253000.0,348000.0
pm-2026Q2-v3,JHR,Johor,Tangkak,detached,F,0,small,18,2026Q2,135.0,337000.0,461000.0,669000.0,341000.0,466000.0,674000.0,344000.0,471000.0,682000.0,348000.0,478000.0,694000.0
pm-2026Q2-v3,JHR,Johor,Tangkak,detached,F,0,typical,18,2026Q2,135.0,337000.0,461000.0,669000.0,341000.0,466000.0,674000.0,344000.0,471000.0,682000.0,348000.0,478000.0,694000.0
pm-2026Q2-v3,JHR,Johor,Tangkak,detached,F,0,large,18,2026Q2,183.0,378000.0,526000.0,756000.0,382000.0,531000.0,762000.0,386000.0,537000.0,772000.0,390000.0,545000.0,785000.0
pm-2026Q2-v3,JHR,Johor,Tangkak,low_cost_house,F,0,small,30,2026Q2,54.0,84000.0,132000.0,197000.0,89000.0,138000.0,207000.0,93000.0,145000.0,220000.0,97000.0,153000.0,233000.0
pm-2026Q2-v3,JHR,Johor,Tangkak,low_cost_house,F,0,typical,30,2026Q2,60.0,84000.0,131000.0,197000.0,89000.0,137000.0,207000.0,93000.0,145000.0,220000.0,97000.0,152000.0,233000.0
pm-2026Q2-v3,JHR,Johor,Tangkak,low_cost_house,F,0,large,30,2026Q2,62.0,84000.0,131000.0,197000.0,89000.0,138000.0,207000.0,93000.0,145000.0,220000.0,98000.0,152000.0,233000.0
pm-2026Q2-v3,JHR,Johor,Tangkak,low_cost_house,L,0,small,12,2026Q2,52.0,84000.0,127000.0,212000.0,88000.0,134000.0,222000.0,92000.0,142000.0,236000.0,97000.0,149000.0,250000.0
pm-2026Q2-v3,JHR,Johor,Tangkak,low_cost_house,L,0,typical,12,2026Q2,52.0,84000.0,127000.0,212000.0,88000.0,134000.0,222000.0,92000.0,142000.0,236000.0,97000.0,149000.0,250000.0
pm-2026Q2-v3,JHR,Johor,Tangkak,low_cost_house,L,0,large,12,2026Q2,53.0,84000.0,126000.0,211000.0,89000.0,133000.0,222000.0,93000.0,141000.0,235000.0,97000.0,148000.0,249000.0
pm-2026Q2-v3,JHR,Johor,Tangkak,semi_detached,F,1,small,79,2026Q2,114.0,373000.0,460000.0,562000.0,384000.0,473000.0,578000.0,394000.0,486000.0,596000.0,404000.0,500000.0,616000.0
pm-2026Q2-v3,JHR,Johor,Tangkak,semi_detached,F,1,typical,79,2026Q2,133.0,388000.0,478000.0,576000.0,399000.0,491000.0,592000.0,409000.0,504000.0,611000.0,420000.0,518000.0,631000.0
pm-2026Q2-v3,JHR,Johor,Tangkak,semi_detached,F,1,large,79,2026Q2,212.0,453000.0,579000.0,792000.0,466000.0,596000.0,812000.0,479000.0,613000.0,836000.0,492000.0,632000.0,863000.0
pm-2026Q2-v3,JHR,Johor,Tangkak,terrace,F,2,small,202,2026Q2,82.0,220000.0,305000.0,471000.0,227000.0,314000.0,483000.0,234000.0,323000.0,497000.0,240000.0,333000.0,513000.0
pm-2026Q2-v3,JHR,Johor,Tangkak,terrace,F,2,typical,202,2026Q2,98.0,259000.0,349000.0,530000.0,267000.0,360000.0,543000.0,275000.0,371000.0,560000.0,282000.0,382000.0,577000.0
pm-2026Q2-v3,JHR,Johor,Tangkak,terrace,F,2,large,202,2026Q2,183.0,401000.0,497000.0,670000.0,413000.0,513000.0,688000.0,424000.0,529000.0,710000.0,435000.0,545000.0,733000.0
pm-2026Q2-v3,KDH,Kedah,Baling,low_cost_house,F,0,small,37,2026Q2,59.0,109000.0,174000.0,226000.0,114000.0,180000.0,238000.0,120000.0,189000.0,253000.0,126000.0,198000.0,269000.0
pm-2026Q2-v3,KDH,Kedah,Baling,low_cost_house,F,0,typical,37,2026Q2,60.0,109000.0,177000.0,227000.0,115000.0,184000.0,240000.0,120000.0,192000.0,255000.0,126000.0,201000.0,271000.0
pm-2026Q2-v3,KDH,Kedah,Baling,low_cost_house,F,0,large,37,2026Q2,67.0,114000.0,178000.0,227000.0,120000.0,185000.0,240000.0,126000.0,194000.0,255000.0,132000.0,203000.0,271000.0
pm-2026Q2-v3,KDH,Kedah,Baling,semi_detached,F,1,small,17,2026Q2,79.0,232000.0,291000.0,360000.0,239000.0,298000.0,370000.0,245000.0,307000.0,382000.0,251000.0,315000.0,395000.0
pm-2026Q2-v3,KDH,Kedah,Baling,semi_detached,F,1,typical,17,2026Q2,89.0,241000.0,303000.0,360000.0,248000.0,311000.0,370000.0,255000.0,319000.0,382000.0,262000.0,328000.0,395000.0
pm-2026Q2-v3,KDH,Kedah,Baling,semi_detached,F,1,large,17,2026Q2,94.0,239000.0,304000.0,362000.0,246000.0,312000.0,372000.0,253000.0,320000.0,384000.0,259000.0,329000.0,397000.0
pm-2026Q2-v3,KDH,Kedah,Baling,terrace,F,1,small,50,2026Q2,67.0,183000.0,222000.0,264000.0,188000.0,228000.0,272000.0,193000.0,234000.0,281000.0,198000.0,241000.0,290000.0
pm-2026Q2-v3,KDH,Kedah,Baling,terrace,F,1,typical,50,2026Q2,73.0,189000.0,233000.0,279000.0,195000.0,239000.0,287000.0,200000.0,246000.0,297000.0,205000.0,253000.0,307000.0
pm-2026Q2-v3,KDH,Kedah,Baling,terrace,F,1,large,50,2026Q2,78.0,182000.0,235000.0,283000.0,188000.0,241000.0,291000.0,193000.0,247000.0,301000.0,198000.0,254000.0,311000.0
pm-2026Q2-v3,KDH,Kedah,Bandar Baru,low_cost_house,F,0,small,20,2026Q2,63.0,107000.0,169000.0,222000.0,113000.0,176000.0,234000.0,118000.0,185000.0,249000.0,124000.0,193000.0,264000.0
pm-2026Q2-v3,KDH,Kedah,Bandar Baru,low_cost_house,F,0,typical,20,2026Q2,67.0,111000.0,176000.0,227000.0,117000.0,183000.0,240000.0,123000.0,192000.0,255000.0,128000.0,201000.0,271000.0
pm-2026Q2-v3,KDH,Kedah,Bandar Baru,low_cost_house,F,0,large,20,2026Q2,81.0,119000.0,180000.0,263000.0,125000.0,188000.0,276000.0,132000.0,198000.0,294000.0,137000.0,208000.0,311000.0
pm-2026Q2-v3,KDH,Kedah,Bandar Baru,semi_detached,F,1,small,34,2026Q2,84.0,275000.0,336000.0,408000.0,283000.0,345000.0,419000.0,290000.0,355000.0,433000.0,297000.0,365000.0,447000.0
pm-2026Q2-v3,KDH,Kedah,Bandar Baru,semi_detached,F,1,typical,34,2026Q2,94.0,281000.0,363000.0,404000.0,289000.0,371000.0,416000.0,297000.0,380000.0,430000.0,305000.0,389000.0,445000.0
pm-2026Q2-v3,KDH,Kedah,Bandar Baru,semi_detached,F,1,large,34,2026Q2,103.0,304000.0,364000.0,424000.0,313000.0,374000.0,436000.0,321000.0,384000.0,451000.0,329000.0,395000.0,466000.0
pm-2026Q2-v3,KDH,Kedah,Kota Setar,condo,F,0,small,27,2026Q2,79.0,127000.0,197000.0,310000.0,129000.0,200000.0,315000.0,130000.0,203000.0,322000.0,131000.0,205000.0,329000.0
pm-2026Q2-v3,KDH,Kedah,Kota Setar,condo,F,0,typical,27,2026Q2,85.0,143000.0,211000.0,332000.0,145000.0,214000.0,337000.0,146000.0,217000.0,345000.0,147000.0,220000.0,352000.0
pm-2026Q2-v3,KDH,Kedah,Kota Setar,condo,F,0,large,27,2026Q2,86.0,142000.0,221000.0,340000.0,144000.0,223000.0,345000.0,146000.0,227000.0,354000.0,147000.0,230000.0,361000.0
pm-2026Q2-v3,KDH,Kedah,Kota Setar,detached,F,0,small,32,2026Q2,118.0,342000.0,507000.0,705000.0,346000.0,511000.0,711000.0,350000.0,516000.0,722000.0,354000.0,522000.0,732000.0
pm-2026Q2-v3,KDH,Kedah,Kota Setar,detached,F,0,typical,32,2026Q2,189.0,410000.0,600000.0,926000.0,415000.0,606000.0,932000.0,420000.0,614000.0,945000.0,424000.0,621000.0,959000.0
pm-2026Q2-v3,KDH,Kedah,Kota Setar,detached,F,0,large,32,2026Q2,221.0,463000.0,712000.0,1131000.0,469000.0,718000.0,1137000.0,474000.0,728000.0,1153000.0,480000.0,736000.0,1170000.0
pm-2026Q2-v3,KDH,Kedah,Kota Setar,low_cost_flat,F,0,small,20,2026Q2,51.0,68000.0,109000.0,165000.0,72000.0,114000.0,173000.0,75000.0,120000.0,181000.0,79000.0,126000.0,191000.0
pm-2026Q2-v3,KDH,Kedah,Kota Setar,low_cost_flat,F,0,typical,20,2026Q2,51.0,68000.0,109000.0,165000.0,72000.0,114000.0,173000.0,75000.0,120000.0,181000.0,79000.0,126000.0,191000.0
pm-2026Q2-v3,KDH,Kedah,Kota Setar,low_cost_flat,F,0,large,20,2026Q2,52.0,71000.0,115000.0,168000.0,74000.0,120000.0,175000.0,78000.0,126000.0,184000.0,82000.0,132000.0,193000.0
pm-2026Q2-v3,KDH,Kedah,Kota Setar,low_cost_house,F,0,small,235,2026Q2,56.0,139000.0,213000.0,247000.0,146000.0,220000.0,262000.0,153000.0,229000.0,279000.0,160000.0,239000.0,298000.0
pm-2026Q2-v3,KDH,Kedah,Kota Setar,low_cost_house,F,0,typical,235,2026Q2,60.0,142000.0,220000.0,251000.0,149000.0,227000.0,267000.0,157000.0,236000.0,285000.0,164000.0,246000.0,304000.0
pm-2026Q2-v3,KDH,Kedah,Kota Setar,low_cost_house,F,0,large,235,2026Q2,67.0,145000.0,222000.0,261000.0,153000.0,230000.0,277000.0,160000.0,240000.0,295000.0,168000.0,250000.0,315000.0
pm-2026Q2-v3,KDH,Kedah,Kota Setar,low_cost_house,L,0,small,16,2026Q2,65.0,103000.0,164000.0,219000.0,109000.0,171000.0,231000.0,114000.0,180000.0,245000.0,120000.0,188000.0,260000.0
pm-2026Q2-v3,KDH,Kedah,Kota Setar,low_cost_house,L,0,typical,16,2026Q2,65.0,103000.0,164000.0,219000.0,109000.0,171000.0,231000.0,114000.0,180000.0,245000.0,120000.0,188000.0,260000.0
pm-2026Q2-v3,KDH,Kedah,Kota Setar,low_cost_house,L,0,large,16,2026Q2,67.0,106000.0,166000.0,222000.0,112000.0,173000.0,235000.0,118000.0,181000.0,249000.0,123000.0,190000.0,264000.0
pm-2026Q2-v3,KDH,Kedah,Kota Setar,semi_detached,F,1,small,289,2026Q2,91.0,303000.0,400000.0,459000.0,312000.0,409000.0,473000.0,320000.0,419000.0,488000.0,329000.0,430000.0,505000.0
pm-2026Q2-v3,KDH,Kedah,Kota Setar,semi_detached,F,1,typical,289,2026Q2,100.0,333000.0,413000.0,488000.0,342000.0,423000.0,502000.0,352000.0,435000.0,518000.0,360000.0,447000.0,535000.0
pm-2026Q2-v3,KDH,Kedah,Kota Setar,semi_detached,F,1,large,289,2026Q2,156.0,393000.0,510000.0,691000.0,404000.0,524000.0,709000.0,416000.0,539000.0,731000.0,427000.0,555000.0,754000.0
pm-2026Q2-v3,KDH,Kedah,Kota Setar,terrace,F,1,small,395,2026Q2,74.0,217000.0,289000.0,369000.0,223000.0,296000.0,379000.0,229000.0,305000.0,392000.0,235000.0,313000.0,405000.0
pm-2026Q2-v3,KDH,Kedah,Kota Setar,terrace,F,1,typical,395,2026Q2,84.0,224000.0,298000.0,385000.0,231000.0,306000.0,396000.0,237000.0,315000.0,409000.0,243000.0,324000.0,423000.0
pm-2026Q2-v3,KDH,Kedah,Kota Setar,terrace,F,1,large,395,2026Q2,129.0,280000.0,380000.0,545000.0,289000.0,391000.0,559000.0,297000.0,402000.0,576000.0,305000.0,414000.0,595000.0
pm-2026Q2-v3,KDH,Kedah,Kota Setar,terrace,L,1,small,16,2026Q2,74.0,165000.0,235000.0,353000.0,170000.0,242000.0,362000.0,174000.0,249000.0,373000.0,179000.0,256000.0,384000.0
pm-2026Q2-v3,KDH,Kedah,Kota Setar,terrace,L,1,typical,16,2026Q2,94.0,175000.0,262000.0,381000.0,180000.0,269000.0,391000.0,185000.0,276000.0,403000.0,190000.0,284000.0,416000.0
pm-2026Q2-v3,KDH,Kedah,Kota Setar,terrace,L,1,large,16,2026Q2,106.0,220000.0,284000.0,429000.0,227000.0,293000.0,439000.0,233000.0,302000.0,453000.0,239000.0,311000.0,467000.0
pm-2026Q2-v3,KDH,Kedah,Kuala Muda,cluster,F,0,small,11,2026Q2,94.0,222000.0,309000.0,373000.0,231000.0,320000.0,389000.0,241000.0,333000.0,407000.0,251000.0,346000.0,426000.0
pm-2026Q2-v3,KDH,Kedah,Kuala Muda,cluster,F,0,typical,11,2026Q2,94.0,222000.0,309000.0,373000.0,231000.0,320000.0,389000.0,241000.0,333000.0,407000.0,251000.0,346000.0,426000.0
pm-2026Q2-v3,KDH,Kedah,Kuala Muda,cluster,F,0,large,11,2026Q2,128.0,284000.0,384000.0,499000.0,296000.0,399000.0,519000.0,308000.0,415000.0,543000.0,320000.0,433000.0,568000.0
pm-2026Q2-v3,KDH,Kedah,Kuala Muda,detached,F,0,small,29,2026Q2,122.0,238000.0,455000.0,530000.0,240000.0,454000.0,536000.0,243000.0,456000.0,545000.0,246000.0,458000.0,554000.0
pm-2026Q2-v3,KDH,Kedah,Kuala Muda,detached,F,0,typical,29,2026Q2,144.0,261000.0,470000.0,580000.0,264000.0,471000.0,586000.0,267000.0,474000.0,596000.0,270000.0,477000.0,606000.0
pm-2026Q2-v3,KDH,Kedah,Kuala Muda,detached,F,0,large,29,2026Q2,236.0,342000.0,550000.0,806000.0,346000.0,553000.0,812000.0,350000.0,559000.0,823000.0,354000.0,565000.0,836000.0
pm-2026Q2-v3,KDH,Kedah,Kuala Muda,low_cost_house,F,0,small,643,2026Q2,59.0,116000.0,192000.0,232000.0,122000.0,198000.0,246000.0,128000.0,207000.0,262000.0,134000.0,216000.0,278000.0
pm-2026Q2-v3,KDH,Kedah,Kuala Muda,low_cost_house,F,0,typical,643,2026Q2,60.0,114000.0,195000.0,233000.0,120000.0,201000.0,247000.0,127000.0,210000.0,263000.0,133000.0,218000.0,280000.0
pm-2026Q2-v3,KDH,Kedah,Kuala Muda,low_cost_house,F,0,large,643,2026Q2,63.0,114000.0,195000.0,233000.0,120000.0,201000.0,247000.0,126000.0,210000.0,263000.0,132000.0,218000.0,280000.0
pm-2026Q2-v3,KDH,Kedah,Kuala Muda,low_cost_house,L,0,small,37,2026Q2,60.0,94000.0,168000.0,206000.0,99000.0,173000.0,219000.0,104000.0,181000.0,233000.0,109000.0,189000.0,247000.0
pm-2026Q2-v3,KDH,Kedah,Kuala Muda,low_cost_house,L,0,typical,37,2026Q2,63.0,94000.0,170000.0,208000.0,98000.0,176000.0,220000.0,104000.0,183000.0,234000.0,109000.0,191000.0,249000.0
pm-2026Q2-v3,KDH,Kedah,Kuala Muda,low_cost_house,L,0,large,37,2026Q2,66.0,100000.0,169000.0,210000.0,105000.0,175000.0,222000.0,110000.0,183000.0,236000.0,116000.0,191000.0,251000.0
pm-2026Q2-v3,KDH,Kedah,Kuala Muda,semi_detached,F,1,small,355,2026Q2,91.0,239000.0,332000.0,399000.0,246000.0,339000.0,410000.0,253000.0,348000.0,423000.0,260000.0,357000.0,437000.0
pm-2026Q2-v3,KDH,Kedah,Kuala Muda,semi_detached,F,1,typical,355,2026Q2,101.0,267000.0,359000.0,416000.0,275000.0,367000.0,428000.0,283000.0,376000.0,443000.0,290000.0,385000.0,457000.0
pm-2026Q2-v3,KDH,Kedah,Kuala Muda,semi_detached,F,1,large,355,2026Q2,133.0,299000.0,393000.0,489000.0,308000.0,403000.0,503000.0,316000.0,414000.0,519000.0,324000.0,426000.0,536000.0
pm-2026Q2-v3,KDH,Kedah,Kuala Muda,terrace,F,1,small,1025,2026Q2,72.0,173000.0,233000.0,289000.0,178000.0,238000.0,297000.0,183000.0,245000.0,307000.0,188000.0,252000.0,318000.0
pm-2026Q2-v3,KDH,Kedah,Kuala Muda,terrace,F,1,typical,1025,2026Q2,79.0,177000.0,240000.0,294000.0,182000.0,246000.0,302000.0,187000.0,252000.0,312000.0,192000.0,259000.0,323000.0
pm-2026Q2-v3,KDH,Kedah,Kuala Muda,terrace,F,1,large,1025,2026Q2,97.0,198000.0,273000.0,331000.0,204000.0,280000.0,341000.0,210000.0,287000.0,353000.0,215000.0,295000.0,365000.0
pm-2026Q2-v3,KDH,Kedah,Kuala Muda,terrace,L,1,small,10,2026Q2,66.0,139000.0,214000.0,260000.0,143000.0,218000.0,268000.0,147000.0,223000.0,277000.0,151000.0,229000.0,286000.0
pm-2026Q2-v3,KDH,Kedah,Kuala Muda,terrace,L,1,typical,10,2026Q2,74.0,147000.0,223000.0,277000.0,151000.0,227000.0,285000.0,156000.0,233000.0,294000.0,160000.0,239000.0,304000.0
pm-2026Q2-v3,KDH,Kedah,Kuala Muda,terrace,L,1,large,10,2026Q2,78.0,142000.0,226000.0,278000.0,146000.0,231000.0,286000.0,150000.0,236000.0,295000.0,155000.0,242000.0,305000.0
pm-2026Q2-v3,KDH,Kedah,Kubang Pasu,detached,F,0,small,30,2026Q2,128.0,385000.0,521000.0,582000.0,389000.0,522000.0,590000.0,394000.0,526000.0,600000.0,397000.0,529000.0,612000.0
pm-2026Q2-v3,KDH,Kedah,Kubang Pasu,detached,F,0,typical,30,2026Q2,148.0,427000.0,540000.0,611000.0,432000.0,543000.0,620000.0,436000.0,548000.0,630000.0,440000.0,552000.0,641000.0
pm-2026Q2-v3,KDH,Kedah,Kubang Pasu,detached,F,0,large,30,2026Q2,213.0,467000.0,594000.0,768000.0,472000.0,600000.0,775000.0,477000.0,608000.0,788000.0,481000.0,615000.0,801000.0
pm-2026Q2-v3,KDH,Kedah,Kubang Pasu,low_cost_house,F,0,small,78,2026Q2,56.0,143000.0,190000.0,238000.0,150000.0,198000.0,252000.0,157000.0,209000.0,267000.0,164000.0,219000.0,284000.0
pm-2026Q2-v3,KDH,Kedah,Kubang Pasu,low_cost_house,F,0,typical,78,2026Q2,61.0,141000.0,192000.0,238000.0,148000.0,200000.0,252000.0,155000.0,210000.0,268000.0,161000.0,220000.0,285000.0
pm-2026Q2-v3,KDH,Kedah,Kubang Pasu,low_cost_house,F,0,large,78,2026Q2,65.0,144000.0,195000.0,245000.0,152000.0,204000.0,260000.0,159000.0,215000.0,276000.0,165000.0,225000.0,293000.0
pm-2026Q2-v3,KDH,Kedah,Kubang Pasu,semi_detached,F,1,small,124,2026Q2,90.0,299000.0,361000.0,398000.0,308000.0,370000.0,410000.0,316000.0,379000.0,424000.0,324000.0,388000.0,439000.0
pm-2026Q2-v3,KDH,Kedah,Kubang Pasu,semi_detached,F,1,typical,124,2026Q2,100.0,328000.0,385000.0,414000.0,337000.0,393000.0,427000.0,345000.0,403000.0,442000.0,354000.0,413000.0,458000.0
pm-2026Q2-v3,KDH,Kedah,Kubang Pasu,semi_detached,F,1,large,124,2026Q2,118.0,347000.0,390000.0,443000.0,357000.0,402000.0,456000.0,365000.0,413000.0,472000.0,373000.0,425000.0,487000.0
pm-2026Q2-v3,KDH,Kedah,Kubang Pasu,terrace,F,1,small,205,2026Q2,72.0,232000.0,268000.0,315000.0,239000.0,276000.0,324000.0,245000.0,284000.0,335000.0,250000.0,292000.0,346000.0
pm-2026Q2-v3,KDH,Kedah,Kubang Pasu,terrace,F,1,typical,205,2026Q2,82.0,242000.0,283000.0,326000.0,249000.0,290000.0,336000.0,255000.0,299000.0,348000.0,261000.0,307000.0,359000.0
pm-2026Q2-v3,KDH,Kedah,Kubang Pasu,terrace,F,1,large,205,2026Q2,94.0,239000.0,302000.0,349000.0,246000.0,309000.0,360000.0,252000.0,317000.0,372000.0,259000.0,326000.0,385000.0
pm-2026Q2-v3,KDH,Kedah,Kubang Pasu,terrace,L,1,small,16,2026Q2,80.0,185000.0,254000.0,304000.0,190000.0,260000.0,313000.0,196000.0,266000.0,324000.0,201000.0,274000.0,334000.0
pm-2026Q2-v3,KDH,Kedah,Kubang Pasu,terrace,L,1,typical,16,2026Q2,80.0,185000.0,254000.0,304000.0,190000.0,260000.0,313000.0,196000.0,266000.0,324000.0,201000.0,274000.0,334000.0
pm-2026Q2-v3,KDH,Kedah,Kubang Pasu,terrace,L,1,large,16,2026Q2,80.0,185000.0,254000.0,304000.0,190000.0,260000.0,313000.0,196000.0,266000.0,324000.0,201000.0,274000.0,334000.0
pm-2026Q2-v3,KDH,Kedah,Kulim,condo,F,0,small,15,2026Q2,77.0,139000.0,178000.0,270000.0,140000.0,182000.0,274000.0,141000.0,186000.0,281000.0,141000.0,189000.0,287000.0
pm-2026Q2-v3,KDH,Kedah,Kulim,condo,F,0,typical,15,2026Q2,77.0,139000.0,178000.0,270000.0,140000.0,182000.0,274000.0,141000.0,186000.0,281000.0,141000.0,189000.0,287000.0
pm-2026Q2-v3,KDH,Kedah,Kulim,condo,F,0,large,15,2026Q2,77.0,139000.0,178000.0,270000.0,140000.0,182000.0,274000.0,141000.0,186000.0,281000.0,141000.0,189000.0,287000.0
pm-2026Q2-v3,KDH,Kedah,Kulim,detached,F,0,small,24,2026Q2,133.0,282000.0,467000.0,626000.0,285000.0,469000.0,632000.0,289000.0,473000.0,641000.0,292000.0,477000.0,652000.0
pm-2026Q2-v3,KDH,Kedah,Kulim,detached,F,0,typical,24,2026Q2,147.0,298000.0,482000.0,659000.0,301000.0,484000.0,664000.0,305000.0,489000.0,674000.0,309000.0,493000.0,685000.0
pm-2026Q2-v3,KDH,Kedah,Kulim,detached,F,0,large,24,2026Q2,171.0,312000.0,489000.0,667000.0,316000.0,491000.0,673000.0,320000.0,497000.0,683000.0,323000.0,501000.0,694000.0
pm-2026Q2-v3,KDH,Kedah,Kulim,low_cost_flat,F,0,small,23,2026Q2,54.0,77000.0,123000.0,184000.0,81000.0,129000.0,192000.0,85000.0,135000.0,202000.0,89000.0,142000.0,212000.0
pm-2026Q2-v3,KDH,Kedah,Kulim,low_cost_flat,F,0,typical,23,2026Q2,54.0,77000.0,123000.0,184000.0,81000.0,129000.0,192000.0,85000.0,135000.0,202000.0,89000.0,142000.0,212000.0
pm-2026Q2-v3,KDH,Kedah,Kulim,low_cost_flat,F,0,large,23,2026Q2,55.0,77000.0,124000.0,185000.0,81000.0,129000.0,193000.0,85000.0,135000.0,203000.0,89000.0,142000.0,214000.0
pm-2026Q2-v3,KDH,Kedah,Kulim,low_cost_house,F,0,small,383,2026Q2,59.0,136000.0,214000.0,296000.0,143000.0,223000.0,313000.0,150000.0,235000.0,332000.0,157000.0,246000.0,352000.0
pm-2026Q2-v3,KDH,Kedah,Kulim,low_cost_house,F,0,typical,383,2026Q2,72.0,147000.0,224000.0,312000.0,155000.0,234000.0,329000.0,162000.0,246000.0,350000.0,170000.0,258000.0,370000.0
pm-2026Q2-v3,KDH,Kedah,Kulim,low_cost_house,F,0,large,383,2026Q2,74.0,147000.0,222000.0,318000.0,155000.0,232000.0,335000.0,162000.0,244000.0,356000.0,170000.0,257000.0,377000.0
pm-2026Q2-v3,KDH,Kedah,Kulim,low_cost_house,L,0,small,14,2026Q2,55.0,89000.0,156000.0,241000.0,94000.0,163000.0,254000.0,99000.0,172000.0,269000.0,103000.0,180000.0,286000.0
pm-2026Q2-v3,KDH,Kedah,Kulim,low_cost_house,L,0,typical,14,2026Q2,58.0,89000.0,157000.0,240000.0,94000.0,163000.0,252000.0,99000.0,172000.0,267000.0,103000.0,180000.0,284000.0
pm-2026Q2-v3,KDH,Kedah,Kulim,low_cost_house,L,0,large,14,2026Q2,66.0,93000.0,163000.0,246000.0,98000.0,170000.0,259000.0,103000.0,178000.0,275000.0,108000.0,187000.0,292000.0
pm-2026Q2-v3,KDH,Kedah,Kulim,semi_detached,F,1,small,265,2026Q2,97.0,244000.0,356000.0,442000.0,251000.0,364000.0,454000.0,258000.0,373000.0,468000.0,265000.0,383000.0,484000.0
pm-2026Q2-v3,KDH,Kedah,Kulim,semi_detached,F,1,typical,265,2026Q2,109.0,270000.0,370000.0,460000.0,278000.0,378000.0,473000.0,286000.0,389000.0,488000.0,294000.0,399000.0,504000.0
pm-2026Q2-v3,KDH,Kedah,Kulim,semi_detached,F,1,large,265,2026Q2,142.0,298000.0,411000.0,547000.0,306000.0,421000.0,561000.0,315000.0,433000.0,579000.0,323000.0,445000.0,597000.0
pm-2026Q2-v3,KDH,Kedah,Kulim,terrace,F,1,small,569,2026Q2,74.0,217000.0,264000.0,339000.0,223000.0,272000.0,349000.0,229000.0,280000.0,360000.0,235000.0,288000.0,372000.0
pm-2026Q2-v3,KDH,Kedah,Kulim,terrace,F,1,typical,569,2026Q2,82.0,227000.0,276000.0,348000.0,234000.0,284000.0,357000.0,240000.0,292000.0,369000.0,246000.0,301000.0,382000.0
pm-2026Q2-v3,KDH,Kedah,Kulim,terrace,F,1,large,569,2026Q2,124.0,263000.0,336000.0,439000.0,270000.0,345000.0,451000.0,278000.0,355000.0,465000.0,285000.0,366000.0,481000.0
pm-2026Q2-v3,KDH,Kedah,Kulim,terrace,L,1,small,16,2026Q2,77.0,174000.0,240000.0,323000.0,179000.0,246000.0,331000.0,184000.0,253000.0,342000.0,189000.0,260000.0,353000.0
pm-2026Q2-v3,KDH,Kedah,Kulim,terrace,L,1,typical,16,2026Q2,84.0,183000.0,251000.0,334000.0,189000.0,257000.0,343000.0,194000.0,264000.0,354000.0,199000.0,272000.0,366000.0
pm-2026Q2-v3,KDH,Kedah,Kulim,terrace,L,1,large,16,2026Q2,93.0,183000.0,266000.0,340000.0,188000.0,272000.0,350000.0,194000.0,280000.0,361000.0,199000.0,287000.0,373000.0
pm-2026Q2-v3,KDH,Kedah,Langkawi,condo,F,0,small,21,2026Q2,84.0,129000.0,201000.0,382000.0,131000.0,205000.0,385000.0,133000.0,209000.0,394000.0,133000.0,212000.0,402000.0
pm-2026Q2-v3,KDH,Kedah,Langkawi,condo,F,0,typical,21,2026Q2,95.0,146000.0,231000.0,429000.0,148000.0,235000.0,433000.0,150000.0,240000.0,443000.0,150000.0,243000.0,452000.0
pm-2026Q2-v3,KDH,Kedah,Langkawi,condo,F,0,large,21,2026Q2,128.0,219000.0,429000.0,850000.0,222000.0,433000.0,857000.0,226000.0,439000.0,875000.0,228000.0,446000.0,893000.0
pm-2026Q2-v3,KDH,Kedah,Langkawi,low_cost_house,F,0,small,12,2026Q2,59.0,121000.0,168000.0,250000.0,127000.0,177000.0,262000.0,133000.0,186000.0,279000.0,138000.0,196000.0,296000.0
pm-2026Q2-v3,KDH,Kedah,Langkawi,low_cost_house,F,0,typical,12,2026Q2,64.0,122000.0,171000.0,252000.0,128000.0,180000.0,265000.0,134000.0,190000.0,281000.0,140000.0,200000.0,298000.0
pm-2026Q2-v3,KDH,Kedah,Langkawi,low_cost_house,F,0,large,12,2026Q2,70.0,128000.0,190000.0,260000.0,134000.0,199000.0,275000.0,141000.0,209000.0,292000.0,147000.0,219000.0,309000.0
pm-2026Q2-v3,KDH,Kedah,Langkawi,terrace,F,2,small,41,2026Q2,82.0,220000.0,312000.0,524000.0,226000.0,322000.0,536000.0,232000.0,332000.0,552000.0,239000.0,342000.0,569000.0
pm-2026Q2-v3,KDH,Kedah,Langkawi,terrace,F,2,typical,41,2026Q2,151.0,363000.0,491000.0,714000.0,373000.0,505000.0,732000.0,384000.0,520000.0,754000.0,394000.0,536000.0,779000.0
pm-2026Q2-v3,KDH,Kedah,Langkawi,terrace,F,2,large,41,2026Q2,164.0,388000.0,527000.0,752000.0,399000.0,542000.0,772000.0,411000.0,558000.0,795000.0,422000.0,574000.0,822000.0
pm-2026Q2-v3,KDH,Kedah,Langkawi,terrace,L,1,small,23,2026Q2,76.0,142000.0,215000.0,416000.0,146000.0,222000.0,425000.0,150000.0,229000.0,438000.0,155000.0,236000.0,451000.0
pm-2026Q2-v3,KDH,Kedah,Langkawi,terrace,L,1,typical,23,2026Q2,76.0,142000.0,215000.0,416000.0,146000.0,222000.0,425000.0,150000.0,229000.0,438000.0,155000.0,236000.0,451000.0
pm-2026Q2-v3,KDH,Kedah,Langkawi,terrace,L,1,large,23,2026Q2,76.0,142000.0,215000.0,416000.0,146000.0,222000.0,425000.0,150000.0,229000.0,438000.0,155000.0,236000.0,451000.0
pm-2026Q2-v3,KDH,Kedah,Padang Terap,low_cost_house,F,0,small,13,2026Q2,56.0,103000.0,143000.0,193000.0,109000.0,150000.0,203000.0,114000.0,158000.0,216000.0,119000.0,165000.0,229000.0
pm-2026Q2-v3,KDH,Kedah,Padang Terap,low_cost_house,F,0,typical,13,2026Q2,59.0,106000.0,146000.0,194000.0,112000.0,153000.0,205000.0,117000.0,161000.0,218000.0,122000.0,169000.0,231000.0
pm-2026Q2-v3,KDH,Kedah,Padang Terap,low_cost_house,F,0,large,13,2026Q2,64.0,105000.0,148000.0,198000.0,110000.0,155000.0,209000.0,115000.0,163000.0,222000.0,120000.0,171000.0,235000.0
pm-2026Q2-v3,KDH,Kedah,Padang Terap,terrace,F,1,small,14,2026Q2,67.0,178000.0,221000.0,286000.0,183000.0,227000.0,294000.0,188000.0,234000.0,303000.0,193000.0,241000.0,313000.0
pm-2026Q2-v3,KDH,Kedah,Padang Terap,terrace,F,1,typical,14,2026Q2,73.0,197000.0,241000.0,300000.0,203000.0,248000.0,308000.0,208000.0,255000.0,319000.0,213000.0,263000.0,329000.0
pm-2026Q2-v3,KDH,Kedah,Padang Terap,terrace,F,1,large,14,2026Q2,74.0,197000.0,241000.0,300000.0,203000.0,248000.0,308000.0,208000.0,255000.0,319000.0,213000.0,263000.0,329000.0
pm-2026Q2-v3,KDH,Kedah,Pendang,low_cost_house,F,0,small,11,2026Q2,54.0,138000.0,190000.0,247000.0,145000.0,199000.0,261000.0,152000.0,209000.0,278000.0,159000.0,220000.0,294000.0
pm-2026Q2-v3,KDH,Kedah,Pendang,low_cost_house,F,0,typical,11,2026Q2,56.0,137000.0,190000.0,254000.0,144000.0,199000.0,268000.0,151000.0,209000.0,285000.0,157000.0,220000.0,302000.0
pm-2026Q2-v3,KDH,Kedah,Pendang,low_cost_house,F,0,large,11,2026Q2,61.0,138000.0,193000.0,252000.0,146000.0,202000.0,266000.0,153000.0,212000.0,283000.0,159000.0,222000.0,300000.0
pm-2026Q2-v3,KDH,Kedah,Pendang,semi_detached,F,1,small,22,2026Q2,87.0,252000.0,344000.0,398000.0,260000.0,351000.0,410000.0,267000.0,360000.0,424000.0,274000.0,369000.0,437000.0
pm-2026Q2-v3,KDH,Kedah,Pendang,semi_detached,F,1,typical,22,2026Q2,90.0,249000.0,348000.0,398000.0,257000.0,355000.0,410000.0,264000.0,363000.0,424000.0,271000.0,372000.0,438000.0
pm-2026Q2-v3,KDH,Kedah,Pendang,semi_detached,F,1,large,22,2026Q2,99.0,263000.0,379000.0,433000.0,271000.0,386000.0,446000.0,279000.0,395000.0,461000.0,286000.0,405000.0,476000.0
pm-2026Q2-v3,KDH,Kedah,Pendang,terrace,F,1,small,27,2026Q2,72.0,179000.0,257000.0,310000.0,185000.0,262000.0,319000.0,190000.0,269000.0,329000.0,195000.0,276000.0,340000.0
pm-2026Q2-v3,KDH,Kedah,Pendang,terrace,F,1,typical,27,2026Q2,74.0,181000.0,261000.0,313000.0,186000.0,267000.0,322000.0,191000.0,273000.0,333000.0,197000.0,280000.0,344000.0
pm-2026Q2-v3,KDH,Kedah,Pendang,terrace,F,1,large,27,2026Q2,79.0,178000.0,268000.0,325000.0,184000.0,274000.0,335000.0,189000.0,280000.0,346000.0,194000.0,288000.0,357000.0
pm-2026Q2-v3,KDH,Kedah,Pokok Sena,low_cost_house,F,0,small,16,2026Q2,59.0,137000.0,198000.0,259000.0,144000.0,207000.0,273000.0,151000.0,217000.0,290000.0,158000.0,228000.0,308000.0
pm-2026Q2-v3,KDH,Kedah,Pokok Sena,low_cost_house,F,0,typical,16,2026Q2,60.0,135000.0,199000.0,261000.0,142000.0,208000.0,275000.0,149000.0,219000.0,293000.0,156000.0,229000.0,310000.0
pm-2026Q2-v3,KDH,Kedah,Pokok Sena,low_cost_house,F,0,large,16,2026Q2,65.0,138000.0,204000.0,261000.0,146000.0,213000.0,277000.0,153000.0,223000.0,294000.0,159000.0,234000.0,312000.0
pm-2026Q2-v3,KDH,Kedah,Pokok Sena,semi_detached,F,1,small,24,2026Q2,89.0,264000.0,350000.0,391000.0,272000.0,357000.0,403000.0,280000.0,366000.0,416000.0,287000.0,375000.0,430000.0
pm-2026Q2-v3,KDH,Kedah,Pokok Sena,semi_detached,F,1,typical,24,2026Q2,89.0,264000.0,350000.0,391000.0,272000.0,357000.0,403000.0,280000.0,366000.0,416000.0,287000.0,375000.0,430000.0
pm-2026Q2-v3,KDH,Kedah,Pokok Sena,semi_detached,F,1,large,24,2026Q2,103.0,280000.0,387000.0,429000.0,288000.0,394000.0,443000.0,296000.0,403000.0,457000.0,304000.0,413000.0,473000.0
pm-2026Q2-v3,KDH,Kedah,Pokok Sena,terrace,F,1,small,43,2026Q2,83.0,189000.0,285000.0,346000.0,195000.0,291000.0,356000.0,200000.0,298000.0,368000.0,206000.0,306000.0,381000.0
pm-2026Q2-v3,KDH,Kedah,Pokok Sena,terrace,F,1,typical,43,2026Q2,88.0,196000.0,289000.0,351000.0,201000.0,295000.0,361000.0,207000.0,303000.0,374000.0,213000.0,311000.0,386000.0
pm-2026Q2-v3,KDH,Kedah,Pokok Sena,terrace,F,1,large,43,2026Q2,130.0,236000.0,337000.0,461000.0,243000.0,346000.0,473000.0,250000.0,355000.0,488000.0,257000.0,366000.0,504000.0
pm-2026Q2-v3,KDH,Kedah,Yan,semi_detached,F,1,small,19,2026Q2,95.0,257000.0,317000.0,386000.0,264000.0,326000.0,397000.0,271000.0,335000.0,410000.0,278000.0,344000.0,424000.0
pm-2026Q2-v3,KDH,Kedah,Yan,semi_detached,F,1,typical,19,2026Q2,101.0,275000.0,328000.0,403000.0,282000.0,337000.0,414000.0,290000.0,347000.0,428000.0,297000.0,357000.0,442000.0
pm-2026Q2-v3,KDH,Kedah,Yan,semi_detached,F,1,large,19,2026Q2,103.0,287000.0,334000.0,414000.0,295000.0,344000.0,425000.0,302000.0,354000.0,439000.0,309000.0,365000.0,454000.0
pm-2026Q2-v3,KDH,Kedah,Yan,terrace,F,1,small,10,2026Q2,67.0,170000.0,227000.0,293000.0,175000.0,233000.0,301000.0,180000.0,239000.0,311000.0,185000.0,246000.0,321000.0
pm-2026Q2-v3,KDH,Kedah,Yan,terrace,F,1,typical,10,2026Q2,79.0,192000.0,248000.0,318000.0,198000.0,255000.0,327000.0,203000.0,262000.0,338000.0,209000.0,270000.0,349000.0
pm-2026Q2-v3,KDH,Kedah,Yan,terrace,F,1,large,10,2026Q2,137.0,250000.0,316000.0,434000.0,257000.0,326000.0,445000.0,264000.0,336000.0,459000.0,271000.0,346000.0,474000.0
pm-2026Q2-v3,KTN,Kelantan,Bachok,detached,F,0,small,158,2026Q2,100.0,304000.0,359000.0,414000.0,308000.0,363000.0,419000.0,310000.0,366000.0,426000.0,312000.0,370000.0,433000.0
pm-2026Q2-v3,KTN,Kelantan,Bachok,detached,F,0,typical,158,2026Q2,116.0,342000.0,399000.0,459000.0,346000.0,402000.0,464000.0,349000.0,407000.0,472000.0,351000.0,411000.0,480000.0
pm-2026Q2-v3,KTN,Kelantan,Bachok,detached,F,0,large,158,2026Q2,131.0,355000.0,428000.0,488000.0,359000.0,431000.0,494000.0,362000.0,435000.0,502000.0,364000.0,439000.0,511000.0
pm-2026Q2-v3,KTN,Kelantan,Bachok,detached,L,0,small,17,2026Q2,102.0,190000.0,312000.0,400000.0,192000.0,313000.0,404000.0,194000.0,315000.0,410000.0,197000.0,318000.0,416000.0
pm-2026Q2-v3,KTN,Kelantan,Bachok,detached,L,0,typical,17,2026Q2,122.0,237000.0,357000.0,448000.0,239000.0,358000.0,452000.0,242000.0,361000.0,459000.0,245000.0,364000.0,467000.0
pm-2026Q2-v3,KTN,Kelantan,Bachok,detached,L,0,large,17,2026Q2,128.0,243000.0,372000.0,464000.0,245000.0,374000.0,469000.0,248000.0,377000.0,476000.0,251000.0,380000.0,484000.0
pm-2026Q2-v3,KTN,Kelantan,Bachok,semi_detached,F,1,small,26,2026Q2,91.0,250000.0,313000.0,369000.0,258000.0,321000.0,380000.0,265000.0,330000.0,392000.0,271000.0,339000.0,405000.0
pm-2026Q2-v3,KTN,Kelantan,Bachok,semi_detached,F,1,typical,26,2026Q2,103.0,279000.0,334000.0,396000.0,287000.0,343000.0,408000.0,294000.0,353000.0,421000.0,301000.0,363000.0,435000.0
pm-2026Q2-v3,KTN,Kelantan,Bachok,semi_detached,F,1,large,26,2026Q2,106.0,292000.0,335000.0,393000.0,300000.0,344000.0,404000.0,308000.0,354000.0,418000.0,315000.0,365000.0,431000.0
pm-2026Q2-v3,KTN,Kelantan,Bachok,terrace,F,1,small,36,2026Q2,65.0,169000.0,205000.0,278000.0,174000.0,211000.0,285000.0,179000.0,218000.0,294000.0,183000.0,224000.0,303000.0
pm-2026Q2-v3,KTN,Kelantan,Bachok,terrace,F,1,typical,36,2026Q2,68.0,182000.0,218000.0,285000.0,187000.0,225000.0,293000.0,192000.0,232000.0,303000.0,197000.0,239000.0,312000.0
pm-2026Q2-v3,KTN,Kelantan,Bachok,terrace,F,1,large,36,2026Q2,73.0,187000.0,224000.0,291000.0,193000.0,231000.0,299000.0,198000.0,238000.0,309000.0,202000.0,245000.0,319000.0
pm-2026Q2-v3,KTN,Kelantan,Bachok,terrace,L,1,small,12,2026Q2,70.0,167000.0,223000.0,297000.0,172000.0,229000.0,305000.0,177000.0,235000.0,315000.0,181000.0,242000.0,325000.0
pm-2026Q2-v3,KTN,Kelantan,Bachok,terrace,L,1,typical,12,2026Q2,74.0,171000.0,231000.0,305000.0,176000.0,237000.0,313000.0,181000.0,244000.0,323000.0,186000.0,250000.0,333000.0
pm-2026Q2-v3,KTN,Kelantan,Bachok,terrace,L,1,large,12,2026Q2,93.0,181000.0,242000.0,324000.0,186000.0,248000.0,333000.0,192000.0,255000.0,344000.0,196000.0,262000.0,355000.0
pm-2026Q2-v3,KTN,Kelantan,Gua Musang,terrace,F,1,small,32,2026Q2,67.0,186000.0,207000.0,258000.0,191000.0,214000.0,265000.0,195000.0,221000.0,274000.0,200000.0,228000.0,283000.0
pm-2026Q2-v3,KTN,Kelantan,Gua Musang,terrace,F,1,typical,32,2026Q2,69.0,196000.0,215000.0,264000.0,201000.0,223000.0,271000.0,206000.0,230000.0,280000.0,210000.0,237000.0,289000.0
pm-2026Q2-v3,KTN,Kelantan,Gua Musang,terrace,F,1,large,32,2026Q2,72.0,206000.0,214000.0,268000.0,210000.0,223000.0,275000.0,214000.0,231000.0,284000.0,217000.0,239000.0,294000.0
pm-2026Q2-v3,KTN,Kelantan,Gua Musang,terrace,L,1,small,15,2026Q2,94.0,213000.0,239000.0,294000.0,219000.0,247000.0,302000.0,224000.0,255000.0,312000.0,229000.0,262000.0,323000.0
pm-2026Q2-v3,KTN,Kelantan,Gua Musang,terrace,L,1,typical,15,2026Q2,94.0,213000.0,239000.0,294000.0,219000.0,247000.0,302000.0,224000.0,255000.0,312000.0,229000.0,262000.0,323000.0
pm-2026Q2-v3,KTN,Kelantan,Gua Musang,terrace,L,1,large,15,2026Q2,135.0,249000.0,305000.0,381000.0,256000.0,313000.0,392000.0,263000.0,323000.0,405000.0,269000.0,332000.0,418000.0
pm-2026Q2-v3,KTN,Kelantan,Kota Bahru,condo,F,0,small,15,2026Q2,77.0,119000.0,201000.0,274000.0,120000.0,202000.0,280000.0,122000.0,204000.0,287000.0,123000.0,205000.0,293000.0
pm-2026Q2-v3,KTN,Kelantan,Kota Bahru,condo,F,0,typical,15,2026Q2,93.0,133000.0,230000.0,308000.0,135000.0,230000.0,314000.0,137000.0,232000.0,321000.0,138000.0,234000.0,330000.0
pm-2026Q2-v3,KTN,Kelantan,Kota Bahru,condo,F,0,large,15,2026Q2,93.0,133000.0,230000.0,308000.0,135000.0,230000.0,314000.0,137000.0,232000.0,321000.0,138000.0,234000.0,330000.0
pm-2026Q2-v3,KTN,Kelantan,Kota Bahru,condo,L,0,small,13,2026Q2,53.0,85000.0,205000.0,294000.0,86000.0,203000.0,299000.0,87000.0,204000.0,307000.0,88000.0,206000.0,313000.0
pm-2026Q2-v3,KTN,Kelantan,Kota Bahru,condo,L,0,typical,13,2026Q2,95.0,162000.0,375000.0,463000.0,165000.0,369000.0,474000.0,167000.0,369000.0,486000.0,169000.0,371000.0,500000.0
pm-2026Q2-v3,KTN,Kelantan,Kota Bahru,condo,L,0,large,13,2026Q2,106.0,195000.0,407000.0,489000.0,198000.0,400000.0,501000.0,201000.0,401000.0,514000.0,203000.0,402000.0,530000.0
pm-2026Q2-v3,KTN,Kelantan,Kota Bahru,detached,F,0,small,422,2026Q2,105.0,320000.0,414000.0,492000.0,324000.0,417000.0,497000.0,327000.0,420000.0,505000.0,330000.0,425000.0,514000.0
pm-2026Q2-v3,KTN,Kelantan,Kota Bahru,detached,F,0,typical,422,2026Q2,123.0,354000.0,457000.0,530000.0,358000.0,459000.0,537000.0,362000.0,463000.0,546000.0,365000.0,467000.0,555000.0
pm-2026Q2-v3,KTN,Kelantan,Kota Bahru,detached,F,0,large,422,2026Q2,141.0,364000.0,481000.0,583000.0,368000.0,484000.0,590000.0,372000.0,488000.0,599000.0,376000.0,493000.0,608000.0
pm-2026Q2-v3,KTN,Kelantan,Kota Bahru,low_cost_house,F,0,small,34,2026Q2,54.0,114000.0,170000.0,230000.0,120000.0,178000.0,243000.0,126000.0,187000.0,258000.0,131000.0,196000.0,273000.0
pm-2026Q2-v3,KTN,Kelantan,Kota Bahru,low_cost_house,F,0,typical,34,2026Q2,58.0,114000.0,171000.0,230000.0,120000.0,178000.0,242000.0,126000.0,188000.0,257000.0,131000.0,196000.0,272000.0
pm-2026Q2-v3,KTN,Kelantan,Kota Bahru,low_cost_house,F,0,large,34,2026Q2,64.0,116000.0,183000.0,233000.0,122000.0,190000.0,246000.0,128000.0,199000.0,262000.0,134000.0,208000.0,278000.0
pm-2026Q2-v3,KTN,Kelantan,Kota Bahru,semi_detached,F,1,small,195,2026Q2,89.0,275000.0,353000.0,408000.0,282000.0,361000.0,420000.0,290000.0,370000.0,434000.0,298000.0,380000.0,449000.0
pm-2026Q2-v3,KTN,Kelantan,Kota Bahru,semi_detached,F,1,typical,195,2026Q2,99.0,294000.0,364000.0,425000.0,302000.0,373000.0,437000.0,310000.0,383000.0,452000.0,318000.0,393000.0,466000.0
pm-2026Q2-v3,KTN,Kelantan,Kota Bahru,semi_detached,F,1,large,195,2026Q2,110.0,322000.0,396000.0,452000.0,332000.0,406000.0,466000.0,341000.0,416000.0,481000.0,349000.0,427000.0,497000.0
pm-2026Q2-v3,KTN,Kelantan,Kota Bahru,terrace,F,1,small,205,2026Q2,67.0,187000.0,243000.0,302000.0,192000.0,249000.0,311000.0,198000.0,256000.0,321000.0,203000.0,263000.0,332000.0
pm-2026Q2-v3,KTN,Kelantan,Kota Bahru,terrace,F,1,typical,205,2026Q2,75.0,204000.0,253000.0,333000.0,210000.0,260000.0,342000.0,215000.0,268000.0,353000.0,220000.0,276000.0,364000.0
pm-2026Q2-v3,KTN,Kelantan,Kota Bahru,terrace,F,1,large,205,2026Q2,124.0,262000.0,345000.0,434000.0,269000.0,354000.0,446000.0,277000.0,364000.0,461000.0,284000.0,374000.0,476000.0
pm-2026Q2-v3,KTN,Kelantan,Kota Bahru,terrace,L,2,small,95,2026Q2,69.0,198000.0,279000.0,378000.0,203000.0,286000.0,388000.0,209000.0,294000.0,400000.0,215000.0,302000.0,413000.0
pm-2026Q2-v3,KTN,Kelantan,Kota Bahru,terrace,L,2,typical,95,2026Q2,114.0,295000.0,405000.0,513000.0,304000.0,414000.0,527000.0,312000.0,426000.0,544000.0,320000.0,437000.0,562000.0
pm-2026Q2-v3,KTN,Kelantan,Kota Bahru,terrace,L,2,large,95,2026Q2,114.0,295000.0,405000.0,513000.0,304000.0,414000.0,527000.0,312000.0,426000.0,544000.0,320000.0,437000.0,562000.0
pm-2026Q2-v3,KTN,Kelantan,Kuala Krai,detached,F,0,small,25,2026Q2,97.0,171000.0,316000.0,393000.0,173000.0,316000.0,396000.0,175000.0,318000.0,403000.0,177000.0,320000.0,409000.0
pm-2026Q2-v3,KTN,Kelantan,Kuala Krai,detached,F,0,typical,25,2026Q2,116.0,236000.0,379000.0,453000.0,239000.0,379000.0,458000.0,241000.0,382000.0,465000.0,244000.0,384000.0,473000.0
pm-2026Q2-v3,KTN,Kelantan,Kuala Krai,detached,F,0,large,25,2026Q2,162.0,283000.0,420000.0,528000.0,286000.0,422000.0,533000.0,289000.0,426000.0,541000.0,292000.0,430000.0,551000.0
pm-2026Q2-v3,KTN,Kelantan,Kuala Krai,low_cost_house,F,0,small,13,2026Q2,54.0,76000.0,125000.0,158000.0,80000.0,129000.0,167000.0,84000.0,135000.0,177000.0,88000.0,141000.0,188000.0
pm-2026Q2-v3,KTN,Kelantan,Kuala Krai,low_cost_house,F,0,typical,13,2026Q2,55.0,75000.0,126000.0,157000.0,79000.0,130000.0,166000.0,84000.0,136000.0,176000.0,87000.0,142000.0,187000.0
pm-2026Q2-v3,KTN,Kelantan,Kuala Krai,low_cost_house,F,0,large,13,2026Q2,60.0,77000.0,131000.0,160000.0,81000.0,135000.0,170000.0,85000.0,141000.0,180000.0,89000.0,147000.0,191000.0
pm-2026Q2-v3,KTN,Kelantan,Kuala Krai,semi_detached,F,1,small,13,2026Q2,100.0,267000.0,351000.0,372000.0,275000.0,357000.0,384000.0,282000.0,364000.0,398000.0,290000.0,372000.0,413000.0
pm-2026Q2-v3,KTN,Kelantan,Kuala Krai,semi_detached,F,1,typical,13,2026Q2,100.0,267000.0,351000.0,372000.0,275000.0,357000.0,384000.0,282000.0,364000.0,398000.0,290000.0,372000.0,413000.0
pm-2026Q2-v3,KTN,Kelantan,Kuala Krai,semi_detached,F,1,large,13,2026Q2,109.0,287000.0,364000.0,390000.0,295000.0,370000.0,402000.0,304000.0,379000.0,416000.0,311000.0,388000.0,432000.0
pm-2026Q2-v3,KTN,Kelantan,Kuala Krai,terrace,F,1,small,75,2026Q2,82.0,173000.0,253000.0,277000.0,178000.0,257000.0,286000.0,183000.0,263000.0,296000.0,188000.0,268000.0,307000.0
pm-2026Q2-v3,KTN,Kelantan,Kuala Krai,terrace,F,1,typical,75,2026Q2,84.0,176000.0,254000.0,278000.0,181000.0,258000.0,287000.0,186000.0,264000.0,297000.0,191000.0,269000.0,308000.0
pm-2026Q2-v3,KTN,Kelantan,Kuala Krai,terrace,F,1,large,75,2026Q2,86.0,176000.0,259000.0,284000.0,181000.0,263000.0,293000.0,187000.0,268000.0,303000.0,192000.0,274000.0,314000.0
pm-2026Q2-v3,KTN,Kelantan,Machang,detached,F,0,small,178,2026Q2,94.0,243000.0,291000.0,371000.0,246000.0,295000.0,374000.0,248000.0,299000.0,380000.0,249000.0,302000.0,386000.0
pm-2026Q2-v3,KTN,Kelantan,Machang,detached,F,0,typical,178,2026Q2,115.0,322000.0,373000.0,445000.0,325000.0,377000.0,450000.0,327000.0,382000.0,457000.0,329000.0,386000.0,464000.0
pm-2026Q2-v3,KTN,Kelantan,Machang,detached,F,0,large,178,2026Q2,130.0,338000.0,405000.0,470000.0,342000.0,408000.0,476000.0,345000.0,412000.0,484000.0,347000.0,417000.0,492000.0
pm-2026Q2-v3,KTN,Kelantan,Machang,semi_detached,F,1,small,24,2026Q2,90.0,241000.0,274000.0,354000.0,248000.0,283000.0,363000.0,254000.0,292000.0,374000.0,260000.0,301000.0,387000.0
pm-2026Q2-v3,KTN,Kelantan,Machang,semi_detached,F,1,typical,24,2026Q2,98.0,261000.0,317000.0,372000.0,269000.0,325000.0,383000.0,276000.0,334000.0,396000.0,283000.0,343000.0,409000.0
pm-2026Q2-v3,KTN,Kelantan,Machang,semi_detached,F,1,large,24,2026Q2,118.0,302000.0,350000.0,428000.0,311000.0,360000.0,440000.0,318000.0,371000.0,454000.0,326000.0,382000.0,469000.0
pm-2026Q2-v3,KTN,Kelantan,Machang,terrace,F,1,small,56,2026Q2,60.0,153000.0,188000.0,253000.0,158000.0,194000.0,260000.0,162000.0,200000.0,268000.0,166000.0,206000.0,277000.0
pm-2026Q2-v3,KTN,Kelantan,Machang,terrace,F,1,typical,56,2026Q2,73.0,179000.0,214000.0,260000.0,184000.0,220000.0,268000.0,189000.0,226000.0,277000.0,193000.0,233000.0,286000.0
pm-2026Q2-v3,KTN,Kelantan,Machang,terrace,F,1,large,56,2026Q2,90.0,192000.0,239000.0,281000.0,198000.0,245000.0,290000.0,203000.0,252000.0,300000.0,208000.0,258000.0,309000.0
pm-2026Q2-v3,KTN,Kelantan,Pasir Mas,detached,F,0,small,126,2026Q2,112.0,344000.0,410000.0,470000.0,348000.0,413000.0,476000.0,351000.0,417000.0,484000.0,353000.0,421000.0,492000.0
pm-2026Q2-v3,KTN,Kelantan,Pasir Mas,detached,F,0,typical,126,2026Q2,127.0,364000.0,430000.0,512000.0,368000.0,434000.0,518000.0,370000.0,439000.0,526000.0,373000.0,444000.0,534000.0
pm-2026Q2-v3,KTN,Kelantan,Pasir Mas,detached,F,0,large,126,2026Q2,138.0,363000.0,447000.0,518000.0,367000.0,450000.0,524000.0,370000.0,454000.0,533000.0,373000.0,459000.0,542000.0
pm-2026Q2-v3,KTN,Kelantan,Pasir Mas,low_cost_house,F,0,small,10,2026Q2,56.0,86000.0,122000.0,185000.0,90000.0,128000.0,194000.0,94000.0,135000.0,206000.0,98000.0,142000.0,218000.0
pm-2026Q2-v3,KTN,Kelantan,Pasir Mas,low_cost_house,F,0,typical,10,2026Q2,62.0,89000.0,131000.0,187000.0,94000.0,137000.0,197000.0,99000.0,145000.0,209000.0,103000.0,152000.0,222000.0
pm-2026Q2-v3,KTN,Kelantan,Pasir Mas,low_cost_house,F,0,large,10,2026Q2,75.0,100000.0,155000.0,205000.0,105000.0,162000.0,217000.0,110000.0,170000.0,230000.0,115000.0,178000.0,244000.0
pm-2026Q2-v3,KTN,Kelantan,Pasir Mas,semi_detached,F,1,small,33,2026Q2,96.0,261000.0,327000.0,374000.0,268000.0,335000.0,385000.0,276000.0,343000.0,398000.0,283000.0,352000.0,412000.0
pm-2026Q2-v3,KTN,Kelantan,Pasir Mas,semi_detached,F,1,typical,33,2026Q2,103.0,290000.0,347000.0,390000.0,299000.0,355000.0,402000.0,307000.0,365000.0,415000.0,314000.0,374000.0,429000.0
pm-2026Q2-v3,KTN,Kelantan,Pasir Mas,semi_detached,F,1,large,33,2026Q2,106.0,311000.0,344000.0,392000.0,320000.0,355000.0,403000.0,327000.0,365000.0,417000.0,335000.0,376000.0,431000.0
pm-2026Q2-v3,KTN,Kelantan,Pasir Mas,terrace,F,1,small,35,2026Q2,65.0,151000.0,201000.0,243000.0,155000.0,206000.0,250000.0,159000.0,211000.0,259000.0,163000.0,217000.0,267000.0
pm-2026Q2-v3,KTN,Kelantan,Pasir Mas,terrace,F,1,typical,35,2026Q2,74.0,173000.0,226000.0,260000.0,178000.0,231000.0,268000.0,183000.0,237000.0,277000.0,188000.0,243000.0,286000.0
pm-2026Q2-v3,KTN,Kelantan,Pasir Mas,terrace,F,1,large,35,2026Q2,112.0,222000.0,293000.0,328000.0,228000.0,299000.0,338000.0,234000.0,306000.0,350000.0,240000.0,313000.0,362000.0
pm-2026Q2-v3,KTN,Kelantan,Pasir Mas,terrace,L,1,small,30,2026Q2,68.0,131000.0,172000.0,228000.0,135000.0,177000.0,234000.0,138000.0,182000.0,241000.0,142000.0,187000.0,249000.0
pm-2026Q2-v3,KTN,Kelantan,Pasir Mas,terrace,L,1,typical,30,2026Q2,83.0,142000.0,207000.0,242000.0,146000.0,211000.0,249000.0,151000.0,216000.0,258000.0,155000.0,221000.0,266000.0
pm-2026Q2-v3,KTN,Kelantan,Pasir Mas,terrace,L,1,large,30,2026Q2,116.0,198000.0,259000.0,298000.0,203000.0,265000.0,308000.0,209000.0,272000.0,318000.0,214000.0,278000.0,329000.0
pm-2026Q2-v3,KTN,Kelantan,Pasir Puteh,detached,F,0,small,75,2026Q2,103.0,301000.0,372000.0,433000.0,304000.0,374000.0,439000.0,307000.0,378000.0,446000.0,309000.0,382000.0,453000.0
pm-2026Q2-v3,KTN,Kelantan,Pasir Puteh,detached,F,0,typical,75,2026Q2,113.0,332000.0,402000.0,459000.0,336000.0,405000.0,465000.0,339000.0,409000.0,473000.0,341000.0,413000.0,481000.0
pm-2026Q2-v3,KTN,Kelantan,Pasir Puteh,detached,F,0,large,75,2026Q2,128.0,343000.0,411000.0,498000.0,347000.0,415000.0,504000.0,350000.0,420000.0,512000.0,352000.0,425000.0,520000.0
pm-2026Q2-v3,KTN,Kelantan,Pasir Puteh,semi_detached,F,1,small,26,2026Q2,76.0,219000.0,302000.0,360000.0,225000.0,309000.0,370000.0,232000.0,317000.0,382000.0,238000.0,325000.0,395000.0
pm-2026Q2-v3,KTN,Kelantan,Pasir Puteh,semi_detached,F,1,typical,26,2026Q2,87.0,244000.0,316000.0,368000.0,251000.0,324000.0,379000.0,258000.0,332000.0,391000.0,264000.0,341000.0,404000.0
pm-2026Q2-v3,KTN,Kelantan,Pasir Puteh,semi_detached,F,1,large,26,2026Q2,94.0,238000.0,320000.0,374000.0,245000.0,328000.0,385000.0,252000.0,336000.0,397000.0,259000.0,345000.0,410000.0
pm-2026Q2-v3,KTN,Kelantan,Pasir Puteh,terrace,F,1,small,30,2026Q2,61.0,127000.0,183000.0,248000.0,131000.0,188000.0,254000.0,135000.0,193000.0,262000.0,138000.0,198000.0,271000.0
pm-2026Q2-v3,KTN,Kelantan,Pasir Puteh,terrace,F,1,typical,30,2026Q2,70.0,151000.0,207000.0,262000.0,155000.0,212000.0,270000.0,160000.0,218000.0,278000.0,164000.0,224000.0,288000.0
pm-2026Q2-v3,KTN,Kelantan,Pasir Puteh,terrace,F,1,large,30,2026Q2,77.0,151000.0,221000.0,277000.0,155000.0,226000.0,284000.0,160000.0,232000.0,294000.0,164000.0,238000.0,303000.0
pm-2026Q2-v3,KTN,Kelantan,Pasir Puteh,terrace,L,1,small,43,2026Q2,80.0,135000.0,213000.0,288000.0,139000.0,218000.0,295000.0,143000.0,224000.0,304000.0,147000.0,230000.0,314000.0
pm-2026Q2-v3,KTN,Kelantan,Pasir Puteh,terrace,L,1,typical,43,2026Q2,81.0,134000.0,214000.0,286000.0,138000.0,219000.0,294000.0,142000.0,225000.0,303000.0,146000.0,231000.0,313000.0
pm-2026Q2-v3,KTN,Kelantan,Pasir Puteh,terrace,L,1,large,43,2026Q2,89.0,149000.0,222000.0,293000.0,153000.0,228000.0,301000.0,157000.0,234000.0,311000.0,162000.0,240000.0,321000.0
pm-2026Q2-v3,KTN,Kelantan,Tanah Merah,detached,F,0,small,135,2026Q2,97.0,230000.0,329000.0,419000.0,232000.0,331000.0,423000.0,235000.0,334000.0,429000.0,237000.0,337000.0,437000.0
pm-2026Q2-v3,KTN,Kelantan,Tanah Merah,detached,F,0,typical,135,2026Q2,117.0,270000.0,389000.0,470000.0,274000.0,390000.0,475000.0,277000.0,394000.0,483000.0,279000.0,397000.0,490000.0
pm-2026Q2-v3,KTN,Kelantan,Tanah Merah,detached,F,0,large,135,2026Q2,126.0,275000.0,405000.0,481000.0,279000.0,406000.0,486000.0,282000.0,409000.0,494000.0,285000.0,412000.0,502000.0
pm-2026Q2-v3,KTN,Kelantan,Tanah Merah,low_cost_house,F,0,small,13,2026Q2,56.0,91000.0,148000.0,217000.0,96000.0,154000.0,228000.0,100000.0,162000.0,242000.0,105000.0,170000.0,257000.0
pm-2026Q2-v3,KTN,Kelantan,Tanah Merah,low_cost_house,F,0,typical,13,2026Q2,57.0,90000.0,148000.0,217000.0,95000.0,155000.0,228000.0,100000.0,163000.0,242000.0,104000.0,171000.0,257000.0
pm-2026Q2-v3,KTN,Kelantan,Tanah Merah,low_cost_house,F,0,large,13,2026Q2,64.0,91000.0,154000.0,221000.0,96000.0,161000.0,233000.0,101000.0,169000.0,247000.0,105000.0,177000.0,262000.0
pm-2026Q2-v3,KTN,Kelantan,Tanah Merah,terrace,F,1,small,82,2026Q2,68.0,163000.0,193000.0,279000.0,168000.0,200000.0,286000.0,172000.0,207000.0,295000.0,176000.0,213000.0,304000.0
pm-2026Q2-v3,KTN,Kelantan,Tanah Merah,terrace,F,1,typical,82,2026Q2,81.0,167000.0,212000.0,307000.0,172000.0,219000.0,315000.0,176000.0,226000.0,324000.0,181000.0,232000.0,335000.0
pm-2026Q2-v3,KTN,Kelantan,Tanah Merah,terrace,F,1,large,82,2026Q2,94.0,179000.0,229000.0,331000.0,184000.0,236000.0,339000.0,189000.0,243000.0,350000.0,193000.0,250000.0,361000.0
pm-2026Q2-v3,KTN,Kelantan,Tumpat,detached,F,0,small,90,2026Q2,112.0,348000.0,424000.0,487000.0,352000.0,427000.0,493000.0,355000.0,431000.0,501000.0,358000.0,435000.0,510000.0
pm-2026Q2-v3,KTN,Kelantan,Tumpat,detached,F,0,typical,90,2026Q2,127.0,361000.0,444000.0,529000.0,365000.0,447000.0,535000.0,368000.0,452000.0,543000.0,371000.0,457000.0,552000.0
pm-2026Q2-v3,KTN,Kelantan,Tumpat,detached,F,0,large,90,2026Q2,141.0,357000.0,460000.0,574000.0,361000.0,464000.0,580000.0,365000.0,469000.0,589000.0,368000.0,474000.0,599000.0
pm-2026Q2-v3,KTN,Kelantan,Tumpat,semi_detached,F,1,small,60,2026Q2,94.0,284000.0,329000.0,381000.0,292000.0,338000.0,392000.0,300000.0,348000.0,405000.0,307000.0,358000.0,418000.0
pm-2026Q2-v3,KTN,Kelantan,Tumpat,semi_detached,F,1,typical,60,2026Q2,99.0,311000.0,345000.0,394000.0,320000.0,355000.0,406000.0,327000.0,366000.0,419000.0,334000.0,377000.0,433000.0
pm-2026Q2-v3,KTN,Kelantan,Tumpat,semi_detached,F,1,large,60,2026Q2,112.0,327000.0,376000.0,438000.0,336000.0,387000.0,451000.0,344000.0,398000.0,466000.0,352000.0,409000.0,481000.0
pm-2026Q2-v3,KTN,Kelantan,Tumpat,terrace,F,1,small,65,2026Q2,68.0,190000.0,235000.0,286000.0,195000.0,242000.0,294000.0,200000.0,248000.0,304000.0,205000.0,255000.0,314000.0
pm-2026Q2-v3,KTN,Kelantan,Tumpat,terrace,F,1,typical,65,2026Q2,78.0,216000.0,258000.0,320000.0,222000.0,265000.0,329000.0,228000.0,273000.0,340000.0,233000.0,281000.0,351000.0
pm-2026Q2-v3,KTN,Kelantan,Tumpat,terrace,F,1,large,65,2026Q2,92.0,225000.0,274000.0,339000.0,232000.0,282000.0,349000.0,238000.0,290000.0,360000.0,243000.0,298000.0,372000.0
pm-2026Q2-v3,KTN,Kelantan,Tumpat,terrace,L,1,small,15,2026Q2,66.0,177000.0,239000.0,300000.0,182000.0,245000.0,309000.0,187000.0,252000.0,319000.0,192000.0,258000.0,330000.0
pm-2026Q2-v3,KTN,Kelantan,Tumpat,terrace,L,1,typical,15,2026Q2,126.0,246000.0,333000.0,406000.0,253000.0,341000.0,418000.0,260000.0,350000.0,432000.0,267000.0,359000.0,446000.0
pm-2026Q2-v3,KTN,Kelantan,Tumpat,terrace,L,1,large,15,2026Q2,144.0,260000.0,371000.0,456000.0,267000.0,380000.0,469000.0,275000.0,390000.0,485000.0,283000.0,399000.0,501000.0
pm-2026Q2-v3,MLK,Melaka,Alor Gajah,detached,F,0,small,18,2026Q2,118.0,274000.0,439000.0,572000.0,277000.0,440000.0,577000.0,280000.0,444000.0,586000.0,284000.0,448000.0,595000.0
pm-2026Q2-v3,MLK,Melaka,Alor Gajah,detached,F,0,typical,18,2026Q2,133.0,294000.0,449000.0,585000.0,297000.0,452000.0,590000.0,301000.0,456000.0,600000.0,304000.0,460000.0,609000.0
pm-2026Q2-v3,MLK,Melaka,Alor Gajah,detached,F,0,large,18,2026Q2,183.0,329000.0,464000.0,650000.0,333000.0,468000.0,655000.0,337000.0,473000.0,664000.0,340000.0,479000.0,674000.0
pm-2026Q2-v3,MLK,Melaka,Alor Gajah,low_cost_house,F,0,small,29,2026Q2,52.0,89000.0,138000.0,201000.0,93000.0,145000.0,211000.0,98000.0,152000.0,224000.0,102000.0,160000.0,237000.0
pm-2026Q2-v3,MLK,Melaka,Alor Gajah,low_cost_house,F,0,typical,29,2026Q2,53.0,90000.0,139000.0,201000.0,94000.0,146000.0,211000.0,99000.0,153000.0,224000.0,104000.0,161000.0,238000.0
pm-2026Q2-v3,MLK,Melaka,Alor Gajah,low_cost_house,F,0,large,29,2026Q2,61.0,89000.0,149000.0,208000.0,93000.0,155000.0,219000.0,98000.0,163000.0,233000.0,103000.0,171000.0,247000.0
pm-2026Q2-v3,MLK,Melaka,Alor Gajah,low_cost_house,L,0,small,68,2026Q2,58.0,82000.0,134000.0,185000.0,86000.0,140000.0,195000.0,90000.0,147000.0,208000.0,95000.0,154000.0,220000.0
pm-2026Q2-v3,MLK,Melaka,Alor Gajah,low_cost_house,L,0,typical,68,2026Q2,62.0,82000.0,142000.0,191000.0,86000.0,147000.0,201000.0,91000.0,154000.0,214000.0,95000.0,161000.0,226000.0
pm-2026Q2-v3,MLK,Melaka,Alor Gajah,low_cost_house,L,0,large,68,2026Q2,68.0,87000.0,148000.0,197000.0,92000.0,153000.0,207000.0,97000.0,161000.0,220000.0,101000.0,168000.0,234000.0
pm-2026Q2-v3,MLK,Melaka,Alor Gajah,semi_detached,F,1,small,65,2026Q2,117.0,311000.0,393000.0,470000.0,320000.0,403000.0,483000.0,329000.0,414000.0,499000.0,337000.0,425000.0,516000.0
pm-2026Q2-v3,MLK,Melaka,Alor Gajah,semi_detached,F,1,typical,65,2026Q2,127.0,322000.0,410000.0,492000.0,331000.0,420000.0,506000.0,340000.0,431000.0,522000.0,349000.0,443000.0,540000.0
pm-2026Q2-v3,MLK,Melaka,Alor Gajah,semi_detached,F,1,large,65,2026Q2,142.0,328000.0,422000.0,526000.0,337000.0,433000.0,540000.0,346000.0,445000.0,557000.0,356000.0,458000.0,577000.0
pm-2026Q2-v3,MLK,Melaka,Alor Gajah,terrace,F,1,small,324,2026Q2,74.0,183000.0,232000.0,301000.0,188000.0,239000.0,310000.0,193000.0,246000.0,320000.0,198000.0,253000.0,330000.0
pm-2026Q2-v3,MLK,Melaka,Alor Gajah,terrace,F,1,typical,324,2026Q2,90.0,190000.0,252000.0,324000.0,195000.0,258000.0,333000.0,201000.0,266000.0,344000.0,206000.0,273000.0,356000.0
pm-2026Q2-v3,MLK,Melaka,Alor Gajah,terrace,F,1,large,324,2026Q2,101.0,206000.0,267000.0,353000.0,212000.0,275000.0,363000.0,218000.0,283000.0,374000.0,224000.0,291000.0,387000.0
pm-2026Q2-v3,MLK,Melaka,Alor Gajah,terrace,L,1,small,129,2026Q2,73.0,170000.0,228000.0,296000.0,175000.0,234000.0,304000.0,180000.0,240000.0,314000.0,185000.0,247000.0,324000.0
pm-2026Q2-v3,MLK,Melaka,Alor Gajah,terrace,L,1,typical,129,2026Q2,82.0,176000.0,233000.0,301000.0,181000.0,239000.0,309000.0,186000.0,246000.0,319000.0,191000.0,253000.0,330000.0
pm-2026Q2-v3,MLK,Melaka,Alor Gajah,terrace,L,1,large,129,2026Q2,96.0,187000.0,256000.0,331000.0,193000.0,262000.0,340000.0,198000.0,269000.0,352000.0,203000.0,277000.0,363000.0
pm-2026Q2-v3,MLK,Melaka,Alor Gajah,townhouse,F,0,small,14,2026Q2,64.0,74000.0,117000.0,177000.0,77000.0,121000.0,183000.0,80000.0,125000.0,190000.0,83000.0,130000.0,199000.0
pm-2026Q2-v3,MLK,Melaka,Alor Gajah,townhouse,F,0,typical,14,2026Q2,64.0,78000.0,121000.0,179000.0,81000.0,125000.0,185000.0,84000.0,130000.0,193000.0,87000.0,135000.0,201000.0
pm-2026Q2-v3,MLK,Melaka,Alor Gajah,townhouse,F,0,large,14,2026Q2,75.0,107000.0,148000.0,211000.0,111000.0,153000.0,219000.0,115000.0,159000.0,228000.0,118000.0,165000.0,238000.0
pm-2026Q2-v3,MLK,Melaka,Jasin,cluster,F,0,small,61,2026Q2,128.0,341000.0,403000.0,484000.0,356000.0,420000.0,505000.0,370000.0,438000.0,529000.0,383000.0,457000.0,554000.0
pm-2026Q2-v3,MLK,Melaka,Jasin,cluster,F,0,typical,61,2026Q2,133.0,360000.0,412000.0,489000.0,375000.0,430000.0,510000.0,389000.0,449000.0,535000.0,403000.0,469000.0,560000.0
pm-2026Q2-v3,MLK,Melaka,Jasin,cluster,F,0,large,61,2026Q2,143.0,367000.0,427000.0,515000.0,382000.0,445000.0,536000.0,396000.0,464000.0,562000.0,411000.0,485000.0,589000.0
pm-2026Q2-v3,MLK,Melaka,Jasin,detached,F,0,small,12,2026Q2,117.0,275000.0,434000.0,519000.0,279000.0,434000.0,525000.0,282000.0,437000.0,534000.0,285000.0,440000.0,542000.0
pm-2026Q2-v3,MLK,Melaka,Jasin,detached,F,0,typical,12,2026Q2,142.0,311000.0,452000.0,581000.0,314000.0,455000.0,586000.0,318000.0,459000.0,595000.0,321000.0,463000.0,605000.0
pm-2026Q2-v3,MLK,Melaka,Jasin,detached,F,0,large,12,2026Q2,149.0,327000.0,453000.0,582000.0,331000.0,456000.0,588000.0,334000.0,461000.0,597000.0,337000.0,465000.0,606000.0
pm-2026Q2-v3,MLK,Melaka,Jasin,detached,L,0,small,53,2026Q2,129.0,157000.0,301000.0,435000.0,159000.0,301000.0,439000.0,160000.0,304000.0,444000.0,162000.0,307000.0,451000.0
pm-2026Q2-v3,MLK,Melaka,Jasin,detached,L,0,typical,53,2026Q2,165.0,196000.0,313000.0,488000.0,198000.0,315000.0,491000.0,201000.0,319000.0,498000.0,203000.0,322000.0,505000.0
pm-2026Q2-v3,MLK,Melaka,Jasin,detached,L,0,large,53,2026Q2,178.0,199000.0,319000.0,499000.0,202000.0,322000.0,503000.0,204000.0,325000.0,509000.0,206000.0,329000.0,516000.0
pm-2026Q2-v3,MLK,Melaka,Jasin,low_cost_house,F,0,small,20,2026Q2,53.0,102000.0,163000.0,204000.0,108000.0,169000.0,216000.0,113000.0,177000.0,230000.0,118000.0,185000.0,244000.0
pm-2026Q2-v3,MLK,Melaka,Jasin,low_cost_house,F,0,typical,20,2026Q2,60.0,99000.0,166000.0,224000.0,104000.0,173000.0,236000.0,110000.0,181000.0,251000.0,115000.0,190000.0,266000.0
pm-2026Q2-v3,MLK,Melaka,Jasin,low_cost_house,F,0,large,20,2026Q2,62.0,102000.0,167000.0,223000.0,107000.0,173000.0,235000.0,113000.0,182000.0,250000.0,118000.0,190000.0,265000.0
pm-2026Q2-v3,MLK,Melaka,Jasin,low_cost_house,L,0,small,85,2026Q2,57.0,92000.0,145000.0,181000.0,97000.0,150000.0,192000.0,102000.0,157000.0,203000.0,106000.0,164000.0,216000.0
pm-2026Q2-v3,MLK,Melaka,Jasin,low_cost_house,L,0,typical,85,2026Q2,65.0,93000.0,149000.0,189000.0,97000.0,154000.0,200000.0,102000.0,161000.0,212000.0,107000.0,169000.0,225000.0
pm-2026Q2-v3,MLK,Melaka,Jasin,low_cost_house,L,0,large,85,2026Q2,66.0,96000.0,149000.0,190000.0,100000.0,155000.0,200000.0,105000.0,162000.0,213000.0,110000.0,170000.0,226000.0
pm-2026Q2-v3,MLK,Melaka,Jasin,semi_detached,F,1,small,78,2026Q2,110.0,332000.0,393000.0,428000.0,342000.0,402000.0,441000.0,351000.0,412000.0,456000.0,359000.0,423000.0,473000.0
pm-2026Q2-v3,MLK,Melaka,Jasin,semi_detached,F,1,typical,78,2026Q2,128.0,346000.0,407000.0,462000.0,356000.0,417000.0,476000.0,365000.0,429000.0,492000.0,374000.0,441000.0,509000.0
pm-2026Q2-v3,MLK,Melaka,Jasin,semi_detached,F,1,large,78,2026Q2,133.0,349000.0,410000.0,468000.0,359000.0,421000.0,482000.0,368000.0,432000.0,498000.0,377000.0,444000.0,515000.0
pm-2026Q2-v3,MLK,Melaka,Jasin,semi_detached,L,1,small,19,2026Q2,102.0,256000.0,362000.0,418000.0,263000.0,370000.0,431000.0,271000.0,379000.0,445000.0,278000.0,388000.0,460000.0
pm-2026Q2-v3,MLK,Melaka,Jasin,semi_detached,L,1,typical,19,2026Q2,146.0,326000.0,422000.0,497000.0,335000.0,432000.0,512000.0,345000.0,444000.0,529000.0,354000.0,456000.0,547000.0
pm-2026Q2-v3,MLK,Melaka,Jasin,semi_detached,L,1,large,19,2026Q2,297.0,402000.0,520000.0,728000.0,413000.0,535000.0,747000.0,425000.0,550000.0,769000.0,436000.0,568000.0,795000.0
pm-2026Q2-v3,MLK,Melaka,Jasin,terrace,F,2,small,584,2026Q2,91.0,223000.0,264000.0,320000.0,229000.0,271000.0,329000.0,235000.0,280000.0,341000.0,240000.0,288000.0,352000.0
pm-2026Q2-v3,MLK,Melaka,Jasin,terrace,F,2,typical,584,2026Q2,99.0,240000.0,292000.0,336000.0,247000.0,299000.0,346000.0,253000.0,307000.0,358000.0,259000.0,315000.0,370000.0
pm-2026Q2-v3,MLK,Melaka,Jasin,terrace,F,2,large,584,2026Q2,128.0,297000.0,351000.0,401000.0,305000.0,360000.0,414000.0,313000.0,370000.0,428000.0,320000.0,380000.0,442000.0
pm-2026Q2-v3,MLK,Melaka,Jasin,terrace,L,1,small,149,2026Q2,82.0,186000.0,244000.0,304000.0,191000.0,250000.0,312000.0,197000.0,257000.0,323000.0,202000.0,264000.0,334000.0
pm-2026Q2-v3,MLK,Melaka,Jasin,terrace,L,1,typical,149,2026Q2,92.0,191000.0,258000.0,323000.0,197000.0,265000.0,333000.0,202000.0,272000.0,344000.0,207000.0,280000.0,355000.0
pm-2026Q2-v3,MLK,Melaka,Jasin,terrace,L,1,large,149,2026Q2,110.0,228000.0,310000.0,370000.0,235000.0,317000.0,381000.0,241000.0,325000.0,394000.0,248000.0,334000.0,406000.0
pm-2026Q2-v3,MLK,Melaka,Melaka Tengah,cluster,F,0,small,76,2026Q2,112.0,326000.0,417000.0,531000.0,340000.0,434000.0,553000.0,354000.0,453000.0,578000.0,368000.0,472000.0,606000.0
pm-2026Q2-v3,MLK,Melaka,Melaka Tengah,cluster,F,0,typical,76,2026Q2,112.0,326000.0,417000.0,531000.0,340000.0,434000.0,553000.0,354000.0,453000.0,578000.0,368000.0,472000.0,606000.0
pm-2026Q2-v3,MLK,Melaka,Melaka Tengah,cluster,F,0,large,76,2026Q2,116.0,344000.0,420000.0,543000.0,359000.0,438000.0,566000.0,373000.0,457000.0,592000.0,388000.0,477000.0,620000.0
pm-2026Q2-v3,MLK,Melaka,Melaka Tengah,condo,F,0,small,113,2026Q2,83.0,112000.0,179000.0,273000.0,113000.0,180000.0,277000.0,114000.0,183000.0,284000.0,115000.0,185000.0,290000.0
pm-2026Q2-v3,MLK,Melaka,Melaka Tengah,condo,F,0,typical,113,2026Q2,92.0,121000.0,198000.0,286000.0,123000.0,199000.0,291000.0,124000.0,202000.0,298000.0,125000.0,204000.0,304000.0
pm-2026Q2-v3,MLK,Melaka,Melaka Tengah,condo,F,0,large,113,2026Q2,116.0,186000.0,306000.0,376000.0,188000.0,304000.0,385000.0,190000.0,306000.0,395000.0,192000.0,308000.0,406000.0
pm-2026Q2-v3,MLK,Melaka,Melaka Tengah,condo,L,0,small,108,2026Q2,76.0,104000.0,182000.0,270000.0,105000.0,183000.0,275000.0,107000.0,185000.0,281000.0,107000.0,187000.0,287000.0
pm-2026Q2-v3,MLK,Melaka,Melaka Tengah,condo,L,0,typical,108,2026Q2,82.0,108000.0,198000.0,282000.0,109000.0,198000.0,287000.0,111000.0,200000.0,295000.0,112000.0,202000.0,301000.0
pm-2026Q2-v3,MLK,Melaka,Melaka Tengah,condo,L,0,large,108,2026Q2,99.0,134000.0,262000.0,346000.0,136000.0,261000.0,354000.0,138000.0,262000.0,362000.0,140000.0,264000.0,371000.0
pm-2026Q2-v3,MLK,Melaka,Melaka Tengah,detached,F,0,small,64,2026Q2,129.0,329000.0,501000.0,625000.0,333000.0,503000.0,631000.0,337000.0,508000.0,641000.0,340000.0,512000.0,652000.0
pm-2026Q2-v3,MLK,Melaka,Melaka Tengah,detached,F,0,typical,64,2026Q2,167.0,358000.0,524000.0,726000.0,362000.0,528000.0,731000.0,366000.0,534000.0,742000.0,370000.0,539000.0,752000.0
pm-2026Q2-v3,MLK,Melaka,Melaka Tengah,detached,F,0,large,64,2026Q2,203.0,392000.0,559000.0,817000.0,397000.0,564000.0,823000.0,401000.0,571000.0,834000.0,405000.0,578000.0,846000.0
pm-2026Q2-v3,MLK,Melaka,Melaka Tengah,detached,L,0,small,17,2026Q2,151.0,288000.0,510000.0,841000.0,292000.0,513000.0,846000.0,295000.0,519000.0,856000.0,298000.0,525000.0,867000.0
pm-2026Q2-v3,MLK,Melaka,Melaka Tengah,detached,L,0,typical,17,2026Q2,199.0,360000.0,583000.0,986000.0,364000.0,588000.0,991000.0,368000.0,595000.0,1004000.0,372000.0,602000.0,1017000.0
pm-2026Q2-v3,MLK,Melaka,Melaka Tengah,detached,L,0,large,17,2026Q2,283.0,427000.0,742000.0,1233000.0,432000.0,747000.0,1239000.0,437000.0,755000.0,1255000.0,442000.0,764000.0,1271000.0
pm-2026Q2-v3,MLK,Melaka,Melaka Tengah,flat,F,0,small,21,2026Q2,75.0,77000.0,121000.0,197000.0,79000.0,124000.0,201000.0,81000.0,127000.0,206000.0,82000.0,130000.0,212000.0
pm-2026Q2-v3,MLK,Melaka,Melaka Tengah,flat,F,0,typical,21,2026Q2,82.0,78000.0,134000.0,213000.0,80000.0,137000.0,217000.0,82000.0,140000.0,223000.0,84000.0,143000.0,229000.0
pm-2026Q2-v3,MLK,Melaka,Melaka Tengah,flat,F,0,large,21,2026Q2,91.0,85000.0,141000.0,224000.0,87000.0,144000.0,228000.0,89000.0,148000.0,234000.0,91000.0,151000.0,241000.0
pm-2026Q2-v3,MLK,Melaka,Melaka Tengah,flat,L,0,small,19,2026Q2,61.0,65000.0,98000.0,165000.0,67000.0,100000.0,168000.0,68000.0,102000.0,172000.0,70000.0,105000.0,177000.0
pm-2026Q2-v3,MLK,Melaka,Melaka Tengah,flat,L,0,typical,19,2026Q2,67.0,69000.0,105000.0,174000.0,71000.0,107000.0,177000.0,72000.0,110000.0,182000.0,74000.0,113000.0,186000.0
pm-2026Q2-v3,MLK,Melaka,Melaka Tengah,flat,L,0,large,19,2026Q2,76.0,81000.0,130000.0,221000.0,83000.0,132000.0,225000.0,85000.0,136000.0,230000.0,87000.0,139000.0,237000.0
pm-2026Q2-v3,MLK,Melaka,Melaka Tengah,low_cost_flat,F,0,small,14,2026Q2,53.0,61000.0,96000.0,163000.0,64000.0,101000.0,170000.0,67000.0,106000.0,178000.0,70000.0,111000.0,187000.0
pm-2026Q2-v3,MLK,Melaka,Melaka Tengah,low_cost_flat,F,0,typical,14,2026Q2,74.0,85000.0,140000.0,219000.0,89000.0,147000.0,229000.0,93000.0,154000.0,240000.0,98000.0,161000.0,253000.0
pm-2026Q2-v3,MLK,Melaka,Melaka Tengah,low_cost_flat,F,0,large,14,2026Q2,82.0,88000.0,153000.0,238000.0,93000.0,160000.0,249000.0,97000.0,168000.0,261000.0,102000.0,176000.0,274000.0
pm-2026Q2-v3,MLK,Melaka,Melaka Tengah,low_cost_flat,L,0,small,25,2026Q2,51.0,55000.0,84000.0,158000.0,57000.0,88000.0,164000.0,60000.0,92000.0,173000.0,63000.0,97000.0,182000.0
pm-2026Q2-v3,MLK,Melaka,Melaka Tengah,low_cost_flat,L,0,typical,25,2026Q2,53.0,55000.0,88000.0,155000.0,58000.0,92000.0,162000.0,61000.0,97000.0,170000.0,64000.0,102000.0,178000.0
pm-2026Q2-v3,MLK,Melaka,Melaka Tengah,low_cost_flat,L,0,large,25,2026Q2,65.0,69000.0,108000.0,173000.0,73000.0,113000.0,181000.0,76000.0,118000.0,190000.0,80000.0,124000.0,200000.0
pm-2026Q2-v3,MLK,Melaka,Melaka Tengah,low_cost_house,F,0,small,43,2026Q2,52.0,106000.0,180000.0,250000.0,111000.0,187000.0,264000.0,117000.0,196000.0,280000.0,122000.0,206000.0,296000.0
pm-2026Q2-v3,MLK,Melaka,Melaka Tengah,low_cost_house,F,0,typical,43,2026Q2,56.0,110000.0,179000.0,255000.0,116000.0,187000.0,268000.0,122000.0,196000.0,285000.0,128000.0,206000.0,302000.0
pm-2026Q2-v3,MLK,Melaka,Melaka Tengah,low_cost_house,F,0,large,43,2026Q2,60.0,110000.0,184000.0,255000.0,115000.0,191000.0,269000.0,121000.0,201000.0,286000.0,127000.0,211000.0,303000.0
pm-2026Q2-v3,MLK,Melaka,Melaka Tengah,low_cost_house,L,0,small,104,2026Q2,54.0,100000.0,158000.0,225000.0,106000.0,165000.0,237000.0,111000.0,173000.0,252000.0,116000.0,182000.0,267000.0
pm-2026Q2-v3,MLK,Melaka,Melaka Tengah,low_cost_house,L,0,typical,104,2026Q2,58.0,102000.0,161000.0,228000.0,107000.0,168000.0,240000.0,113000.0,177000.0,255000.0,118000.0,185000.0,270000.0
pm-2026Q2-v3,MLK,Melaka,Melaka Tengah,low_cost_house,L,0,large,104,2026Q2,65.0,103000.0,167000.0,234000.0,109000.0,174000.0,246000.0,114000.0,183000.0,262000.0,119000.0,191000.0,277000.0
pm-2026Q2-v3,MLK,Melaka,Melaka Tengah,semi_detached,F,1,small,172,2026Q2,106.0,336000.0,415000.0,474000.0,345000.0,425000.0,488000.0,354000.0,436000.0,505000.0,364000.0,448000.0,522000.0
pm-2026Q2-v3,MLK,Melaka,Melaka Tengah,semi_detached,F,1,typical,172,2026Q2,133.0,374000.0,453000.0,535000.0,385000.0,465000.0,551000.0,395000.0,478000.0,569000.0,405000.0,491000.0,588000.0
pm-2026Q2-v3,MLK,Melaka,Melaka Tengah,semi_detached,F,1,large,172,2026Q2,172.0,385000.0,498000.0,622000.0,396000.0,511000.0,639000.0,407000.0,525000.0,659000.0,418000.0,540000.0,682000.0
pm-2026Q2-v3,MLK,Melaka,Melaka Tengah,semi_detached,L,1,small,31,2026Q2,119.0,345000.0,452000.0,526000.0,355000.0,463000.0,541000.0,365000.0,474000.0,559000.0,375000.0,487000.0,578000.0
pm-2026Q2-v3,MLK,Melaka,Melaka Tengah,semi_detached,L,1,typical,31,2026Q2,139.0,360000.0,466000.0,577000.0,370000.0,478000.0,593000.0,381000.0,491000.0,611000.0,391000.0,505000.0,633000.0
pm-2026Q2-v3,MLK,Melaka,Melaka Tengah,semi_detached,L,1,large,31,2026Q2,198.0,408000.0,517000.0,702000.0,420000.0,532000.0,720000.0,431000.0,547000.0,742000.0,442000.0,564000.0,766000.0
pm-2026Q2-v3,MLK,Melaka,Melaka Tengah,terrace,F,1,small,788,2026Q2,82.0,216000.0,282000.0,365000.0,222000.0,290000.0,375000.0,229000.0,298000.0,387000.0,234000.0,307000.0,400000.0
pm-2026Q2-v3,MLK,Melaka,Melaka Tengah,terrace,F,1,typical,788,2026Q2,93.0,220000.0,294000.0,385000.0,226000.0,301000.0,395000.0,233000.0,310000.0,408000.0,239000.0,319000.0,421000.0
pm-2026Q2-v3,MLK,Melaka,Melaka Tengah,terrace,F,1,large,788,2026Q2,143.0,302000.0,389000.0,501000.0,311000.0,400000.0,515000.0,320000.0,412000.0,532000.0,328000.0,423000.0,549000.0
pm-2026Q2-v3,MLK,Melaka,Melaka Tengah,terrace,L,1,small,458,2026Q2,74.0,192000.0,269000.0,345000.0,198000.0,276000.0,354000.0,203000.0,283000.0,366000.0,209000.0,291000.0,378000.0
pm-2026Q2-v3,MLK,Melaka,Melaka Tengah,terrace,L,1,typical,458,2026Q2,86.0,200000.0,294000.0,371000.0,206000.0,300000.0,381000.0,212000.0,308000.0,394000.0,218000.0,316000.0,407000.0
pm-2026Q2-v3,MLK,Melaka,Melaka Tengah,terrace,L,1,large,458,2026Q2,123.0,260000.0,358000.0,450000.0,268000.0,367000.0,463000.0,275000.0,377000.0,478000.0,282000.0,387000.0,494000.0
pm-2026Q2-v3,MLK,Melaka,Melaka Tengah,townhouse,F,0,small,39,2026Q2,61.0,81000.0,143000.0,212000.0,84000.0,147000.0,220000.0,87000.0,153000.0,229000.0,91000.0,158000.0,239000.0
pm-2026Q2-v3,MLK,Melaka,Melaka Tengah,townhouse,F,0,typical,39,2026Q2,82.0,115000.0,199000.0,280000.0,120000.0,205000.0,290000.0,124000.0,212000.0,302000.0,129000.0,219000.0,315000.0
pm-2026Q2-v3,MLK,Melaka,Melaka Tengah,townhouse,F,0,large,39,2026Q2,87.0,127000.0,216000.0,290000.0,132000.0,222000.0,301000.0,137000.0,230000.0,314000.0,142000.0,238000.0,328000.0
pm-2026Q2-v3,MLK,Melaka,Melaka Tengah,townhouse,L,0,small,35,2026Q2,65.0,83000.0,148000.0,218000.0,86000.0,152000.0,226000.0,89000.0,157000.0,235000.0,93000.0,163000.0,245000.0
pm-2026Q2-v3,MLK,Melaka,Melaka Tengah,townhouse,L,0,typical,35,2026Q2,68.0,86000.0,153000.0,224000.0,90000.0,158000.0,232000.0,93000.0,163000.0,242000.0,97000.0,169000.0,252000.0
pm-2026Q2-v3,MLK,Melaka,Melaka Tengah,townhouse,L,0,large,35,2026Q2,70.0,93000.0,160000.0,231000.0,96000.0,165000.0,239000.0,100000.0,171000.0,249000.0,104000.0,177000.0,260000.0
pm-2026Q2-v3,NSN,Negeri Sembilan,Jelebu,low_cost_house,F,0,small,11,2026Q2,55.0,77000.0,117000.0,163000.0,81000.0,122000.0,172000.0,85000.0,128000.0,183000.0,89000.0,135000.0,193000.0
pm-2026Q2-v3,NSN,Negeri Sembilan,Jelebu,low_cost_house,F,0,typical,11,2026Q2,55.0,77000.0,117000.0,163000.0,81000.0,122000.0,172000.0,85000.0,128000.0,183000.0,89000.0,135000.0,193000.0
pm-2026Q2-v3,NSN,Negeri Sembilan,Jelebu,low_cost_house,F,0,large,11,2026Q2,56.0,76000.0,118000.0,163000.0,80000.0,123000.0,172000.0,84000.0,129000.0,182000.0,88000.0,135000.0,193000.0
pm-2026Q2-v3,NSN,Negeri Sembilan,Jelebu,terrace,F,1,small,15,2026Q2,72.0,171000.0,235000.0,263000.0,176000.0,239000.0,272000.0,181000.0,245000.0,281000.0,185000.0,251000.0,290000.0
pm-2026Q2-v3,NSN,Negeri Sembilan,Jelebu,terrace,F,1,typical,15,2026Q2,74.0,175000.0,232000.0,267000.0,180000.0,237000.0,275000.0,185000.0,243000.0,284000.0,190000.0,249000.0,294000.0
pm-2026Q2-v3,NSN,Negeri Sembilan,Jelebu,terrace,F,1,large,15,2026Q2,87.0,170000.0,242000.0,282000.0,175000.0,247000.0,290000.0,180000.0,253000.0,300000.0,185000.0,259000.0,310000.0
pm-2026Q2-v3,NSN,Negeri Sembilan,Jempol,low_cost_house,F,0,small,26,2026Q2,65.0,76000.0,144000.0,203000.0,80000.0,149000.0,214000.0,84000.0,156000.0,227000.0,88000.0,164000.0,241000.0
pm-2026Q2-v3,NSN,Negeri Sembilan,Jempol,low_cost_house,F,0,typical,26,2026Q2,65.0,76000.0,144000.0,203000.0,80000.0,149000.0,214000.0,84000.0,156000.0,227000.0,88000.0,164000.0,241000.0
pm-2026Q2-v3,NSN,Negeri Sembilan,Jempol,low_cost_house,F,0,large,26,2026Q2,65.0,76000.0,144000.0,203000.0,80000.0,149000.0,214000.0,84000.0,156000.0,227000.0,88000.0,164000.0,241000.0
pm-2026Q2-v3,NSN,Negeri Sembilan,Jempol,low_cost_house,L,0,small,15,2026Q2,56.0,70000.0,109000.0,160000.0,74000.0,114000.0,168000.0,78000.0,120000.0,179000.0,81000.0,126000.0,189000.0
pm-2026Q2-v3,NSN,Negeri Sembilan,Jempol,low_cost_house,L,0,typical,15,2026Q2,59.0,71000.0,111000.0,161000.0,75000.0,116000.0,169000.0,79000.0,122000.0,180000.0,82000.0,128000.0,190000.0
pm-2026Q2-v3,NSN,Negeri Sembilan,Jempol,low_cost_house,L,0,large,15,2026Q2,63.0,69000.0,113000.0,163000.0,73000.0,118000.0,172000.0,77000.0,124000.0,182000.0,80000.0,130000.0,193000.0
pm-2026Q2-v3,NSN,Negeri Sembilan,Jempol,semi_detached,F,1,small,30,2026Q2,108.0,330000.0,393000.0,451000.0,340000.0,403000.0,464000.0,349000.0,414000.0,479000.0,357000.0,426000.0,496000.0
pm-2026Q2-v3,NSN,Negeri Sembilan,Jempol,semi_detached,F,1,typical,30,2026Q2,131.0,354000.0,425000.0,512000.0,364000.0,437000.0,526000.0,374000.0,449000.0,543000.0,383000.0,462000.0,561000.0
pm-2026Q2-v3,NSN,Negeri Sembilan,Jempol,semi_detached,F,1,large,30,2026Q2,145.0,365000.0,450000.0,536000.0,375000.0,462000.0,552000.0,385000.0,475000.0,569000.0,395000.0,488000.0,588000.0
pm-2026Q2-v3,NSN,Negeri Sembilan,Jempol,terrace,F,1,small,114,2026Q2,65.0,132000.0,204000.0,259000.0,136000.0,208000.0,265000.0,140000.0,214000.0,274000.0,144000.0,219000.0,283000.0
pm-2026Q2-v3,NSN,Negeri Sembilan,Jempol,terrace,F,1,typical,114,2026Q2,82.0,157000.0,223000.0,278000.0,162000.0,228000.0,285000.0,166000.0,234000.0,295000.0,171000.0,240000.0,305000.0
pm-2026Q2-v3,NSN,Negeri Sembilan,Jempol,terrace,F,1,large,114,2026Q2,97.0,168000.0,251000.0,297000.0,173000.0,256000.0,305000.0,178000.0,262000.0,315000.0,183000.0,268000.0,326000.0
pm-2026Q2-v3,NSN,Negeri Sembilan,Jempol,terrace,L,1,small,35,2026Q2,78.0,145000.0,207000.0,242000.0,150000.0,211000.0,249000.0,154000.0,216000.0,258000.0,158000.0,221000.0,266000.0
pm-2026Q2-v3,NSN,Negeri Sembilan,Jempol,terrace,L,1,typical,35,2026Q2,84.0,153000.0,215000.0,245000.0,157000.0,219000.0,253000.0,161000.0,224000.0,261000.0,166000.0,230000.0,270000.0
pm-2026Q2-v3,NSN,Negeri Sembilan,Jempol,terrace,L,1,large,35,2026Q2,84.0,153000.0,215000.0,245000.0,157000.0,219000.0,253000.0,161000.0,224000.0,261000.0,166000.0,230000.0,270000.0
pm-2026Q2-v3,NSN,Negeri Sembilan,Kuala Pilah,low_cost_house,F,0,small,13,2026Q2,67.0,70000.0,108000.0,157000.0,74000.0,113000.0,165000.0,77000.0,119000.0,176000.0,81000.0,124000.0,186000.0
pm-2026Q2-v3,NSN,Negeri Sembilan,Kuala Pilah,low_cost_house,F,0,typical,13,2026Q2,67.0,70000.0,108000.0,157000.0,74000.0,113000.0,165000.0,77000.0,119000.0,176000.0,81000.0,124000.0,186000.0
pm-2026Q2-v3,NSN,Negeri Sembilan,Kuala Pilah,low_cost_house,F,0,large,13,2026Q2,67.0,70000.0,108000.0,157000.0,74000.0,113000.0,165000.0,77000.0,119000.0,176000.0,81000.0,124000.0,186000.0
pm-2026Q2-v3,NSN,Negeri Sembilan,Kuala Pilah,low_cost_house,L,0,small,11,2026Q2,54.0,60000.0,85000.0,130000.0,63000.0,90000.0,137000.0,66000.0,94000.0,145000.0,69000.0,99000.0,154000.0
pm-2026Q2-v3,NSN,Negeri Sembilan,Kuala Pilah,low_cost_house,L,0,typical,11,2026Q2,56.0,61000.0,85000.0,134000.0,64000.0,90000.0,141000.0,67000.0,95000.0,150000.0,70000.0,100000.0,158000.0
pm-2026Q2-v3,NSN,Negeri Sembilan,Kuala Pilah,low_cost_house,L,0,large,11,2026Q2,63.0,61000.0,88000.0,137000.0,65000.0,93000.0,143000.0,68000.0,98000.0,152000.0,71000.0,103000.0,161000.0
pm-2026Q2-v3,NSN,Negeri Sembilan,Kuala Pilah,semi_detached,F,1,small,11,2026Q2,124.0,331000.0,367000.0,431000.0,340000.0,378000.0,444000.0,347000.0,389000.0,458000.0,355000.0,401000.0,473000.0
pm-2026Q2-v3,NSN,Negeri Sembilan,Kuala Pilah,semi_detached,F,1,typical,11,2026Q2,126.0,330000.0,373000.0,431000.0,339000.0,384000.0,443000.0,347000.0,394000.0,458000.0,355000.0,406000.0,473000.0
pm-2026Q2-v3,NSN,Negeri Sembilan,Kuala Pilah,semi_detached,F,1,large,11,2026Q2,168.0,363000.0,425000.0,479000.0,373000.0,436000.0,494000.0,383000.0,448000.0,510000.0,392000.0,460000.0,527000.0
pm-2026Q2-v3,NSN,Negeri Sembilan,Kuala Pilah,terrace,F,1,small,101,2026Q2,74.0,160000.0,208000.0,252000.0,165000.0,213000.0,259000.0,170000.0,218000.0,267000.0,174000.0,224000.0,276000.0
pm-2026Q2-v3,NSN,Negeri Sembilan,Kuala Pilah,terrace,F,1,typical,101,2026Q2,88.0,193000.0,223000.0,264000.0,198000.0,229000.0,272000.0,203000.0,236000.0,281000.0,208000.0,242000.0,290000.0
pm-2026Q2-v3,NSN,Negeri Sembilan,Kuala Pilah,terrace,F,1,large,101,2026Q2,91.0,192000.0,223000.0,266000.0,197000.0,229000.0,273000.0,202000.0,236000.0,283000.0,206000.0,243000.0,292000.0
pm-2026Q2-v3,NSN,Negeri Sembilan,Port Dickson,condo,F,0,small,83,2026Q2,58.0,69000.0,102000.0,163000.0,70000.0,103000.0,165000.0,71000.0,105000.0,169000.0,71000.0,107000.0,173000.0
pm-2026Q2-v3,NSN,Negeri Sembilan,Port Dickson,condo,F,0,typical,83,2026Q2,71.0,91000.0,117000.0,179000.0,92000.0,120000.0,181000.0,92000.0,122000.0,186000.0,92000.0,124000.0,190000.0
pm-2026Q2-v3,NSN,Negeri Sembilan,Port Dickson,condo,F,0,large,83,2026Q2,86.0,119000.0,157000.0,234000.0,120000.0,160000.0,238000.0,121000.0,163000.0,243000.0,121000.0,165000.0,249000.0
pm-2026Q2-v3,NSN,Negeri Sembilan,Port Dickson,condo,L,0,small,21,2026Q2,89.0,115000.0,141000.0,217000.0,116000.0,145000.0,220000.0,116000.0,148000.0,226000.0,116000.0,151000.0,231000.0
pm-2026Q2-v3,NSN,Negeri Sembilan,Port Dickson,condo,L,0,typical,21,2026Q2,102.0,132000.0,181000.0,250000.0,133000.0,183000.0,254000.0,134000.0,186000.0,261000.0,134000.0,188000.0,267000.0
pm-2026Q2-v3,NSN,Negeri Sembilan,Port Dickson,condo,L,0,large,21,2026Q2,114.0,155000.0,219000.0,282000.0,156000.0,221000.0,289000.0,157000.0,223000.0,296000.0,158000.0,225000.0,303000.0
pm-2026Q2-v3,NSN,Negeri Sembilan,Port Dickson,detached,F,0,small,21,2026Q2,130.0,285000.0,457000.0,677000.0,289000.0,460000.0,681000.0,292000.0,465000.0,691000.0,296000.0,470000.0,702000.0
pm-2026Q2-v3,NSN,Negeri Sembilan,Port Dickson,detached,F,0,typical,21,2026Q2,172.0,329000.0,490000.0,741000.0,333000.0,495000.0,746000.0,337000.0,501000.0,756000.0,341000.0,507000.0,768000.0
pm-2026Q2-v3,NSN,Negeri Sembilan,Port Dickson,detached,F,0,large,21,2026Q2,199.0,349000.0,532000.0,789000.0,353000.0,536000.0,794000.0,357000.0,542000.0,805000.0,361000.0,548000.0,818000.0
pm-2026Q2-v3,NSN,Negeri Sembilan,Port Dickson,low_cost_house,F,0,small,28,2026Q2,59.0,74000.0,118000.0,180000.0,78000.0,124000.0,189000.0,82000.0,130000.0,200000.0,86000.0,137000.0,212000.0
pm-2026Q2-v3,NSN,Negeri Sembilan,Port Dickson,low_cost_house,F,0,typical,28,2026Q2,65.0,74000.0,123000.0,182000.0,78000.0,128000.0,191000.0,82000.0,134000.0,203000.0,86000.0,141000.0,215000.0
pm-2026Q2-v3,NSN,Negeri Sembilan,Port Dickson,low_cost_house,F,0,large,28,2026Q2,66.0,76000.0,123000.0,183000.0,80000.0,129000.0,192000.0,84000.0,135000.0,204000.0,88000.0,142000.0,216000.0
pm-2026Q2-v3,NSN,Negeri Sembilan,Port Dickson,semi_detached,F,1,small,25,2026Q2,128.0,345000.0,414000.0,490000.0,355000.0,425000.0,504000.0,364000.0,437000.0,521000.0,373000.0,449000.0,538000.0
pm-2026Q2-v3,NSN,Negeri Sembilan,Port Dickson,semi_detached,F,1,typical,25,2026Q2,147.0,365000.0,438000.0,533000.0,375000.0,450000.0,547000.0,385000.0,462000.0,565000.0,394000.0,476000.0,584000.0
pm-2026Q2-v3,NSN,Negeri Sembilan,Port Dickson,semi_detached,F,1,large,25,2026Q2,202.0,403000.0,469000.0,621000.0,414000.0,484000.0,637000.0,425000.0,499000.0,657000.0,435000.0,514000.0,678000.0
pm-2026Q2-v3,NSN,Negeri Sembilan,Port Dickson,terrace,F,1,small,503,2026Q2,71.0,162000.0,201000.0,256000.0,167000.0,207000.0,263000.0,171000.0,213000.0,272000.0,176000.0,219000.0,280000.0
pm-2026Q2-v3,NSN,Negeri Sembilan,Port Dickson,terrace,F,1,typical,503,2026Q2,80.0,172000.0,217000.0,288000.0,177000.0,223000.0,295000.0,182000.0,230000.0,305000.0,186000.0,237000.0,315000.0
pm-2026Q2-v3,NSN,Negeri Sembilan,Port Dickson,terrace,F,1,large,503,2026Q2,130.0,214000.0,291000.0,382000.0,220000.0,299000.0,392000.0,226000.0,307000.0,405000.0,232000.0,316000.0,418000.0
pm-2026Q2-v3,NSN,Negeri Sembilan,Port Dickson,terrace,L,1,small,34,2026Q2,66.0,138000.0,165000.0,225000.0,142000.0,170000.0,231000.0,146000.0,175000.0,238000.0,149000.0,181000.0,246000.0
pm-2026Q2-v3,NSN,Negeri Sembilan,Port Dickson,terrace,L,1,typical,34,2026Q2,70.0,146000.0,174000.0,235000.0,150000.0,180000.0,241000.0,154000.0,185000.0,248000.0,158000.0,191000.0,256000.0
pm-2026Q2-v3,NSN,Negeri Sembilan,Port Dickson,terrace,L,1,large,34,2026Q2,73.0,152000.0,178000.0,248000.0,156000.0,184000.0,255000.0,160000.0,190000.0,263000.0,163000.0,196000.0,271000.0
pm-2026Q2-v3,NSN,Negeri Sembilan,Rembau,low_cost_house,L,0,small,10,2026Q2,55.0,76000.0,110000.0,172000.0,80000.0,115000.0,180000.0,84000.0,122000.0,191000.0,87000.0,128000.0,202000.0
pm-2026Q2-v3,NSN,Negeri Sembilan,Rembau,low_cost_house,L,0,typical,10,2026Q2,55.0,76000.0,110000.0,172000.0,80000.0,115000.0,180000.0,84000.0,122000.0,191000.0,87000.0,128000.0,202000.0
pm-2026Q2-v3,NSN,Negeri Sembilan,Rembau,low_cost_house,L,0,large,10,2026Q2,57.0,76000.0,111000.0,169000.0,80000.0,116000.0,177000.0,84000.0,123000.0,188000.0,88000.0,129000.0,199000.0
pm-2026Q2-v3,NSN,Negeri Sembilan,Rembau,terrace,F,1,small,83,2026Q2,68.0,169000.0,216000.0,272000.0,174000.0,222000.0,279000.0,179000.0,228000.0,288000.0,183000.0,234000.0,298000.0
pm-2026Q2-v3,NSN,Negeri Sembilan,Rembau,terrace,F,1,typical,83,2026Q2,74.0,180000.0,243000.0,327000.0,185000.0,250000.0,335000.0,190000.0,257000.0,346000.0,195000.0,264000.0,357000.0
pm-2026Q2-v3,NSN,Negeri Sembilan,Rembau,terrace,F,1,large,83,2026Q2,84.0,199000.0,261000.0,338000.0,204000.0,268000.0,347000.0,210000.0,276000.0,359000.0,215000.0,283000.0,370000.0
pm-2026Q2-v3,NSN,Negeri Sembilan,Rembau,terrace,L,1,small,66,2026Q2,89.0,188000.0,263000.0,317000.0,193000.0,268000.0,326000.0,199000.0,275000.0,337000.0,204000.0,282000.0,347000.0
pm-2026Q2-v3,NSN,Negeri Sembilan,Rembau,terrace,L,1,typical,66,2026Q2,89.0,188000.0,263000.0,317000.0,193000.0,268000.0,326000.0,199000.0,275000.0,337000.0,204000.0,282000.0,347000.0
pm-2026Q2-v3,NSN,Negeri Sembilan,Rembau,terrace,L,1,large,66,2026Q2,89.0,188000.0,263000.0,317000.0,193000.0,268000.0,326000.0,199000.0,275000.0,337000.0,204000.0,282000.0,347000.0
pm-2026Q2-v3,NSN,Negeri Sembilan,Seremban,cluster,F,0,small,25,2026Q2,72.0,134000.0,212000.0,273000.0,140000.0,219000.0,285000.0,146000.0,228000.0,297000.0,152000.0,237000.0,311000.0
pm-2026Q2-v3,NSN,Negeri Sembilan,Seremban,cluster,F,0,typical,25,2026Q2,82.0,152000.0,223000.0,292000.0,159000.0,231000.0,303000.0,166000.0,241000.0,317000.0,173000.0,250000.0,332000.0
pm-2026Q2-v3,NSN,Negeri Sembilan,Seremban,cluster,F,0,large,25,2026Q2,139.0,275000.0,379000.0,473000.0,287000.0,393000.0,492000.0,299000.0,409000.0,515000.0,311000.0,426000.0,540000.0
pm-2026Q2-v3,NSN,Negeri Sembilan,Seremban,condo,F,0,small,146,2026Q2,75.0,119000.0,151000.0,227000.0,120000.0,154000.0,231000.0,120000.0,157000.0,236000.0,120000.0,160000.0,242000.0
pm-2026Q2-v3,NSN,Negeri Sembilan,Seremban,condo,F,0,typical,146,2026Q2,86.0,133000.0,173000.0,262000.0,134000.0,177000.0,266000.0,134000.0,180000.0,273000.0,135000.0,183000.0,279000.0
pm-2026Q2-v3,NSN,Negeri Sembilan,Seremban,condo,F,0,large,146,2026Q2,96.0,138000.0,195000.0,281000.0,140000.0,198000.0,285000.0,140000.0,201000.0,293000.0,141000.0,204000.0,299000.0
pm-2026Q2-v3,NSN,Negeri Sembilan,Seremban,detached,F,0,small,157,2026Q2,126.0,272000.0,463000.0,627000.0,275000.0,464000.0,633000.0,278000.0,469000.0,642000.0,282000.0,473000.0,652000.0
pm-2026Q2-v3,NSN,Negeri Sembilan,Seremban,detached,F,0,typical,157,2026Q2,146.0,298000.0,474000.0,706000.0,302000.0,477000.0,710000.0,305000.0,483000.0,720000.0,309000.0,488000.0,731000.0
pm-2026Q2-v3,NSN,Negeri Sembilan,Seremban,detached,F,0,large,157,2026Q2,207.0,353000.0,610000.0,926000.0,357000.0,613000.0,932000.0,361000.0,620000.0,945000.0,365000.0,626000.0,960000.0
pm-2026Q2-v3,NSN,Negeri Sembilan,Seremban,detached,L,0,small,15,2026Q2,93.0,87000.0,206000.0,394000.0,88000.0,207000.0,395000.0,89000.0,209000.0,400000.0,90000.0,211000.0,406000.0
pm-2026Q2-v3,NSN,Negeri Sembilan,Seremban,detached,L,0,typical,15,2026Q2,111.0,117000.0,245000.0,450000.0,119000.0,246000.0,452000.0,120000.0,249000.0,458000.0,122000.0,251000.0,464000.0
pm-2026Q2-v3,NSN,Negeri Sembilan,Seremban,detached,L,0,large,15,2026Q2,161.0,169000.0,266000.0,556000.0,171000.0,269000.0,556000.0,173000.0,273000.0,564000.0,175000.0,277000.0,571000.0
pm-2026Q2-v3,NSN,Negeri Sembilan,Seremban,flat,F,0,small,53,2026Q2,67.0,67000.0,106000.0,159000.0,68000.0,108000.0,163000.0,70000.0,110000.0,167000.0,72000.0,113000.0,172000.0
pm-2026Q2-v3,NSN,Negeri Sembilan,Seremban,flat,F,0,typical,53,2026Q2,74.0,75000.0,131000.0,195000.0,76000.0,133000.0,198000.0,78000.0,136000.0,204000.0,80000.0,139000.0,210000.0
pm-2026Q2-v3,NSN,Negeri Sembilan,Seremban,flat,F,0,large,53,2026Q2,79.0,80000.0,137000.0,211000.0,82000.0,140000.0,215000.0,84000.0,143000.0,221000.0,86000.0,146000.0,227000.0
pm-2026Q2-v3,NSN,Negeri Sembilan,Seremban,low_cost_flat,F,0,small,104,2026Q2,57.0,65000.0,100000.0,154000.0,68000.0,104000.0,161000.0,72000.0,109000.0,169000.0,75000.0,115000.0,177000.0
pm-2026Q2-v3,NSN,Negeri Sembilan,Seremban,low_cost_flat,F,0,typical,104,2026Q2,59.0,66000.0,101000.0,154000.0,69000.0,105000.0,161000.0,73000.0,110000.0,169000.0,76000.0,116000.0,177000.0
pm-2026Q2-v3,NSN,Negeri Sembilan,Seremban,low_cost_flat,F,0,large,104,2026Q2,62.0,66000.0,104000.0,157000.0,70000.0,108000.0,164000.0,73000.0,114000.0,172000.0,77000.0,119000.0,181000.0
pm-2026Q2-v3,NSN,Negeri Sembilan,Seremban,low_cost_house,F,0,small,180,2026Q2,56.0,85000.0,142000.0,194000.0,89000.0,148000.0,205000.0,94000.0,155000.0,218000.0,98000.0,162000.0,230000.0
pm-2026Q2-v3,NSN,Negeri Sembilan,Seremban,low_cost_house,F,0,typical,180,2026Q2,60.0,84000.0,144000.0,196000.0,89000.0,150000.0,206000.0,93000.0,157000.0,219000.0,97000.0,164000.0,232000.0
pm-2026Q2-v3,NSN,Negeri Sembilan,Seremban,low_cost_house,F,0,large,180,2026Q2,64.0,84000.0,145000.0,199000.0,88000.0,151000.0,210000.0,93000.0,158000.0,223000.0,97000.0,165000.0,235000.0
pm-2026Q2-v3,NSN,Negeri Sembilan,Seremban,low_cost_house,L,0,small,97,2026Q2,55.0,78000.0,122000.0,176000.0,82000.0,128000.0,186000.0,86000.0,134000.0,197000.0,89000.0,141000.0,209000.0
pm-2026Q2-v3,NSN,Negeri Sembilan,Seremban,low_cost_house,L,0,typical,97,2026Q2,59.0,78000.0,125000.0,177000.0,82000.0,131000.0,187000.0,86000.0,137000.0,198000.0,90000.0,144000.0,210000.0
pm-2026Q2-v3,NSN,Negeri Sembilan,Seremban,low_cost_house,L,0,large,97,2026Q2,69.0,82000.0,134000.0,186000.0,87000.0,139000.0,196000.0,91000.0,146000.0,209000.0,95000.0,153000.0,221000.0
pm-2026Q2-v3,NSN,Negeri Sembilan,Seremban,semi_detached,F,2,small,157,2026Q2,110.0,383000.0,561000.0,642000.0,394000.0,572000.0,661000.0,405000.0,585000.0,682000.0,417000.0,599000.0,705000.0
pm-2026Q2-v3,NSN,Negeri Sembilan,Seremban,semi_detached,F,2,typical,157,2026Q2,140.0,419000.0,585000.0,707000.0,432000.0,599000.0,727000.0,443000.0,614000.0,750000.0,456000.0,630000.0,775000.0
pm-2026Q2-v3,NSN,Negeri Sembilan,Seremban,semi_detached,F,2,large,157,2026Q2,206.0,532000.0,727000.0,891000.0,547000.0,744000.0,916000.0,562000.0,763000.0,944000.0,578000.0,784000.0,976000.0
pm-2026Q2-v3,NSN,Negeri Sembilan,Seremban,terrace,F,2,small,1754,2026Q2,73.0,196000.0,258000.0,352000.0,201000.0,265000.0,361000.0,207000.0,272000.0,372000.0,212000.0,280000.0,384000.0
pm-2026Q2-v3,NSN,Negeri Sembilan,Seremban,terrace,F,2,typical,1754,2026Q2,106.0,248000.0,332000.0,412000.0,256000.0,340000.0,423000.0,263000.0,350000.0,437000.0,269000.0,359000.0,451000.0
pm-2026Q2-v3,NSN,Negeri Sembilan,Seremban,terrace,F,2,large,1754,2026Q2,152.0,326000.0,409000.0,531000.0,335000.0,420000.0,545000.0,344000.0,433000.0,563000.0,352000.0,445000.0,581000.0
pm-2026Q2-v3,NSN,Negeri Sembilan,Seremban,terrace,L,1,small,286,2026Q2,74.0,174000.0,219000.0,294000.0,178000.0,225000.0,302000.0,183000.0,232000.0,311000.0,188000.0,238000.0,321000.0
pm-2026Q2-v3,NSN,Negeri Sembilan,Seremban,terrace,L,1,typical,286,2026Q2,83.0,176000.0,226000.0,311000.0,181000.0,233000.0,318000.0,186000.0,239000.0,328000.0,190000.0,246000.0,339000.0
pm-2026Q2-v3,NSN,Negeri Sembilan,Seremban,terrace,L,1,large,286,2026Q2,126.0,241000.0,300000.0,401000.0,248000.0,308000.0,412000.0,254000.0,318000.0,425000.0,261000.0,327000.0,439000.0
pm-2026Q2-v3,NSN,Negeri Sembilan,Seremban,townhouse,F,0,small,43,2026Q2,85.0,144000.0,194000.0,287000.0,149000.0,202000.0,297000.0,154000.0,209000.0,309000.0,159000.0,218000.0,322000.0
pm-2026Q2-v3,NSN,Negeri Sembilan,Seremban,townhouse,F,0,typical,43,2026Q2,85.0,144000.0,194000.0,287000.0,149000.0,202000.0,297000.0,154000.0,209000.0,309000.0,159000.0,218000.0,322000.0
pm-2026Q2-v3,NSN,Negeri Sembilan,Seremban,townhouse,F,0,large,43,2026Q2,109.0,223000.0,311000.0,345000.0,231000.0,318000.0,360000.0,239000.0,328000.0,377000.0,247000.0,338000.0,395000.0
pm-2026Q2-v3,NSN,Negeri Sembilan,Seremban,townhouse,L,0,small,11,2026Q2,70.0,101000.0,138000.0,216000.0,105000.0,144000.0,224000.0,109000.0,150000.0,233000.0,112000.0,156000.0,243000.0
pm-2026Q2-v3,NSN,Negeri Sembilan,Seremban,townhouse,L,0,typical,11,2026Q2,70.0,101000.0,138000.0,216000.0,105000.0,144000.0,224000.0,109000.0,150000.0,233000.0,112000.0,156000.0,243000.0
pm-2026Q2-v3,NSN,Negeri Sembilan,Seremban,townhouse,L,0,large,11,2026Q2,70.0,101000.0,138000.0,216000.0,105000.0,144000.0,224000.0,109000.0,150000.0,233000.0,112000.0,156000.0,243000.0
pm-2026Q2-v3,NSN,Negeri Sembilan,Tampin,detached,F,0,small,10,2026Q2,102.0,184000.0,322000.0,456000.0,186000.0,323000.0,459000.0,188000.0,327000.0,466000.0,190000.0,330000.0,474000.0
pm-2026Q2-v3,NSN,Negeri Sembilan,Tampin,detached,F,0,typical,10,2026Q2,127.0,236000.0,382000.0,530000.0,239000.0,384000.0,535000.0,241000.0,388000.0,542000.0,245000.0,392000.0,550000.0
pm-2026Q2-v3,NSN,Negeri Sembilan,Tampin,detached,F,0,large,10,2026Q2,192.0,296000.0,424000.0,617000.0,299000.0,428000.0,621000.0,302000.0,433000.0,630000.0,306000.0,438000.0,640000.0
pm-2026Q2-v3,NSN,Negeri Sembilan,Tampin,low_cost_house,F,0,small,39,2026Q2,53.0,74000.0,111000.0,156000.0,78000.0,116000.0,164000.0,81000.0,122000.0,174000.0,85000.0,128000.0,184000.0
pm-2026Q2-v3,NSN,Negeri Sembilan,Tampin,low_cost_house,F,0,typical,39,2026Q2,59.0,75000.0,114000.0,158000.0,79000.0,119000.0,167000.0,83000.0,125000.0,177000.0,86000.0,131000.0,187000.0
pm-2026Q2-v3,NSN,Negeri Sembilan,Tampin,low_cost_house,F,0,large,39,2026Q2,74.0,80000.0,127000.0,178000.0,84000.0,133000.0,187000.0,88000.0,140000.0,199000.0,92000.0,146000.0,210000.0
pm-2026Q2-v3,NSN,Negeri Sembilan,Tampin,semi_detached,F,1,small,19,2026Q2,103.0,283000.0,350000.0,387000.0,291000.0,358000.0,399000.0,299000.0,366000.0,412000.0,306000.0,375000.0,426000.0
pm-2026Q2-v3,NSN,Negeri Sembilan,Tampin,semi_detached,F,1,typical,19,2026Q2,122.0,308000.0,376000.0,419000.0,317000.0,384000.0,432000.0,325000.0,394000.0,446000.0,333000.0,404000.0,461000.0
pm-2026Q2-v3,NSN,Negeri Sembilan,Tampin,semi_detached,F,1,large,19,2026Q2,163.0,334000.0,410000.0,483000.0,343000.0,420000.0,497000.0,352000.0,432000.0,513000.0,361000.0,443000.0,529000.0
pm-2026Q2-v3,NSN,Negeri Sembilan,Tampin,terrace,F,1,small,139,2026Q2,75.0,152000.0,196000.0,244000.0,156000.0,201000.0,251000.0,161000.0,207000.0,259000.0,165000.0,213000.0,268000.0
pm-2026Q2-v3,NSN,Negeri Sembilan,Tampin,terrace,F,1,typical,139,2026Q2,89.0,163000.0,212000.0,259000.0,167000.0,217000.0,266000.0,172000.0,223000.0,275000.0,176000.0,229000.0,284000.0
pm-2026Q2-v3,NSN,Negeri Sembilan,Tampin,terrace,F,1,large,139,2026Q2,102.0,166000.0,229000.0,278000.0,171000.0,234000.0,285000.0,175000.0,240000.0,295000.0,180000.0,246000.0,305000.0
pm-2026Q2-v3,PHG,Pahang,Bentong,condo,F,0,small,77,2026Q2,59.0,84000.0,155000.0,273000.0,86000.0,156000.0,276000.0,87000.0,159000.0,282000.0,88000.0,160000.0,288000.0
pm-2026Q2-v3,PHG,Pahang,Bentong,condo,F,0,typical,77,2026Q2,76.0,124000.0,214000.0,319000.0,126000.0,215000.0,324000.0,127000.0,217000.0,332000.0,128000.0,220000.0,340000.0
pm-2026Q2-v3,PHG,Pahang,Bentong,condo,F,0,large,77,2026Q2,92.0,136000.0,242000.0,359000.0,138000.0,243000.0,365000.0,140000.0,246000.0,374000.0,141000.0,249000.0,382000.0
pm-2026Q2-v3,PHG,Pahang,Bentong,detached,L,0,small,12,2026Q2,85.0,63000.0,117000.0,288000.0,64000.0,118000.0,288000.0,65000.0,119000.0,291000.0,65000.0,121000.0,295000.0
pm-2026Q2-v3,PHG,Pahang,Bentong,detached,L,0,typical,12,2026Q2,94.0,64000.0,114000.0,296000.0,65000.0,115000.0,295000.0,66000.0,117000.0,299000.0,67000.0,118000.0,303000.0
pm-2026Q2-v3,PHG,Pahang,Bentong,detached,L,0,large,12,2026Q2,110.0,69000.0,126000.0,356000.0,70000.0,127000.0,355000.0,71000.0,129000.0,359000.0,72000.0,131000.0,364000.0
pm-2026Q2-v3,PHG,Pahang,Bentong,low_cost_house,F,0,small,29,2026Q2,61.0,95000.0,150000.0,194000.0,100000.0,156000.0,205000.0,105000.0,163000.0,217000.0,110000.0,171000.0,231000.0
pm-2026Q2-v3,PHG,Pahang,Bentong,low_cost_house,F,0,typical,29,2026Q2,63.0,99000.0,151000.0,192000.0,104000.0,157000.0,203000.0,109000.0,165000.0,216000.0,114000.0,172000.0,229000.0
pm-2026Q2-v3,PHG,Pahang,Bentong,low_cost_house,F,0,large,29,2026Q2,79.0,117000.0,175000.0,233000.0,123000.0,183000.0,246000.0,129000.0,192000.0,261000.0,135000.0,201000.0,277000.0
pm-2026Q2-v3,PHG,Pahang,Bentong,terrace,F,1,small,113,2026Q2,82.0,196000.0,253000.0,366000.0,201000.0,261000.0,375000.0,207000.0,269000.0,386000.0,212000.0,277000.0,399000.0
pm-2026Q2-v3,PHG,Pahang,Bentong,terrace,F,1,typical,113,2026Q2,102.0,215000.0,256000.0,411000.0,221000.0,266000.0,421000.0,226000.0,274000.0,434000.0,232000.0,284000.0,447000.0
pm-2026Q2-v3,PHG,Pahang,Bentong,terrace,F,1,large,113,2026Q2,161.0,286000.0,327000.0,536000.0,293000.0,339000.0,549000.0,300000.0,351000.0,565000.0,307000.0,363000.0,582000.0
pm-2026Q2-v3,PHG,Pahang,Bera,low_cost_house,F,0,small,33,2026Q2,56.0,84000.0,131000.0,166000.0,88000.0,136000.0,175000.0,93000.0,142000.0,186000.0,97000.0,149000.0,198000.0
pm-2026Q2-v3,PHG,Pahang,Bera,low_cost_house,F,0,typical,33,2026Q2,63.0,84000.0,133000.0,168000.0,88000.0,138000.0,178000.0,92000.0,145000.0,189000.0,97000.0,151000.0,201000.0
pm-2026Q2-v3,PHG,Pahang,Bera,low_cost_house,F,0,large,33,2026Q2,76.0,93000.0,144000.0,191000.0,98000.0,150000.0,201000.0,103000.0,158000.0,214000.0,107000.0,165000.0,227000.0
pm-2026Q2-v3,PHG,Pahang,Bera,semi_detached,F,1,small,22,2026Q2,109.0,330000.0,399000.0,421000.0,339000.0,407000.0,435000.0,348000.0,416000.0,451000.0,356000.0,426000.0,468000.0
pm-2026Q2-v3,PHG,Pahang,Bera,semi_detached,F,1,typical,22,2026Q2,133.0,341000.0,422000.0,475000.0,351000.0,431000.0,489000.0,360000.0,443000.0,505000.0,369000.0,454000.0,523000.0
pm-2026Q2-v3,PHG,Pahang,Bera,semi_detached,F,1,large,22,2026Q2,141.0,342000.0,439000.0,492000.0,352000.0,449000.0,507000.0,362000.0,460000.0,524000.0,372000.0,471000.0,542000.0
pm-2026Q2-v3,PHG,Pahang,Bera,terrace,F,1,small,99,2026Q2,77.0,182000.0,231000.0,278000.0,187000.0,237000.0,286000.0,192000.0,244000.0,296000.0,197000.0,250000.0,306000.0
pm-2026Q2-v3,PHG,Pahang,Bera,terrace,F,1,typical,99,2026Q2,94.0,189000.0,256000.0,292000.0,195000.0,261000.0,301000.0,200000.0,267000.0,311000.0,205000.0,274000.0,322000.0
pm-2026Q2-v3,PHG,Pahang,Bera,terrace,F,1,large,99,2026Q2,112.0,218000.0,285000.0,332000.0,224000.0,291000.0,342000.0,230000.0,299000.0,354000.0,236000.0,307000.0,366000.0
pm-2026Q2-v3,PHG,Pahang,Bera,terrace,L,1,small,11,2026Q2,82.0,169000.0,226000.0,280000.0,174000.0,232000.0,288000.0,179000.0,238000.0,297000.0,183000.0,244000.0,307000.0
pm-2026Q2-v3,PHG,Pahang,Bera,terrace,L,1,typical,11,2026Q2,98.0,189000.0,250000.0,303000.0,195000.0,257000.0,312000.0,200000.0,263000.0,322000.0,205000.0,270000.0,333000.0
pm-2026Q2-v3,PHG,Pahang,Bera,terrace,L,1,large,11,2026Q2,104.0,197000.0,255000.0,313000.0,202000.0,262000.0,322000.0,208000.0,269000.0,333000.0,213000.0,276000.0,344000.0
pm-2026Q2-v3,PHG,Pahang,Cameron Highland,condo,L,0,small,57,2026Q2,77.0,167000.0,226000.0,332000.0,169000.0,230000.0,337000.0,170000.0,234000.0,346000.0,170000.0,237000.0,353000.0
pm-2026Q2-v3,PHG,Pahang,Cameron Highland,condo,L,0,typical,57,2026Q2,85.0,187000.0,239000.0,368000.0,188000.0,244000.0,373000.0,189000.0,249000.0,383000.0,189000.0,253000.0,391000.0
pm-2026Q2-v3,PHG,Pahang,Cameron Highland,condo,L,0,large,57,2026Q2,100.0,221000.0,282000.0,430000.0,223000.0,288000.0,436000.0,224000.0,294000.0,447000.0,224000.0,299000.0,457000.0
pm-2026Q2-v3,PHG,Pahang,Jerantut,low_cost_house,F,0,small,19,2026Q2,60.0,88000.0,134000.0,169000.0,93000.0,139000.0,179000.0,97000.0,146000.0,190000.0,102000.0,153000.0,202000.0
pm-2026Q2-v3,PHG,Pahang,Jerantut,low_cost_house,F,0,typical,19,2026Q2,63.0,88000.0,135000.0,168000.0,92000.0,140000.0,178000.0,97000.0,146000.0,189000.0,101000.0,153000.0,201000.0
pm-2026Q2-v3,PHG,Pahang,Jerantut,low_cost_house,F,0,large,19,2026Q2,76.0,96000.0,145000.0,188000.0,101000.0,151000.0,199000.0,106000.0,158000.0,211000.0,111000.0,166000.0,224000.0
pm-2026Q2-v3,PHG,Pahang,Jerantut,low_cost_house,L,0,small,10,2026Q2,58.0,82000.0,121000.0,163000.0,86000.0,127000.0,172000.0,90000.0,133000.0,183000.0,94000.0,139000.0,194000.0
pm-2026Q2-v3,PHG,Pahang,Jerantut,low_cost_house,L,0,typical,10,2026Q2,65.0,83000.0,127000.0,166000.0,87000.0,132000.0,175000.0,92000.0,138000.0,186000.0,96000.0,145000.0,197000.0
pm-2026Q2-v3,PHG,Pahang,Jerantut,low_cost_house,L,0,large,10,2026Q2,67.0,84000.0,128000.0,167000.0,89000.0,133000.0,176000.0,93000.0,139000.0,187000.0,97000.0,146000.0,198000.0
pm-2026Q2-v3,PHG,Pahang,Jerantut,semi_detached,F,1,small,43,2026Q2,104.0,287000.0,324000.0,384000.0,295000.0,334000.0,395000.0,302000.0,344000.0,408000.0,309000.0,354000.0,422000.0
pm-2026Q2-v3,PHG,Pahang,Jerantut,semi_detached,F,1,typical,43,2026Q2,106.0,290000.0,324000.0,383000.0,298000.0,334000.0,394000.0,305000.0,344000.0,407000.0,312000.0,354000.0,420000.0
pm-2026Q2-v3,PHG,Pahang,Jerantut,semi_detached,F,1,large,43,2026Q2,121.0,301000.0,335000.0,426000.0,309000.0,346000.0,437000.0,316000.0,357000.0,451000.0,323000.0,369000.0,466000.0
pm-2026Q2-v3,PHG,Pahang,Jerantut,semi_detached,L,1,small,31,2026Q2,93.0,154000.0,196000.0,326000.0,159000.0,202000.0,333000.0,163000.0,209000.0,343000.0,167000.0,216000.0,354000.0
pm-2026Q2-v3,PHG,Pahang,Jerantut,semi_detached,L,1,typical,31,2026Q2,93.0,154000.0,196000.0,326000.0,159000.0,202000.0,333000.0,163000.0,209000.0,343000.0,167000.0,216000.0,354000.0
pm-2026Q2-v3,PHG,Pahang,Jerantut,semi_detached,L,1,large,31,2026Q2,124.0,210000.0,270000.0,398000.0,216000.0,278000.0,408000.0,222000.0,287000.0,420000.0,228000.0,296000.0,433000.0
pm-2026Q2-v3,PHG,Pahang,Jerantut,terrace,F,1,small,88,2026Q2,91.0,188000.0,217000.0,272000.0,193000.0,224000.0,280000.0,197000.0,231000.0,289000.0,202000.0,238000.0,299000.0
pm-2026Q2-v3,PHG,Pahang,Jerantut,terrace,F,1,typical,88,2026Q2,93.0,188000.0,227000.0,275000.0,194000.0,233000.0,283000.0,199000.0,240000.0,293000.0,203000.0,247000.0,302000.0
pm-2026Q2-v3,PHG,Pahang,Jerantut,terrace,F,1,large,88,2026Q2,124.0,214000.0,268000.0,331000.0,221000.0,275000.0,340000.0,226000.0,283000.0,351000.0,232000.0,291000.0,363000.0
pm-2026Q2-v3,PHG,Pahang,Jerantut,terrace,L,1,small,18,2026Q2,77.0,147000.0,199000.0,263000.0,152000.0,204000.0,270000.0,156000.0,210000.0,279000.0,160000.0,216000.0,288000.0
pm-2026Q2-v3,PHG,Pahang,Jerantut,terrace,L,1,typical,18,2026Q2,87.0,161000.0,213000.0,268000.0,166000.0,218000.0,276000.0,170000.0,224000.0,284000.0,175000.0,231000.0,294000.0
pm-2026Q2-v3,PHG,Pahang,Jerantut,terrace,L,1,large,18,2026Q2,88.0,161000.0,212000.0,268000.0,166000.0,218000.0,275000.0,170000.0,224000.0,284000.0,175000.0,230000.0,294000.0
pm-2026Q2-v3,PHG,Pahang,Kuantan,condo,F,0,small,17,2026Q2,97.0,138000.0,203000.0,271000.0,139000.0,204000.0,277000.0,141000.0,207000.0,284000.0,141000.0,209000.0,291000.0
pm-2026Q2-v3,PHG,Pahang,Kuantan,condo,F,0,typical,17,2026Q2,108.0,178000.0,254000.0,309000.0,180000.0,255000.0,317000.0,182000.0,257000.0,325000.0,182000.0,259000.0,335000.0
pm-2026Q2-v3,PHG,Pahang,Kuantan,condo,F,0,large,17,2026Q2,126.0,198000.0,285000.0,395000.0,201000.0,288000.0,402000.0,203000.0,292000.0,413000.0,203000.0,295000.0,422000.0
pm-2026Q2-v3,PHG,Pahang,Kuantan,condo,L,0,small,33,2026Q2,43.0,67000.0,161000.0,261000.0,69000.0,160000.0,264000.0,70000.0,162000.0,271000.0,70000.0,163000.0,277000.0
pm-2026Q2-v3,PHG,Pahang,Kuantan,condo,L,0,typical,33,2026Q2,43.0,67000.0,161000.0,261000.0,69000.0,160000.0,264000.0,70000.0,162000.0,271000.0,70000.0,163000.0,277000.0
pm-2026Q2-v3,PHG,Pahang,Kuantan,condo,L,0,large,33,2026Q2,45.0,70000.0,159000.0,262000.0,71000.0,159000.0,265000.0,72000.0,161000.0,271000.0,73000.0,162000.0,278000.0
pm-2026Q2-v3,PHG,Pahang,Kuantan,detached,F,0,small,18,2026Q2,178.0,350000.0,533000.0,754000.0,354000.0,536000.0,760000.0,358000.0,542000.0,770000.0,362000.0,548000.0,783000.0
pm-2026Q2-v3,PHG,Pahang,Kuantan,detached,F,0,typical,18,2026Q2,222.0,407000.0,596000.0,986000.0,411000.0,603000.0,991000.0,416000.0,611000.0,1003000.0,420000.0,618000.0,1017000.0
pm-2026Q2-v3,PHG,Pahang,Kuantan,detached,F,0,large,18,2026Q2,307.0,510000.0,722000.0,1175000.0,516000.0,730000.0,1181000.0,522000.0,740000.0,1196000.0,527000.0,750000.0,1213000.0
pm-2026Q2-v3,PHG,Pahang,Kuantan,detached,L,0,small,25,2026Q2,76.0,84000.0,165000.0,302000.0,85000.0,166000.0,303000.0,86000.0,168000.0,307000.0,87000.0,170000.0,311000.0
pm-2026Q2-v3,PHG,Pahang,Kuantan,detached,L,0,typical,25,2026Q2,101.0,101000.0,200000.0,337000.0,102000.0,201000.0,339000.0,104000.0,203000.0,343000.0,105000.0,205000.0,348000.0
pm-2026Q2-v3,PHG,Pahang,Kuantan,detached,L,0,large,25,2026Q2,148.0,146000.0,239000.0,437000.0,148000.0,241000.0,438000.0,150000.0,244000.0,444000.0,152000.0,248000.0,451000.0
pm-2026Q2-v3,PHG,Pahang,Kuantan,low_cost_flat,F,0,small,10,2026Q2,47.0,53000.0,90000.0,146000.0,56000.0,94000.0,153000.0,58000.0,99000.0,160000.0,61000.0,104000.0,169000.0
pm-2026Q2-v3,PHG,Pahang,Kuantan,low_cost_flat,F,0,typical,10,2026Q2,47.0,53000.0,90000.0,146000.0,56000.0,94000.0,153000.0,58000.0,99000.0,160000.0,61000.0,104000.0,169000.0
pm-2026Q2-v3,PHG,Pahang,Kuantan,low_cost_flat,F,0,large,10,2026Q2,49.0,55000.0,93000.0,150000.0,58000.0,97000.0,156000.0,61000.0,102000.0,164000.0,64000.0,107000.0,172000.0
pm-2026Q2-v3,PHG,Pahang,Kuantan,low_cost_house,F,0,small,138,2026Q2,54.0,101000.0,152000.0,196000.0,106000.0,159000.0,207000.0,111000.0,166000.0,219000.0,116000.0,174000.0,233000.0
pm-2026Q2-v3,PHG,Pahang,Kuantan,low_cost_house,F,0,typical,138,2026Q2,57.0,101000.0,152000.0,197000.0,106000.0,158000.0,208000.0,112000.0,166000.0,221000.0,116000.0,174000.0,235000.0
pm-2026Q2-v3,PHG,Pahang,Kuantan,low_cost_house,F,0,large,138,2026Q2,71.0,113000.0,157000.0,206000.0,119000.0,165000.0,217000.0,125000.0,173000.0,231000.0,130000.0,181000.0,245000.0
pm-2026Q2-v3,PHG,Pahang,Kuantan,low_cost_house,L,0,small,65,2026Q2,55.0,90000.0,131000.0,182000.0,94000.0,137000.0,191000.0,99000.0,144000.0,203000.0,103000.0,151000.0,215000.0
pm-2026Q2-v3,PHG,Pahang,Kuantan,low_cost_house,L,0,typical,65,2026Q2,57.0,90000.0,131000.0,183000.0,95000.0,137000.0,193000.0,99000.0,145000.0,205000.0,104000.0,152000.0,217000.0
pm-2026Q2-v3,PHG,Pahang,Kuantan,low_cost_house,L,0,large,65,2026Q2,59.0,94000.0,134000.0,183000.0,99000.0,140000.0,193000.0,103000.0,148000.0,205000.0,108000.0,155000.0,217000.0
pm-2026Q2-v3,PHG,Pahang,Kuantan,semi_detached,F,1,small,337,2026Q2,107.0,357000.0,411000.0,457000.0,367000.0,421000.0,471000.0,376000.0,433000.0,487000.0,384000.0,444000.0,504000.0
pm-2026Q2-v3,PHG,Pahang,Kuantan,semi_detached,F,1,typical,337,2026Q2,116.0,376000.0,422000.0,484000.0,386000.0,434000.0,498000.0,395000.0,447000.0,515000.0,404000.0,460000.0,532000.0
pm-2026Q2-v3,PHG,Pahang,Kuantan,semi_detached,F,1,large,337,2026Q2,132.0,387000.0,434000.0,514000.0,398000.0,447000.0,529000.0,407000.0,461000.0,546000.0,417000.0,475000.0,564000.0
pm-2026Q2-v3,PHG,Pahang,Kuantan,semi_detached,L,1,small,118,2026Q2,93.0,176000.0,248000.0,363000.0,181000.0,255000.0,372000.0,186000.0,262000.0,383000.0,192000.0,270000.0,395000.0
pm-2026Q2-v3,PHG,Pahang,Kuantan,semi_detached,L,1,typical,118,2026Q2,94.0,176000.0,246000.0,362000.0,182000.0,252000.0,371000.0,187000.0,260000.0,382000.0,192000.0,267000.0,394000.0
pm-2026Q2-v3,PHG,Pahang,Kuantan,semi_detached,L,1,large,118,2026Q2,97.0,186000.0,279000.0,383000.0,191000.0,286000.0,393000.0,196000.0,294000.0,405000.0,202000.0,302000.0,418000.0
pm-2026Q2-v3,PHG,Pahang,Kuantan,terrace,F,1,small,1077,2026Q2,84.0,211000.0,257000.0,311000.0,217000.0,264000.0,320000.0,222000.0,272000.0,330000.0,228000.0,279000.0,341000.0
pm-2026Q2-v3,PHG,Pahang,Kuantan,terrace,F,1,typical,1077,2026Q2,92.0,211000.0,270000.0,324000.0,217000.0,277000.0,333000.0,223000.0,284000.0,344000.0,229000.0,292000.0,356000.0
pm-2026Q2-v3,PHG,Pahang,Kuantan,terrace,F,1,large,1077,2026Q2,107.0,245000.0,288000.0,355000.0,251000.0,297000.0,365000.0,258000.0,306000.0,377000.0,264000.0,315000.0,390000.0
pm-2026Q2-v3,PHG,Pahang,Kuantan,terrace,L,1,small,399,2026Q2,80.0,174000.0,243000.0,306000.0,179000.0,249000.0,314000.0,184000.0,255000.0,325000.0,189000.0,262000.0,336000.0
pm-2026Q2-v3,PHG,Pahang,Kuantan,terrace,L,1,typical,399,2026Q2,84.0,178000.0,244000.0,308000.0,183000.0,250000.0,316000.0,188000.0,257000.0,327000.0,193000.0,264000.0,338000.0
pm-2026Q2-v3,PHG,Pahang,Kuantan,terrace,L,1,large,399,2026Q2,96.0,186000.0,264000.0,335000.0,192000.0,270000.0,344000.0,197000.0,277000.0,355000.0,203000.0,285000.0,367000.0
pm-2026Q2-v3,PHG,Pahang,Lipis,semi_detached,F,1,small,17,2026Q2,97.0,256000.0,331000.0,380000.0,263000.0,338000.0,392000.0,271000.0,347000.0,405000.0,278000.0,356000.0,418000.0
pm-2026Q2-v3,PHG,Pahang,Lipis,semi_detached,F,1,typical,17,2026Q2,113.0,299000.0,356000.0,421000.0,308000.0,366000.0,433000.0,316000.0,376000.0,447000.0,323000.0,387000.0,462000.0
pm-2026Q2-v3,PHG,Pahang,Lipis,semi_detached,F,1,large,17,2026Q2,149.0,342000.0,389000.0,494000.0,351000.0,401000.0,507000.0,360000.0,414000.0,524000.0,368000.0,427000.0,541000.0
pm-2026Q2-v3,PHG,Pahang,Lipis,semi_detached,L,1,small,27,2026Q2,94.0,157000.0,234000.0,338000.0,161000.0,240000.0,346000.0,166000.0,247000.0,357000.0,171000.0,254000.0,368000.0
pm-2026Q2-v3,PHG,Pahang,Lipis,semi_detached,L,1,typical,27,2026Q2,94.0,157000.0,234000.0,338000.0,161000.0,240000.0,346000.0,166000.0,247000.0,357000.0,171000.0,254000.0,368000.0
pm-2026Q2-v3,PHG,Pahang,Lipis,semi_detached,L,1,large,27,2026Q2,94.0,157000.0,234000.0,338000.0,161000.0,240000.0,346000.0,166000.0,247000.0,357000.0,171000.0,254000.0,368000.0
pm-2026Q2-v3,PHG,Pahang,Lipis,terrace,F,1,small,83,2026Q2,79.0,176000.0,227000.0,276000.0,181000.0,233000.0,284000.0,186000.0,239000.0,293000.0,191000.0,246000.0,303000.0
pm-2026Q2-v3,PHG,Pahang,Lipis,terrace,F,1,typical,83,2026Q2,84.0,183000.0,231000.0,280000.0,189000.0,237000.0,288000.0,194000.0,244000.0,297000.0,199000.0,250000.0,307000.0
pm-2026Q2-v3,PHG,Pahang,Lipis,terrace,F,1,large,83,2026Q2,92.0,185000.0,239000.0,287000.0,191000.0,245000.0,295000.0,196000.0,252000.0,305000.0,201000.0,259000.0,315000.0
pm-2026Q2-v3,PHG,Pahang,Maran,terrace,L,1,small,24,2026Q2,73.0,148000.0,217000.0,286000.0,152000.0,222000.0,294000.0,157000.0,228000.0,303000.0,161000.0,235000.0,313000.0
pm-2026Q2-v3,PHG,Pahang,Maran,terrace,L,1,typical,24,2026Q2,88.0,168000.0,237000.0,292000.0,172000.0,242000.0,301000.0,177000.0,248000.0,311000.0,182000.0,255000.0,321000.0
pm-2026Q2-v3,PHG,Pahang,Maran,terrace,L,1,large,24,2026Q2,93.0,161000.0,238000.0,296000.0,166000.0,243000.0,304000.0,171000.0,250000.0,314000.0,175000.0,256000.0,324000.0
pm-2026Q2-v3,PHG,Pahang,Pekan,detached,F,0,small,13,2026Q2,99.0,194000.0,271000.0,380000.0,196000.0,273000.0,383000.0,199000.0,276000.0,388000.0,201000.0,280000.0,394000.0
pm-2026Q2-v3,PHG,Pahang,Pekan,detached,F,0,typical,13,2026Q2,119.0,237000.0,343000.0,433000.0,239000.0,345000.0,437000.0,242000.0,348000.0,443000.0,244000.0,351000.0,451000.0
pm-2026Q2-v3,PHG,Pahang,Pekan,detached,F,0,large,13,2026Q2,158.0,295000.0,389000.0,495000.0,298000.0,392000.0,500000.0,301000.0,396000.0,507000.0,304000.0,401000.0,516000.0
pm-2026Q2-v3,PHG,Pahang,Pekan,detached,L,0,small,12,2026Q2,78.0,81000.0,158000.0,289000.0,82000.0,159000.0,290000.0,83000.0,161000.0,294000.0,84000.0,162000.0,298000.0
pm-2026Q2-v3,PHG,Pahang,Pekan,detached,L,0,typical,12,2026Q2,129.0,137000.0,256000.0,385000.0,139000.0,257000.0,388000.0,140000.0,259000.0,393000.0,142000.0,262000.0,399000.0
pm-2026Q2-v3,PHG,Pahang,Pekan,detached,L,0,large,12,2026Q2,145.0,162000.0,270000.0,409000.0,164000.0,271000.0,412000.0,166000.0,274000.0,417000.0,168000.0,277000.0,424000.0
pm-2026Q2-v3,PHG,Pahang,Pekan,low_cost_house,L,0,small,17,2026Q2,60.0,73000.0,100000.0,150000.0,77000.0,106000.0,157000.0,81000.0,112000.0,167000.0,84000.0,117000.0,177000.0
pm-2026Q2-v3,PHG,Pahang,Pekan,low_cost_house,L,0,typical,17,2026Q2,60.0,73000.0,100000.0,150000.0,77000.0,106000.0,157000.0,81000.0,112000.0,167000.0,84000.0,117000.0,177000.0
pm-2026Q2-v3,PHG,Pahang,Pekan,low_cost_house,L,0,large,17,2026Q2,63.0,73000.0,103000.0,153000.0,77000.0,108000.0,160000.0,80000.0,114000.0,170000.0,84000.0,120000.0,180000.0
pm-2026Q2-v3,PHG,Pahang,Pekan,semi_detached,F,1,small,28,2026Q2,100.0,261000.0,320000.0,379000.0,269000.0,328000.0,389000.0,276000.0,337000.0,402000.0,283000.0,346000.0,416000.0
pm-2026Q2-v3,PHG,Pahang,Pekan,semi_detached,F,1,typical,28,2026Q2,104.0,273000.0,326000.0,386000.0,281000.0,335000.0,397000.0,288000.0,344000.0,410000.0,295000.0,354000.0,424000.0
pm-2026Q2-v3,PHG,Pahang,Pekan,semi_detached,F,1,large,28,2026Q2,117.0,291000.0,338000.0,417000.0,300000.0,348000.0,428000.0,307000.0,358000.0,442000.0,314000.0,369000.0,457000.0
pm-2026Q2-v3,PHG,Pahang,Pekan,terrace,F,1,small,54,2026Q2,84.0,168000.0,221000.0,266000.0,173000.0,227000.0,274000.0,178000.0,233000.0,283000.0,182000.0,239000.0,292000.0
pm-2026Q2-v3,PHG,Pahang,Pekan,terrace,F,1,typical,54,2026Q2,86.0,169000.0,223000.0,266000.0,174000.0,229000.0,274000.0,179000.0,235000.0,283000.0,184000.0,241000.0,292000.0
pm-2026Q2-v3,PHG,Pahang,Pekan,terrace,F,1,large,54,2026Q2,89.0,169000.0,225000.0,266000.0,174000.0,230000.0,274000.0,179000.0,236000.0,283000.0,184000.0,243000.0,292000.0
pm-2026Q2-v3,PHG,Pahang,Raub,low_cost_house,F,0,small,20,2026Q2,65.0,92000.0,131000.0,184000.0,97000.0,137000.0,194000.0,101000.0,144000.0,206000.0,105000.0,152000.0,218000.0
pm-2026Q2-v3,PHG,Pahang,Raub,low_cost_house,F,0,typical,20,2026Q2,72.0,100000.0,142000.0,203000.0,106000.0,149000.0,214000.0,110000.0,157000.0,227000.0,115000.0,165000.0,241000.0
pm-2026Q2-v3,PHG,Pahang,Raub,low_cost_house,F,0,large,20,2026Q2,82.0,112000.0,155000.0,225000.0,118000.0,163000.0,237000.0,123000.0,171000.0,251000.0,128000.0,180000.0,267000.0
pm-2026Q2-v3,PHG,Pahang,Raub,semi_detached,F,2,small,15,2026Q2,137.0,443000.0,573000.0,710000.0,455000.0,587000.0,729000.0,468000.0,604000.0,752000.0,481000.0,621000.0,778000.0
pm-2026Q2-v3,PHG,Pahang,Raub,semi_detached,F,2,typical,15,2026Q2,194.0,538000.0,627000.0,797000.0,553000.0,646000.0,818000.0,568000.0,667000.0,844000.0,581000.0,687000.0,872000.0
pm-2026Q2-v3,PHG,Pahang,Raub,semi_detached,F,2,large,15,2026Q2,202.0,566000.0,658000.0,822000.0,581000.0,678000.0,845000.0,596000.0,699000.0,872000.0,610000.0,720000.0,901000.0
pm-2026Q2-v3,PHG,Pahang,Raub,terrace,F,2,small,72,2026Q2,117.0,287000.0,403000.0,475000.0,295000.0,412000.0,490000.0,304000.0,422000.0,506000.0,312000.0,433000.0,523000.0
pm-2026Q2-v3,PHG,Pahang,Raub,terrace,F,2,typical,72,2026Q2,146.0,330000.0,460000.0,530000.0,340000.0,470000.0,547000.0,349000.0,481000.0,565000.0,359000.0,493000.0,584000.0
pm-2026Q2-v3,PHG,Pahang,Raub,terrace,F,2,large,72,2026Q2,156.0,347000.0,476000.0,557000.0,357000.0,486000.0,574000.0,367000.0,498000.0,594000.0,377000.0,510000.0,613000.0
pm-2026Q2-v3,PHG,Pahang,Raub,terrace,L,1,small,25,2026Q2,65.0,150000.0,199000.0,280000.0,154000.0,205000.0,288000.0,158000.0,211000.0,296000.0,162000.0,217000.0,306000.0
pm-2026Q2-v3,PHG,Pahang,Raub,terrace,L,1,typical,25,2026Q2,76.0,161000.0,227000.0,314000.0,166000.0,233000.0,322000.0,170000.0,239000.0,332000.0,175000.0,246000.0,343000.0
pm-2026Q2-v3,PHG,Pahang,Raub,terrace,L,1,large,25,2026Q2,76.0,161000.0,227000.0,314000.0,166000.0,233000.0,322000.0,170000.0,239000.0,332000.0,175000.0,246000.0,343000.0
pm-2026Q2-v3,PHG,Pahang,Rompin,semi_detached,F,1,small,23,2026Q2,93.0,289000.0,348000.0,419000.0,297000.0,357000.0,431000.0,305000.0,367000.0,445000.0,313000.0,378000.0,460000.0
pm-2026Q2-v3,PHG,Pahang,Rompin,semi_detached,F,1,typical,23,2026Q2,119.0,366000.0,404000.0,474000.0,376000.0,417000.0,488000.0,385000.0,430000.0,504000.0,393000.0,443000.0,521000.0
pm-2026Q2-v3,PHG,Pahang,Rompin,semi_detached,F,1,large,23,2026Q2,150.0,399000.0,444000.0,545000.0,410000.0,459000.0,560000.0,420000.0,473000.0,578000.0,429000.0,488000.0,598000.0
pm-2026Q2-v3,PHG,Pahang,Rompin,semi_detached,L,1,small,38,2026Q2,93.0,181000.0,255000.0,378000.0,186000.0,262000.0,387000.0,191000.0,270000.0,398000.0,196000.0,278000.0,411000.0
pm-2026Q2-v3,PHG,Pahang,Rompin,semi_detached,L,1,typical,38,2026Q2,93.0,181000.0,255000.0,378000.0,186000.0,262000.0,387000.0,191000.0,270000.0,398000.0,196000.0,278000.0,411000.0
pm-2026Q2-v3,PHG,Pahang,Rompin,semi_detached,L,1,large,38,2026Q2,94.0,181000.0,250000.0,377000.0,186000.0,257000.0,386000.0,192000.0,265000.0,398000.0,197000.0,273000.0,410000.0
pm-2026Q2-v3,PHG,Pahang,Rompin,terrace,F,1,small,57,2026Q2,87.0,216000.0,260000.0,313000.0,222000.0,267000.0,323000.0,227000.0,275000.0,333000.0,233000.0,282000.0,344000.0
pm-2026Q2-v3,PHG,Pahang,Rompin,terrace,F,1,typical,57,2026Q2,91.0,216000.0,260000.0,311000.0,222000.0,267000.0,320000.0,228000.0,275000.0,331000.0,233000.0,283000.0,342000.0
pm-2026Q2-v3,PHG,Pahang,Rompin,terrace,F,1,large,57,2026Q2,99.0,227000.0,271000.0,332000.0,234000.0,279000.0,342000.0,240000.0,287000.0,353000.0,245000.0,295000.0,365000.0
pm-2026Q2-v3,PHG,Pahang,Rompin,terrace,L,1,small,104,2026Q2,76.0,158000.0,212000.0,284000.0,163000.0,218000.0,291000.0,167000.0,224000.0,301000.0,172000.0,231000.0,311000.0
pm-2026Q2-v3,PHG,Pahang,Rompin,terrace,L,1,typical,104,2026Q2,77.0,160000.0,212000.0,284000.0,164000.0,218000.0,291000.0,169000.0,224000.0,300000.0,173000.0,230000.0,310000.0
pm-2026Q2-v3,PHG,Pahang,Rompin,terrace,L,1,large,104,2026Q2,77.0,160000.0,212000.0,284000.0,164000.0,218000.0,291000.0,169000.0,224000.0,300000.0,173000.0,230000.0,310000.0
pm-2026Q2-v3,PHG,Pahang,Temerloh,detached,F,0,small,17,2026Q2,102.0,194000.0,313000.0,405000.0,196000.0,314000.0,409000.0,198000.0,317000.0,415000.0,201000.0,319000.0,422000.0
pm-2026Q2-v3,PHG,Pahang,Temerloh,detached,F,0,typical,17,2026Q2,138.0,248000.0,388000.0,468000.0,251000.0,389000.0,473000.0,254000.0,392000.0,481000.0,257000.0,395000.0,489000.0
pm-2026Q2-v3,PHG,Pahang,Temerloh,detached,F,0,large,17,2026Q2,189.0,263000.0,405000.0,563000.0,266000.0,408000.0,568000.0,269000.0,412000.0,576000.0,272000.0,416000.0,585000.0
pm-2026Q2-v3,PHG,Pahang,Temerloh,low_cost_house,F,0,small,55,2026Q2,58.0,98000.0,132000.0,175000.0,103000.0,139000.0,185000.0,108000.0,146000.0,197000.0,112000.0,153000.0,209000.0
pm-2026Q2-v3,PHG,Pahang,Temerloh,low_cost_house,F,0,typical,55,2026Q2,62.0,98000.0,134000.0,177000.0,103000.0,140000.0,186000.0,108000.0,148000.0,198000.0,112000.0,155000.0,210000.0
pm-2026Q2-v3,PHG,Pahang,Temerloh,low_cost_house,F,0,large,55,2026Q2,75.0,111000.0,146000.0,200000.0,116000.0,154000.0,211000.0,121000.0,162000.0,224000.0,126000.0,170000.0,237000.0
pm-2026Q2-v3,PHG,Pahang,Temerloh,semi_detached,F,1,small,114,2026Q2,106.0,306000.0,340000.0,394000.0,315000.0,351000.0,406000.0,322000.0,361000.0,419000.0,329000.0,372000.0,433000.0
pm-2026Q2-v3,PHG,Pahang,Temerloh,semi_detached,F,1,typical,114,2026Q2,113.0,309000.0,353000.0,417000.0,317000.0,364000.0,429000.0,325000.0,374000.0,443000.0,333000.0,385000.0,458000.0
pm-2026Q2-v3,PHG,Pahang,Temerloh,semi_detached,F,1,large,114,2026Q2,146.0,343000.0,385000.0,479000.0,352000.0,397000.0,492000.0,361000.0,410000.0,508000.0,369000.0,423000.0,525000.0
pm-2026Q2-v3,PHG,Pahang,Temerloh,semi_detached,L,1,small,17,2026Q2,103.0,236000.0,277000.0,362000.0,242000.0,285000.0,371000.0,248000.0,294000.0,382000.0,254000.0,303000.0,395000.0
pm-2026Q2-v3,PHG,Pahang,Temerloh,semi_detached,L,1,typical,17,2026Q2,103.0,236000.0,277000.0,362000.0,242000.0,285000.0,371000.0,248000.0,294000.0,382000.0,254000.0,303000.0,395000.0
pm-2026Q2-v3,PHG,Pahang,Temerloh,semi_detached,L,1,large,17,2026Q2,111.0,252000.0,299000.0,370000.0,259000.0,308000.0,380000.0,265000.0,317000.0,393000.0,272000.0,326000.0,406000.0
pm-2026Q2-v3,PHG,Pahang,Temerloh,terrace,F,1,small,274,2026Q2,82.0,203000.0,231000.0,283000.0,209000.0,239000.0,291000.0,214000.0,246000.0,301000.0,219000.0,253000.0,311000.0
pm-2026Q2-v3,PHG,Pahang,Temerloh,terrace,F,1,typical,274,2026Q2,90.0,206000.0,244000.0,291000.0,212000.0,251000.0,299000.0,217000.0,258000.0,309000.0,222000.0,265000.0,319000.0
pm-2026Q2-v3,PHG,Pahang,Temerloh,terrace,F,1,large,274,2026Q2,118.0,234000.0,278000.0,339000.0,241000.0,286000.0,348000.0,247000.0,294000.0,360000.0,253000.0,303000.0,372000.0
pm-2026Q2-v3,PHG,Pahang,Temerloh,terrace,L,1,small,37,2026Q2,89.0,181000.0,217000.0,276000.0,186000.0,224000.0,284000.0,191000.0,230000.0,293000.0,195000.0,237000.0,303000.0
pm-2026Q2-v3,PHG,Pahang,Temerloh,terrace,L,1,typical,37,2026Q2,90.0,180000.0,217000.0,276000.0,185000.0,223000.0,284000.0,190000.0,230000.0,293000.0,194000.0,237000.0,303000.0
pm-2026Q2-v3,PHG,Pahang,Temerloh,terrace,L,1,large,37,2026Q2,97.0,188000.0,230000.0,285000.0,193000.0,236000.0,293000.0,198000.0,243000.0,303000.0,203000.0,250000.0,313000.0
pm-2026Q2-v3,PRK,Perak,Bagan Datuk,low_cost_house,L,0,small,13,2026Q2,54.0,66000.0,91000.0,184000.0,69000.0,96000.0,192000.0,72000.0,102000.0,203000.0,75000.0,108000.0,214000.0
pm-2026Q2-v3,PRK,Perak,Bagan Datuk,low_cost_house,L,0,typical,13,2026Q2,63.0,67000.0,97000.0,191000.0,71000.0,103000.0,200000.0,74000.0,109000.0,211000.0,77000.0,115000.0,223000.0
pm-2026Q2-v3,PRK,Perak,Bagan Datuk,low_cost_house,L,0,large,13,2026Q2,64.0,67000.0,98000.0,192000.0,71000.0,104000.0,200000.0,74000.0,110000.0,212000.0,77000.0,116000.0,224000.0
pm-2026Q2-v3,PRK,Perak,Bagan Datuk,semi_detached,F,2,small,22,2026Q2,134.0,403000.0,493000.0,617000.0,415000.0,507000.0,634000.0,426000.0,522000.0,654000.0,436000.0,537000.0,675000.0
pm-2026Q2-v3,PRK,Perak,Bagan Datuk,semi_detached,F,2,typical,22,2026Q2,139.0,408000.0,505000.0,638000.0,419000.0,519000.0,655000.0,431000.0,534000.0,676000.0,442000.0,549000.0,698000.0
pm-2026Q2-v3,PRK,Perak,Bagan Datuk,semi_detached,F,2,large,22,2026Q2,139.0,408000.0,505000.0,638000.0,419000.0,519000.0,655000.0,431000.0,534000.0,676000.0,442000.0,549000.0,698000.0
pm-2026Q2-v3,PRK,Perak,Bagan Datuk,terrace,F,1,small,41,2026Q2,78.0,176000.0,221000.0,311000.0,181000.0,228000.0,319000.0,186000.0,235000.0,329000.0,191000.0,242000.0,340000.0
pm-2026Q2-v3,PRK,Perak,Bagan Datuk,terrace,F,1,typical,41,2026Q2,86.0,190000.0,237000.0,322000.0,196000.0,244000.0,330000.0,201000.0,251000.0,341000.0,206000.0,259000.0,352000.0
pm-2026Q2-v3,PRK,Perak,Bagan Datuk,terrace,F,1,large,41,2026Q2,106.0,217000.0,264000.0,364000.0,224000.0,272000.0,373000.0,230000.0,281000.0,385000.0,235000.0,290000.0,398000.0
pm-2026Q2-v3,PRK,Perak,Bagan Datuk,terrace,L,1,small,12,2026Q2,76.0,138000.0,186000.0,283000.0,142000.0,191000.0,290000.0,146000.0,197000.0,299000.0,150000.0,203000.0,309000.0
pm-2026Q2-v3,PRK,Perak,Bagan Datuk,terrace,L,1,typical,12,2026Q2,80.0,144000.0,193000.0,287000.0,149000.0,199000.0,294000.0,153000.0,205000.0,303000.0,157000.0,211000.0,312000.0
pm-2026Q2-v3,PRK,Perak,Bagan Datuk,terrace,L,1,large,12,2026Q2,89.0,154000.0,205000.0,299000.0,158000.0,211000.0,307000.0,162000.0,218000.0,316000.0,167000.0,225000.0,327000.0
pm-2026Q2-v3,PRK,Perak,Batang Padang,cluster,L,0,small,13,2026Q2,125.0,221000.0,345000.0,442000.0,231000.0,357000.0,460000.0,240000.0,371000.0,481000.0,251000.0,385000.0,505000.0
pm-2026Q2-v3,PRK,Perak,Batang Padang,cluster,L,0,typical,13,2026Q2,125.0,221000.0,345000.0,442000.0,231000.0,357000.0,460000.0,240000.0,371000.0,481000.0,251000.0,385000.0,505000.0
pm-2026Q2-v3,PRK,Perak,Batang Padang,cluster,L,0,large,13,2026Q2,125.0,221000.0,345000.0,442000.0,231000.0,357000.0,460000.0,240000.0,371000.0,481000.0,251000.0,385000.0,505000.0
pm-2026Q2-v3,PRK,Perak,Batang Padang,detached,L,0,small,41,2026Q2,95.0,62000.0,163000.0,302000.0,63000.0,163000.0,303000.0,64000.0,165000.0,307000.0,65000.0,166000.0,311000.0
pm-2026Q2-v3,PRK,Perak,Batang Padang,detached,L,0,typical,41,2026Q2,105.0,68000.0,194000.0,321000.0,69000.0,194000.0,323000.0,70000.0,196000.0,327000.0,71000.0,197000.0,331000.0
pm-2026Q2-v3,PRK,Perak,Batang Padang,detached,L,0,large,41,2026Q2,134.0,88000.0,212000.0,365000.0,89000.0,212000.0,367000.0,90000.0,215000.0,372000.0,91000.0,217000.0,377000.0
pm-2026Q2-v3,PRK,Perak,Batang Padang,low_cost_house,L,0,small,14,2026Q2,58.0,69000.0,100000.0,175000.0,72000.0,105000.0,184000.0,76000.0,111000.0,194000.0,79000.0,117000.0,205000.0
pm-2026Q2-v3,PRK,Perak,Batang Padang,low_cost_house,L,0,typical,14,2026Q2,61.0,68000.0,101000.0,175000.0,72000.0,106000.0,183000.0,75000.0,112000.0,194000.0,78000.0,118000.0,206000.0
pm-2026Q2-v3,PRK,Perak,Batang Padang,low_cost_house,L,0,large,14,2026Q2,73.0,75000.0,109000.0,191000.0,79000.0,115000.0,200000.0,83000.0,122000.0,212000.0,86000.0,128000.0,224000.0
pm-2026Q2-v3,PRK,Perak,Batang Padang,semi_detached,F,1,small,10,2026Q2,116.0,277000.0,362000.0,436000.0,285000.0,371000.0,448000.0,293000.0,381000.0,463000.0,301000.0,391000.0,478000.0
pm-2026Q2-v3,PRK,Perak,Batang Padang,semi_detached,F,1,typical,10,2026Q2,119.0,286000.0,362000.0,440000.0,294000.0,371000.0,452000.0,302000.0,382000.0,467000.0,310000.0,392000.0,482000.0
pm-2026Q2-v3,PRK,Perak,Batang Padang,semi_detached,F,1,large,10,2026Q2,152.0,316000.0,412000.0,499000.0,325000.0,422000.0,513000.0,334000.0,434000.0,530000.0,343000.0,446000.0,547000.0
pm-2026Q2-v3,PRK,Perak,Batang Padang,terrace,F,1,small,84,2026Q2,84.0,164000.0,214000.0,288000.0,169000.0,220000.0,296000.0,174000.0,226000.0,305000.0,178000.0,233000.0,316000.0
pm-2026Q2-v3,PRK,Perak,Batang Padang,terrace,F,1,typical,84,2026Q2,84.0,164000.0,214000.0,288000.0,169000.0,220000.0,296000.0,174000.0,226000.0,305000.0,178000.0,233000.0,316000.0
pm-2026Q2-v3,PRK,Perak,Batang Padang,terrace,F,1,large,84,2026Q2,88.0,164000.0,226000.0,300000.0,169000.0,232000.0,308000.0,174000.0,239000.0,318000.0,179000.0,246000.0,329000.0
pm-2026Q2-v3,PRK,Perak,Batang Padang,terrace,L,1,small,413,2026Q2,74.0,152000.0,203000.0,278000.0,157000.0,209000.0,286000.0,161000.0,215000.0,295000.0,166000.0,221000.0,304000.0
pm-2026Q2-v3,PRK,Perak,Batang Padang,terrace,L,1,typical,413,2026Q2,74.0,152000.0,203000.0,278000.0,157000.0,209000.0,286000.0,161000.0,215000.0,295000.0,166000.0,221000.0,304000.0
pm-2026Q2-v3,PRK,Perak,Batang Padang,terrace,L,1,large,413,2026Q2,84.0,146000.0,207000.0,283000.0,150000.0,213000.0,290000.0,154000.0,218000.0,299000.0,159000.0,225000.0,309000.0
pm-2026Q2-v3,PRK,Perak,Hilir Perak,cluster,L,0,small,80,2026Q2,85.0,157000.0,214000.0,293000.0,163000.0,222000.0,305000.0,170000.0,232000.0,318000.0,177000.0,242000.0,333000.0
pm-2026Q2-v3,PRK,Perak,Hilir Perak,cluster,L,0,typical,80,2026Q2,104.0,183000.0,266000.0,334000.0,191000.0,275000.0,348000.0,199000.0,286000.0,364000.0,208000.0,298000.0,382000.0
pm-2026Q2-v3,PRK,Perak,Hilir Perak,cluster,L,0,large,80,2026Q2,104.0,183000.0,266000.0,334000.0,191000.0,275000.0,348000.0,199000.0,286000.0,364000.0,208000.0,298000.0,382000.0
pm-2026Q2-v3,PRK,Perak,Hilir Perak,detached,F,0,small,16,2026Q2,156.0,258000.0,450000.0,812000.0,261000.0,454000.0,815000.0,264000.0,459000.0,825000.0,267000.0,465000.0,837000.0
pm-2026Q2-v3,PRK,Perak,Hilir Perak,detached,F,0,typical,16,2026Q2,196.0,277000.0,491000.0,846000.0,280000.0,494000.0,850000.0,284000.0,500000.0,861000.0,287000.0,506000.0,873000.0
pm-2026Q2-v3,PRK,Perak,Hilir Perak,detached,F,0,large,16,2026Q2,312.0,410000.0,669000.0,1143000.0,415000.0,675000.0,1148000.0,420000.0,683000.0,1163000.0,424000.0,692000.0,1179000.0
pm-2026Q2-v3,PRK,Perak,Hilir Perak,semi_detached,F,1,small,67,2026Q2,109.0,322000.0,376000.0,420000.0,331000.0,385000.0,433000.0,340000.0,396000.0,448000.0,348000.0,406000.0,463000.0
pm-2026Q2-v3,PRK,Perak,Hilir Perak,semi_detached,F,1,typical,67,2026Q2,125.0,335000.0,391000.0,453000.0,344000.0,402000.0,466000.0,353000.0,413000.0,482000.0,361000.0,425000.0,498000.0
pm-2026Q2-v3,PRK,Perak,Hilir Perak,semi_detached,F,1,large,67,2026Q2,160.0,354000.0,440000.0,543000.0,364000.0,452000.0,558000.0,374000.0,465000.0,576000.0,384000.0,478000.0,595000.0
pm-2026Q2-v3,PRK,Perak,Hilir Perak,semi_detached,L,1,small,17,2026Q2,112.0,265000.0,338000.0,398000.0,273000.0,346000.0,409000.0,281000.0,356000.0,423000.0,288000.0,365000.0,436000.0
pm-2026Q2-v3,PRK,Perak,Hilir Perak,semi_detached,L,1,typical,17,2026Q2,126.0,276000.0,348000.0,417000.0,284000.0,357000.0,429000.0,292000.0,367000.0,443000.0,299000.0,377000.0,458000.0
pm-2026Q2-v3,PRK,Perak,Hilir Perak,semi_detached,L,1,large,17,2026Q2,144.0,290000.0,360000.0,465000.0,299000.0,370000.0,477000.0,307000.0,382000.0,492000.0,314000.0,392000.0,508000.0
pm-2026Q2-v3,PRK,Perak,Hilir Perak,terrace,F,1,small,112,2026Q2,88.0,197000.0,247000.0,304000.0,202000.0,254000.0,313000.0,208000.0,261000.0,323000.0,213000.0,268000.0,334000.0
pm-2026Q2-v3,PRK,Perak,Hilir Perak,terrace,F,1,typical,112,2026Q2,110.0,214000.0,274000.0,343000.0,220000.0,281000.0,353000.0,226000.0,289000.0,365000.0,232000.0,298000.0,377000.0
pm-2026Q2-v3,PRK,Perak,Hilir Perak,terrace,F,1,large,112,2026Q2,161.0,272000.0,328000.0,423000.0,280000.0,338000.0,435000.0,287000.0,349000.0,449000.0,294000.0,359000.0,464000.0
pm-2026Q2-v3,PRK,Perak,Hilir Perak,terrace,L,1,small,133,2026Q2,84.0,169000.0,210000.0,274000.0,174000.0,216000.0,282000.0,179000.0,223000.0,291000.0,183000.0,229000.0,300000.0
pm-2026Q2-v3,PRK,Perak,Hilir Perak,terrace,L,1,typical,133,2026Q2,84.0,169000.0,210000.0,274000.0,174000.0,216000.0,282000.0,179000.0,223000.0,291000.0,183000.0,229000.0,300000.0
pm-2026Q2-v3,PRK,Perak,Hilir Perak,terrace,L,1,large,133,2026Q2,84.0,169000.0,210000.0,274000.0,174000.0,216000.0,282000.0,179000.0,223000.0,291000.0,183000.0,229000.0,300000.0
pm-2026Q2-v3,PRK,Perak,Hulu Perak,detached,L,0,small,12,2026Q2,56.0,73000.0,112000.0,238000.0,73000.0,113000.0,238000.0,74000.0,115000.0,241000.0,75000.0,116000.0,244000.0
pm-2026Q2-v3,PRK,Perak,Hulu Perak,detached,L,0,typical,12,2026Q2,92.0,93000.0,160000.0,308000.0,94000.0,162000.0,309000.0,95000.0,164000.0,313000.0,96000.0,166000.0,317000.0
pm-2026Q2-v3,PRK,Perak,Hulu Perak,detached,L,0,large,12,2026Q2,129.0,130000.0,215000.0,388000.0,132000.0,217000.0,390000.0,133000.0,220000.0,395000.0,135000.0,223000.0,400000.0
pm-2026Q2-v3,PRK,Perak,Hulu Perak,low_cost_house,L,0,small,15,2026Q2,51.0,71000.0,107000.0,158000.0,74000.0,112000.0,166000.0,78000.0,118000.0,176000.0,81000.0,124000.0,187000.0
pm-2026Q2-v3,PRK,Perak,Hulu Perak,low_cost_house,L,0,typical,15,2026Q2,56.0,75000.0,110000.0,161000.0,79000.0,116000.0,169000.0,83000.0,122000.0,180000.0,86000.0,128000.0,190000.0
pm-2026Q2-v3,PRK,Perak,Hulu Perak,low_cost_house,L,0,large,15,2026Q2,57.0,75000.0,110000.0,161000.0,79000.0,115000.0,170000.0,83000.0,122000.0,180000.0,87000.0,128000.0,191000.0
pm-2026Q2-v3,PRK,Perak,Hulu Perak,terrace,F,1,small,90,2026Q2,87.0,190000.0,230000.0,278000.0,196000.0,236000.0,286000.0,201000.0,243000.0,296000.0,206000.0,250000.0,306000.0
pm-2026Q2-v3,PRK,Perak,Hulu Perak,terrace,F,1,typical,90,2026Q2,89.0,189000.0,231000.0,278000.0,195000.0,237000.0,286000.0,200000.0,244000.0,296000.0,205000.0,251000.0,306000.0
pm-2026Q2-v3,PRK,Perak,Hulu Perak,terrace,F,1,large,90,2026Q2,91.0,186000.0,232000.0,278000.0,191000.0,238000.0,286000.0,196000.0,245000.0,296000.0,202000.0,251000.0,306000.0
pm-2026Q2-v3,PRK,Perak,Hulu Perak,terrace,L,1,small,14,2026Q2,68.0,157000.0,163000.0,222000.0,160000.0,170000.0,228000.0,163000.0,177000.0,235000.0,166000.0,183000.0,243000.0
pm-2026Q2-v3,PRK,Perak,Hulu Perak,terrace,L,1,typical,14,2026Q2,68.0,157000.0,163000.0,222000.0,160000.0,170000.0,228000.0,163000.0,177000.0,235000.0,166000.0,183000.0,243000.0
pm-2026Q2-v3,PRK,Perak,Hulu Perak,terrace,L,1,large,14,2026Q2,74.0,167000.0,178000.0,239000.0,171000.0,186000.0,245000.0,175000.0,192000.0,253000.0,178000.0,199000.0,261000.0
pm-2026Q2-v3,PRK,Perak,Kampar,condo,L,0,small,24,2026Q2,86.0,95000.0,138000.0,221000.0,96000.0,140000.0,224000.0,97000.0,143000.0,229000.0,97000.0,145000.0,234000.0
pm-2026Q2-v3,PRK,Perak,Kampar,condo,L,0,typical,24,2026Q2,101.0,105000.0,177000.0,246000.0,107000.0,177000.0,250000.0,108000.0,180000.0,257000.0,109000.0,181000.0,263000.0
pm-2026Q2-v3,PRK,Perak,Kampar,condo,L,0,large,24,2026Q2,116.0,127000.0,243000.0,297000.0,129000.0,241000.0,305000.0,131000.0,242000.0,313000.0,132000.0,242000.0,322000.0
pm-2026Q2-v3,PRK,Perak,Kampar,detached,L,0,small,27,2026Q2,108.0,63000.0,175000.0,316000.0,64000.0,175000.0,317000.0,65000.0,177000.0,321000.0,65000.0,179000.0,325000.0
pm-2026Q2-v3,PRK,Perak,Kampar,detached,L,0,typical,27,2026Q2,125.0,74000.0,188000.0,333000.0,75000.0,188000.0,334000.0,75000.0,190000.0,339000.0,76000.0,192000.0,343000.0
pm-2026Q2-v3,PRK,Perak,Kampar,detached,L,0,large,27,2026Q2,139.0,84000.0,195000.0,367000.0,85000.0,196000.0,368000.0,86000.0,198000.0,373000.0,87000.0,200000.0,378000.0
pm-2026Q2-v3,PRK,Perak,Kampar,low_cost_house,L,0,small,25,2026Q2,45.0,71000.0,86000.0,150000.0,74000.0,92000.0,157000.0,77000.0,98000.0,166000.0,80000.0,103000.0,176000.0
pm-2026Q2-v3,PRK,Perak,Kampar,low_cost_house,L,0,typical,25,2026Q2,56.0,71000.0,93000.0,160000.0,75000.0,99000.0,168000.0,78000.0,105000.0,178000.0,81000.0,111000.0,188000.0
pm-2026Q2-v3,PRK,Perak,Kampar,low_cost_house,L,0,large,25,2026Q2,61.0,73000.0,95000.0,163000.0,76000.0,101000.0,171000.0,80000.0,107000.0,181000.0,83000.0,113000.0,191000.0
pm-2026Q2-v3,PRK,Perak,Kampar,semi_detached,F,2,small,10,2026Q2,183.0,430000.0,523000.0,639000.0,443000.0,537000.0,656000.0,455000.0,553000.0,678000.0,466000.0,568000.0,701000.0
pm-2026Q2-v3,PRK,Perak,Kampar,semi_detached,F,2,typical,10,2026Q2,234.0,495000.0,594000.0,767000.0,509000.0,612000.0,787000.0,522000.0,631000.0,812000.0,535000.0,649000.0,838000.0
pm-2026Q2-v3,PRK,Perak,Kampar,semi_detached,F,2,large,10,2026Q2,234.0,495000.0,594000.0,767000.0,509000.0,612000.0,787000.0,522000.0,631000.0,812000.0,535000.0,649000.0,838000.0
pm-2026Q2-v3,PRK,Perak,Kampar,semi_detached,L,1,small,13,2026Q2,112.0,245000.0,297000.0,383000.0,252000.0,306000.0,393000.0,258000.0,315000.0,406000.0,265000.0,324000.0,419000.0
pm-2026Q2-v3,PRK,Perak,Kampar,semi_detached,L,1,typical,13,2026Q2,112.0,245000.0,297000.0,383000.0,252000.0,306000.0,393000.0,258000.0,315000.0,406000.0,265000.0,324000.0,419000.0
pm-2026Q2-v3,PRK,Perak,Kampar,semi_detached,L,1,large,13,2026Q2,125.0,256000.0,308000.0,406000.0,264000.0,317000.0,417000.0,271000.0,327000.0,430000.0,277000.0,337000.0,444000.0
pm-2026Q2-v3,PRK,Perak,Kampar,terrace,F,1,small,54,2026Q2,85.0,164000.0,203000.0,276000.0,169000.0,209000.0,283000.0,174000.0,216000.0,292000.0,178000.0,223000.0,301000.0
pm-2026Q2-v3,PRK,Perak,Kampar,terrace,F,1,typical,54,2026Q2,103.0,170000.0,226000.0,307000.0,175000.0,232000.0,315000.0,180000.0,239000.0,325000.0,185000.0,246000.0,336000.0
pm-2026Q2-v3,PRK,Perak,Kampar,terrace,F,1,large,54,2026Q2,136.0,208000.0,275000.0,359000.0,214000.0,282000.0,368000.0,220000.0,290000.0,381000.0,226000.0,299000.0,393000.0
pm-2026Q2-v3,PRK,Perak,Kampar,terrace,L,1,small,226,2026Q2,74.0,152000.0,187000.0,269000.0,156000.0,194000.0,276000.0,160000.0,200000.0,285000.0,164000.0,206000.0,294000.0
pm-2026Q2-v3,PRK,Perak,Kampar,terrace,L,1,typical,226,2026Q2,85.0,145000.0,201000.0,279000.0,149000.0,206000.0,286000.0,154000.0,212000.0,295000.0,158000.0,218000.0,305000.0
pm-2026Q2-v3,PRK,Perak,Kampar,terrace,L,1,large,226,2026Q2,104.0,159000.0,225000.0,310000.0,163000.0,231000.0,318000.0,168000.0,238000.0,328000.0,173000.0,245000.0,339000.0
pm-2026Q2-v3,PRK,Perak,Kerian,detached,F,0,small,12,2026Q2,107.0,229000.0,386000.0,438000.0,232000.0,386000.0,444000.0,234000.0,387000.0,451000.0,237000.0,389000.0,459000.0
pm-2026Q2-v3,PRK,Perak,Kerian,detached,F,0,typical,12,2026Q2,123.0,242000.0,411000.0,479000.0,245000.0,411000.0,485000.0,248000.0,413000.0,493000.0,251000.0,415000.0,501000.0
pm-2026Q2-v3,PRK,Perak,Kerian,detached,F,0,large,12,2026Q2,133.0,256000.0,417000.0,507000.0,259000.0,418000.0,513000.0,262000.0,421000.0,521000.0,265000.0,424000.0,530000.0
pm-2026Q2-v3,PRK,Perak,Kerian,low_cost_house,L,0,small,14,2026Q2,50.0,78000.0,120000.0,174000.0,82000.0,126000.0,183000.0,87000.0,133000.0,195000.0,90000.0,139000.0,206000.0
pm-2026Q2-v3,PRK,Perak,Kerian,low_cost_house,L,0,typical,14,2026Q2,54.0,79000.0,120000.0,170000.0,83000.0,126000.0,179000.0,87000.0,133000.0,191000.0,91000.0,139000.0,202000.0
pm-2026Q2-v3,PRK,Perak,Kerian,low_cost_house,L,0,large,14,2026Q2,57.0,79000.0,120000.0,176000.0,83000.0,126000.0,186000.0,87000.0,133000.0,197000.0,91000.0,139000.0,209000.0
pm-2026Q2-v3,PRK,Perak,Kerian,semi_detached,F,1,small,43,2026Q2,82.0,249000.0,318000.0,405000.0,256000.0,327000.0,416000.0,264000.0,336000.0,430000.0,270000.0,346000.0,443000.0
pm-2026Q2-v3,PRK,Perak,Kerian,semi_detached,F,1,typical,43,2026Q2,91.0,256000.0,331000.0,402000.0,264000.0,339000.0,413000.0,271000.0,348000.0,426000.0,278000.0,358000.0,440000.0
pm-2026Q2-v3,PRK,Perak,Kerian,semi_detached,F,1,large,43,2026Q2,99.0,285000.0,345000.0,419000.0,293000.0,355000.0,431000.0,301000.0,365000.0,445000.0,308000.0,375000.0,460000.0
pm-2026Q2-v3,PRK,Perak,Kerian,terrace,F,1,small,184,2026Q2,80.0,173000.0,245000.0,318000.0,178000.0,250000.0,326000.0,183000.0,257000.0,337000.0,188000.0,265000.0,348000.0
pm-2026Q2-v3,PRK,Perak,Kerian,terrace,F,1,typical,184,2026Q2,84.0,184000.0,252000.0,319000.0,190000.0,259000.0,328000.0,195000.0,266000.0,338000.0,200000.0,273000.0,350000.0
pm-2026Q2-v3,PRK,Perak,Kerian,terrace,F,1,large,184,2026Q2,129.0,235000.0,312000.0,421000.0,242000.0,320000.0,432000.0,249000.0,330000.0,446000.0,256000.0,339000.0,461000.0
pm-2026Q2-v3,PRK,Perak,Kerian,terrace,L,1,small,110,2026Q2,82.0,163000.0,224000.0,306000.0,167000.0,230000.0,314000.0,172000.0,237000.0,324000.0,177000.0,244000.0,335000.0
pm-2026Q2-v3,PRK,Perak,Kerian,terrace,L,1,typical,110,2026Q2,82.0,163000.0,224000.0,306000.0,167000.0,230000.0,314000.0,172000.0,237000.0,324000.0,177000.0,244000.0,335000.0
pm-2026Q2-v3,PRK,Perak,Kerian,terrace,L,1,large,110,2026Q2,101.0,189000.0,243000.0,339000.0,194000.0,250000.0,348000.0,200000.0,258000.0,359000.0,205000.0,266000.0,371000.0
pm-2026Q2-v3,PRK,Perak,Kinta,cluster,F,0,small,93,2026Q2,112.0,284000.0,378000.0,503000.0,296000.0,394000.0,523000.0,309000.0,410000.0,547000.0,321000.0,428000.0,573000.0
pm-2026Q2-v3,PRK,Perak,Kinta,cluster,F,0,typical,93,2026Q2,193.0,364000.0,467000.0,660000.0,379000.0,488000.0,686000.0,394000.0,509000.0,716000.0,410000.0,532000.0,750000.0
pm-2026Q2-v3,PRK,Perak,Kinta,cluster,F,0,large,93,2026Q2,228.0,433000.0,522000.0,723000.0,452000.0,546000.0,752000.0,469000.0,571000.0,785000.0,487000.0,597000.0,823000.0
pm-2026Q2-v3,PRK,Perak,Kinta,cluster,L,0,small,66,2026Q2,102.0,180000.0,296000.0,436000.0,188000.0,307000.0,453000.0,196000.0,319000.0,473000.0,204000.0,332000.0,495000.0
pm-2026Q2-v3,PRK,Perak,Kinta,cluster,L,0,typical,66,2026Q2,107.0,200000.0,309000.0,440000.0,209000.0,321000.0,457000.0,217000.0,334000.0,477000.0,227000.0,348000.0,500000.0
pm-2026Q2-v3,PRK,Perak,Kinta,cluster,L,0,large,66,2026Q2,169.0,271000.0,409000.0,583000.0,283000.0,425000.0,605000.0,295000.0,443000.0,632000.0,308000.0,461000.0,662000.0
pm-2026Q2-v3,PRK,Perak,Kinta,condo,F,0,small,180,2026Q2,73.0,99000.0,153000.0,247000.0,101000.0,155000.0,251000.0,102000.0,158000.0,257000.0,102000.0,160000.0,263000.0
pm-2026Q2-v3,PRK,Perak,Kinta,condo,F,0,typical,180,2026Q2,89.0,111000.0,193000.0,280000.0,113000.0,194000.0,285000.0,114000.0,196000.0,292000.0,115000.0,198000.0,298000.0
pm-2026Q2-v3,PRK,Perak,Kinta,condo,F,0,large,180,2026Q2,105.0,143000.0,250000.0,340000.0,145000.0,250000.0,347000.0,147000.0,252000.0,356000.0,148000.0,254000.0,364000.0
pm-2026Q2-v3,PRK,Perak,Kinta,condo,L,0,small,77,2026Q2,81.0,92000.0,137000.0,215000.0,93000.0,139000.0,218000.0,94000.0,141000.0,224000.0,95000.0,143000.0,229000.0
pm-2026Q2-v3,PRK,Perak,Kinta,condo,L,0,typical,77,2026Q2,94.0,104000.0,159000.0,236000.0,105000.0,161000.0,240000.0,106000.0,163000.0,246000.0,107000.0,165000.0,251000.0
pm-2026Q2-v3,PRK,Perak,Kinta,condo,L,0,large,77,2026Q2,109.0,136000.0,224000.0,272000.0,138000.0,223000.0,278000.0,140000.0,224000.0,286000.0,141000.0,225000.0,294000.0
pm-2026Q2-v3,PRK,Perak,Kinta,detached,F,0,small,53,2026Q2,165.0,246000.0,487000.0,779000.0,249000.0,489000.0,784000.0,252000.0,494000.0,794000.0,255000.0,499000.0,806000.0
pm-2026Q2-v3,PRK,Perak,Kinta,detached,F,0,typical,53,2026Q2,209.0,290000.0,528000.0,906000.0,293000.0,532000.0,910000.0,297000.0,538000.0,922000.0,300000.0,544000.0,934000.0
pm-2026Q2-v3,PRK,Perak,Kinta,detached,F,0,large,53,2026Q2,309.0,413000.0,694000.0,1197000.0,418000.0,699000.0,1203000.0,422000.0,707000.0,1218000.0,427000.0,716000.0,1235000.0
pm-2026Q2-v3,PRK,Perak,Kinta,detached,L,0,small,226,2026Q2,109.0,73000.0,197000.0,348000.0,74000.0,197000.0,350000.0,74000.0,199000.0,354000.0,75000.0,201000.0,359000.0
pm-2026Q2-v3,PRK,Perak,Kinta,detached,L,0,typical,226,2026Q2,131.0,84000.0,199000.0,373000.0,85000.0,199000.0,374000.0,86000.0,201000.0,379000.0,87000.0,203000.0,384000.0
pm-2026Q2-v3,PRK,Perak,Kinta,detached,L,0,large,226,2026Q2,167.0,101000.0,221000.0,429000.0,103000.0,222000.0,430000.0,104000.0,225000.0,435000.0,105000.0,227000.0,441000.0
pm-2026Q2-v3,PRK,Perak,Kinta,low_cost_flat,L,0,small,15,2026Q2,48.0,49000.0,74000.0,128000.0,51000.0,78000.0,133000.0,54000.0,82000.0,140000.0,56000.0,86000.0,147000.0
pm-2026Q2-v3,PRK,Perak,Kinta,low_cost_flat,L,0,typical,15,2026Q2,54.0,56000.0,85000.0,133000.0,59000.0,89000.0,138000.0,62000.0,93000.0,145000.0,65000.0,98000.0,153000.0
pm-2026Q2-v3,PRK,Perak,Kinta,low_cost_flat,L,0,large,15,2026Q2,66.0,64000.0,98000.0,148000.0,67000.0,102000.0,155000.0,70000.0,107000.0,163000.0,73000.0,113000.0,171000.0
pm-2026Q2-v3,PRK,Perak,Kinta,low_cost_house,F,0,small,41,2026Q2,61.0,89000.0,150000.0,203000.0,93000.0,156000.0,214000.0,98000.0,164000.0,228000.0,103000.0,171000.0,241000.0
pm-2026Q2-v3,PRK,Perak,Kinta,low_cost_house,F,0,typical,41,2026Q2,62.0,90000.0,150000.0,203000.0,95000.0,156000.0,214000.0,100000.0,164000.0,227000.0,104000.0,171000.0,240000.0
pm-2026Q2-v3,PRK,Perak,Kinta,low_cost_house,F,0,large,41,2026Q2,62.0,90000.0,150000.0,203000.0,95000.0,156000.0,214000.0,100000.0,164000.0,227000.0,104000.0,171000.0,240000.0
pm-2026Q2-v3,PRK,Perak,Kinta,low_cost_house,L,0,small,219,2026Q2,55.0,89000.0,138000.0,199000.0,94000.0,145000.0,209000.0,98000.0,152000.0,222000.0,103000.0,160000.0,235000.0
pm-2026Q2-v3,PRK,Perak,Kinta,low_cost_house,L,0,typical,219,2026Q2,61.0,89000.0,142000.0,201000.0,93000.0,148000.0,212000.0,98000.0,155000.0,225000.0,102000.0,163000.0,238000.0
pm-2026Q2-v3,PRK,Perak,Kinta,low_cost_house,L,0,large,219,2026Q2,69.0,94000.0,145000.0,209000.0,99000.0,152000.0,220000.0,104000.0,160000.0,234000.0,108000.0,168000.0,248000.0
pm-2026Q2-v3,PRK,Perak,Kinta,semi_detached,F,2,small,150,2026Q2,121.0,320000.0,426000.0,579000.0,329000.0,438000.0,594000.0,338000.0,450000.0,612000.0,347000.0,464000.0,632000.0
pm-2026Q2-v3,PRK,Perak,Kinta,semi_detached,F,2,typical,150,2026Q2,159.0,360000.0,511000.0,654000.0,370000.0,523000.0,671000.0,381000.0,538000.0,693000.0,391000.0,552000.0,715000.0
pm-2026Q2-v3,PRK,Perak,Kinta,semi_detached,F,2,large,150,2026Q2,219.0,442000.0,578000.0,808000.0,454000.0,594000.0,828000.0,467000.0,612000.0,854000.0,479000.0,630000.0,881000.0
pm-2026Q2-v3,PRK,Perak,Kinta,semi_detached,L,1,small,167,2026Q2,94.0,192000.0,274000.0,397000.0,197000.0,281000.0,407000.0,203000.0,289000.0,419000.0,209000.0,297000.0,432000.0
pm-2026Q2-v3,PRK,Perak,Kinta,semi_detached,L,1,typical,167,2026Q2,128.0,252000.0,340000.0,459000.0,259000.0,349000.0,471000.0,266000.0,359000.0,486000.0,273000.0,370000.0,501000.0
pm-2026Q2-v3,PRK,Perak,Kinta,semi_detached,L,1,large,167,2026Q2,190.0,291000.0,389000.0,581000.0,300000.0,401000.0,595000.0,308000.0,413000.0,613000.0,317000.0,425000.0,632000.0
pm-2026Q2-v3,PRK,Perak,Kinta,terrace,F,2,small,740,2026Q2,91.0,189000.0,266000.0,349000.0,194000.0,273000.0,358000.0,200000.0,280000.0,370000.0,206000.0,288000.0,382000.0
pm-2026Q2-v3,PRK,Perak,Kinta,terrace,F,2,typical,740,2026Q2,111.0,227000.0,310000.0,395000.0,234000.0,318000.0,406000.0,241000.0,327000.0,420000.0,247000.0,336000.0,434000.0
pm-2026Q2-v3,PRK,Perak,Kinta,terrace,F,2,large,740,2026Q2,163.0,286000.0,375000.0,493000.0,294000.0,385000.0,506000.0,303000.0,396000.0,523000.0,311000.0,408000.0,540000.0
pm-2026Q2-v3,PRK,Perak,Kinta,terrace,L,1,small,1740,2026Q2,83.0,166000.0,223000.0,306000.0,171000.0,229000.0,314000.0,176000.0,235000.0,324000.0,181000.0,243000.0,335000.0
pm-2026Q2-v3,PRK,Perak,Kinta,terrace,L,1,typical,1740,2026Q2,100.0,188000.0,249000.0,331000.0,194000.0,255000.0,340000.0,199000.0,263000.0,351000.0,204000.0,271000.0,363000.0
pm-2026Q2-v3,PRK,Perak,Kinta,terrace,L,1,large,1740,2026Q2,148.0,236000.0,294000.0,420000.0,243000.0,303000.0,430000.0,249000.0,313000.0,444000.0,256000.0,323000.0,459000.0
pm-2026Q2-v3,PRK,Perak,Kinta,townhouse,L,0,small,13,2026Q2,158.0,218000.0,340000.0,437000.0,226000.0,350000.0,454000.0,234000.0,362000.0,473000.0,243000.0,374000.0,494000.0
pm-2026Q2-v3,PRK,Perak,Kinta,townhouse,L,0,typical,13,2026Q2,169.0,212000.0,343000.0,449000.0,221000.0,353000.0,466000.0,229000.0,365000.0,486000.0,237000.0,377000.0,507000.0
pm-2026Q2-v3,PRK,Perak,Kinta,townhouse,L,0,large,13,2026Q2,174.0,218000.0,348000.0,483000.0,226000.0,359000.0,500000.0,234000.0,371000.0,522000.0,243000.0,384000.0,544000.0
pm-2026Q2-v3,PRK,Perak,Kuala Kangsar,detached,L,0,small,29,2026Q2,96.0,69000.0,177000.0,313000.0,70000.0,177000.0,315000.0,71000.0,179000.0,319000.0,71000.0,180000.0,323000.0
pm-2026Q2-v3,PRK,Perak,Kuala Kangsar,detached,L,0,typical,29,2026Q2,117.0,81000.0,209000.0,350000.0,82000.0,209000.0,352000.0,83000.0,211000.0,356000.0,84000.0,213000.0,361000.0
pm-2026Q2-v3,PRK,Perak,Kuala Kangsar,detached,L,0,large,29,2026Q2,139.0,93000.0,208000.0,388000.0,94000.0,209000.0,390000.0,95000.0,211000.0,395000.0,96000.0,213000.0,400000.0
pm-2026Q2-v3,PRK,Perak,Kuala Kangsar,low_cost_house,L,0,small,26,2026Q2,50.0,71000.0,120000.0,182000.0,75000.0,125000.0,191000.0,79000.0,132000.0,203000.0,82000.0,138000.0,215000.0
pm-2026Q2-v3,PRK,Perak,Kuala Kangsar,low_cost_house,L,0,typical,26,2026Q2,54.0,72000.0,123000.0,184000.0,75000.0,128000.0,193000.0,79000.0,134000.0,205000.0,83000.0,141000.0,217000.0
pm-2026Q2-v3,PRK,Perak,Kuala Kangsar,low_cost_house,L,0,large,26,2026Q2,57.0,71000.0,124000.0,183000.0,74000.0,129000.0,192000.0,78000.0,135000.0,204000.0,82000.0,142000.0,216000.0
pm-2026Q2-v3,PRK,Perak,Kuala Kangsar,semi_detached,F,1,small,18,2026Q2,114.0,316000.0,371000.0,422000.0,325000.0,380000.0,434000.0,333000.0,391000.0,449000.0,341000.0,401000.0,464000.0
pm-2026Q2-v3,PRK,Perak,Kuala Kangsar,semi_detached,F,1,typical,18,2026Q2,120.0,327000.0,371000.0,425000.0,336000.0,382000.0,438000.0,344000.0,393000.0,453000.0,352000.0,404000.0,468000.0
pm-2026Q2-v3,PRK,Perak,Kuala Kangsar,semi_detached,F,1,large,18,2026Q2,132.0,333000.0,377000.0,457000.0,342000.0,389000.0,469000.0,350000.0,401000.0,485000.0,358000.0,413000.0,501000.0
pm-2026Q2-v3,PRK,Perak,Kuala Kangsar,semi_detached,L,1,small,10,2026Q2,111.0,266000.0,332000.0,393000.0,274000.0,340000.0,404000.0,281000.0,350000.0,418000.0,288000.0,359000.0,431000.0
pm-2026Q2-v3,PRK,Perak,Kuala Kangsar,semi_detached,L,1,typical,10,2026Q2,136.0,288000.0,338000.0,434000.0,296000.0,348000.0,446000.0,304000.0,359000.0,460000.0,311000.0,370000.0,475000.0
pm-2026Q2-v3,PRK,Perak,Kuala Kangsar,semi_detached,L,1,large,10,2026Q2,192.0,330000.0,381000.0,537000.0,339000.0,394000.0,551000.0,348000.0,407000.0,568000.0,355000.0,420000.0,585000.0
pm-2026Q2-v3,PRK,Perak,Kuala Kangsar,terrace,F,1,small,113,2026Q2,84.0,189000.0,232000.0,277000.0,194000.0,238000.0,285000.0,199000.0,245000.0,295000.0,204000.0,252000.0,304000.0
pm-2026Q2-v3,PRK,Perak,Kuala Kangsar,terrace,F,1,typical,113,2026Q2,90.0,186000.0,245000.0,287000.0,191000.0,251000.0,295000.0,197000.0,257000.0,305000.0,202000.0,264000.0,316000.0
pm-2026Q2-v3,PRK,Perak,Kuala Kangsar,terrace,F,1,large,113,2026Q2,107.0,204000.0,263000.0,319000.0,209000.0,270000.0,328000.0,215000.0,277000.0,339000.0,221000.0,285000.0,351000.0
pm-2026Q2-v3,PRK,Perak,Kuala Kangsar,terrace,L,1,small,113,2026Q2,71.0,158000.0,202000.0,259000.0,162000.0,207000.0,266000.0,167000.0,213000.0,275000.0,171000.0,219000.0,284000.0
pm-2026Q2-v3,PRK,Perak,Kuala Kangsar,terrace,L,1,typical,113,2026Q2,80.0,165000.0,214000.0,271000.0,170000.0,220000.0,279000.0,175000.0,226000.0,288000.0,179000.0,233000.0,298000.0
pm-2026Q2-v3,PRK,Perak,Kuala Kangsar,terrace,L,1,large,113,2026Q2,98.0,177000.0,236000.0,301000.0,182000.0,242000.0,310000.0,187000.0,249000.0,320000.0,192000.0,256000.0,330000.0
pm-2026Q2-v3,PRK,Perak,Larut Matang,condo,F,0,small,13,2026Q2,125.0,219000.0,401000.0,555000.0,222000.0,401000.0,566000.0,225000.0,405000.0,580000.0,227000.0,408000.0,593000.0
pm-2026Q2-v3,PRK,Perak,Larut Matang,condo,F,0,typical,13,2026Q2,125.0,219000.0,401000.0,555000.0,222000.0,401000.0,566000.0,225000.0,405000.0,580000.0,227000.0,408000.0,593000.0
pm-2026Q2-v3,PRK,Perak,Larut Matang,condo,F,0,large,13,2026Q2,125.0,218000.0,404000.0,553000.0,222000.0,403000.0,564000.0,225000.0,407000.0,579000.0,227000.0,410000.0,592000.0
pm-2026Q2-v3,PRK,Perak,Larut Matang,detached,L,0,small,63,2026Q2,88.0,74000.0,188000.0,376000.0,75000.0,188000.0,376000.0,75000.0,190000.0,382000.0,76000.0,192000.0,386000.0
pm-2026Q2-v3,PRK,Perak,Larut Matang,detached,L,0,typical,63,2026Q2,113.0,98000.0,239000.0,430000.0,100000.0,240000.0,431000.0,101000.0,242000.0,437000.0,102000.0,244000.0,443000.0
pm-2026Q2-v3,PRK,Perak,Larut Matang,detached,L,0,large,63,2026Q2,141.0,118000.0,246000.0,478000.0,120000.0,248000.0,480000.0,121000.0,251000.0,486000.0,122000.0,253000.0,492000.0
pm-2026Q2-v3,PRK,Perak,Larut Matang,low_cost_house,L,0,small,59,2026Q2,55.0,98000.0,142000.0,197000.0,103000.0,148000.0,208000.0,108000.0,156000.0,221000.0,112000.0,164000.0,234000.0
pm-2026Q2-v3,PRK,Perak,Larut Matang,low_cost_house,L,0,typical,59,2026Q2,57.0,97000.0,143000.0,200000.0,102000.0,150000.0,210000.0,107000.0,158000.0,224000.0,112000.0,165000.0,236000.0
pm-2026Q2-v3,PRK,Perak,Larut Matang,low_cost_house,L,0,large,59,2026Q2,61.0,97000.0,151000.0,206000.0,102000.0,157000.0,217000.0,107000.0,165000.0,231000.0,112000.0,173000.0,244000.0
pm-2026Q2-v3,PRK,Perak,Larut Matang,semi_detached,F,1,small,37,2026Q2,92.0,262000.0,348000.0,434000.0,269000.0,357000.0,446000.0,277000.0,367000.0,461000.0,284000.0,377000.0,476000.0
pm-2026Q2-v3,PRK,Perak,Larut Matang,semi_detached,F,1,typical,37,2026Q2,116.0,314000.0,396000.0,488000.0,323000.0,406000.0,501000.0,332000.0,418000.0,517000.0,340000.0,430000.0,535000.0
pm-2026Q2-v3,PRK,Perak,Larut Matang,semi_detached,F,1,large,37,2026Q2,153.0,341000.0,454000.0,553000.0,351000.0,465000.0,568000.0,361000.0,477000.0,587000.0,370000.0,490000.0,606000.0
pm-2026Q2-v3,PRK,Perak,Larut Matang,semi_detached,L,1,small,25,2026Q2,87.0,214000.0,294000.0,407000.0,220000.0,302000.0,417000.0,226000.0,311000.0,430000.0,232000.0,320000.0,444000.0
pm-2026Q2-v3,PRK,Perak,Larut Matang,semi_detached,L,1,typical,25,2026Q2,118.0,276000.0,358000.0,466000.0,284000.0,367000.0,478000.0,292000.0,378000.0,493000.0,300000.0,389000.0,509000.0
pm-2026Q2-v3,PRK,Perak,Larut Matang,semi_detached,L,1,large,25,2026Q2,131.0,287000.0,368000.0,486000.0,295000.0,378000.0,498000.0,304000.0,389000.0,514000.0,312000.0,400000.0,530000.0
pm-2026Q2-v3,PRK,Perak,Larut Matang,terrace,F,1,small,267,2026Q2,83.0,216000.0,261000.0,321000.0,222000.0,268000.0,330000.0,228000.0,276000.0,341000.0,233000.0,284000.0,353000.0
pm-2026Q2-v3,PRK,Perak,Larut Matang,terrace,F,1,typical,267,2026Q2,91.0,217000.0,273000.0,332000.0,223000.0,280000.0,341000.0,229000.0,288000.0,353000.0,235000.0,296000.0,365000.0
pm-2026Q2-v3,PRK,Perak,Larut Matang,terrace,F,1,large,267,2026Q2,102.0,228000.0,291000.0,369000.0,235000.0,299000.0,379000.0,241000.0,308000.0,392000.0,248000.0,317000.0,405000.0
pm-2026Q2-v3,PRK,Perak,Larut Matang,terrace,L,1,small,307,2026Q2,73.0,178000.0,235000.0,299000.0,183000.0,241000.0,307000.0,188000.0,248000.0,318000.0,193000.0,255000.0,328000.0
pm-2026Q2-v3,PRK,Perak,Larut Matang,terrace,L,1,typical,307,2026Q2,84.0,195000.0,249000.0,318000.0,201000.0,256000.0,327000.0,206000.0,263000.0,337000.0,212000.0,271000.0,349000.0
pm-2026Q2-v3,PRK,Perak,Larut Matang,terrace,L,1,large,307,2026Q2,123.0,237000.0,321000.0,404000.0,244000.0,329000.0,415000.0,251000.0,338000.0,428000.0,257000.0,347000.0,443000.0
pm-2026Q2-v3,PRK,Perak,Manjung,cluster,F,0,small,61,2026Q2,74.0,162000.0,212000.0,301000.0,169000.0,221000.0,313000.0,176000.0,230000.0,326000.0,183000.0,241000.0,342000.0
pm-2026Q2-v3,PRK,Perak,Manjung,cluster,F,0,typical,61,2026Q2,82.0,185000.0,222000.0,303000.0,193000.0,232000.0,315000.0,201000.0,243000.0,329000.0,208000.0,254000.0,345000.0
pm-2026Q2-v3,PRK,Perak,Manjung,cluster,F,0,large,61,2026Q2,126.0,225000.0,305000.0,413000.0,234000.0,318000.0,429000.0,244000.0,331000.0,448000.0,254000.0,345000.0,470000.0
pm-2026Q2-v3,PRK,Perak,Manjung,condo,F,0,small,73,2026Q2,89.0,113000.0,190000.0,254000.0,115000.0,190000.0,259000.0,116000.0,192000.0,265000.0,117000.0,194000.0,272000.0
pm-2026Q2-v3,PRK,Perak,Manjung,condo,F,0,typical,73,2026Q2,90.0,112000.0,190000.0,254000.0,113000.0,190000.0,260000.0,115000.0,192000.0,266000.0,116000.0,193000.0,273000.0
pm-2026Q2-v3,PRK,Perak,Manjung,condo,F,0,large,73,2026Q2,144.0,174000.0,292000.0,429000.0,176000.0,294000.0,436000.0,178000.0,297000.0,447000.0,179000.0,301000.0,456000.0
pm-2026Q2-v3,PRK,Perak,Manjung,detached,F,0,small,27,2026Q2,117.0,209000.0,355000.0,484000.0,212000.0,356000.0,488000.0,214000.0,359000.0,495000.0,217000.0,363000.0,502000.0
pm-2026Q2-v3,PRK,Perak,Manjung,detached,F,0,typical,27,2026Q2,167.0,253000.0,395000.0,582000.0,256000.0,398000.0,586000.0,258000.0,402000.0,594000.0,261000.0,406000.0,603000.0
pm-2026Q2-v3,PRK,Perak,Manjung,detached,F,0,large,27,2026Q2,230.0,295000.0,448000.0,748000.0,299000.0,452000.0,752000.0,302000.0,458000.0,762000.0,305000.0,463000.0,772000.0
pm-2026Q2-v3,PRK,Perak,Manjung,detached,L,0,small,31,2026Q2,112.0,91000.0,201000.0,351000.0,92000.0,201000.0,352000.0,93000.0,204000.0,357000.0,94000.0,206000.0,362000.0
pm-2026Q2-v3,PRK,Perak,Manjung,detached,L,0,typical,31,2026Q2,149.0,110000.0,206000.0,415000.0,111000.0,207000.0,416000.0,112000.0,210000.0,422000.0,114000.0,213000.0,427000.0
pm-2026Q2-v3,PRK,Perak,Manjung,detached,L,0,large,31,2026Q2,160.0,120000.0,216000.0,436000.0,121000.0,217000.0,437000.0,122000.0,220000.0,443000.0,124000.0,223000.0,448000.0
pm-2026Q2-v3,PRK,Perak,Manjung,low_cost_house,L,0,small,55,2026Q2,55.0,72000.0,122000.0,199000.0,76000.0,127000.0,208000.0,80000.0,134000.0,221000.0,84000.0,141000.0,234000.0
pm-2026Q2-v3,PRK,Perak,Manjung,low_cost_house,L,0,typical,55,2026Q2,58.0,72000.0,123000.0,198000.0,76000.0,129000.0,208000.0,80000.0,136000.0,220000.0,84000.0,143000.0,233000.0
pm-2026Q2-v3,PRK,Perak,Manjung,low_cost_house,L,0,large,55,2026Q2,71.0,82000.0,133000.0,206000.0,86000.0,140000.0,216000.0,90000.0,147000.0,229000.0,94000.0,154000.0,243000.0
pm-2026Q2-v3,PRK,Perak,Manjung,semi_detached,F,1,small,194,2026Q2,106.0,259000.0,338000.0,402000.0,267000.0,346000.0,413000.0,275000.0,355000.0,427000.0,282000.0,365000.0,441000.0
pm-2026Q2-v3,PRK,Perak,Manjung,semi_detached,F,1,typical,194,2026Q2,118.0,270000.0,349000.0,435000.0,277000.0,358000.0,447000.0,285000.0,368000.0,461000.0,293000.0,379000.0,476000.0
pm-2026Q2-v3,PRK,Perak,Manjung,semi_detached,F,1,large,194,2026Q2,182.0,294000.0,398000.0,542000.0,302000.0,408000.0,556000.0,311000.0,420000.0,573000.0,319000.0,432000.0,591000.0
pm-2026Q2-v3,PRK,Perak,Manjung,semi_detached,L,1,small,36,2026Q2,94.0,180000.0,248000.0,362000.0,186000.0,255000.0,370000.0,191000.0,262000.0,382000.0,196000.0,270000.0,393000.0
pm-2026Q2-v3,PRK,Perak,Manjung,semi_detached,L,1,typical,36,2026Q2,102.0,211000.0,293000.0,381000.0,217000.0,300000.0,391000.0,223000.0,308000.0,403000.0,229000.0,317000.0,416000.0
pm-2026Q2-v3,PRK,Perak,Manjung,semi_detached,L,1,large,36,2026Q2,125.0,233000.0,316000.0,417000.0,239000.0,324000.0,428000.0,246000.0,333000.0,441000.0,253000.0,342000.0,455000.0
pm-2026Q2-v3,PRK,Perak,Manjung,terrace,F,1,small,635,2026Q2,84.0,177000.0,233000.0,289000.0,182000.0,239000.0,297000.0,187000.0,245000.0,307000.0,192000.0,252000.0,317000.0
pm-2026Q2-v3,PRK,Perak,Manjung,terrace,F,1,typical,635,2026Q2,89.0,176000.0,244000.0,299000.0,181000.0,249000.0,307000.0,186000.0,256000.0,317000.0,192000.0,263000.0,328000.0
pm-2026Q2-v3,PRK,Perak,Manjung,terrace,F,1,large,635,2026Q2,151.0,224000.0,303000.0,395000.0,231000.0,311000.0,406000.0,238000.0,320000.0,419000.0,244000.0,329000.0,434000.0
pm-2026Q2-v3,PRK,Perak,Manjung,terrace,L,1,small,196,2026Q2,79.0,155000.0,208000.0,284000.0,160000.0,214000.0,292000.0,164000.0,220000.0,301000.0,169000.0,227000.0,311000.0
pm-2026Q2-v3,PRK,Perak,Manjung,terrace,L,1,typical,196,2026Q2,91.0,158000.0,227000.0,297000.0,163000.0,233000.0,305000.0,168000.0,239000.0,315000.0,173000.0,246000.0,326000.0
pm-2026Q2-v3,PRK,Perak,Manjung,terrace,L,1,large,196,2026Q2,122.0,190000.0,265000.0,351000.0,196000.0,272000.0,361000.0,201000.0,279000.0,372000.0,207000.0,287000.0,385000.0
pm-2026Q2-v3,PRK,Perak,Muallim,condo,F,0,small,11,2026Q2,66.0,98000.0,134000.0,203000.0,99000.0,137000.0,206000.0,100000.0,139000.0,212000.0,100000.0,141000.0,216000.0
pm-2026Q2-v3,PRK,Perak,Muallim,condo,F,0,typical,11,2026Q2,66.0,98000.0,134000.0,203000.0,99000.0,137000.0,206000.0,100000.0,139000.0,212000.0,100000.0,141000.0,216000.0
pm-2026Q2-v3,PRK,Perak,Muallim,condo,F,0,large,11,2026Q2,66.0,98000.0,134000.0,203000.0,99000.0,137000.0,206000.0,100000.0,139000.0,212000.0,100000.0,141000.0,216000.0
pm-2026Q2-v3,PRK,Perak,Muallim,detached,L,0,small,20,2026Q2,107.0,124000.0,248000.0,422000.0,126000.0,249000.0,424000.0,127000.0,252000.0,429000.0,129000.0,254000.0,435000.0
pm-2026Q2-v3,PRK,Perak,Muallim,detached,L,0,typical,20,2026Q2,132.0,146000.0,266000.0,460000.0,148000.0,267000.0,463000.0,149000.0,271000.0,469000.0,151000.0,274000.0,475000.0
pm-2026Q2-v3,PRK,Perak,Muallim,detached,L,0,large,20,2026Q2,148.0,163000.0,272000.0,498000.0,165000.0,275000.0,499000.0,166000.0,278000.0,506000.0,168000.0,282000.0,513000.0
pm-2026Q2-v3,PRK,Perak,Muallim,low_cost_house,L,0,small,18,2026Q2,56.0,91000.0,138000.0,194000.0,95000.0,144000.0,205000.0,100000.0,152000.0,217000.0,105000.0,159000.0,230000.0
pm-2026Q2-v3,PRK,Perak,Muallim,low_cost_house,L,0,typical,18,2026Q2,58.0,91000.0,140000.0,194000.0,96000.0,146000.0,205000.0,101000.0,154000.0,218000.0,105000.0,161000.0,230000.0
pm-2026Q2-v3,PRK,Perak,Muallim,low_cost_house,L,0,large,18,2026Q2,67.0,94000.0,147000.0,198000.0,99000.0,153000.0,209000.0,104000.0,161000.0,222000.0,109000.0,168000.0,235000.0
pm-2026Q2-v3,PRK,Perak,Muallim,semi_detached,F,2,small,12,2026Q2,130.0,374000.0,461000.0,606000.0,384000.0,474000.0,621000.0,395000.0,489000.0,641000.0,404000.0,503000.0,661000.0
pm-2026Q2-v3,PRK,Perak,Muallim,semi_detached,F,2,typical,12,2026Q2,155.0,397000.0,511000.0,666000.0,408000.0,525000.0,683000.0,420000.0,540000.0,705000.0,431000.0,556000.0,728000.0
pm-2026Q2-v3,PRK,Perak,Muallim,semi_detached,F,2,large,12,2026Q2,184.0,442000.0,522000.0,683000.0,455000.0,538000.0,701000.0,467000.0,555000.0,723000.0,478000.0,571000.0,746000.0
pm-2026Q2-v3,PRK,Perak,Muallim,terrace,F,1,small,85,2026Q2,81.0,207000.0,258000.0,333000.0,213000.0,265000.0,342000.0,219000.0,273000.0,353000.0,224000.0,281000.0,365000.0
pm-2026Q2-v3,PRK,Perak,Muallim,terrace,F,1,typical,85,2026Q2,132.0,281000.0,346000.0,434000.0,289000.0,356000.0,447000.0,297000.0,366000.0,461000.0,305000.0,377000.0,477000.0
pm-2026Q2-v3,PRK,Perak,Muallim,terrace,F,1,large,85,2026Q2,149.0,300000.0,367000.0,457000.0,308000.0,378000.0,469000.0,316000.0,389000.0,485000.0,324000.0,400000.0,502000.0
pm-2026Q2-v3,PRK,Perak,Muallim,terrace,L,1,small,45,2026Q2,74.0,169000.0,224000.0,308000.0,174000.0,230000.0,316000.0,179000.0,237000.0,326000.0,184000.0,244000.0,337000.0
pm-2026Q2-v3,PRK,Perak,Muallim,terrace,L,1,typical,45,2026Q2,84.0,182000.0,232000.0,318000.0,187000.0,239000.0,326000.0,192000.0,246000.0,336000.0,197000.0,254000.0,347000.0
pm-2026Q2-v3,PRK,Perak,Muallim,terrace,L,1,large,45,2026Q2,102.0,210000.0,266000.0,348000.0,216000.0,273000.0,358000.0,221000.0,281000.0,369000.0,227000.0,290000.0,381000.0
pm-2026Q2-v3,PRK,Perak,Perak Tengah,detached,L,0,small,13,2026Q2,75.0,76000.0,125000.0,278000.0,77000.0,126000.0,278000.0,77000.0,128000.0,282000.0,78000.0,130000.0,285000.0
pm-2026Q2-v3,PRK,Perak,Perak Tengah,detached,L,0,typical,13,2026Q2,93.0,76000.0,135000.0,301000.0,77000.0,136000.0,301000.0,78000.0,138000.0,305000.0,79000.0,140000.0,309000.0
pm-2026Q2-v3,PRK,Perak,Perak Tengah,detached,L,0,large,13,2026Q2,102.0,78000.0,170000.0,316000.0,79000.0,171000.0,317000.0,80000.0,173000.0,321000.0,80000.0,174000.0,326000.0
pm-2026Q2-v3,PRK,Perak,Perak Tengah,terrace,F,1,small,23,2026Q2,74.0,171000.0,208000.0,272000.0,176000.0,214000.0,279000.0,181000.0,221000.0,289000.0,185000.0,228000.0,298000.0
pm-2026Q2-v3,PRK,Perak,Perak Tengah,terrace,F,1,typical,23,2026Q2,74.0,171000.0,208000.0,272000.0,176000.0,214000.0,279000.0,181000.0,221000.0,289000.0,185000.0,228000.0,298000.0
pm-2026Q2-v3,PRK,Perak,Perak Tengah,terrace,F,1,large,23,2026Q2,86.0,177000.0,223000.0,283000.0,182000.0,229000.0,290000.0,187000.0,236000.0,300000.0,192000.0,243000.0,310000.0
pm-2026Q2-v3,PRK,Perak,Perak Tengah,terrace,L,1,small,83,2026Q2,84.0,165000.0,204000.0,281000.0,170000.0,210000.0,288000.0,175000.0,217000.0,297000.0,179000.0,223000.0,307000.0
pm-2026Q2-v3,PRK,Perak,Perak Tengah,terrace,L,1,typical,83,2026Q2,93.0,167000.0,213000.0,294000.0,172000.0,219000.0,301000.0,177000.0,226000.0,311000.0,181000.0,233000.0,321000.0
pm-2026Q2-v3,PRK,Perak,Perak Tengah,terrace,L,1,large,83,2026Q2,97.0,179000.0,224000.0,304000.0,184000.0,230000.0,312000.0,189000.0,237000.0,322000.0,194000.0,245000.0,333000.0
pm-2026Q2-v3,PRK,Perak,Selama,semi_detached,F,1,small,18,2026Q2,79.0,226000.0,283000.0,385000.0,233000.0,291000.0,395000.0,239000.0,300000.0,407000.0,245000.0,309000.0,420000.0
pm-2026Q2-v3,PRK,Perak,Selama,semi_detached,F,1,typical,18,2026Q2,80.0,225000.0,284000.0,388000.0,231000.0,292000.0,398000.0,238000.0,301000.0,410000.0,244000.0,310000.0,423000.0
pm-2026Q2-v3,PRK,Perak,Selama,semi_detached,F,1,large,18,2026Q2,92.0,231000.0,292000.0,398000.0,238000.0,300000.0,409000.0,245000.0,309000.0,421000.0,251000.0,319000.0,435000.0
pm-2026Q2-v3,PRK,Perak,Selama,terrace,F,1,small,10,2026Q2,74.0,176000.0,218000.0,316000.0,181000.0,225000.0,323000.0,185000.0,232000.0,333000.0,190000.0,239000.0,344000.0
pm-2026Q2-v3,PRK,Perak,Selama,terrace,F,1,typical,10,2026Q2,76.0,176000.0,222000.0,320000.0,181000.0,229000.0,328000.0,186000.0,236000.0,338000.0,191000.0,243000.0,349000.0
pm-2026Q2-v3,PRK,Perak,Selama,terrace,F,1,large,10,2026Q2,76.0,176000.0,222000.0,320000.0,181000.0,229000.0,328000.0,186000.0,236000.0,338000.0,191000.0,243000.0,349000.0
pm-2026Q2-v3,PLS,Perlis,Perlis,detached,F,0,small,12,2026Q2,103.0,267000.0,419000.0,517000.0,270000.0,420000.0,523000.0,273000.0,423000.0,531000.0,276000.0,427000.0,540000.0
pm-2026Q2-v3,PLS,Perlis,Perlis,detached,F,0,typical,12,2026Q2,146.0,320000.0,476000.0,631000.0,323000.0,479000.0,637000.0,327000.0,483000.0,646000.0,330000.0,488000.0,656000.0
pm-2026Q2-v3,PLS,Perlis,Perlis,detached,F,0,large,12,2026Q2,173.0,333000.0,504000.0,677000.0,337000.0,507000.0,682000.0,341000.0,512000.0,692000.0,344000.0,517000.0,703000.0
pm-2026Q2-v3,PLS,Perlis,Perlis,low_cost_house,F,0,small,24,2026Q2,61.0,94000.0,163000.0,232000.0,99000.0,169000.0,244000.0,104000.0,178000.0,259000.0,109000.0,186000.0,274000.0
pm-2026Q2-v3,PLS,Perlis,Perlis,low_cost_house,F,0,typical,24,2026Q2,65.0,95000.0,162000.0,234000.0,100000.0,169000.0,246000.0,105000.0,177000.0,262000.0,110000.0,185000.0,277000.0
pm-2026Q2-v3,PLS,Perlis,Perlis,low_cost_house,F,0,large,24,2026Q2,73.0,98000.0,163000.0,250000.0,103000.0,170000.0,263000.0,108000.0,179000.0,279000.0,113000.0,188000.0,296000.0
pm-2026Q2-v3,PLS,Perlis,Perlis,low_cost_house,L,0,small,58,2026Q2,52.0,87000.0,149000.0,206000.0,91000.0,155000.0,218000.0,96000.0,162000.0,231000.0,101000.0,170000.0,244000.0
pm-2026Q2-v3,PLS,Perlis,Perlis,low_cost_house,L,0,typical,58,2026Q2,69.0,92000.0,151000.0,218000.0,97000.0,157000.0,229000.0,102000.0,165000.0,243000.0,106000.0,173000.0,257000.0
pm-2026Q2-v3,PLS,Perlis,Perlis,low_cost_house,L,0,large,58,2026Q2,70.0,93000.0,149000.0,218000.0,98000.0,156000.0,229000.0,102000.0,164000.0,243000.0,107000.0,172000.0,257000.0
pm-2026Q2-v3,PLS,Perlis,Perlis,semi_detached,F,1,small,99,2026Q2,90.0,298000.0,355000.0,428000.0,307000.0,365000.0,440000.0,315000.0,375000.0,455000.0,322000.0,386000.0,470000.0
pm-2026Q2-v3,PLS,Perlis,Perlis,semi_detached,F,1,typical,99,2026Q2,95.0,298000.0,361000.0,438000.0,306000.0,371000.0,451000.0,314000.0,381000.0,465000.0,322000.0,392000.0,481000.0
pm-2026Q2-v3,PLS,Perlis,Perlis,semi_detached,F,1,large,99,2026Q2,112.0,346000.0,370000.0,481000.0,354000.0,384000.0,494000.0,362000.0,397000.0,509000.0,369000.0,411000.0,526000.0
pm-2026Q2-v3,PLS,Perlis,Perlis,terrace,F,1,small,153,2026Q2,76.0,208000.0,255000.0,320000.0,214000.0,262000.0,329000.0,219000.0,270000.0,340000.0,225000.0,278000.0,352000.0
pm-2026Q2-v3,PLS,Perlis,Perlis,terrace,F,1,typical,153,2026Q2,82.0,216000.0,263000.0,328000.0,222000.0,271000.0,337000.0,228000.0,279000.0,349000.0,233000.0,287000.0,360000.0
pm-2026Q2-v3,PLS,Perlis,Perlis,terrace,F,1,large,153,2026Q2,87.0,219000.0,278000.0,352000.0,226000.0,285000.0,361000.0,232000.0,294000.0,373000.0,238000.0,302000.0,386000.0
pm-2026Q2-v3,PLS,Perlis,Perlis,terrace,L,1,small,39,2026Q2,71.0,184000.0,243000.0,301000.0,189000.0,249000.0,309000.0,194000.0,256000.0,320000.0,199000.0,263000.0,330000.0
pm-2026Q2-v3,PLS,Perlis,Perlis,terrace,L,1,typical,39,2026Q2,90.0,201000.0,278000.0,327000.0,207000.0,284000.0,337000.0,213000.0,291000.0,348000.0,219000.0,299000.0,359000.0
pm-2026Q2-v3,PLS,Perlis,Perlis,terrace,L,1,large,39,2026Q2,90.0,201000.0,278000.0,327000.0,207000.0,284000.0,337000.0,213000.0,291000.0,348000.0,219000.0,299000.0,359000.0
pm-2026Q2-v3,PNG,Pulau Pinang,Barat Daya,cluster,L,0,small,10,2026Q2,58.0,126000.0,200000.0,301000.0,132000.0,208000.0,312000.0,137000.0,217000.0,326000.0,143000.0,226000.0,341000.0
pm-2026Q2-v3,PNG,Pulau Pinang,Barat Daya,cluster,L,0,typical,10,2026Q2,58.0,126000.0,200000.0,301000.0,132000.0,208000.0,312000.0,137000.0,217000.0,326000.0,143000.0,226000.0,341000.0
pm-2026Q2-v3,PNG,Pulau Pinang,Barat Daya,cluster,L,0,large,10,2026Q2,64.0,128000.0,219000.0,308000.0,134000.0,227000.0,320000.0,139000.0,236000.0,335000.0,145000.0,246000.0,351000.0
pm-2026Q2-v3,PNG,Pulau Pinang,Barat Daya,condo,F,0,small,352,2026Q2,86.0,209000.0,397000.0,510000.0,212000.0,394000.0,522000.0,215000.0,396000.0,534000.0,216000.0,398000.0,547000.0
pm-2026Q2-v3,PNG,Pulau Pinang,Barat Daya,condo,F,0,typical,352,2026Q2,103.0,252000.0,459000.0,628000.0,256000.0,459000.0,640000.0,260000.0,463000.0,656000.0,262000.0,466000.0,671000.0
pm-2026Q2-v3,PNG,Pulau Pinang,Barat Daya,condo,F,0,large,352,2026Q2,113.0,298000.0,491000.0,691000.0,302000.0,493000.0,703000.0,305000.0,499000.0,721000.0,307000.0,503000.0,737000.0
pm-2026Q2-v3,PNG,Pulau Pinang,Barat Daya,condo,L,0,small,27,2026Q2,76.0,155000.0,296000.0,381000.0,157000.0,293000.0,389000.0,159000.0,295000.0,399000.0,161000.0,297000.0,408000.0
pm-2026Q2-v3,PNG,Pulau Pinang,Barat Daya,condo,L,0,typical,27,2026Q2,77.0,154000.0,297000.0,378000.0,157000.0,294000.0,387000.0,159000.0,296000.0,396000.0,160000.0,297000.0,406000.0
pm-2026Q2-v3,PNG,Pulau Pinang,Barat Daya,condo,L,0,large,27,2026Q2,105.0,234000.0,382000.0,513000.0,237000.0,382000.0,524000.0,239000.0,386000.0,536000.0,241000.0,389000.0,549000.0
pm-2026Q2-v3,PNG,Pulau Pinang,Barat Daya,detached,F,0,small,16,2026Q2,169.0,546000.0,636000.0,1206000.0,552000.0,649000.0,1209000.0,556000.0,662000.0,1225000.0,560000.0,674000.0,1243000.0
pm-2026Q2-v3,PNG,Pulau Pinang,Barat Daya,detached,F,0,typical,16,2026Q2,233.0,674000.0,884000.0,1445000.0,681000.0,897000.0,1453000.0,689000.0,910000.0,1472000.0,695000.0,924000.0,1493000.0
pm-2026Q2-v3,PNG,Pulau Pinang,Barat Daya,detached,F,0,large,16,2026Q2,359.0,838000.0,1189000.0,1840000.0,847000.0,1202000.0,1852000.0,857000.0,1218000.0,1877000.0,866000.0,1233000.0,1906000.0
pm-2026Q2-v3,PNG,Pulau Pinang,Barat Daya,flat,F,0,small,145,2026Q2,65.0,108000.0,195000.0,282000.0,111000.0,198000.0,288000.0,114000.0,203000.0,295000.0,116000.0,207000.0,304000.0
pm-2026Q2-v3,PNG,Pulau Pinang,Barat Daya,flat,F,0,typical,145,2026Q2,66.0,112000.0,200000.0,283000.0,115000.0,203000.0,289000.0,118000.0,207000.0,297000.0,120000.0,211000.0,306000.0
pm-2026Q2-v3,PNG,Pulau Pinang,Barat Daya,flat,F,0,large,145,2026Q2,73.0,122000.0,219000.0,301000.0,125000.0,223000.0,308000.0,128000.0,227000.0,316000.0,131000.0,232000.0,326000.0
pm-2026Q2-v3,PNG,Pulau Pinang,Barat Daya,flat,L,0,small,19,2026Q2,69.0,111000.0,197000.0,278000.0,114000.0,200000.0,284000.0,116000.0,205000.0,292000.0,119000.0,209000.0,300000.0
pm-2026Q2-v3,PNG,Pulau Pinang,Barat Daya,flat,L,0,typical,19,2026Q2,79.0,118000.0,246000.0,305000.0,121000.0,248000.0,312000.0,124000.0,252000.0,322000.0,127000.0,256000.0,331000.0
pm-2026Q2-v3,PNG,Pulau Pinang,Barat Daya,flat,L,0,large,19,2026Q2,86.0,122000.0,267000.0,346000.0,125000.0,269000.0,354000.0,128000.0,274000.0,365000.0,131000.0,279000.0,376000.0
pm-2026Q2-v3,PNG,Pulau Pinang,Barat Daya,low_cost_flat,F,0,small,223,2026Q2,46.0,63000.0,113000.0,179000.0,66000.0,118000.0,186000.0,69000.0,124000.0,196000.0,72000.0,130000.0,206000.0
pm-2026Q2-v3,PNG,Pulau Pinang,Barat Daya,low_cost_flat,F,0,typical,223,2026Q2,56.0,79000.0,142000.0,196000.0,83000.0,148000.0,205000.0,87000.0,155000.0,216000.0,91000.0,162000.0,227000.0
pm-2026Q2-v3,PNG,Pulau Pinang,Barat Daya,low_cost_flat,F,0,large,223,2026Q2,61.0,94000.0,165000.0,221000.0,99000.0,172000.0,231000.0,103000.0,180000.0,243000.0,109000.0,189000.0,256000.0
pm-2026Q2-v3,PNG,Pulau Pinang,Barat Daya,low_cost_flat,L,0,small,42,2026Q2,46.0,66000.0,108000.0,175000.0,69000.0,113000.0,183000.0,73000.0,118000.0,192000.0,76000.0,124000.0,202000.0
pm-2026Q2-v3,PNG,Pulau Pinang,Barat Daya,low_cost_flat,L,0,typical,42,2026Q2,51.0,68000.0,118000.0,185000.0,72000.0,123000.0,193000.0,75000.0,129000.0,203000.0,79000.0,135000.0,214000.0
pm-2026Q2-v3,PNG,Pulau Pinang,Barat Daya,low_cost_flat,L,0,large,42,2026Q2,51.0,70000.0,122000.0,186000.0,73000.0,128000.0,194000.0,77000.0,134000.0,204000.0,81000.0,140000.0,214000.0
pm-2026Q2-v3,PNG,Pulau Pinang,Barat Daya,semi_detached,F,2,small,52,2026Q2,159.0,618000.0,767000.0,1047000.0,635000.0,790000.0,1074000.0,652000.0,813000.0,1106000.0,669000.0,838000.0,1142000.0
pm-2026Q2-v3,PNG,Pulau Pinang,Barat Daya,semi_detached,F,2,typical,52,2026Q2,184.0,649000.0,815000.0,1034000.0,667000.0,837000.0,1061000.0,685000.0,861000.0,1095000.0,703000.0,886000.0,1131000.0
pm-2026Q2-v3,PNG,Pulau Pinang,Barat Daya,semi_detached,F,2,large,52,2026Q2,221.0,728000.0,954000.0,1164000.0,749000.0,977000.0,1195000.0,770000.0,1003000.0,1234000.0,790000.0,1031000.0,1275000.0
pm-2026Q2-v3,PNG,Pulau Pinang,Barat Daya,terrace,F,2,small,126,2026Q2,130.0,481000.0,609000.0,793000.0,495000.0,627000.0,815000.0,509000.0,645000.0,842000.0,521000.0,664000.0,868000.0
pm-2026Q2-v3,PNG,Pulau Pinang,Barat Daya,terrace,F,2,typical,126,2026Q2,157.0,517000.0,635000.0,827000.0,532000.0,654000.0,850000.0,546000.0,674000.0,878000.0,559000.0,694000.0,906000.0
pm-2026Q2-v3,PNG,Pulau Pinang,Barat Daya,terrace,F,2,large,126,2026Q2,176.0,546000.0,650000.0,791000.0,562000.0,669000.0,814000.0,576000.0,689000.0,841000.0,590000.0,709000.0,869000.0
pm-2026Q2-v3,PNG,Pulau Pinang,Barat Daya,terrace,L,1,small,15,2026Q2,74.0,276000.0,425000.0,518000.0,284000.0,433000.0,533000.0,292000.0,444000.0,551000.0,300000.0,455000.0,569000.0
pm-2026Q2-v3,PNG,Pulau Pinang,Barat Daya,terrace,L,1,typical,15,2026Q2,87.0,296000.0,458000.0,551000.0,304000.0,467000.0,567000.0,313000.0,479000.0,587000.0,322000.0,490000.0,605000.0
pm-2026Q2-v3,PNG,Pulau Pinang,Barat Daya,terrace,L,1,large,15,2026Q2,90.0,295000.0,459000.0,554000.0,303000.0,468000.0,570000.0,312000.0,480000.0,590000.0,321000.0,491000.0,609000.0
pm-2026Q2-v3,PNG,Pulau Pinang,Seberang Perai Selatan,cluster,F,0,small,11,2026Q2,191.0,613000.0,787000.0,902000.0,639000.0,815000.0,942000.0,666000.0,848000.0,987000.0,691000.0,881000.0,1035000.0
pm-2026Q2-v3,PNG,Pulau Pinang,Seberang Perai Selatan,cluster,F,0,typical,11,2026Q2,231.0,667000.0,906000.0,981000.0,695000.0,933000.0,1027000.0,725000.0,967000.0,1077000.0,754000.0,1001000.0,1133000.0
pm-2026Q2-v3,PNG,Pulau Pinang,Seberang Perai Selatan,cluster,F,0,large,11,2026Q2,231.0,667000.0,906000.0,981000.0,695000.0,933000.0,1027000.0,725000.0,967000.0,1077000.0,754000.0,1001000.0,1133000.0
pm-2026Q2-v3,PNG,Pulau Pinang,Seberang Perai Selatan,condo,F,0,small,10,2026Q2,87.0,216000.0,381000.0,432000.0,219000.0,374000.0,444000.0,222000.0,374000.0,459000.0,224000.0,375000.0,473000.0
pm-2026Q2-v3,PNG,Pulau Pinang,Seberang Perai Selatan,condo,F,0,typical,10,2026Q2,98.0,248000.0,421000.0,504000.0,252000.0,417000.0,517000.0,255000.0,419000.0,531000.0,256000.0,420000.0,547000.0
pm-2026Q2-v3,PNG,Pulau Pinang,Seberang Perai Selatan,condo,F,0,large,10,2026Q2,103.0,263000.0,464000.0,537000.0,267000.0,457000.0,552000.0,270000.0,458000.0,569000.0,273000.0,459000.0,586000.0
pm-2026Q2-v3,PNG,Pulau Pinang,Seberang Perai Selatan,condo,L,0,small,10,2026Q2,85.0,182000.0,291000.0,347000.0,185000.0,289000.0,356000.0,187000.0,291000.0,366000.0,188000.0,292000.0,377000.0
pm-2026Q2-v3,PNG,Pulau Pinang,Seberang Perai Selatan,condo,L,0,typical,10,2026Q2,92.0,185000.0,293000.0,347000.0,188000.0,291000.0,356000.0,190000.0,292000.0,366000.0,191000.0,294000.0,377000.0
pm-2026Q2-v3,PNG,Pulau Pinang,Seberang Perai Selatan,condo,L,0,large,10,2026Q2,92.0,185000.0,293000.0,347000.0,188000.0,291000.0,356000.0,190000.0,292000.0,366000.0,191000.0,294000.0,377000.0
pm-2026Q2-v3,PNG,Pulau Pinang,Seberang Perai Selatan,detached,F,0,small,27,2026Q2,206.0,466000.0,792000.0,1058000.0,471000.0,795000.0,1068000.0,477000.0,803000.0,1084000.0,482000.0,810000.0,1101000.0
pm-2026Q2-v3,PNG,Pulau Pinang,Seberang Perai Selatan,detached,F,0,typical,27,2026Q2,244.0,512000.0,837000.0,1087000.0,518000.0,840000.0,1097000.0,524000.0,847000.0,1114000.0,530000.0,855000.0,1132000.0
pm-2026Q2-v3,PNG,Pulau Pinang,Seberang Perai Selatan,detached,F,0,large,27,2026Q2,303.0,561000.0,909000.0,1235000.0,568000.0,913000.0,1245000.0,574000.0,922000.0,1264000.0,581000.0,931000.0,1284000.0
pm-2026Q2-v3,PNG,Pulau Pinang,Seberang Perai Selatan,low_cost_flat,F,0,small,108,2026Q2,50.0,66000.0,90000.0,162000.0,69000.0,94000.0,169000.0,73000.0,99000.0,177000.0,76000.0,104000.0,186000.0
pm-2026Q2-v3,PNG,Pulau Pinang,Seberang Perai Selatan,low_cost_flat,F,0,typical,108,2026Q2,53.0,73000.0,98000.0,166000.0,76000.0,103000.0,173000.0,80000.0,108000.0,182000.0,84000.0,114000.0,192000.0
pm-2026Q2-v3,PNG,Pulau Pinang,Seberang Perai Selatan,low_cost_flat,F,0,large,108,2026Q2,56.0,75000.0,109000.0,173000.0,79000.0,114000.0,181000.0,82000.0,120000.0,190000.0,86000.0,126000.0,200000.0
pm-2026Q2-v3,PNG,Pulau Pinang,Seberang Perai Selatan,low_cost_house,F,0,small,56,2026Q2,52.0,156000.0,215000.0,263000.0,164000.0,224000.0,279000.0,172000.0,235000.0,296000.0,179000.0,246000.0,315000.0
pm-2026Q2-v3,PNG,Pulau Pinang,Seberang Perai Selatan,low_cost_house,F,0,typical,56,2026Q2,56.0,159000.0,217000.0,275000.0,167000.0,227000.0,291000.0,175000.0,238000.0,309000.0,182000.0,250000.0,328000.0
pm-2026Q2-v3,PNG,Pulau Pinang,Seberang Perai Selatan,low_cost_house,F,0,large,56,2026Q2,59.0,165000.0,222000.0,283000.0,173000.0,232000.0,299000.0,181000.0,244000.0,317000.0,188000.0,256000.0,337000.0
pm-2026Q2-v3,PNG,Pulau Pinang,Seberang Perai Selatan,low_cost_house,L,0,small,20,2026Q2,55.0,146000.0,193000.0,252000.0,153000.0,202000.0,266000.0,160000.0,213000.0,282000.0,166000.0,224000.0,299000.0
pm-2026Q2-v3,PNG,Pulau Pinang,Seberang Perai Selatan,low_cost_house,L,0,typical,20,2026Q2,67.0,153000.0,205000.0,261000.0,160000.0,215000.0,276000.0,168000.0,226000.0,293000.0,174000.0,237000.0,311000.0
pm-2026Q2-v3,PNG,Pulau Pinang,Seberang Perai Selatan,low_cost_house,L,0,large,20,2026Q2,70.0,163000.0,216000.0,268000.0,171000.0,226000.0,283000.0,179000.0,237000.0,301000.0,186000.0,249000.0,320000.0
pm-2026Q2-v3,PNG,Pulau Pinang,Seberang Perai Selatan,semi_detached,F,2,small,132,2026Q2,96.0,361000.0,520000.0,604000.0,371000.0,530000.0,621000.0,382000.0,543000.0,642000.0,392000.0,556000.0,663000.0
pm-2026Q2-v3,PNG,Pulau Pinang,Seberang Perai Selatan,semi_detached,F,2,typical,132,2026Q2,168.0,540000.0,737000.0,781000.0,556000.0,748000.0,807000.0,571000.0,763000.0,836000.0,587000.0,780000.0,867000.0
pm-2026Q2-v3,PNG,Pulau Pinang,Seberang Perai Selatan,semi_detached,F,2,large,132,2026Q2,198.0,571000.0,729000.0,831000.0,587000.0,745000.0,856000.0,603000.0,764000.0,884000.0,619000.0,784000.0,913000.0
pm-2026Q2-v3,PNG,Pulau Pinang,Seberang Perai Selatan,terrace,F,2,small,519,2026Q2,71.0,285000.0,346000.0,404000.0,293000.0,355000.0,416000.0,301000.0,365000.0,431000.0,308000.0,375000.0,444000.0
pm-2026Q2-v3,PNG,Pulau Pinang,Seberang Perai Selatan,terrace,F,2,typical,519,2026Q2,117.0,379000.0,445000.0,518000.0,390000.0,457000.0,534000.0,399000.0,470000.0,552000.0,408000.0,483000.0,570000.0
pm-2026Q2-v3,PNG,Pulau Pinang,Seberang Perai Selatan,terrace,F,2,large,519,2026Q2,149.0,419000.0,503000.0,568000.0,431000.0,516000.0,586000.0,442000.0,530000.0,606000.0,453000.0,543000.0,627000.0
pm-2026Q2-v3,PNG,Pulau Pinang,Seberang Perai Selatan,terrace,L,2,small,23,2026Q2,74.0,273000.0,344000.0,404000.0,281000.0,352000.0,416000.0,289000.0,362000.0,431000.0,296000.0,371000.0,444000.0
pm-2026Q2-v3,PNG,Pulau Pinang,Seberang Perai Selatan,terrace,L,2,typical,23,2026Q2,112.0,344000.0,430000.0,485000.0,354000.0,439000.0,501000.0,363000.0,451000.0,518000.0,373000.0,462000.0,535000.0
pm-2026Q2-v3,PNG,Pulau Pinang,Seberang Perai Selatan,terrace,L,2,large,23,2026Q2,159.0,408000.0,486000.0,576000.0,419000.0,500000.0,593000.0,430000.0,514000.0,614000.0,440000.0,528000.0,633000.0
pm-2026Q2-v3,PNG,Pulau Pinang,Seberang Perai Selatan,townhouse,F,0,small,18,2026Q2,60.0,106000.0,171000.0,255000.0,110000.0,177000.0,264000.0,114000.0,183000.0,274000.0,118000.0,190000.0,286000.0
pm-2026Q2-v3,PNG,Pulau Pinang,Seberang Perai Selatan,townhouse,F,0,typical,18,2026Q2,68.0,123000.0,190000.0,263000.0,127000.0,196000.0,273000.0,132000.0,203000.0,285000.0,137000.0,210000.0,297000.0
pm-2026Q2-v3,PNG,Pulau Pinang,Seberang Perai Selatan,townhouse,F,0,large,18,2026Q2,149.0,359000.0,509000.0,549000.0,373000.0,519000.0,575000.0,386000.0,533000.0,603000.0,399000.0,549000.0,634000.0
pm-2026Q2-v3,PNG,Pulau Pinang,Seberang Perai Tengah,cluster,F,0,small,27,2026Q2,77.0,304000.0,415000.0,553000.0,317000.0,432000.0,575000.0,331000.0,450000.0,601000.0,344000.0,469000.0,630000.0
pm-2026Q2-v3,PNG,Pulau Pinang,Seberang Perai Tengah,cluster,F,0,typical,27,2026Q2,218.0,593000.0,829000.0,1087000.0,618000.0,861000.0,1130000.0,644000.0,897000.0,1183000.0,670000.0,934000.0,1238000.0
pm-2026Q2-v3,PNG,Pulau Pinang,Seberang Perai Tengah,cluster,F,0,large,27,2026Q2,240.0,623000.0,864000.0,1062000.0,650000.0,895000.0,1106000.0,678000.0,932000.0,1159000.0,705000.0,969000.0,1214000.0
pm-2026Q2-v3,PNG,Pulau Pinang,Seberang Perai Tengah,cluster,L,0,small,19,2026Q2,58.0,122000.0,170000.0,271000.0,128000.0,178000.0,281000.0,133000.0,186000.0,293000.0,138000.0,194000.0,307000.0
pm-2026Q2-v3,PNG,Pulau Pinang,Seberang Perai Tengah,cluster,L,0,typical,19,2026Q2,58.0,122000.0,170000.0,271000.0,128000.0,178000.0,281000.0,133000.0,186000.0,293000.0,138000.0,194000.0,307000.0
pm-2026Q2-v3,PNG,Pulau Pinang,Seberang Perai Tengah,cluster,L,0,large,19,2026Q2,64.0,120000.0,181000.0,280000.0,125000.0,189000.0,291000.0,131000.0,197000.0,304000.0,136000.0,205000.0,317000.0
pm-2026Q2-v3,PNG,Pulau Pinang,Seberang Perai Tengah,condo,F,0,small,203,2026Q2,70.0,129000.0,222000.0,324000.0,131000.0,223000.0,329000.0,132000.0,226000.0,338000.0,134000.0,228000.0,345000.0
pm-2026Q2-v3,PNG,Pulau Pinang,Seberang Perai Tengah,condo,F,0,typical,203,2026Q2,93.0,181000.0,323000.0,466000.0,184000.0,324000.0,475000.0,186000.0,328000.0,487000.0,187000.0,331000.0,497000.0
pm-2026Q2-v3,PNG,Pulau Pinang,Seberang Perai Tengah,condo,F,0,large,203,2026Q2,118.0,265000.0,425000.0,591000.0,269000.0,426000.0,601000.0,271000.0,432000.0,617000.0,273000.0,436000.0,631000.0
pm-2026Q2-v3,PNG,Pulau Pinang,Seberang Perai Tengah,detached,F,0,small,47,2026Q2,222.0,471000.0,790000.0,1194000.0,477000.0,795000.0,1202000.0,483000.0,804000.0,1219000.0,489000.0,812000.0,1238000.0
pm-2026Q2-v3,PNG,Pulau Pinang,Seberang Perai Tengah,detached,F,0,typical,47,2026Q2,244.0,496000.0,851000.0,1228000.0,502000.0,855000.0,1237000.0,508000.0,864000.0,1254000.0,514000.0,873000.0,1275000.0
pm-2026Q2-v3,PNG,Pulau Pinang,Seberang Perai Tengah,detached,F,0,large,47,2026Q2,303.0,523000.0,934000.0,1395000.0,529000.0,939000.0,1405000.0,536000.0,948000.0,1424000.0,542000.0,958000.0,1446000.0
pm-2026Q2-v3,PNG,Pulau Pinang,Seberang Perai Tengah,flat,F,0,small,52,2026Q2,63.0,74000.0,116000.0,198000.0,76000.0,119000.0,202000.0,78000.0,122000.0,207000.0,79000.0,125000.0,212000.0
pm-2026Q2-v3,PNG,Pulau Pinang,Seberang Perai Tengah,flat,F,0,typical,52,2026Q2,64.0,77000.0,120000.0,202000.0,79000.0,123000.0,206000.0,81000.0,126000.0,211000.0,83000.0,129000.0,217000.0
pm-2026Q2-v3,PNG,Pulau Pinang,Seberang Perai Tengah,flat,F,0,large,52,2026Q2,70.0,84000.0,135000.0,225000.0,86000.0,138000.0,230000.0,88000.0,142000.0,236000.0,90000.0,145000.0,242000.0
pm-2026Q2-v3,PNG,Pulau Pinang,Seberang Perai Tengah,flat,L,0,small,12,2026Q2,49.0,57000.0,82000.0,177000.0,59000.0,84000.0,179000.0,60000.0,87000.0,184000.0,61000.0,89000.0,189000.0
pm-2026Q2-v3,PNG,Pulau Pinang,Seberang Perai Tengah,flat,L,0,typical,12,2026Q2,49.0,57000.0,82000.0,179000.0,58000.0,85000.0,181000.0,60000.0,87000.0,186000.0,61000.0,90000.0,191000.0
pm-2026Q2-v3,PNG,Pulau Pinang,Seberang Perai Tengah,flat,L,0,large,12,2026Q2,51.0,59000.0,86000.0,178000.0,61000.0,88000.0,180000.0,62000.0,90000.0,185000.0,63000.0,93000.0,190000.0
pm-2026Q2-v3,PNG,Pulau Pinang,Seberang Perai Tengah,low_cost_flat,F,0,small,306,2026Q2,51.0,62000.0,96000.0,169000.0,65000.0,100000.0,176000.0,68000.0,105000.0,185000.0,72000.0,111000.0,195000.0
pm-2026Q2-v3,PNG,Pulau Pinang,Seberang Perai Tengah,low_cost_flat,F,0,typical,306,2026Q2,58.0,76000.0,122000.0,193000.0,80000.0,128000.0,201000.0,84000.0,134000.0,212000.0,88000.0,141000.0,222000.0
pm-2026Q2-v3,PNG,Pulau Pinang,Seberang Perai Tengah,low_cost_flat,F,0,large,306,2026Q2,60.0,81000.0,132000.0,201000.0,85000.0,138000.0,209000.0,90000.0,144000.0,220000.0,94000.0,151000.0,231000.0
pm-2026Q2-v3,PNG,Pulau Pinang,Seberang Perai Tengah,low_cost_flat,L,0,small,62,2026Q2,47.0,56000.0,84000.0,162000.0,59000.0,88000.0,169000.0,62000.0,93000.0,177000.0,65000.0,98000.0,186000.0
pm-2026Q2-v3,PNG,Pulau Pinang,Seberang Perai Tengah,low_cost_flat,L,0,typical,62,2026Q2,51.0,59000.0,89000.0,170000.0,62000.0,94000.0,177000.0,65000.0,98000.0,186000.0,68000.0,104000.0,195000.0
pm-2026Q2-v3,PNG,Pulau Pinang,Seberang Perai Tengah,low_cost_flat,L,0,large,62,2026Q2,56.0,66000.0,103000.0,179000.0,69000.0,108000.0,187000.0,73000.0,114000.0,196000.0,76000.0,120000.0,206000.0
pm-2026Q2-v3,PNG,Pulau Pinang,Seberang Perai Tengah,low_cost_house,F,0,small,65,2026Q2,56.0,147000.0,209000.0,293000.0,154000.0,220000.0,309000.0,161000.0,231000.0,328000.0,168000.0,243000.0,348000.0
pm-2026Q2-v3,PNG,Pulau Pinang,Seberang Perai Tengah,low_cost_house,F,0,typical,65,2026Q2,59.0,152000.0,214000.0,295000.0,160000.0,224000.0,311000.0,167000.0,236000.0,330000.0,174000.0,248000.0,349000.0
pm-2026Q2-v3,PNG,Pulau Pinang,Seberang Perai Tengah,low_cost_house,F,0,large,65,2026Q2,59.0,152000.0,214000.0,295000.0,160000.0,224000.0,311000.0,167000.0,236000.0,330000.0,174000.0,248000.0,349000.0
pm-2026Q2-v3,PNG,Pulau Pinang,Seberang Perai Tengah,semi_detached,F,2,small,166,2026Q2,101.0,376000.0,535000.0,712000.0,386000.0,549000.0,730000.0,397000.0,564000.0,753000.0,409000.0,579000.0,777000.0
pm-2026Q2-v3,PNG,Pulau Pinang,Seberang Perai Tengah,semi_detached,F,2,typical,166,2026Q2,180.0,529000.0,722000.0,936000.0,545000.0,740000.0,961000.0,560000.0,760000.0,991000.0,575000.0,781000.0,1023000.0
pm-2026Q2-v3,PNG,Pulau Pinang,Seberang Perai Tengah,semi_detached,F,2,large,166,2026Q2,224.0,615000.0,842000.0,1055000.0,633000.0,862000.0,1084000.0,650000.0,885000.0,1118000.0,668000.0,909000.0,1155000.0
pm-2026Q2-v3,PNG,Pulau Pinang,Seberang Perai Tengah,terrace,F,2,small,532,2026Q2,76.0,267000.0,367000.0,492000.0,275000.0,377000.0,505000.0,283000.0,387000.0,521000.0,290000.0,398000.0,538000.0
pm-2026Q2-v3,PNG,Pulau Pinang,Seberang Perai Tengah,terrace,F,2,typical,532,2026Q2,129.0,398000.0,489000.0,634000.0,410000.0,504000.0,651000.0,421000.0,519000.0,673000.0,431000.0,534000.0,694000.0
pm-2026Q2-v3,PNG,Pulau Pinang,Seberang Perai Tengah,terrace,F,2,large,532,2026Q2,158.0,424000.0,533000.0,686000.0,436000.0,548000.0,705000.0,448000.0,564000.0,728000.0,459000.0,580000.0,751000.0
pm-2026Q2-v3,PNG,Pulau Pinang,Seberang Perai Tengah,terrace,L,1,small,22,2026Q2,80.0,248000.0,314000.0,446000.0,256000.0,324000.0,457000.0,263000.0,334000.0,471000.0,269000.0,344000.0,486000.0
pm-2026Q2-v3,PNG,Pulau Pinang,Seberang Perai Tengah,terrace,L,1,typical,22,2026Q2,85.0,253000.0,324000.0,446000.0,260000.0,334000.0,458000.0,268000.0,344000.0,472000.0,274000.0,354000.0,487000.0
pm-2026Q2-v3,PNG,Pulau Pinang,Seberang Perai Tengah,terrace,L,1,large,22,2026Q2,110.0,310000.0,386000.0,534000.0,319000.0,398000.0,548000.0,328000.0,410000.0,565000.0,336000.0,422000.0,583000.0
pm-2026Q2-v3,PNG,Pulau Pinang,Seberang Perai Tengah,townhouse,F,0,small,15,2026Q2,111.0,273000.0,405000.0,502000.0,283000.0,416000.0,522000.0,294000.0,431000.0,546000.0,304000.0,445000.0,569000.0
pm-2026Q2-v3,PNG,Pulau Pinang,Seberang Perai Tengah,townhouse,F,0,typical,15,2026Q2,151.0,353000.0,546000.0,692000.0,367000.0,562000.0,719000.0,381000.0,580000.0,751000.0,394000.0,601000.0,783000.0
pm-2026Q2-v3,PNG,Pulau Pinang,Seberang Perai Tengah,townhouse,F,0,large,15,2026Q2,153.0,358000.0,560000.0,705000.0,372000.0,575000.0,733000.0,386000.0,594000.0,766000.0,399000.0,615000.0,798000.0
pm-2026Q2-v3,PNG,Pulau Pinang,Seberang Perai Utara,cluster,F,0,small,35,2026Q2,63.0,140000.0,212000.0,283000.0,146000.0,220000.0,294000.0,152000.0,229000.0,307000.0,159000.0,238000.0,322000.0
pm-2026Q2-v3,PNG,Pulau Pinang,Seberang Perai Utara,cluster,F,0,typical,35,2026Q2,66.0,148000.0,219000.0,286000.0,155000.0,227000.0,297000.0,161000.0,237000.0,311000.0,168000.0,246000.0,326000.0
pm-2026Q2-v3,PNG,Pulau Pinang,Seberang Perai Utara,cluster,F,0,large,35,2026Q2,70.0,160000.0,239000.0,293000.0,167000.0,248000.0,305000.0,174000.0,257000.0,320000.0,181000.0,267000.0,335000.0
pm-2026Q2-v3,PNG,Pulau Pinang,Seberang Perai Utara,condo,F,0,small,201,2026Q2,73.0,142000.0,222000.0,279000.0,144000.0,222000.0,286000.0,146000.0,224000.0,293000.0,146000.0,225000.0,300000.0
pm-2026Q2-v3,PNG,Pulau Pinang,Seberang Perai Utara,condo,F,0,typical,201,2026Q2,87.0,171000.0,266000.0,329000.0,174000.0,266000.0,337000.0,175000.0,268000.0,345000.0,176000.0,269000.0,355000.0
pm-2026Q2-v3,PNG,Pulau Pinang,Seberang Perai Utara,condo,F,0,large,201,2026Q2,115.0,230000.0,354000.0,428000.0,233000.0,353000.0,438000.0,235000.0,355000.0,450000.0,237000.0,357000.0,464000.0
pm-2026Q2-v3,PNG,Pulau Pinang,Seberang Perai Utara,detached,F,0,small,35,2026Q2,121.0,288000.0,492000.0,733000.0,291000.0,495000.0,738000.0,295000.0,500000.0,748000.0,298000.0,505000.0,760000.0
pm-2026Q2-v3,PNG,Pulau Pinang,Seberang Perai Utara,detached,F,0,typical,35,2026Q2,159.0,372000.0,527000.0,947000.0,376000.0,534000.0,950000.0,381000.0,541000.0,963000.0,385000.0,549000.0,977000.0
pm-2026Q2-v3,PNG,Pulau Pinang,Seberang Perai Utara,detached,F,0,large,35,2026Q2,231.0,474000.0,621000.0,1155000.0,479000.0,631000.0,1158000.0,485000.0,641000.0,1174000.0,489000.0,652000.0,1191000.0
pm-2026Q2-v3,PNG,Pulau Pinang,Seberang Perai Utara,flat,F,0,small,43,2026Q2,54.0,72000.0,115000.0,188000.0,73000.0,117000.0,191000.0,75000.0,120000.0,196000.0,77000.0,123000.0,202000.0
pm-2026Q2-v3,PNG,Pulau Pinang,Seberang Perai Utara,flat,F,0,typical,43,2026Q2,65.0,96000.0,144000.0,221000.0,99000.0,147000.0,225000.0,101000.0,151000.0,231000.0,103000.0,154000.0,238000.0
pm-2026Q2-v3,PNG,Pulau Pinang,Seberang Perai Utara,flat,F,0,large,43,2026Q2,73.0,111000.0,179000.0,252000.0,114000.0,182000.0,257000.0,117000.0,186000.0,265000.0,119000.0,190000.0,273000.0
pm-2026Q2-v3,PNG,Pulau Pinang,Seberang Perai Utara,low_cost_flat,F,0,small,82,2026Q2,48.0,54000.0,83000.0,147000.0,57000.0,87000.0,154000.0,60000.0,92000.0,161000.0,63000.0,97000.0,169000.0
pm-2026Q2-v3,PNG,Pulau Pinang,Seberang Perai Utara,low_cost_flat,F,0,typical,82,2026Q2,50.0,56000.0,85000.0,150000.0,59000.0,89000.0,156000.0,62000.0,93000.0,164000.0,65000.0,98000.0,172000.0
pm-2026Q2-v3,PNG,Pulau Pinang,Seberang Perai Utara,low_cost_flat,F,0,large,82,2026Q2,58.0,69000.0,110000.0,173000.0,72000.0,115000.0,180000.0,76000.0,121000.0,189000.0,80000.0,127000.0,199000.0
pm-2026Q2-v3,PNG,Pulau Pinang,Seberang Perai Utara,low_cost_flat,L,0,small,12,2026Q2,53.0,58000.0,87000.0,152000.0,61000.0,91000.0,158000.0,64000.0,96000.0,166000.0,67000.0,101000.0,175000.0
pm-2026Q2-v3,PNG,Pulau Pinang,Seberang Perai Utara,low_cost_flat,L,0,typical,12,2026Q2,56.0,62000.0,99000.0,165000.0,65000.0,104000.0,172000.0,68000.0,109000.0,181000.0,72000.0,115000.0,191000.0
pm-2026Q2-v3,PNG,Pulau Pinang,Seberang Perai Utara,low_cost_flat,L,0,large,12,2026Q2,60.0,70000.0,106000.0,175000.0,74000.0,111000.0,182000.0,77000.0,117000.0,192000.0,81000.0,123000.0,201000.0
pm-2026Q2-v3,PNG,Pulau Pinang,Seberang Perai Utara,low_cost_house,F,0,small,50,2026Q2,60.0,123000.0,204000.0,275000.0,129000.0,212000.0,290000.0,136000.0,222000.0,308000.0,142000.0,233000.0,327000.0
pm-2026Q2-v3,PNG,Pulau Pinang,Seberang Perai Utara,low_cost_house,F,0,typical,50,2026Q2,60.0,123000.0,204000.0,275000.0,129000.0,212000.0,290000.0,136000.0,222000.0,308000.0,142000.0,233000.0,327000.0
pm-2026Q2-v3,PNG,Pulau Pinang,Seberang Perai Utara,low_cost_house,F,0,large,50,2026Q2,61.0,120000.0,205000.0,275000.0,127000.0,213000.0,291000.0,133000.0,223000.0,309000.0,139000.0,233000.0,327000.0
pm-2026Q2-v3,PNG,Pulau Pinang,Seberang Perai Utara,semi_detached,F,2,small,77,2026Q2,107.0,355000.0,504000.0,598000.0,365000.0,515000.0,615000.0,376000.0,528000.0,635000.0,386000.0,541000.0,656000.0
pm-2026Q2-v3,PNG,Pulau Pinang,Seberang Perai Utara,semi_detached,F,2,typical,77,2026Q2,156.0,428000.0,585000.0,815000.0,440000.0,600000.0,835000.0,452000.0,617000.0,860000.0,465000.0,635000.0,888000.0
pm-2026Q2-v3,PNG,Pulau Pinang,Seberang Perai Utara,semi_detached,F,2,large,77,2026Q2,202.0,493000.0,650000.0,900000.0,507000.0,667000.0,923000.0,521000.0,687000.0,950000.0,535000.0,707000.0,982000.0
pm-2026Q2-v3,PNG,Pulau Pinang,Seberang Perai Utara,terrace,F,2,small,543,2026Q2,89.0,257000.0,342000.0,429000.0,265000.0,351000.0,441000.0,272000.0,361000.0,456000.0,279000.0,370000.0,471000.0
pm-2026Q2-v3,PNG,Pulau Pinang,Seberang Perai Utara,terrace,F,2,typical,543,2026Q2,99.0,279000.0,344000.0,446000.0,287000.0,354000.0,458000.0,295000.0,365000.0,473000.0,302000.0,375000.0,488000.0
pm-2026Q2-v3,PNG,Pulau Pinang,Seberang Perai Utara,terrace,F,2,large,543,2026Q2,147.0,355000.0,441000.0,599000.0,366000.0,455000.0,614000.0,375000.0,469000.0,634000.0,385000.0,482000.0,654000.0
pm-2026Q2-v3,PNG,Pulau Pinang,Seberang Perai Utara,townhouse,F,0,small,14,2026Q2,87.0,180000.0,267000.0,342000.0,187000.0,275000.0,355000.0,194000.0,285000.0,371000.0,201000.0,295000.0,387000.0
pm-2026Q2-v3,PNG,Pulau Pinang,Seberang Perai Utara,townhouse,F,0,typical,14,2026Q2,103.0,228000.0,315000.0,382000.0,236000.0,325000.0,398000.0,245000.0,336000.0,415000.0,253000.0,347000.0,434000.0
pm-2026Q2-v3,PNG,Pulau Pinang,Seberang Perai Utara,townhouse,F,0,large,14,2026Q2,119.0,266000.0,364000.0,435000.0,276000.0,375000.0,453000.0,285000.0,388000.0,473000.0,295000.0,400000.0,494000.0
pm-2026Q2-v3,PNG,Pulau Pinang,Timur Laut,condo,F,0,small,691,2026Q2,82.0,217000.0,467000.0,525000.0,220000.0,456000.0,541000.0,223000.0,455000.0,559000.0,226000.0,454000.0,576000.0
pm-2026Q2-v3,PNG,Pulau Pinang,Timur Laut,condo,F,0,typical,691,2026Q2,105.0,315000.0,537000.0,708000.0,319000.0,536000.0,723000.0,323000.0,541000.0,741000.0,325000.0,544000.0,759000.0
pm-2026Q2-v3,PNG,Pulau Pinang,Timur Laut,condo,F,0,large,691,2026Q2,142.0,418000.0,645000.0,1009000.0,424000.0,652000.0,1023000.0,428000.0,663000.0,1048000.0,430000.0,672000.0,1071000.0
pm-2026Q2-v3,PNG,Pulau Pinang,Timur Laut,condo,L,0,small,68,2026Q2,83.0,205000.0,407000.0,490000.0,208000.0,401000.0,502000.0,211000.0,402000.0,516000.0,213000.0,403000.0,531000.0
pm-2026Q2-v3,PNG,Pulau Pinang,Timur Laut,condo,L,0,typical,68,2026Q2,88.0,230000.0,430000.0,509000.0,233000.0,424000.0,522000.0,236000.0,425000.0,537000.0,238000.0,426000.0,553000.0
pm-2026Q2-v3,PNG,Pulau Pinang,Timur Laut,condo,L,0,large,68,2026Q2,109.0,312000.0,474000.0,652000.0,316000.0,477000.0,665000.0,319000.0,483000.0,682000.0,321000.0,488000.0,697000.0
pm-2026Q2-v3,PNG,Pulau Pinang,Timur Laut,detached,F,0,small,41,2026Q2,182.0,839000.0,1172000.0,2191000.0,849000.0,1188000.0,2198000.0,859000.0,1206000.0,2228000.0,867000.0,1224000.0,2260000.0
pm-2026Q2-v3,PNG,Pulau Pinang,Timur Laut,detached,F,0,typical,41,2026Q2,306.0,1242000.0,1874000.0,3292000.0,1256000.0,1895000.0,3305000.0,1271000.0,1921000.0,3350000.0,1285000.0,1945000.0,3397000.0
pm-2026Q2-v3,PNG,Pulau Pinang,Timur Laut,detached,F,0,large,41,2026Q2,365.0,1484000.0,2016000.0,3617000.0,1501000.0,2044000.0,3630000.0,1518000.0,2075000.0,3680000.0,1533000.0,2107000.0,3732000.0
pm-2026Q2-v3,PNG,Pulau Pinang,Timur Laut,flat,F,0,small,926,2026Q2,64.0,126000.0,251000.0,315000.0,129000.0,253000.0,322000.0,132000.0,257000.0,332000.0,135000.0,262000.0,342000.0
pm-2026Q2-v3,PNG,Pulau Pinang,Timur Laut,flat,F,0,typical,926,2026Q2,65.0,133000.0,273000.0,335000.0,136000.0,275000.0,344000.0,139000.0,280000.0,354000.0,142000.0,284000.0,364000.0
pm-2026Q2-v3,PNG,Pulau Pinang,Timur Laut,flat,F,0,large,926,2026Q2,66.0,138000.0,281000.0,337000.0,141000.0,283000.0,346000.0,145000.0,287000.0,356000.0,148000.0,292000.0,367000.0
pm-2026Q2-v3,PNG,Pulau Pinang,Timur Laut,flat,L,0,small,125,2026Q2,61.0,111000.0,220000.0,295000.0,114000.0,222000.0,302000.0,116000.0,227000.0,311000.0,119000.0,231000.0,320000.0
pm-2026Q2-v3,PNG,Pulau Pinang,Timur Laut,flat,L,0,typical,125,2026Q2,72.0,145000.0,283000.0,346000.0,149000.0,286000.0,355000.0,152000.0,291000.0,366000.0,156000.0,295000.0,376000.0
pm-2026Q2-v3,PNG,Pulau Pinang,Timur Laut,flat,L,0,large,125,2026Q2,75.0,146000.0,317000.0,355000.0,150000.0,317000.0,365000.0,153000.0,322000.0,376000.0,157000.0,326000.0,389000.0
pm-2026Q2-v3,PNG,Pulau Pinang,Timur Laut,low_cost_flat,F,0,small,282,2026Q2,48.0,84000.0,168000.0,229000.0,88000.0,174000.0,240000.0,93000.0,182000.0,252000.0,97000.0,191000.0,265000.0
pm-2026Q2-v3,PNG,Pulau Pinang,Timur Laut,low_cost_flat,F,0,typical,282,2026Q2,50.0,85000.0,171000.0,235000.0,89000.0,178000.0,245000.0,94000.0,186000.0,258000.0,98000.0,195000.0,271000.0
pm-2026Q2-v3,PNG,Pulau Pinang,Timur Laut,low_cost_flat,F,0,large,282,2026Q2,52.0,91000.0,189000.0,243000.0,95000.0,196000.0,254000.0,100000.0,205000.0,267000.0,105000.0,214000.0,281000.0
pm-2026Q2-v3,PNG,Pulau Pinang,Timur Laut,low_cost_flat,L,0,small,120,2026Q2,41.0,55000.0,104000.0,190000.0,58000.0,109000.0,198000.0,61000.0,114000.0,208000.0,64000.0,120000.0,219000.0
pm-2026Q2-v3,PNG,Pulau Pinang,Timur Laut,low_cost_flat,L,0,typical,120,2026Q2,51.0,82000.0,153000.0,225000.0,86000.0,159000.0,235000.0,90000.0,166000.0,247000.0,94000.0,174000.0,260000.0
pm-2026Q2-v3,PNG,Pulau Pinang,Timur Laut,low_cost_flat,L,0,large,120,2026Q2,54.0,88000.0,169000.0,232000.0,92000.0,176000.0,243000.0,97000.0,184000.0,255000.0,101000.0,193000.0,269000.0
pm-2026Q2-v3,PNG,Pulau Pinang,Timur Laut,semi_detached,F,2,small,78,2026Q2,138.0,705000.0,956000.0,1132000.0,725000.0,977000.0,1164000.0,745000.0,1002000.0,1202000.0,766000.0,1028000.0,1241000.0
pm-2026Q2-v3,PNG,Pulau Pinang,Timur Laut,semi_detached,F,2,typical,78,2026Q2,183.0,828000.0,1045000.0,1420000.0,852000.0,1075000.0,1456000.0,875000.0,1107000.0,1500000.0,898000.0,1141000.0,1549000.0
pm-2026Q2-v3,PNG,Pulau Pinang,Timur Laut,semi_detached,F,2,large,78,2026Q2,228.0,914000.0,1216000.0,1770000.0,940000.0,1250000.0,1814000.0,967000.0,1287000.0,1868000.0,993000.0,1326000.0,1926000.0
pm-2026Q2-v3,PNG,Pulau Pinang,Timur Laut,terrace,F,2,small,160,2026Q2,116.0,534000.0,713000.0,863000.0,550000.0,730000.0,888000.0,566000.0,750000.0,919000.0,580000.0,770000.0,949000.0
pm-2026Q2-v3,PNG,Pulau Pinang,Timur Laut,terrace,F,2,typical,160,2026Q2,153.0,605000.0,780000.0,973000.0,622000.0,801000.0,1000000.0,640000.0,824000.0,1034000.0,656000.0,846000.0,1068000.0
pm-2026Q2-v3,PNG,Pulau Pinang,Timur Laut,terrace,F,2,large,160,2026Q2,207.0,717000.0,894000.0,1134000.0,738000.0,919000.0,1166000.0,758000.0,947000.0,1204000.0,777000.0,973000.0,1244000.0
pm-2026Q2-v3,PNG,Pulau Pinang,Timur Laut,townhouse,F,0,small,14,2026Q2,88.0,249000.0,410000.0,486000.0,259000.0,419000.0,507000.0,269000.0,432000.0,529000.0,279000.0,446000.0,553000.0
pm-2026Q2-v3,PNG,Pulau Pinang,Timur Laut,townhouse,F,0,typical,14,2026Q2,115.0,371000.0,554000.0,680000.0,385000.0,569000.0,708000.0,400000.0,588000.0,739000.0,413000.0,608000.0,772000.0
pm-2026Q2-v3,PNG,Pulau Pinang,Timur Laut,townhouse,F,0,large,14,2026Q2,292.0,737000.0,1028000.0,1482000.0,765000.0,1066000.0,1535000.0,793000.0,1107000.0,1600000.0,819000.0,1149000.0,1669000.0
pm-2026Q2-v3,SBH,Sabah,Beaufort,terrace,L,1,small,17,2026Q2,78.0,208000.0,280000.0,390000.0,214000.0,288000.0,400000.0,220000.0,296000.0,413000.0,226000.0,305000.0,427000.0
pm-2026Q2-v3,SBH,Sabah,Beaufort,terrace,L,1,typical,17,2026Q2,84.0,212000.0,287000.0,393000.0,218000.0,294000.0,403000.0,224000.0,303000.0,416000.0,230000.0,312000.0,430000.0
pm-2026Q2-v3,SBH,Sabah,Beaufort,terrace,L,1,large,17,2026Q2,102.0,236000.0,305000.0,428000.0,242000.0,314000.0,439000.0,249000.0,323000.0,453000.0,256000.0,333000.0,468000.0
pm-2026Q2-v3,SBH,Sabah,Keningau,detached,L,0,small,12,2026Q2,91.0,145000.0,319000.0,474000.0,147000.0,319000.0,478000.0,148000.0,322000.0,484000.0,150000.0,325000.0,491000.0
pm-2026Q2-v3,SBH,Sabah,Keningau,detached,L,0,typical,12,2026Q2,113.0,178000.0,358000.0,553000.0,180000.0,359000.0,556000.0,182000.0,363000.0,564000.0,184000.0,366000.0,572000.0
pm-2026Q2-v3,SBH,Sabah,Keningau,detached,L,0,large,12,2026Q2,123.0,186000.0,358000.0,566000.0,188000.0,359000.0,569000.0,191000.0,363000.0,577000.0,193000.0,367000.0,585000.0
pm-2026Q2-v3,SBH,Sabah,Keningau,semi_detached,L,1,small,15,2026Q2,95.0,259000.0,398000.0,463000.0,266000.0,405000.0,477000.0,274000.0,415000.0,493000.0,282000.0,424000.0,508000.0
pm-2026Q2-v3,SBH,Sabah,Keningau,semi_detached,L,1,typical,15,2026Q2,100.0,280000.0,405000.0,480000.0,288000.0,413000.0,493000.0,296000.0,424000.0,509000.0,304000.0,434000.0,526000.0
pm-2026Q2-v3,SBH,Sabah,Keningau,semi_detached,L,1,large,15,2026Q2,154.0,340000.0,435000.0,563000.0,349000.0,446000.0,578000.0,359000.0,459000.0,596000.0,368000.0,472000.0,615000.0
pm-2026Q2-v3,SBH,Sabah,Keningau,terrace,L,1,small,72,2026Q2,79.0,217000.0,290000.0,342000.0,223000.0,297000.0,352000.0,229000.0,304000.0,364000.0,235000.0,312000.0,376000.0
pm-2026Q2-v3,SBH,Sabah,Keningau,terrace,L,1,typical,72,2026Q2,83.0,219000.0,300000.0,341000.0,226000.0,306000.0,352000.0,232000.0,314000.0,364000.0,239000.0,322000.0,377000.0
pm-2026Q2-v3,SBH,Sabah,Keningau,terrace,L,1,large,72,2026Q2,93.0,222000.0,311000.0,359000.0,228000.0,318000.0,371000.0,235000.0,325000.0,383000.0,241000.0,333000.0,396000.0
pm-2026Q2-v3,SBH,Sabah,Kota Kinabalu,detached,L,0,small,16,2026Q2,169.0,469000.0,642000.0,1364000.0,474000.0,651000.0,1365000.0,479000.0,662000.0,1384000.0,484000.0,673000.0,1401000.0
pm-2026Q2-v3,SBH,Sabah,Kota Kinabalu,detached,L,0,typical,16,2026Q2,239.0,586000.0,1001000.0,1726000.0,593000.0,1009000.0,1734000.0,599000.0,1020000.0,1756000.0,606000.0,1033000.0,1781000.0
pm-2026Q2-v3,SBH,Sabah,Kota Kinabalu,detached,L,0,large,16,2026Q2,355.0,777000.0,1306000.0,2151000.0,786000.0,1316000.0,2163000.0,795000.0,1330000.0,2190000.0,804000.0,1347000.0,2219000.0
pm-2026Q2-v3,SBH,Sabah,Kota Kinabalu,low_cost_house,L,0,small,21,2026Q2,55.0,139000.0,192000.0,275000.0,146000.0,202000.0,289000.0,153000.0,213000.0,307000.0,160000.0,224000.0,325000.0
pm-2026Q2-v3,SBH,Sabah,Kota Kinabalu,low_cost_house,L,0,typical,21,2026Q2,55.0,139000.0,192000.0,275000.0,146000.0,202000.0,289000.0,153000.0,213000.0,307000.0,160000.0,224000.0,325000.0
pm-2026Q2-v3,SBH,Sabah,Kota Kinabalu,low_cost_house,L,0,large,21,2026Q2,61.0,138000.0,198000.0,282000.0,145000.0,208000.0,297000.0,152000.0,219000.0,315000.0,158000.0,230000.0,334000.0
pm-2026Q2-v3,SBH,Sabah,Kota Kinabalu,semi_detached,L,2,small,46,2026Q2,144.0,600000.0,799000.0,984000.0,617000.0,818000.0,1011000.0,634000.0,840000.0,1043000.0,651000.0,863000.0,1078000.0
pm-2026Q2-v3,SBH,Sabah,Kota Kinabalu,semi_detached,L,2,typical,46,2026Q2,177.0,692000.0,869000.0,1043000.0,711000.0,891000.0,1072000.0,731000.0,915000.0,1107000.0,749000.0,940000.0,1143000.0
pm-2026Q2-v3,SBH,Sabah,Kota Kinabalu,semi_detached,L,2,large,46,2026Q2,204.0,739000.0,991000.0,1184000.0,760000.0,1014000.0,1217000.0,782000.0,1040000.0,1257000.0,802000.0,1067000.0,1298000.0
pm-2026Q2-v3,SBH,Sabah,Kota Kinabalu,terrace,L,2,small,196,2026Q2,99.0,371000.0,526000.0,585000.0,382000.0,535000.0,604000.0,393000.0,547000.0,625000.0,404000.0,560000.0,647000.0
pm-2026Q2-v3,SBH,Sabah,Kota Kinabalu,terrace,L,2,typical,196,2026Q2,120.0,449000.0,607000.0,673000.0,462000.0,618000.0,695000.0,475000.0,632000.0,718000.0,488000.0,648000.0,744000.0
pm-2026Q2-v3,SBH,Sabah,Kota Kinabalu,terrace,L,2,large,196,2026Q2,141.0,477000.0,634000.0,731000.0,491000.0,647000.0,754000.0,505000.0,664000.0,779000.0,518000.0,681000.0,805000.0
pm-2026Q2-v3,SBH,Sabah,Kota Marudu,terrace,L,1,small,10,2026Q2,82.0,219000.0,303000.0,396000.0,225000.0,310000.0,407000.0,232000.0,319000.0,420000.0,238000.0,328000.0,434000.0
pm-2026Q2-v3,SBH,Sabah,Kota Marudu,terrace,L,1,typical,10,2026Q2,84.0,221000.0,306000.0,402000.0,227000.0,313000.0,413000.0,233000.0,322000.0,426000.0,240000.0,331000.0,440000.0
pm-2026Q2-v3,SBH,Sabah,Kota Marudu,terrace,L,1,large,10,2026Q2,91.0,223000.0,306000.0,415000.0,230000.0,314000.0,426000.0,236000.0,323000.0,439000.0,242000.0,333000.0,454000.0
pm-2026Q2-v3,SBH,Sabah,Kudat,terrace,L,1,small,21,2026Q2,80.0,209000.0,311000.0,385000.0,215000.0,317000.0,396000.0,221000.0,325000.0,409000.0,227000.0,334000.0,423000.0
pm-2026Q2-v3,SBH,Sabah,Kudat,terrace,L,1,typical,21,2026Q2,86.0,213000.0,314000.0,401000.0,219000.0,321000.0,412000.0,226000.0,329000.0,425000.0,232000.0,338000.0,440000.0
pm-2026Q2-v3,SBH,Sabah,Kudat,terrace,L,1,large,21,2026Q2,86.0,213000.0,314000.0,401000.0,219000.0,321000.0,412000.0,226000.0,329000.0,425000.0,232000.0,338000.0,440000.0
pm-2026Q2-v3,SBH,Sabah,Lahad Datu,low_cost_house,L,0,small,25,2026Q2,56.0,121000.0,202000.0,305000.0,128000.0,211000.0,320000.0,134000.0,222000.0,340000.0,141000.0,233000.0,360000.0
pm-2026Q2-v3,SBH,Sabah,Lahad Datu,low_cost_house,L,0,typical,25,2026Q2,63.0,122000.0,212000.0,313000.0,129000.0,222000.0,330000.0,136000.0,232000.0,350000.0,142000.0,244000.0,371000.0
pm-2026Q2-v3,SBH,Sabah,Lahad Datu,low_cost_house,L,0,large,25,2026Q2,65.0,125000.0,213000.0,313000.0,131000.0,223000.0,329000.0,138000.0,234000.0,350000.0,144000.0,245000.0,370000.0
pm-2026Q2-v3,SBH,Sabah,Lahad Datu,semi_detached,L,2,small,19,2026Q2,130.0,381000.0,496000.0,642000.0,392000.0,509000.0,658000.0,403000.0,523000.0,679000.0,413000.0,538000.0,701000.0
pm-2026Q2-v3,SBH,Sabah,Lahad Datu,semi_detached,L,2,typical,19,2026Q2,145.0,413000.0,505000.0,679000.0,425000.0,520000.0,696000.0,436000.0,536000.0,717000.0,447000.0,552000.0,740000.0
pm-2026Q2-v3,SBH,Sabah,Lahad Datu,semi_detached,L,2,large,19,2026Q2,162.0,447000.0,538000.0,702000.0,459000.0,554000.0,720000.0,471000.0,571000.0,743000.0,482000.0,587000.0,767000.0
pm-2026Q2-v3,SBH,Sabah,Lahad Datu,terrace,L,2,small,63,2026Q2,74.0,211000.0,320000.0,429000.0,217000.0,327000.0,440000.0,224000.0,336000.0,454000.0,230000.0,345000.0,470000.0
pm-2026Q2-v3,SBH,Sabah,Lahad Datu,terrace,L,2,typical,63,2026Q2,103.0,287000.0,360000.0,468000.0,295000.0,370000.0,481000.0,303000.0,381000.0,496000.0,311000.0,393000.0,513000.0
pm-2026Q2-v3,SBH,Sabah,Lahad Datu,terrace,L,2,large,63,2026Q2,113.0,311000.0,381000.0,501000.0,320000.0,392000.0,514000.0,328000.0,404000.0,531000.0,336000.0,417000.0,548000.0
pm-2026Q2-v3,SBH,Sabah,Papar,low_cost_house,L,0,small,13,2026Q2,54.0,107000.0,164000.0,224000.0,112000.0,171000.0,236000.0,118000.0,180000.0,251000.0,123000.0,188000.0,265000.0
pm-2026Q2-v3,SBH,Sabah,Papar,low_cost_house,L,0,typical,13,2026Q2,58.0,110000.0,166000.0,226000.0,116000.0,173000.0,239000.0,121000.0,182000.0,253000.0,127000.0,191000.0,268000.0
pm-2026Q2-v3,SBH,Sabah,Papar,low_cost_house,L,0,large,13,2026Q2,61.0,109000.0,170000.0,230000.0,115000.0,177000.0,243000.0,121000.0,186000.0,258000.0,126000.0,195000.0,273000.0
pm-2026Q2-v3,SBH,Sabah,Papar,terrace,L,2,small,50,2026Q2,78.0,230000.0,325000.0,440000.0,236000.0,333000.0,452000.0,243000.0,343000.0,466000.0,250000.0,352000.0,481000.0
pm-2026Q2-v3,SBH,Sabah,Papar,terrace,L,2,typical,50,2026Q2,85.0,250000.0,345000.0,446000.0,257000.0,353000.0,458000.0,264000.0,363000.0,473000.0,271000.0,373000.0,489000.0
pm-2026Q2-v3,SBH,Sabah,Papar,terrace,L,2,large,50,2026Q2,126.0,317000.0,454000.0,594000.0,327000.0,465000.0,610000.0,336000.0,478000.0,630000.0,345000.0,491000.0,651000.0
pm-2026Q2-v3,SBH,Sabah,Penampang,semi_detached,L,2,small,21,2026Q2,154.0,619000.0,795000.0,1013000.0,637000.0,815000.0,1039000.0,654000.0,839000.0,1072000.0,671000.0,862000.0,1107000.0
pm-2026Q2-v3,SBH,Sabah,Penampang,semi_detached,L,2,typical,21,2026Q2,197.0,692000.0,891000.0,1171000.0,712000.0,915000.0,1201000.0,732000.0,941000.0,1238000.0,751000.0,968000.0,1278000.0
pm-2026Q2-v3,SBH,Sabah,Penampang,semi_detached,L,2,large,21,2026Q2,231.0,738000.0,1054000.0,1275000.0,759000.0,1076000.0,1309000.0,781000.0,1104000.0,1352000.0,802000.0,1132000.0,1396000.0
pm-2026Q2-v3,SBH,Sabah,Penampang,terrace,L,2,small,48,2026Q2,80.0,306000.0,472000.0,552000.0,315000.0,481000.0,569000.0,324000.0,492000.0,588000.0,334000.0,504000.0,608000.0
pm-2026Q2-v3,SBH,Sabah,Penampang,terrace,L,2,typical,48,2026Q2,111.0,399000.0,594000.0,631000.0,411000.0,601000.0,653000.0,422000.0,613000.0,677000.0,435000.0,626000.0,703000.0
pm-2026Q2-v3,SBH,Sabah,Penampang,terrace,L,2,large,48,2026Q2,130.0,438000.0,577000.0,693000.0,451000.0,591000.0,713000.0,463000.0,606000.0,737000.0,475000.0,623000.0,762000.0
pm-2026Q2-v3,SBH,Sabah,Putatan,terrace,L,2,small,36,2026Q2,62.0,226000.0,362000.0,471000.0,233000.0,370000.0,484000.0,239000.0,379000.0,500000.0,246000.0,389000.0,517000.0
pm-2026Q2-v3,SBH,Sabah,Putatan,terrace,L,2,typical,36,2026Q2,73.0,257000.0,395000.0,518000.0,264000.0,404000.0,532000.0,272000.0,414000.0,550000.0,279000.0,426000.0,568000.0
pm-2026Q2-v3,SBH,Sabah,Putatan,terrace,L,2,large,36,2026Q2,97.0,286000.0,441000.0,581000.0,294000.0,451000.0,596000.0,303000.0,463000.0,616000.0,311000.0,475000.0,636000.0
pm-2026Q2-v3,SBH,Sabah,Sandakan,detached,L,0,small,17,2026Q2,168.0,287000.0,409000.0,856000.0,290000.0,415000.0,857000.0,294000.0,422000.0,868000.0,297000.0,428000.0,879000.0
pm-2026Q2-v3,SBH,Sabah,Sandakan,detached,L,0,typical,17,2026Q2,203.0,375000.0,464000.0,933000.0,379000.0,473000.0,934000.0,383000.0,481000.0,947000.0,386000.0,490000.0,959000.0
pm-2026Q2-v3,SBH,Sabah,Sandakan,detached,L,0,large,17,2026Q2,287.0,400000.0,586000.0,1311000.0,404000.0,594000.0,1310000.0,409000.0,604000.0,1329000.0,413000.0,613000.0,1346000.0
pm-2026Q2-v3,SBH,Sabah,Sandakan,semi_detached,L,2,small,28,2026Q2,136.0,401000.0,512000.0,690000.0,412000.0,526000.0,708000.0,424000.0,542000.0,730000.0,434000.0,558000.0,753000.0
pm-2026Q2-v3,SBH,Sabah,Sandakan,semi_detached,L,2,typical,28,2026Q2,160.0,433000.0,539000.0,770000.0,445000.0,555000.0,789000.0,457000.0,572000.0,812000.0,468000.0,590000.0,837000.0
pm-2026Q2-v3,SBH,Sabah,Sandakan,semi_detached,L,2,large,28,2026Q2,175.0,466000.0,543000.0,777000.0,479000.0,561000.0,796000.0,491000.0,579000.0,820000.0,503000.0,597000.0,845000.0
pm-2026Q2-v3,SBH,Sabah,Sandakan,terrace,L,2,small,261,2026Q2,101.0,260000.0,343000.0,434000.0,268000.0,352000.0,446000.0,275000.0,361000.0,460000.0,283000.0,372000.0,476000.0
pm-2026Q2-v3,SBH,Sabah,Sandakan,terrace,L,2,typical,261,2026Q2,116.0,296000.0,371000.0,478000.0,305000.0,381000.0,491000.0,313000.0,393000.0,507000.0,321000.0,404000.0,524000.0
pm-2026Q2-v3,SBH,Sabah,Sandakan,terrace,L,2,large,261,2026Q2,141.0,321000.0,399000.0,533000.0,330000.0,411000.0,547000.0,339000.0,424000.0,565000.0,347000.0,437000.0,584000.0
pm-2026Q2-v3,SBH,Sabah,Semporna,terrace,L,2,small,18,2026Q2,74.0,201000.0,293000.0,406000.0,207000.0,301000.0,417000.0,213000.0,309000.0,430000.0,219000.0,318000.0,444000.0
pm-2026Q2-v3,SBH,Sabah,Semporna,terrace,L,2,typical,18,2026Q2,83.0,216000.0,308000.0,413000.0,223000.0,316000.0,423000.0,229000.0,324000.0,437000.0,236000.0,334000.0,451000.0
pm-2026Q2-v3,SBH,Sabah,Semporna,terrace,L,2,large,18,2026Q2,102.0,246000.0,330000.0,460000.0,253000.0,340000.0,472000.0,260000.0,349000.0,487000.0,267000.0,360000.0,503000.0
pm-2026Q2-v3,SBH,Sabah,Tawau,cluster,L,0,small,16,2026Q2,59.0,128000.0,201000.0,339000.0,133000.0,210000.0,351000.0,139000.0,219000.0,367000.0,145000.0,228000.0,383000.0
pm-2026Q2-v3,SBH,Sabah,Tawau,cluster,L,0,typical,16,2026Q2,62.0,133000.0,200000.0,340000.0,138000.0,209000.0,352000.0,144000.0,218000.0,367000.0,150000.0,227000.0,384000.0
pm-2026Q2-v3,SBH,Sabah,Tawau,cluster,L,0,large,16,2026Q2,62.0,133000.0,200000.0,340000.0,138000.0,209000.0,352000.0,144000.0,218000.0,367000.0,150000.0,227000.0,384000.0
pm-2026Q2-v3,SBH,Sabah,Tawau,detached,L,0,small,13,2026Q2,132.0,247000.0,428000.0,763000.0,250000.0,431000.0,766000.0,253000.0,436000.0,777000.0,256000.0,442000.0,787000.0
pm-2026Q2-v3,SBH,Sabah,Tawau,detached,L,0,typical,13,2026Q2,161.0,294000.0,462000.0,894000.0,297000.0,467000.0,897000.0,301000.0,474000.0,908000.0,304000.0,480000.0,920000.0
pm-2026Q2-v3,SBH,Sabah,Tawau,detached,L,0,large,13,2026Q2,296.0,372000.0,683000.0,1260000.0,376000.0,687000.0,1264000.0,380000.0,696000.0,1281000.0,384000.0,704000.0,1299000.0
pm-2026Q2-v3,SBH,Sabah,Tawau,low_cost_house,L,0,small,26,2026Q2,58.0,124000.0,188000.0,284000.0,130000.0,197000.0,299000.0,137000.0,208000.0,317000.0,143000.0,218000.0,336000.0
pm-2026Q2-v3,SBH,Sabah,Tawau,low_cost_house,L,0,typical,26,2026Q2,61.0,124000.0,188000.0,288000.0,130000.0,197000.0,302000.0,137000.0,208000.0,320000.0,142000.0,219000.0,340000.0
pm-2026Q2-v3,SBH,Sabah,Tawau,low_cost_house,L,0,large,26,2026Q2,67.0,131000.0,194000.0,292000.0,138000.0,203000.0,307000.0,144000.0,214000.0,326000.0,150000.0,225000.0,345000.0
pm-2026Q2-v3,SBH,Sabah,Tawau,semi_detached,L,2,small,32,2026Q2,119.0,380000.0,551000.0,681000.0,391000.0,563000.0,699000.0,402000.0,577000.0,721000.0,414000.0,592000.0,745000.0
pm-2026Q2-v3,SBH,Sabah,Tawau,semi_detached,L,2,typical,32,2026Q2,137.0,402000.0,556000.0,715000.0,414000.0,570000.0,733000.0,425000.0,585000.0,756000.0,437000.0,601000.0,781000.0
pm-2026Q2-v3,SBH,Sabah,Tawau,semi_detached,L,2,large,32,2026Q2,206.0,510000.0,676000.0,908000.0,525000.0,693000.0,930000.0,540000.0,713000.0,959000.0,553000.0,734000.0,990000.0
pm-2026Q2-v3,SBH,Sabah,Tawau,terrace,L,2,small,202,2026Q2,74.0,201000.0,298000.0,393000.0,207000.0,305000.0,403000.0,213000.0,313000.0,416000.0,219000.0,322000.0,430000.0
pm-2026Q2-v3,SBH,Sabah,Tawau,terrace,L,2,typical,202,2026Q2,92.0,243000.0,346000.0,421000.0,250000.0,354000.0,433000.0,257000.0,363000.0,447000.0,264000.0,372000.0,462000.0
pm-2026Q2-v3,SBH,Sabah,Tawau,terrace,L,2,large,202,2026Q2,120.0,319000.0,415000.0,535000.0,328000.0,426000.0,550000.0,337000.0,438000.0,568000.0,346000.0,451000.0,587000.0
pm-2026Q2-v3,SBH,Sabah,Tenom,terrace,L,2,small,11,2026Q2,81.0,201000.0,300000.0,385000.0,207000.0,307000.0,396000.0,213000.0,315000.0,409000.0,219000.0,323000.0,422000.0
pm-2026Q2-v3,SBH,Sabah,Tenom,terrace,L,2,typical,11,2026Q2,83.0,201000.0,300000.0,385000.0,207000.0,307000.0,395000.0,213000.0,315000.0,408000.0,219000.0,323000.0,422000.0
pm-2026Q2-v3,SBH,Sabah,Tenom,terrace,L,2,large,11,2026Q2,109.0,267000.0,375000.0,447000.0,275000.0,383000.0,460000.0,283000.0,392000.0,475000.0,291000.0,403000.0,491000.0
pm-2026Q2-v3,SBH,Sabah,Tuaran,terrace,F,2,small,15,2026Q2,76.0,244000.0,320000.0,403000.0,251000.0,328000.0,414000.0,258000.0,337000.0,428000.0,265000.0,347000.0,443000.0
pm-2026Q2-v3,SBH,Sabah,Tuaran,terrace,F,2,typical,15,2026Q2,85.0,255000.0,340000.0,406000.0,263000.0,348000.0,419000.0,270000.0,357000.0,433000.0,277000.0,367000.0,447000.0
pm-2026Q2-v3,SBH,Sabah,Tuaran,terrace,F,2,large,15,2026Q2,130.0,309000.0,367000.0,509000.0,318000.0,379000.0,521000.0,326000.0,392000.0,538000.0,334000.0,404000.0,556000.0
pm-2026Q2-v3,SBH,Sabah,Tuaran,terrace,L,2,small,39,2026Q2,70.0,230000.0,311000.0,401000.0,237000.0,318000.0,412000.0,244000.0,327000.0,426000.0,250000.0,337000.0,440000.0
pm-2026Q2-v3,SBH,Sabah,Tuaran,terrace,L,2,typical,39,2026Q2,84.0,239000.0,346000.0,415000.0,247000.0,353000.0,427000.0,253000.0,362000.0,442000.0,261000.0,371000.0,456000.0
pm-2026Q2-v3,SBH,Sabah,Tuaran,terrace,L,2,large,39,2026Q2,90.0,243000.0,349000.0,423000.0,250000.0,356000.0,435000.0,257000.0,365000.0,450000.0,264000.0,375000.0,465000.0
pm-2026Q2-v3,SWK,Sarawak,Bahagian Betong,terrace,L,2,small,12,2026Q2,80.0,196000.0,341000.0,437000.0,202000.0,347000.0,449000.0,208000.0,356000.0,463000.0,213000.0,365000.0,479000.0
pm-2026Q2-v3,SWK,Sarawak,Bahagian Betong,terrace,L,2,typical,12,2026Q2,123.0,275000.0,375000.0,493000.0,283000.0,384000.0,506000.0,291000.0,395000.0,523000.0,299000.0,407000.0,540000.0
pm-2026Q2-v3,SWK,Sarawak,Bahagian Betong,terrace,L,2,large,12,2026Q2,140.0,288000.0,400000.0,514000.0,297000.0,410000.0,528000.0,305000.0,421000.0,546000.0,314000.0,433000.0,564000.0
pm-2026Q2-v3,SWK,Sarawak,Bahagian Bintulu,condo,L,0,small,21,2026Q2,77.0,125000.0,191000.0,293000.0,127000.0,193000.0,297000.0,128000.0,197000.0,304000.0,129000.0,199000.0,311000.0
pm-2026Q2-v3,SWK,Sarawak,Bahagian Bintulu,condo,L,0,typical,21,2026Q2,81.0,128000.0,207000.0,299000.0,130000.0,209000.0,304000.0,131000.0,211000.0,312000.0,132000.0,214000.0,318000.0
pm-2026Q2-v3,SWK,Sarawak,Bahagian Bintulu,condo,L,0,large,21,2026Q2,129.0,268000.0,342000.0,490000.0,270000.0,349000.0,498000.0,271000.0,355000.0,511000.0,272000.0,361000.0,522000.0
pm-2026Q2-v3,SWK,Sarawak,Bahagian Bintulu,low_cost_flat,L,0,small,17,2026Q2,46.0,71000.0,102000.0,178000.0,75000.0,107000.0,186000.0,78000.0,113000.0,195000.0,82000.0,118000.0,205000.0
pm-2026Q2-v3,SWK,Sarawak,Bahagian Bintulu,low_cost_flat,L,0,typical,17,2026Q2,46.0,71000.0,102000.0,178000.0,75000.0,107000.0,186000.0,78000.0,113000.0,195000.0,82000.0,118000.0,205000.0
pm-2026Q2-v3,SWK,Sarawak,Bahagian Bintulu,low_cost_flat,L,0,large,17,2026Q2,46.0,71000.0,102000.0,178000.0,75000.0,107000.0,186000.0,78000.0,113000.0,195000.0,82000.0,118000.0,205000.0
pm-2026Q2-v3,SWK,Sarawak,Bahagian Bintulu,low_cost_house,L,0,small,41,2026Q2,50.0,125000.0,200000.0,290000.0,132000.0,209000.0,305000.0,138000.0,219000.0,324000.0,145000.0,230000.0,343000.0
pm-2026Q2-v3,SWK,Sarawak,Bahagian Bintulu,low_cost_house,L,0,typical,41,2026Q2,55.0,129000.0,202000.0,285000.0,136000.0,211000.0,300000.0,142000.0,221000.0,319000.0,149000.0,232000.0,338000.0
pm-2026Q2-v3,SWK,Sarawak,Bahagian Bintulu,low_cost_house,L,0,large,41,2026Q2,61.0,131000.0,211000.0,293000.0,138000.0,220000.0,309000.0,145000.0,231000.0,328000.0,152000.0,242000.0,347000.0
pm-2026Q2-v3,SWK,Sarawak,Bahagian Bintulu,semi_detached,L,2,small,17,2026Q2,161.0,517000.0,654000.0,889000.0,531000.0,673000.0,912000.0,546000.0,692000.0,939000.0,560000.0,714000.0,970000.0
pm-2026Q2-v3,SWK,Sarawak,Bahagian Bintulu,semi_detached,L,2,typical,17,2026Q2,180.0,531000.0,704000.0,884000.0,546000.0,721000.0,908000.0,562000.0,741000.0,936000.0,577000.0,762000.0,967000.0
pm-2026Q2-v3,SWK,Sarawak,Bahagian Bintulu,semi_detached,L,2,large,17,2026Q2,211.0,571000.0,815000.0,937000.0,587000.0,831000.0,965000.0,604000.0,851000.0,997000.0,621000.0,872000.0,1030000.0
pm-2026Q2-v3,SWK,Sarawak,Bahagian Bintulu,terrace,L,2,small,68,2026Q2,139.0,423000.0,542000.0,687000.0,436000.0,557000.0,706000.0,448000.0,573000.0,730000.0,459000.0,589000.0,755000.0
pm-2026Q2-v3,SWK,Sarawak,Bahagian Bintulu,terrace,L,2,typical,68,2026Q2,149.0,443000.0,556000.0,726000.0,456000.0,573000.0,746000.0,468000.0,590000.0,771000.0,480000.0,607000.0,796000.0
pm-2026Q2-v3,SWK,Sarawak,Bahagian Bintulu,terrace,L,2,large,68,2026Q2,163.0,465000.0,569000.0,770000.0,479000.0,587000.0,790000.0,491000.0,606000.0,816000.0,503000.0,624000.0,842000.0
pm-2026Q2-v3,SWK,Sarawak,Bahagian Kuching,condo,F,0,small,20,2026Q2,86.0,139000.0,245000.0,382000.0,141000.0,246000.0,387000.0,142000.0,250000.0,397000.0,144000.0,253000.0,406000.0
pm-2026Q2-v3,SWK,Sarawak,Bahagian Kuching,condo,F,0,typical,20,2026Q2,94.0,141000.0,263000.0,392000.0,143000.0,263000.0,398000.0,145000.0,266000.0,408000.0,146000.0,269000.0,416000.0
pm-2026Q2-v3,SWK,Sarawak,Bahagian Kuching,condo,F,0,large,20,2026Q2,116.0,211000.0,338000.0,505000.0,214000.0,340000.0,513000.0,216000.0,345000.0,526000.0,218000.0,349000.0,538000.0
pm-2026Q2-v3,SWK,Sarawak,Bahagian Kuching,condo,L,0,small,269,2026Q2,69.0,99000.0,170000.0,261000.0,101000.0,171000.0,264000.0,102000.0,173000.0,271000.0,103000.0,175000.0,277000.0
pm-2026Q2-v3,SWK,Sarawak,Bahagian Kuching,condo,L,0,typical,269,2026Q2,90.0,132000.0,238000.0,349000.0,134000.0,239000.0,355000.0,136000.0,241000.0,364000.0,137000.0,244000.0,372000.0
pm-2026Q2-v3,SWK,Sarawak,Bahagian Kuching,condo,L,0,large,269,2026Q2,115.0,204000.0,338000.0,462000.0,207000.0,339000.0,471000.0,210000.0,343000.0,483000.0,211000.0,346000.0,494000.0
pm-2026Q2-v3,SWK,Sarawak,Bahagian Kuching,detached,F,0,small,31,2026Q2,79.0,124000.0,303000.0,483000.0,126000.0,303000.0,486000.0,127000.0,306000.0,492000.0,128000.0,308000.0,499000.0
pm-2026Q2-v3,SWK,Sarawak,Bahagian Kuching,detached,F,0,typical,31,2026Q2,132.0,215000.0,393000.0,674000.0,218000.0,395000.0,677000.0,220000.0,399000.0,686000.0,223000.0,404000.0,696000.0
pm-2026Q2-v3,SWK,Sarawak,Bahagian Kuching,detached,F,0,large,31,2026Q2,173.0,251000.0,442000.0,850000.0,254000.0,446000.0,853000.0,257000.0,452000.0,864000.0,260000.0,457000.0,875000.0
pm-2026Q2-v3,SWK,Sarawak,Bahagian Kuching,detached,L,0,small,22,2026Q2,120.0,174000.0,402000.0,665000.0,176000.0,403000.0,669000.0,178000.0,407000.0,677000.0,180000.0,410000.0,686000.0
pm-2026Q2-v3,SWK,Sarawak,Bahagian Kuching,detached,L,0,typical,22,2026Q2,194.0,251000.0,507000.0,895000.0,254000.0,509000.0,898000.0,257000.0,515000.0,910000.0,260000.0,520000.0,923000.0
pm-2026Q2-v3,SWK,Sarawak,Bahagian Kuching,detached,L,0,large,22,2026Q2,263.0,300000.0,682000.0,1234000.0,303000.0,684000.0,1238000.0,307000.0,691000.0,1254000.0,310000.0,698000.0,1271000.0
pm-2026Q2-v3,SWK,Sarawak,Bahagian Kuching,flat,L,0,small,43,2026Q2,56.0,61000.0,93000.0,150000.0,62000.0,95000.0,153000.0,64000.0,97000.0,157000.0,65000.0,99000.0,161000.0
pm-2026Q2-v3,SWK,Sarawak,Bahagian Kuching,flat,L,0,typical,43,2026Q2,60.0,63000.0,98000.0,153000.0,65000.0,100000.0,156000.0,66000.0,102000.0,160000.0,68000.0,105000.0,165000.0
pm-2026Q2-v3,SWK,Sarawak,Bahagian Kuching,flat,L,0,large,43,2026Q2,66.0,68000.0,108000.0,169000.0,70000.0,110000.0,173000.0,72000.0,112000.0,177000.0,73000.0,115000.0,182000.0
pm-2026Q2-v3,SWK,Sarawak,Bahagian Kuching,low_cost_flat,L,0,small,49,2026Q2,44.0,58000.0,85000.0,122000.0,61000.0,89000.0,127000.0,64000.0,93000.0,134000.0,67000.0,98000.0,141000.0
pm-2026Q2-v3,SWK,Sarawak,Bahagian Kuching,low_cost_flat,L,0,typical,49,2026Q2,46.0,60000.0,82000.0,121000.0,63000.0,86000.0,127000.0,66000.0,90000.0,133000.0,69000.0,95000.0,140000.0
pm-2026Q2-v3,SWK,Sarawak,Bahagian Kuching,low_cost_flat,L,0,large,49,2026Q2,46.0,60000.0,82000.0,121000.0,63000.0,86000.0,127000.0,66000.0,90000.0,133000.0,69000.0,95000.0,140000.0
pm-2026Q2-v3,SWK,Sarawak,Bahagian Kuching,low_cost_house,F,0,small,12,2026Q2,41.0,105000.0,180000.0,223000.0,111000.0,186000.0,236000.0,117000.0,195000.0,251000.0,122000.0,203000.0,266000.0
pm-2026Q2-v3,SWK,Sarawak,Bahagian Kuching,low_cost_house,F,0,typical,12,2026Q2,41.0,105000.0,180000.0,223000.0,111000.0,186000.0,236000.0,117000.0,195000.0,251000.0,122000.0,203000.0,266000.0
pm-2026Q2-v3,SWK,Sarawak,Bahagian Kuching,low_cost_house,F,0,large,12,2026Q2,41.0,105000.0,180000.0,223000.0,111000.0,186000.0,236000.0,117000.0,195000.0,251000.0,122000.0,203000.0,266000.0
pm-2026Q2-v3,SWK,Sarawak,Bahagian Kuching,low_cost_house,L,0,small,66,2026Q2,41.0,96000.0,152000.0,206000.0,101000.0,158000.0,217000.0,106000.0,166000.0,231000.0,111000.0,174000.0,244000.0
pm-2026Q2-v3,SWK,Sarawak,Bahagian Kuching,low_cost_house,L,0,typical,66,2026Q2,41.0,96000.0,152000.0,206000.0,101000.0,158000.0,217000.0,106000.0,166000.0,231000.0,111000.0,174000.0,244000.0
pm-2026Q2-v3,SWK,Sarawak,Bahagian Kuching,low_cost_house,L,0,large,66,2026Q2,54.0,101000.0,162000.0,214000.0,107000.0,169000.0,226000.0,112000.0,177000.0,240000.0,117000.0,185000.0,255000.0
pm-2026Q2-v3,SWK,Sarawak,Bahagian Kuching,semi_detached,L,2,small,111,2026Q2,120.0,391000.0,602000.0,700000.0,403000.0,613000.0,721000.0,414000.0,628000.0,745000.0,426000.0,643000.0,769000.0
pm-2026Q2-v3,SWK,Sarawak,Bahagian Kuching,semi_detached,L,2,typical,111,2026Q2,150.0,441000.0,638000.0,834000.0,454000.0,653000.0,856000.0,467000.0,671000.0,882000.0,480000.0,689000.0,911000.0
pm-2026Q2-v3,SWK,Sarawak,Bahagian Kuching,semi_detached,L,2,large,111,2026Q2,174.0,484000.0,692000.0,876000.0,497000.0,708000.0,899000.0,512000.0,727000.0,928000.0,526000.0,746000.0,958000.0
pm-2026Q2-v3,SWK,Sarawak,Bahagian Kuching,terrace,F,2,small,53,2026Q2,70.0,256000.0,409000.0,480000.0,264000.0,416000.0,494000.0,271000.0,426000.0,511000.0,279000.0,436000.0,528000.0
pm-2026Q2-v3,SWK,Sarawak,Bahagian Kuching,terrace,F,2,typical,53,2026Q2,130.0,389000.0,513000.0,717000.0,401000.0,527000.0,736000.0,412000.0,543000.0,759000.0,423000.0,560000.0,784000.0
pm-2026Q2-v3,SWK,Sarawak,Bahagian Kuching,terrace,F,2,large,53,2026Q2,160.0,433000.0,555000.0,795000.0,446000.0,573000.0,816000.0,458000.0,590000.0,841000.0,470000.0,608000.0,869000.0
pm-2026Q2-v3,SWK,Sarawak,Bahagian Kuching,terrace,L,1,small,406,2026Q2,70.0,229000.0,370000.0,425000.0,236000.0,376000.0,438000.0,242000.0,385000.0,453000.0,249000.0,393000.0,469000.0
pm-2026Q2-v3,SWK,Sarawak,Bahagian Kuching,terrace,L,1,typical,406,2026Q2,88.0,245000.0,390000.0,478000.0,252000.0,398000.0,492000.0,259000.0,408000.0,509000.0,267000.0,418000.0,526000.0
pm-2026Q2-v3,SWK,Sarawak,Bahagian Kuching,terrace,L,1,large,406,2026Q2,141.0,333000.0,436000.0,690000.0,343000.0,450000.0,707000.0,353000.0,464000.0,729000.0,362000.0,479000.0,751000.0
pm-2026Q2-v3,SWK,Sarawak,Bahagian Kuching,townhouse,L,0,small,17,2026Q2,103.0,196000.0,315000.0,426000.0,203000.0,324000.0,441000.0,211000.0,336000.0,461000.0,219000.0,347000.0,481000.0
pm-2026Q2-v3,SWK,Sarawak,Bahagian Kuching,townhouse,L,0,typical,17,2026Q2,139.0,260000.0,411000.0,646000.0,270000.0,426000.0,667000.0,280000.0,442000.0,695000.0,291000.0,459000.0,725000.0
pm-2026Q2-v3,SWK,Sarawak,Bahagian Kuching,townhouse,L,0,large,17,2026Q2,144.0,270000.0,438000.0,649000.0,280000.0,453000.0,671000.0,291000.0,469000.0,700000.0,302000.0,486000.0,729000.0
pm-2026Q2-v3,SWK,Sarawak,Bahagian Limbang,terrace,F,2,small,10,2026Q2,77.0,212000.0,309000.0,406000.0,218000.0,317000.0,417000.0,224000.0,325000.0,431000.0,230000.0,334000.0,445000.0
pm-2026Q2-v3,SWK,Sarawak,Bahagian Limbang,terrace,F,2,typical,10,2026Q2,115.0,289000.0,378000.0,474000.0,297000.0,388000.0,487000.0,306000.0,399000.0,503000.0,313000.0,410000.0,520000.0
pm-2026Q2-v3,SWK,Sarawak,Bahagian Limbang,terrace,F,2,large,10,2026Q2,161.0,338000.0,437000.0,543000.0,348000.0,448000.0,558000.0,358000.0,461000.0,577000.0,367000.0,474000.0,596000.0
pm-2026Q2-v3,SWK,Sarawak,Bahagian Limbang,terrace,L,2,small,20,2026Q2,66.0,175000.0,289000.0,426000.0,180000.0,296000.0,437000.0,185000.0,305000.0,450000.0,190000.0,313000.0,465000.0
pm-2026Q2-v3,SWK,Sarawak,Bahagian Limbang,terrace,L,2,typical,20,2026Q2,117.0,285000.0,407000.0,529000.0,293000.0,417000.0,543000.0,302000.0,429000.0,561000.0,310000.0,440000.0,580000.0
pm-2026Q2-v3,SWK,Sarawak,Bahagian Limbang,terrace,L,2,large,20,2026Q2,155.0,320000.0,470000.0,593000.0,329000.0,480000.0,609000.0,339000.0,493000.0,629000.0,348000.0,506000.0,651000.0
pm-2026Q2-v3,SWK,Sarawak,Bahagian Miri,condo,L,0,small,35,2026Q2,78.0,148000.0,214000.0,272000.0,150000.0,214000.0,278000.0,151000.0,217000.0,285000.0,151000.0,219000.0,293000.0
pm-2026Q2-v3,SWK,Sarawak,Bahagian Miri,condo,L,0,typical,35,2026Q2,128.0,255000.0,320000.0,439000.0,257000.0,326000.0,447000.0,258000.0,332000.0,459000.0,258000.0,337000.0,469000.0
pm-2026Q2-v3,SWK,Sarawak,Bahagian Miri,condo,L,0,large,35,2026Q2,163.0,279000.0,369000.0,551000.0,281000.0,376000.0,559000.0,283000.0,383000.0,574000.0,283000.0,389000.0,586000.0
pm-2026Q2-v3,SWK,Sarawak,Bahagian Miri,detached,L,0,small,43,2026Q2,131.0,280000.0,440000.0,638000.0,284000.0,443000.0,642000.0,287000.0,448000.0,651000.0,290000.0,452000.0,661000.0
pm-2026Q2-v3,SWK,Sarawak,Bahagian Miri,detached,L,0,typical,43,2026Q2,185.0,302000.0,538000.0,723000.0,305000.0,539000.0,729000.0,309000.0,544000.0,740000.0,312000.0,548000.0,752000.0
pm-2026Q2-v3,SWK,Sarawak,Bahagian Miri,detached,L,0,large,43,2026Q2,221.0,379000.0,609000.0,877000.0,384000.0,612000.0,884000.0,388000.0,619000.0,895000.0,392000.0,625000.0,910000.0
pm-2026Q2-v3,SWK,Sarawak,Bahagian Miri,low_cost_house,L,0,small,62,2026Q2,45.0,101000.0,178000.0,246000.0,106000.0,185000.0,259000.0,112000.0,194000.0,275000.0,117000.0,203000.0,291000.0
pm-2026Q2-v3,SWK,Sarawak,Bahagian Miri,low_cost_house,L,0,typical,62,2026Q2,45.0,101000.0,178000.0,246000.0,106000.0,185000.0,259000.0,112000.0,194000.0,275000.0,117000.0,203000.0,291000.0
pm-2026Q2-v3,SWK,Sarawak,Bahagian Miri,low_cost_house,L,0,large,62,2026Q2,81.0,132000.0,213000.0,281000.0,139000.0,221000.0,297000.0,146000.0,232000.0,315000.0,153000.0,243000.0,334000.0
pm-2026Q2-v3,SWK,Sarawak,Bahagian Miri,semi_detached,L,1,small,183,2026Q2,100.0,306000.0,457000.0,527000.0,315000.0,466000.0,543000.0,324000.0,477000.0,561000.0,333000.0,489000.0,579000.0
pm-2026Q2-v3,SWK,Sarawak,Bahagian Miri,semi_detached,L,1,typical,183,2026Q2,122.0,359000.0,459000.0,557000.0,369000.0,471000.0,572000.0,379000.0,483000.0,591000.0,389000.0,497000.0,610000.0
pm-2026Q2-v3,SWK,Sarawak,Bahagian Miri,semi_detached,L,1,large,183,2026Q2,172.0,372000.0,506000.0,638000.0,383000.0,519000.0,656000.0,394000.0,533000.0,676000.0,404000.0,548000.0,699000.0
pm-2026Q2-v3,SWK,Sarawak,Bahagian Miri,terrace,F,2,small,12,2026Q2,105.0,343000.0,479000.0,542000.0,353000.0,488000.0,560000.0,363000.0,500000.0,579000.0,373000.0,512000.0,599000.0
pm-2026Q2-v3,SWK,Sarawak,Bahagian Miri,terrace,F,2,typical,12,2026Q2,142.0,391000.0,501000.0,634000.0,402000.0,515000.0,651000.0,413000.0,530000.0,673000.0,424000.0,545000.0,696000.0
pm-2026Q2-v3,SWK,Sarawak,Bahagian Miri,terrace,F,2,large,12,2026Q2,142.0,391000.0,501000.0,634000.0,402000.0,515000.0,651000.0,413000.0,530000.0,673000.0,424000.0,545000.0,696000.0
pm-2026Q2-v3,SWK,Sarawak,Bahagian Miri,terrace,L,1,small,454,2026Q2,65.0,220000.0,352000.0,382000.0,227000.0,356000.0,395000.0,233000.0,364000.0,409000.0,240000.0,371000.0,425000.0
pm-2026Q2-v3,SWK,Sarawak,Bahagian Miri,terrace,L,1,typical,454,2026Q2,80.0,255000.0,383000.0,412000.0,262000.0,388000.0,427000.0,270000.0,396000.0,442000.0,277000.0,404000.0,458000.0
pm-2026Q2-v3,SWK,Sarawak,Bahagian Miri,terrace,L,1,large,454,2026Q2,109.0,310000.0,395000.0,476000.0,319000.0,405000.0,490000.0,328000.0,416000.0,507000.0,337000.0,428000.0,524000.0
pm-2026Q2-v3,SWK,Sarawak,Bahagian Miri,townhouse,L,0,small,16,2026Q2,44.0,65000.0,112000.0,199000.0,68000.0,116000.0,206000.0,70000.0,121000.0,214000.0,73000.0,125000.0,223000.0
pm-2026Q2-v3,SWK,Sarawak,Bahagian Miri,townhouse,L,0,typical,16,2026Q2,44.0,65000.0,112000.0,199000.0,68000.0,116000.0,206000.0,70000.0,121000.0,214000.0,73000.0,125000.0,223000.0
pm-2026Q2-v3,SWK,Sarawak,Bahagian Miri,townhouse,L,0,large,16,2026Q2,47.0,73000.0,123000.0,214000.0,76000.0,127000.0,221000.0,79000.0,132000.0,230000.0,82000.0,137000.0,240000.0
pm-2026Q2-v3,SWK,Sarawak,Bahagian Samarahan,condo,L,0,small,19,2026Q2,61.0,99000.0,132000.0,219000.0,100000.0,135000.0,222000.0,101000.0,138000.0,227000.0,101000.0,140000.0,232000.0
pm-2026Q2-v3,SWK,Sarawak,Bahagian Samarahan,condo,L,0,typical,19,2026Q2,64.0,102000.0,141000.0,226000.0,103000.0,144000.0,228000.0,104000.0,147000.0,234000.0,104000.0,149000.0,240000.0
pm-2026Q2-v3,SWK,Sarawak,Bahagian Samarahan,condo,L,0,large,19,2026Q2,116.0,219000.0,320000.0,401000.0,222000.0,320000.0,411000.0,224000.0,324000.0,422000.0,224000.0,326000.0,432000.0
pm-2026Q2-v3,SWK,Sarawak,Bahagian Samarahan,flat,L,0,small,11,2026Q2,62.0,69000.0,125000.0,193000.0,71000.0,127000.0,197000.0,72000.0,130000.0,202000.0,74000.0,132000.0,208000.0
pm-2026Q2-v3,SWK,Sarawak,Bahagian Samarahan,flat,L,0,typical,11,2026Q2,65.0,73000.0,129000.0,202000.0,75000.0,131000.0,206000.0,77000.0,134000.0,211000.0,79000.0,137000.0,217000.0
pm-2026Q2-v3,SWK,Sarawak,Bahagian Samarahan,flat,L,0,large,11,2026Q2,70.0,82000.0,141000.0,211000.0,84000.0,143000.0,215000.0,86000.0,146000.0,221000.0,88000.0,149000.0,227000.0
pm-2026Q2-v3,SWK,Sarawak,Bahagian Samarahan,low_cost_house,F,0,small,14,2026Q2,41.0,110000.0,191000.0,234000.0,115000.0,197000.0,248000.0,121000.0,206000.0,263000.0,127000.0,214000.0,280000.0
pm-2026Q2-v3,SWK,Sarawak,Bahagian Samarahan,low_cost_house,F,0,typical,14,2026Q2,41.0,110000.0,191000.0,234000.0,115000.0,197000.0,248000.0,121000.0,206000.0,263000.0,127000.0,214000.0,280000.0
pm-2026Q2-v3,SWK,Sarawak,Bahagian Samarahan,low_cost_house,F,0,large,14,2026Q2,58.0,119000.0,214000.0,256000.0,125000.0,221000.0,272000.0,132000.0,230000.0,289000.0,138000.0,239000.0,308000.0
pm-2026Q2-v3,SWK,Sarawak,Bahagian Samarahan,terrace,F,1,small,90,2026Q2,68.0,255000.0,328000.0,391000.0,262000.0,336000.0,403000.0,270000.0,346000.0,416000.0,277000.0,355000.0,430000.0
pm-2026Q2-v3,SWK,Sarawak,Bahagian Samarahan,terrace,F,1,typical,90,2026Q2,79.0,280000.0,363000.0,406000.0,288000.0,371000.0,419000.0,296000.0,380000.0,433000.0,304000.0,389000.0,449000.0
pm-2026Q2-v3,SWK,Sarawak,Bahagian Samarahan,terrace,F,1,large,90,2026Q2,147.0,335000.0,432000.0,597000.0,345000.0,444000.0,612000.0,355000.0,458000.0,632000.0,364000.0,472000.0,652000.0
pm-2026Q2-v3,SWK,Sarawak,Bahagian Samarahan,terrace,L,1,small,85,2026Q2,76.0,266000.0,355000.0,418000.0,274000.0,363000.0,431000.0,281000.0,372000.0,446000.0,289000.0,382000.0,460000.0
pm-2026Q2-v3,SWK,Sarawak,Bahagian Samarahan,terrace,L,1,typical,85,2026Q2,89.0,279000.0,377000.0,432000.0,287000.0,385000.0,446000.0,295000.0,395000.0,461000.0,302000.0,404000.0,477000.0
pm-2026Q2-v3,SWK,Sarawak,Bahagian Samarahan,terrace,L,1,large,85,2026Q2,145.0,331000.0,433000.0,584000.0,340000.0,445000.0,599000.0,350000.0,458000.0,618000.0,359000.0,472000.0,639000.0
pm-2026Q2-v3,SWK,Sarawak,Bahagian Sarikei,low_cost_house,L,0,small,10,2026Q2,40.0,75000.0,102000.0,172000.0,79000.0,108000.0,181000.0,82000.0,114000.0,191000.0,86000.0,120000.0,203000.0
pm-2026Q2-v3,SWK,Sarawak,Bahagian Sarikei,low_cost_house,L,0,typical,10,2026Q2,49.0,78000.0,114000.0,180000.0,82000.0,120000.0,189000.0,86000.0,126000.0,200000.0,90000.0,133000.0,212000.0
pm-2026Q2-v3,SWK,Sarawak,Bahagian Sarikei,low_cost_house,L,0,large,10,2026Q2,63.0,84000.0,123000.0,191000.0,88000.0,129000.0,201000.0,93000.0,136000.0,213000.0,97000.0,143000.0,226000.0
pm-2026Q2-v3,SWK,Sarawak,Bahagian Sarikei,semi_detached,L,2,small,13,2026Q2,161.0,379000.0,503000.0,610000.0,390000.0,515000.0,627000.0,401000.0,529000.0,647000.0,412000.0,544000.0,669000.0
pm-2026Q2-v3,SWK,Sarawak,Bahagian Sarikei,semi_detached,L,2,typical,13,2026Q2,171.0,383000.0,509000.0,607000.0,394000.0,521000.0,624000.0,405000.0,535000.0,645000.0,416000.0,549000.0,666000.0
pm-2026Q2-v3,SWK,Sarawak,Bahagian Sarikei,semi_detached,L,2,large,13,2026Q2,181.0,400000.0,527000.0,611000.0,411000.0,539000.0,629000.0,423000.0,553000.0,650000.0,434000.0,567000.0,671000.0
pm-2026Q2-v3,SWK,Sarawak,Bahagian Sarikei,terrace,L,2,small,69,2026Q2,107.0,271000.0,373000.0,447000.0,279000.0,381000.0,460000.0,287000.0,391000.0,476000.0,295000.0,401000.0,491000.0
pm-2026Q2-v3,SWK,Sarawak,Bahagian Sarikei,terrace,L,2,typical,69,2026Q2,147.0,319000.0,408000.0,505000.0,328000.0,419000.0,519000.0,337000.0,431000.0,537000.0,346000.0,443000.0,555000.0
pm-2026Q2-v3,SWK,Sarawak,Bahagian Sarikei,terrace,L,2,large,69,2026Q2,175.0,350000.0,450000.0,530000.0,360000.0,460000.0,546000.0,370000.0,473000.0,564000.0,380000.0,485000.0,583000.0
pm-2026Q2-v3,SWK,Sarawak,Bahagian Serian,low_cost_house,L,0,small,15,2026Q2,53.0,107000.0,150000.0,222000.0,113000.0,158000.0,234000.0,118000.0,166000.0,248000.0,123000.0,175000.0,263000.0
pm-2026Q2-v3,SWK,Sarawak,Bahagian Serian,low_cost_house,L,0,typical,15,2026Q2,57.0,113000.0,151000.0,231000.0,118000.0,159000.0,243000.0,124000.0,169000.0,257000.0,129000.0,178000.0,273000.0
pm-2026Q2-v3,SWK,Sarawak,Bahagian Serian,low_cost_house,L,0,large,15,2026Q2,64.0,113000.0,159000.0,241000.0,119000.0,167000.0,253000.0,124000.0,176000.0,269000.0,129000.0,186000.0,285000.0
pm-2026Q2-v3,SWK,Sarawak,Bahagian Serian,terrace,L,1,small,34,2026Q2,65.0,189000.0,250000.0,341000.0,194000.0,257000.0,350000.0,200000.0,265000.0,361000.0,205000.0,272000.0,373000.0
pm-2026Q2-v3,SWK,Sarawak,Bahagian Serian,terrace,L,1,typical,34,2026Q2,81.0,219000.0,297000.0,369000.0,225000.0,304000.0,379000.0,232000.0,312000.0,392000.0,238000.0,321000.0,406000.0
pm-2026Q2-v3,SWK,Sarawak,Bahagian Serian,terrace,L,1,large,34,2026Q2,114.0,269000.0,328000.0,456000.0,277000.0,338000.0,468000.0,284000.0,349000.0,483000.0,291000.0,360000.0,499000.0
pm-2026Q2-v3,SWK,Sarawak,Bahagian Sibu,condo,L,0,small,23,2026Q2,94.0,148000.0,225000.0,313000.0,150000.0,226000.0,319000.0,151000.0,230000.0,327000.0,152000.0,232000.0,334000.0
pm-2026Q2-v3,SWK,Sarawak,Bahagian Sibu,condo,L,0,typical,23,2026Q2,110.0,204000.0,280000.0,361000.0,206000.0,282000.0,369000.0,207000.0,286000.0,379000.0,208000.0,289000.0,388000.0
pm-2026Q2-v3,SWK,Sarawak,Bahagian Sibu,condo,L,0,large,23,2026Q2,125.0,225000.0,307000.0,411000.0,228000.0,310000.0,419000.0,229000.0,315000.0,430000.0,229000.0,318000.0,440000.0
pm-2026Q2-v3,SWK,Sarawak,Bahagian Sibu,low_cost_house,L,0,small,26,2026Q2,51.0,124000.0,204000.0,265000.0,131000.0,212000.0,280000.0,138000.0,222000.0,298000.0,144000.0,232000.0,316000.0
pm-2026Q2-v3,SWK,Sarawak,Bahagian Sibu,low_cost_house,L,0,typical,26,2026Q2,56.0,127000.0,207000.0,275000.0,134000.0,215000.0,290000.0,141000.0,225000.0,308000.0,147000.0,236000.0,327000.0
pm-2026Q2-v3,SWK,Sarawak,Bahagian Sibu,low_cost_house,L,0,large,26,2026Q2,101.0,153000.0,265000.0,374000.0,161000.0,276000.0,394000.0,170000.0,290000.0,418000.0,178000.0,304000.0,443000.0
pm-2026Q2-v3,SWK,Sarawak,Bahagian Sibu,semi_detached,L,2,small,51,2026Q2,159.0,438000.0,583000.0,731000.0,451000.0,598000.0,751000.0,463000.0,614000.0,774000.0,476000.0,631000.0,800000.0
pm-2026Q2-v3,SWK,Sarawak,Bahagian Sibu,semi_detached,L,2,typical,51,2026Q2,184.0,467000.0,620000.0,724000.0,480000.0,634000.0,745000.0,494000.0,650000.0,770000.0,507000.0,667000.0,795000.0
pm-2026Q2-v3,SWK,Sarawak,Bahagian Sibu,semi_detached,L,2,large,51,2026Q2,197.0,496000.0,645000.0,756000.0,510000.0,660000.0,778000.0,524000.0,677000.0,803000.0,538000.0,695000.0,830000.0
pm-2026Q2-v3,SWK,Sarawak,Bahagian Sibu,terrace,F,2,small,42,2026Q2,78.0,234000.0,342000.0,465000.0,241000.0,351000.0,477000.0,248000.0,360000.0,492000.0,255000.0,371000.0,508000.0
pm-2026Q2-v3,SWK,Sarawak,Bahagian Sibu,terrace,F,2,typical,42,2026Q2,97.0,266000.0,374000.0,483000.0,274000.0,383000.0,497000.0,282000.0,394000.0,513000.0,290000.0,405000.0,530000.0
pm-2026Q2-v3,SWK,Sarawak,Bahagian Sibu,terrace,F,2,large,42,2026Q2,139.0,345000.0,434000.0,562000.0,355000.0,446000.0,578000.0,365000.0,460000.0,597000.0,374000.0,473000.0,616000.0
pm-2026Q2-v3,SWK,Sarawak,Bahagian Sibu,terrace,L,2,small,228,2026Q2,91.0,252000.0,400000.0,480000.0,260000.0,408000.0,495000.0,267000.0,418000.0,511000.0,275000.0,427000.0,528000.0
pm-2026Q2-v3,SWK,Sarawak,Bahagian Sibu,terrace,L,2,typical,228,2026Q2,143.0,352000.0,468000.0,563000.0,362000.0,479000.0,580000.0,372000.0,492000.0,600000.0,382000.0,505000.0,619000.0
pm-2026Q2-v3,SWK,Sarawak,Bahagian Sibu,terrace,L,2,large,228,2026Q2,161.0,382000.0,489000.0,595000.0,394000.0,501000.0,613000.0,404000.0,515000.0,633000.0,415000.0,529000.0,655000.0
pm-2026Q2-v3,SWK,Sarawak,Bahagian Sri Aman,terrace,L,1,small,11,2026Q2,72.0,197000.0,271000.0,379000.0,202000.0,279000.0,389000.0,208000.0,287000.0,401000.0,214000.0,295000.0,414000.0
pm-2026Q2-v3,SWK,Sarawak,Bahagian Sri Aman,terrace,L,1,typical,11,2026Q2,91.0,204000.0,290000.0,397000.0,210000.0,297000.0,408000.0,216000.0,306000.0,421000.0,222000.0,315000.0,434000.0
pm-2026Q2-v3,SWK,Sarawak,Bahagian Sri Aman,terrace,L,1,large,11,2026Q2,123.0,240000.0,317000.0,433000.0,247000.0,326000.0,444000.0,254000.0,336000.0,458000.0,261000.0,346000.0,473000.0
pm-2026Q2-v3,SGR,Selangor,Gombak,condo,F,0,small,253,2026Q2,78.0,196000.0,336000.0,426000.0,199000.0,334000.0,436000.0,201000.0,337000.0,447000.0,203000.0,339000.0,459000.0
pm-2026Q2-v3,SGR,Selangor,Gombak,condo,F,0,typical,253,2026Q2,88.0,227000.0,369000.0,483000.0,230000.0,369000.0,493000.0,232000.0,373000.0,505000.0,234000.0,376000.0,518000.0
pm-2026Q2-v3,SGR,Selangor,Gombak,condo,F,0,large,253,2026Q2,108.0,292000.0,432000.0,645000.0,296000.0,437000.0,656000.0,299000.0,444000.0,672000.0,300000.0,450000.0,688000.0
pm-2026Q2-v3,SGR,Selangor,Gombak,condo,L,0,small,247,2026Q2,79.0,179000.0,289000.0,377000.0,182000.0,289000.0,385000.0,184000.0,292000.0,395000.0,185000.0,295000.0,405000.0
pm-2026Q2-v3,SGR,Selangor,Gombak,condo,L,0,typical,247,2026Q2,87.0,215000.0,315000.0,422000.0,218000.0,317000.0,431000.0,219000.0,321000.0,441000.0,221000.0,325000.0,452000.0
pm-2026Q2-v3,SGR,Selangor,Gombak,condo,L,0,large,247,2026Q2,100.0,246000.0,359000.0,474000.0,249000.0,361000.0,484000.0,251000.0,366000.0,496000.0,252000.0,370000.0,509000.0
pm-2026Q2-v3,SGR,Selangor,Gombak,detached,F,0,small,62,2026Q2,224.0,821000.0,1216000.0,1987000.0,830000.0,1229000.0,1998000.0,839000.0,1244000.0,2021000.0,848000.0,1259000.0,2050000.0
pm-2026Q2-v3,SGR,Selangor,Gombak,detached,F,0,typical,62,2026Q2,299.0,945000.0,1388000.0,2605000.0,956000.0,1405000.0,2612000.0,967000.0,1425000.0,2646000.0,977000.0,1444000.0,2683000.0
pm-2026Q2-v3,SGR,Selangor,Gombak,detached,F,0,large,62,2026Q2,374.0,1113000.0,1657000.0,2738000.0,1126000.0,1674000.0,2752000.0,1139000.0,1695000.0,2786000.0,1151000.0,1715000.0,2823000.0
pm-2026Q2-v3,SGR,Selangor,Gombak,detached,L,0,small,69,2026Q2,116.0,258000.0,358000.0,655000.0,261000.0,363000.0,657000.0,264000.0,368000.0,666000.0,266000.0,373000.0,675000.0
pm-2026Q2-v3,SGR,Selangor,Gombak,detached,L,0,typical,69,2026Q2,172.0,273000.0,420000.0,895000.0,276000.0,426000.0,896000.0,279000.0,431000.0,907000.0,282000.0,438000.0,919000.0
pm-2026Q2-v3,SGR,Selangor,Gombak,detached,L,0,large,69,2026Q2,262.0,367000.0,667000.0,1265000.0,371000.0,672000.0,1268000.0,375000.0,680000.0,1284000.0,379000.0,688000.0,1302000.0
pm-2026Q2-v3,SGR,Selangor,Gombak,flat,F,0,small,84,2026Q2,63.0,92000.0,135000.0,218000.0,94000.0,138000.0,222000.0,96000.0,142000.0,228000.0,98000.0,145000.0,234000.0
pm-2026Q2-v3,SGR,Selangor,Gombak,flat,F,0,typical,84,2026Q2,66.0,101000.0,152000.0,242000.0,103000.0,156000.0,247000.0,106000.0,159000.0,253000.0,108000.0,163000.0,260000.0
pm-2026Q2-v3,SGR,Selangor,Gombak,flat,F,0,large,84,2026Q2,72.0,111000.0,178000.0,273000.0,114000.0,181000.0,278000.0,117000.0,186000.0,286000.0,120000.0,190000.0,294000.0
pm-2026Q2-v3,SGR,Selangor,Gombak,flat,L,0,small,71,2026Q2,66.0,96000.0,145000.0,238000.0,98000.0,149000.0,242000.0,100000.0,152000.0,248000.0,103000.0,156000.0,255000.0
pm-2026Q2-v3,SGR,Selangor,Gombak,flat,L,0,typical,71,2026Q2,70.0,101000.0,157000.0,250000.0,103000.0,161000.0,255000.0,106000.0,165000.0,261000.0,108000.0,168000.0,268000.0
pm-2026Q2-v3,SGR,Selangor,Gombak,flat,L,0,large,71,2026Q2,76.0,110000.0,193000.0,296000.0,112000.0,197000.0,302000.0,115000.0,201000.0,310000.0,118000.0,205000.0,319000.0
pm-2026Q2-v3,SGR,Selangor,Gombak,low_cost_flat,F,0,small,35,2026Q2,60.0,95000.0,139000.0,224000.0,100000.0,146000.0,233000.0,105000.0,153000.0,245000.0,110000.0,161000.0,258000.0
pm-2026Q2-v3,SGR,Selangor,Gombak,low_cost_flat,F,0,typical,35,2026Q2,61.0,93000.0,139000.0,220000.0,98000.0,146000.0,230000.0,102000.0,153000.0,241000.0,107000.0,161000.0,254000.0
pm-2026Q2-v3,SGR,Selangor,Gombak,low_cost_flat,F,0,large,35,2026Q2,61.0,93000.0,139000.0,220000.0,98000.0,146000.0,230000.0,102000.0,153000.0,241000.0,107000.0,161000.0,254000.0
pm-2026Q2-v3,SGR,Selangor,Gombak,low_cost_flat,L,0,small,30,2026Q2,55.0,79000.0,125000.0,210000.0,83000.0,131000.0,219000.0,87000.0,137000.0,230000.0,91000.0,144000.0,242000.0
pm-2026Q2-v3,SGR,Selangor,Gombak,low_cost_flat,L,0,typical,30,2026Q2,58.0,83000.0,130000.0,220000.0,87000.0,136000.0,229000.0,92000.0,143000.0,241000.0,96000.0,150000.0,254000.0
pm-2026Q2-v3,SGR,Selangor,Gombak,low_cost_flat,L,0,large,30,2026Q2,61.0,92000.0,135000.0,221000.0,96000.0,142000.0,230000.0,101000.0,149000.0,242000.0,106000.0,156000.0,254000.0
pm-2026Q2-v3,SGR,Selangor,Gombak,low_cost_house,F,0,small,26,2026Q2,68.0,157000.0,268000.0,347000.0,165000.0,278000.0,366000.0,174000.0,291000.0,389000.0,182000.0,304000.0,413000.0
pm-2026Q2-v3,SGR,Selangor,Gombak,low_cost_house,F,0,typical,26,2026Q2,79.0,178000.0,293000.0,404000.0,187000.0,305000.0,426000.0,197000.0,320000.0,453000.0,206000.0,335000.0,479000.0
pm-2026Q2-v3,SGR,Selangor,Gombak,low_cost_house,F,0,large,26,2026Q2,96.0,187000.0,321000.0,461000.0,197000.0,335000.0,485000.0,208000.0,351000.0,515000.0,217000.0,368000.0,546000.0
pm-2026Q2-v3,SGR,Selangor,Gombak,low_cost_house,L,0,small,30,2026Q2,66.0,158000.0,283000.0,357000.0,166000.0,292000.0,378000.0,175000.0,305000.0,401000.0,183000.0,318000.0,426000.0
pm-2026Q2-v3,SGR,Selangor,Gombak,low_cost_house,L,0,typical,30,2026Q2,76.0,162000.0,298000.0,406000.0,170000.0,309000.0,428000.0,179000.0,323000.0,454000.0,188000.0,338000.0,481000.0
pm-2026Q2-v3,SGR,Selangor,Gombak,low_cost_house,L,0,large,30,2026Q2,92.0,176000.0,314000.0,448000.0,186000.0,326000.0,471000.0,196000.0,342000.0,500000.0,205000.0,358000.0,530000.0
pm-2026Q2-v3,SGR,Selangor,Gombak,semi_detached,F,2,small,75,2026Q2,190.0,730000.0,912000.0,1421000.0,751000.0,941000.0,1454000.0,771000.0,970000.0,1495000.0,791000.0,1002000.0,1542000.0
pm-2026Q2-v3,SGR,Selangor,Gombak,semi_detached,F,2,typical,75,2026Q2,218.0,817000.0,1054000.0,1617000.0,840000.0,1085000.0,1654000.0,863000.0,1118000.0,1703000.0,885000.0,1154000.0,1755000.0
pm-2026Q2-v3,SGR,Selangor,Gombak,semi_detached,F,2,large,75,2026Q2,276.0,835000.0,1063000.0,1812000.0,858000.0,1097000.0,1851000.0,882000.0,1132000.0,1906000.0,904000.0,1169000.0,1962000.0
pm-2026Q2-v3,SGR,Selangor,Gombak,semi_detached,L,2,small,52,2026Q2,74.0,345000.0,472000.0,671000.0,355000.0,485000.0,687000.0,364000.0,499000.0,708000.0,374000.0,513000.0,730000.0
pm-2026Q2-v3,SGR,Selangor,Gombak,semi_detached,L,2,typical,52,2026Q2,107.0,451000.0,582000.0,749000.0,464000.0,597000.0,768000.0,476000.0,614000.0,792000.0,489000.0,631000.0,818000.0
pm-2026Q2-v3,SGR,Selangor,Gombak,semi_detached,L,2,large,52,2026Q2,251.0,674000.0,894000.0,1289000.0,693000.0,919000.0,1320000.0,713000.0,946000.0,1359000.0,731000.0,975000.0,1401000.0
pm-2026Q2-v3,SGR,Selangor,Gombak,terrace,F,2,small,561,2026Q2,104.0,369000.0,530000.0,659000.0,380000.0,542000.0,677000.0,390000.0,556000.0,700000.0,401000.0,571000.0,723000.0
pm-2026Q2-v3,SGR,Selangor,Gombak,terrace,F,2,typical,561,2026Q2,133.0,455000.0,545000.0,742000.0,468000.0,562000.0,761000.0,480000.0,580000.0,785000.0,491000.0,597000.0,810000.0
pm-2026Q2-v3,SGR,Selangor,Gombak,terrace,F,2,large,561,2026Q2,162.0,488000.0,589000.0,858000.0,502000.0,609000.0,879000.0,515000.0,629000.0,906000.0,527000.0,648000.0,935000.0
pm-2026Q2-v3,SGR,Selangor,Gombak,terrace,L,2,small,366,2026Q2,96.0,329000.0,524000.0,593000.0,338000.0,532000.0,612000.0,348000.0,544000.0,632000.0,358000.0,556000.0,653000.0
pm-2026Q2-v3,SGR,Selangor,Gombak,terrace,L,2,typical,366,2026Q2,129.0,439000.0,566000.0,716000.0,451000.0,581000.0,735000.0,464000.0,598000.0,759000.0,475000.0,614000.0,785000.0
pm-2026Q2-v3,SGR,Selangor,Gombak,terrace,L,2,large,366,2026Q2,166.0,485000.0,628000.0,800000.0,499000.0,645000.0,822000.0,513000.0,663000.0,849000.0,526000.0,682000.0,877000.0
pm-2026Q2-v3,SGR,Selangor,Gombak,townhouse,F,0,small,20,2026Q2,75.0,189000.0,303000.0,426000.0,196000.0,312000.0,442000.0,204000.0,324000.0,460000.0,211000.0,335000.0,480000.0
pm-2026Q2-v3,SGR,Selangor,Gombak,townhouse,F,0,typical,20,2026Q2,96.0,243000.0,377000.0,512000.0,253000.0,389000.0,531000.0,262000.0,403000.0,553000.0,271000.0,418000.0,578000.0
pm-2026Q2-v3,SGR,Selangor,Gombak,townhouse,F,0,large,20,2026Q2,100.0,261000.0,392000.0,529000.0,271000.0,405000.0,549000.0,281000.0,419000.0,572000.0,291000.0,435000.0,598000.0
pm-2026Q2-v3,SGR,Selangor,Gombak,townhouse,L,0,small,19,2026Q2,82.0,200000.0,313000.0,435000.0,207000.0,323000.0,450000.0,215000.0,334000.0,470000.0,223000.0,347000.0,490000.0
pm-2026Q2-v3,SGR,Selangor,Gombak,townhouse,L,0,typical,19,2026Q2,96.0,230000.0,353000.0,494000.0,238000.0,364000.0,512000.0,247000.0,377000.0,534000.0,256000.0,391000.0,557000.0
pm-2026Q2-v3,SGR,Selangor,Gombak,townhouse,L,0,large,19,2026Q2,101.0,271000.0,372000.0,518000.0,281000.0,386000.0,537000.0,291000.0,400000.0,560000.0,301000.0,416000.0,584000.0
pm-2026Q2-v3,SGR,Selangor,Hulu Langat,cluster,F,0,small,38,2026Q2,193.0,593000.0,799000.0,1167000.0,618000.0,832000.0,1212000.0,645000.0,869000.0,1266000.0,670000.0,907000.0,1323000.0
pm-2026Q2-v3,SGR,Selangor,Hulu Langat,cluster,F,0,typical,38,2026Q2,253.0,652000.0,1014000.0,1268000.0,680000.0,1049000.0,1320000.0,710000.0,1090000.0,1382000.0,739000.0,1132000.0,1448000.0
pm-2026Q2-v3,SGR,Selangor,Hulu Langat,cluster,F,0,large,38,2026Q2,268.0,667000.0,1013000.0,1289000.0,696000.0,1049000.0,1342000.0,725000.0,1091000.0,1405000.0,757000.0,1134000.0,1470000.0
pm-2026Q2-v3,SGR,Selangor,Hulu Langat,condo,F,0,small,725,2026Q2,84.0,188000.0,339000.0,463000.0,191000.0,339000.0,473000.0,193000.0,342000.0,485000.0,195000.0,345000.0,496000.0
pm-2026Q2-v3,SGR,Selangor,Hulu Langat,condo,F,0,typical,725,2026Q2,93.0,204000.0,366000.0,510000.0,207000.0,366000.0,520000.0,210000.0,370000.0,533000.0,212000.0,373000.0,546000.0
pm-2026Q2-v3,SGR,Selangor,Hulu Langat,condo,F,0,large,725,2026Q2,113.0,287000.0,427000.0,639000.0,291000.0,432000.0,649000.0,294000.0,439000.0,665000.0,296000.0,445000.0,681000.0
pm-2026Q2-v3,SGR,Selangor,Hulu Langat,condo,L,0,small,320,2026Q2,78.0,172000.0,282000.0,383000.0,174000.0,283000.0,391000.0,176000.0,286000.0,401000.0,178000.0,289000.0,411000.0
pm-2026Q2-v3,SGR,Selangor,Hulu Langat,condo,L,0,typical,320,2026Q2,84.0,200000.0,305000.0,410000.0,203000.0,306000.0,419000.0,205000.0,310000.0,429000.0,206000.0,313000.0,440000.0
pm-2026Q2-v3,SGR,Selangor,Hulu Langat,condo,L,0,large,320,2026Q2,99.0,228000.0,342000.0,467000.0,231000.0,345000.0,476000.0,233000.0,349000.0,488000.0,234000.0,353000.0,500000.0
pm-2026Q2-v3,SGR,Selangor,Hulu Langat,detached,F,0,small,101,2026Q2,251.0,705000.0,1218000.0,2134000.0,713000.0,1227000.0,2143000.0,721000.0,1241000.0,2170000.0,729000.0,1256000.0,2199000.0
pm-2026Q2-v3,SGR,Selangor,Hulu Langat,detached,F,0,typical,101,2026Q2,317.0,866000.0,1519000.0,2465000.0,876000.0,1528000.0,2479000.0,886000.0,1544000.0,2509000.0,896000.0,1562000.0,2545000.0
pm-2026Q2-v3,SGR,Selangor,Hulu Langat,detached,F,0,large,101,2026Q2,417.0,1000000.0,1848000.0,2900000.0,1011000.0,1857000.0,2919000.0,1023000.0,1876000.0,2957000.0,1034000.0,1895000.0,3000000.0
pm-2026Q2-v3,SGR,Selangor,Hulu Langat,detached,L,0,small,56,2026Q2,112.0,226000.0,337000.0,581000.0,228000.0,341000.0,584000.0,231000.0,346000.0,591000.0,233000.0,350000.0,599000.0
pm-2026Q2-v3,SGR,Selangor,Hulu Langat,detached,L,0,typical,56,2026Q2,147.0,253000.0,371000.0,728000.0,256000.0,376000.0,730000.0,259000.0,381000.0,739000.0,261000.0,386000.0,748000.0
pm-2026Q2-v3,SGR,Selangor,Hulu Langat,detached,L,0,large,56,2026Q2,177.0,276000.0,416000.0,800000.0,279000.0,421000.0,803000.0,282000.0,427000.0,813000.0,285000.0,433000.0,824000.0
pm-2026Q2-v3,SGR,Selangor,Hulu Langat,flat,F,0,small,168,2026Q2,70.0,102000.0,160000.0,250000.0,104000.0,163000.0,255000.0,107000.0,167000.0,261000.0,109000.0,171000.0,269000.0
pm-2026Q2-v3,SGR,Selangor,Hulu Langat,flat,F,0,typical,168,2026Q2,75.0,112000.0,199000.0,277000.0,114000.0,202000.0,283000.0,117000.0,207000.0,291000.0,120000.0,211000.0,299000.0
pm-2026Q2-v3,SGR,Selangor,Hulu Langat,flat,F,0,large,168,2026Q2,80.0,117000.0,219000.0,293000.0,120000.0,222000.0,299000.0,123000.0,226000.0,308000.0,125000.0,231000.0,317000.0
pm-2026Q2-v3,SGR,Selangor,Hulu Langat,flat,L,0,small,156,2026Q2,62.0,85000.0,135000.0,215000.0,87000.0,137000.0,219000.0,89000.0,141000.0,225000.0,91000.0,144000.0,231000.0
pm-2026Q2-v3,SGR,Selangor,Hulu Langat,flat,L,0,typical,156,2026Q2,70.0,105000.0,160000.0,253000.0,108000.0,163000.0,258000.0,110000.0,167000.0,264000.0,113000.0,172000.0,272000.0
pm-2026Q2-v3,SGR,Selangor,Hulu Langat,flat,L,0,large,156,2026Q2,78.0,116000.0,209000.0,285000.0,119000.0,212000.0,292000.0,122000.0,217000.0,300000.0,125000.0,221000.0,309000.0
pm-2026Q2-v3,SGR,Selangor,Hulu Langat,low_cost_flat,F,0,small,67,2026Q2,50.0,68000.0,110000.0,187000.0,72000.0,115000.0,195000.0,75000.0,120000.0,205000.0,79000.0,126000.0,215000.0
pm-2026Q2-v3,SGR,Selangor,Hulu Langat,low_cost_flat,F,0,typical,67,2026Q2,60.0,88000.0,138000.0,216000.0,92000.0,144000.0,225000.0,97000.0,151000.0,236000.0,102000.0,159000.0,249000.0
pm-2026Q2-v3,SGR,Selangor,Hulu Langat,low_cost_flat,F,0,large,67,2026Q2,62.0,86000.0,137000.0,212000.0,91000.0,143000.0,222000.0,95000.0,150000.0,233000.0,100000.0,157000.0,245000.0
pm-2026Q2-v3,SGR,Selangor,Hulu Langat,low_cost_flat,L,0,small,66,2026Q2,55.0,73000.0,121000.0,197000.0,77000.0,127000.0,206000.0,80000.0,133000.0,216000.0,84000.0,140000.0,227000.0
pm-2026Q2-v3,SGR,Selangor,Hulu Langat,low_cost_flat,L,0,typical,66,2026Q2,59.0,80000.0,132000.0,216000.0,84000.0,138000.0,225000.0,88000.0,144000.0,237000.0,93000.0,152000.0,249000.0
pm-2026Q2-v3,SGR,Selangor,Hulu Langat,low_cost_flat,L,0,large,66,2026Q2,62.0,86000.0,130000.0,211000.0,90000.0,136000.0,220000.0,95000.0,143000.0,232000.0,100000.0,151000.0,243000.0
pm-2026Q2-v3,SGR,Selangor,Hulu Langat,low_cost_house,F,0,small,46,2026Q2,56.0,151000.0,258000.0,338000.0,159000.0,268000.0,357000.0,167000.0,281000.0,380000.0,175000.0,293000.0,402000.0
pm-2026Q2-v3,SGR,Selangor,Hulu Langat,low_cost_house,F,0,typical,46,2026Q2,62.0,149000.0,265000.0,339000.0,157000.0,274000.0,358000.0,166000.0,286000.0,380000.0,173000.0,299000.0,404000.0
pm-2026Q2-v3,SGR,Selangor,Hulu Langat,low_cost_house,F,0,large,46,2026Q2,68.0,152000.0,274000.0,346000.0,160000.0,283000.0,366000.0,169000.0,295000.0,388000.0,177000.0,308000.0,412000.0
pm-2026Q2-v3,SGR,Selangor,Hulu Langat,low_cost_house,L,0,small,42,2026Q2,57.0,148000.0,234000.0,316000.0,156000.0,243000.0,333000.0,163000.0,255000.0,354000.0,171000.0,268000.0,375000.0
pm-2026Q2-v3,SGR,Selangor,Hulu Langat,low_cost_house,L,0,typical,42,2026Q2,62.0,146000.0,238000.0,319000.0,153000.0,248000.0,337000.0,161000.0,260000.0,358000.0,169000.0,272000.0,379000.0
pm-2026Q2-v3,SGR,Selangor,Hulu Langat,low_cost_house,L,0,large,42,2026Q2,65.0,146000.0,241000.0,321000.0,154000.0,251000.0,338000.0,162000.0,263000.0,360000.0,169000.0,275000.0,381000.0
pm-2026Q2-v3,SGR,Selangor,Hulu Langat,semi_detached,F,2,small,225,2026Q2,191.0,604000.0,856000.0,1233000.0,621000.0,878000.0,1264000.0,638000.0,904000.0,1301000.0,656000.0,929000.0,1341000.0
pm-2026Q2-v3,SGR,Selangor,Hulu Langat,semi_detached,F,2,typical,225,2026Q2,230.0,668000.0,1019000.0,1413000.0,688000.0,1044000.0,1448000.0,707000.0,1072000.0,1491000.0,727000.0,1100000.0,1540000.0
pm-2026Q2-v3,SGR,Selangor,Hulu Langat,semi_detached,F,2,large,225,2026Q2,281.0,724000.0,1058000.0,1627000.0,745000.0,1086000.0,1664000.0,766000.0,1118000.0,1713000.0,788000.0,1149000.0,1765000.0
pm-2026Q2-v3,SGR,Selangor,Hulu Langat,semi_detached,L,2,small,21,2026Q2,200.0,641000.0,847000.0,1149000.0,659000.0,869000.0,1178000.0,678000.0,894000.0,1213000.0,695000.0,920000.0,1252000.0
pm-2026Q2-v3,SGR,Selangor,Hulu Langat,semi_detached,L,2,typical,21,2026Q2,225.0,689000.0,986000.0,1288000.0,709000.0,1009000.0,1321000.0,729000.0,1036000.0,1362000.0,749000.0,1064000.0,1407000.0
pm-2026Q2-v3,SGR,Selangor,Hulu Langat,semi_detached,L,2,large,21,2026Q2,282.0,740000.0,1029000.0,1524000.0,762000.0,1057000.0,1560000.0,783000.0,1088000.0,1606000.0,804000.0,1119000.0,1656000.0
pm-2026Q2-v3,SGR,Selangor,Hulu Langat,terrace,F,2,small,1372,2026Q2,105.0,346000.0,512000.0,592000.0,356000.0,521000.0,611000.0,366000.0,533000.0,632000.0,376000.0,546000.0,652000.0
pm-2026Q2-v3,SGR,Selangor,Hulu Langat,terrace,F,2,typical,1372,2026Q2,132.0,405000.0,544000.0,679000.0,417000.0,557000.0,698000.0,429000.0,573000.0,721000.0,440000.0,588000.0,745000.0
pm-2026Q2-v3,SGR,Selangor,Hulu Langat,terrace,F,2,large,1372,2026Q2,161.0,435000.0,569000.0,740000.0,447000.0,584000.0,760000.0,460000.0,601000.0,785000.0,472000.0,618000.0,810000.0
pm-2026Q2-v3,SGR,Selangor,Hulu Langat,terrace,L,2,small,373,2026Q2,79.0,272000.0,386000.0,509000.0,280000.0,395000.0,523000.0,288000.0,406000.0,540000.0,296000.0,417000.0,557000.0
pm-2026Q2-v3,SGR,Selangor,Hulu Langat,terrace,L,2,typical,373,2026Q2,113.0,366000.0,485000.0,621000.0,376000.0,497000.0,638000.0,387000.0,511000.0,659000.0,397000.0,525000.0,680000.0
pm-2026Q2-v3,SGR,Selangor,Hulu Langat,terrace,L,2,large,373,2026Q2,135.0,399000.0,511000.0,655000.0,410000.0,525000.0,673000.0,422000.0,540000.0,694000.0,432000.0,555000.0,717000.0
pm-2026Q2-v3,SGR,Selangor,Hulu Langat,townhouse,F,0,small,60,2026Q2,98.0,236000.0,369000.0,461000.0,245000.0,379000.0,479000.0,254000.0,392000.0,500000.0,263000.0,405000.0,522000.0
pm-2026Q2-v3,SGR,Selangor,Hulu Langat,townhouse,F,0,typical,60,2026Q2,109.0,290000.0,384000.0,518000.0,301000.0,398000.0,537000.0,312000.0,414000.0,560000.0,322000.0,429000.0,585000.0
pm-2026Q2-v3,SGR,Selangor,Hulu Langat,townhouse,F,0,large,60,2026Q2,122.0,319000.0,429000.0,588000.0,331000.0,445000.0,609000.0,342000.0,462000.0,635000.0,354000.0,480000.0,664000.0
pm-2026Q2-v3,SGR,Selangor,Hulu Langat,townhouse,L,0,small,39,2026Q2,74.0,163000.0,262000.0,366000.0,169000.0,270000.0,379000.0,176000.0,279000.0,395000.0,182000.0,289000.0,413000.0
pm-2026Q2-v3,SGR,Selangor,Hulu Langat,townhouse,L,0,typical,39,2026Q2,79.0,184000.0,300000.0,391000.0,191000.0,308000.0,406000.0,198000.0,318000.0,423000.0,206000.0,329000.0,442000.0
pm-2026Q2-v3,SGR,Selangor,Hulu Langat,townhouse,L,0,large,39,2026Q2,88.0,208000.0,327000.0,410000.0,216000.0,336000.0,427000.0,224000.0,347000.0,446000.0,232000.0,360000.0,465000.0
pm-2026Q2-v3,SGR,Selangor,Hulu Selangor,condo,F,0,small,19,2026Q2,72.0,109000.0,150000.0,246000.0,110000.0,154000.0,250000.0,111000.0,156000.0,255000.0,111000.0,159000.0,262000.0
pm-2026Q2-v3,SGR,Selangor,Hulu Selangor,condo,F,0,typical,19,2026Q2,74.0,112000.0,159000.0,263000.0,114000.0,162000.0,266000.0,114000.0,165000.0,272000.0,115000.0,168000.0,279000.0
pm-2026Q2-v3,SGR,Selangor,Hulu Selangor,condo,F,0,large,19,2026Q2,75.0,113000.0,160000.0,267000.0,114000.0,163000.0,271000.0,115000.0,167000.0,277000.0,116000.0,169000.0,284000.0
pm-2026Q2-v3,SGR,Selangor,Hulu Selangor,condo,L,0,small,22,2026Q2,72.0,94000.0,131000.0,213000.0,95000.0,134000.0,216000.0,95000.0,136000.0,221000.0,96000.0,139000.0,227000.0
pm-2026Q2-v3,SGR,Selangor,Hulu Selangor,condo,L,0,typical,22,2026Q2,72.0,94000.0,131000.0,213000.0,95000.0,134000.0,216000.0,95000.0,136000.0,221000.0,96000.0,139000.0,227000.0
pm-2026Q2-v3,SGR,Selangor,Hulu Selangor,condo,L,0,large,22,2026Q2,89.0,119000.0,172000.0,273000.0,121000.0,175000.0,277000.0,122000.0,178000.0,284000.0,123000.0,181000.0,290000.0
pm-2026Q2-v3,SGR,Selangor,Hulu Selangor,detached,F,0,small,23,2026Q2,121.0,248000.0,445000.0,659000.0,250000.0,447000.0,664000.0,253000.0,451000.0,672000.0,256000.0,456000.0,683000.0
pm-2026Q2-v3,SGR,Selangor,Hulu Selangor,detached,F,0,typical,23,2026Q2,128.0,267000.0,452000.0,679000.0,270000.0,454000.0,684000.0,273000.0,459000.0,693000.0,276000.0,463000.0,703000.0
pm-2026Q2-v3,SGR,Selangor,Hulu Selangor,detached,F,0,large,23,2026Q2,148.0,303000.0,469000.0,735000.0,306000.0,473000.0,739000.0,309000.0,478000.0,749000.0,313000.0,483000.0,760000.0
pm-2026Q2-v3,SGR,Selangor,Hulu Selangor,detached,L,0,small,50,2026Q2,92.0,86000.0,260000.0,425000.0,87000.0,259000.0,427000.0,88000.0,261000.0,432000.0,89000.0,263000.0,438000.0
pm-2026Q2-v3,SGR,Selangor,Hulu Selangor,detached,L,0,typical,50,2026Q2,125.0,122000.0,288000.0,478000.0,124000.0,288000.0,481000.0,125000.0,291000.0,487000.0,127000.0,293000.0,493000.0
pm-2026Q2-v3,SGR,Selangor,Hulu Selangor,detached,L,0,large,50,2026Q2,206.0,196000.0,354000.0,643000.0,198000.0,357000.0,645000.0,200000.0,361000.0,653000.0,202000.0,365000.0,662000.0
pm-2026Q2-v3,SGR,Selangor,Hulu Selangor,flat,F,0,small,66,2026Q2,69.0,70000.0,113000.0,182000.0,72000.0,116000.0,186000.0,74000.0,118000.0,191000.0,75000.0,121000.0,196000.0
pm-2026Q2-v3,SGR,Selangor,Hulu Selangor,flat,F,0,typical,66,2026Q2,72.0,74000.0,123000.0,200000.0,76000.0,125000.0,204000.0,78000.0,128000.0,209000.0,80000.0,131000.0,215000.0
pm-2026Q2-v3,SGR,Selangor,Hulu Selangor,flat,F,0,large,66,2026Q2,73.0,73000.0,124000.0,209000.0,75000.0,127000.0,212000.0,77000.0,130000.0,218000.0,78000.0,133000.0,224000.0
pm-2026Q2-v3,SGR,Selangor,Hulu Selangor,flat,L,0,small,13,2026Q2,65.0,66000.0,100000.0,172000.0,67000.0,102000.0,175000.0,69000.0,105000.0,180000.0,71000.0,107000.0,185000.0
pm-2026Q2-v3,SGR,Selangor,Hulu Selangor,flat,L,0,typical,13,2026Q2,65.0,66000.0,100000.0,172000.0,67000.0,102000.0,175000.0,69000.0,105000.0,180000.0,71000.0,107000.0,185000.0
pm-2026Q2-v3,SGR,Selangor,Hulu Selangor,flat,L,0,large,13,2026Q2,67.0,66000.0,100000.0,175000.0,68000.0,102000.0,179000.0,69000.0,105000.0,183000.0,71000.0,107000.0,188000.0
pm-2026Q2-v3,SGR,Selangor,Hulu Selangor,low_cost_flat,F,0,small,21,2026Q2,60.0,65000.0,104000.0,164000.0,69000.0,109000.0,171000.0,72000.0,114000.0,180000.0,76000.0,120000.0,189000.0
pm-2026Q2-v3,SGR,Selangor,Hulu Selangor,low_cost_flat,F,0,typical,21,2026Q2,60.0,65000.0,104000.0,164000.0,69000.0,109000.0,171000.0,72000.0,114000.0,180000.0,76000.0,120000.0,189000.0
pm-2026Q2-v3,SGR,Selangor,Hulu Selangor,low_cost_flat,F,0,large,21,2026Q2,65.0,71000.0,114000.0,176000.0,75000.0,119000.0,183000.0,79000.0,125000.0,192000.0,82000.0,131000.0,202000.0
pm-2026Q2-v3,SGR,Selangor,Hulu Selangor,low_cost_house,F,0,small,18,2026Q2,60.0,93000.0,149000.0,206000.0,98000.0,155000.0,217000.0,103000.0,163000.0,231000.0,108000.0,171000.0,244000.0
pm-2026Q2-v3,SGR,Selangor,Hulu Selangor,low_cost_house,F,0,typical,18,2026Q2,64.0,95000.0,149000.0,212000.0,100000.0,156000.0,223000.0,105000.0,164000.0,237000.0,109000.0,172000.0,251000.0
pm-2026Q2-v3,SGR,Selangor,Hulu Selangor,low_cost_house,F,0,large,18,2026Q2,81.0,106000.0,165000.0,251000.0,111000.0,173000.0,263000.0,117000.0,182000.0,280000.0,122000.0,191000.0,297000.0
pm-2026Q2-v3,SGR,Selangor,Hulu Selangor,low_cost_house,L,0,small,18,2026Q2,57.0,94000.0,151000.0,214000.0,98000.0,157000.0,226000.0,103000.0,165000.0,240000.0,108000.0,173000.0,254000.0
pm-2026Q2-v3,SGR,Selangor,Hulu Selangor,low_cost_house,L,0,typical,18,2026Q2,64.0,96000.0,153000.0,220000.0,101000.0,160000.0,232000.0,106000.0,168000.0,246000.0,111000.0,176000.0,261000.0
pm-2026Q2-v3,SGR,Selangor,Hulu Selangor,low_cost_house,L,0,large,18,2026Q2,73.0,97000.0,157000.0,251000.0,102000.0,164000.0,264000.0,107000.0,173000.0,280000.0,112000.0,182000.0,296000.0
pm-2026Q2-v3,SGR,Selangor,Hulu Selangor,semi_detached,L,1,small,39,2026Q2,77.0,193000.0,300000.0,413000.0,198000.0,306000.0,423000.0,204000.0,315000.0,436000.0,209000.0,323000.0,450000.0
pm-2026Q2-v3,SGR,Selangor,Hulu Selangor,semi_detached,L,1,typical,39,2026Q2,90.0,209000.0,325000.0,429000.0,215000.0,332000.0,440000.0,221000.0,340000.0,454000.0,227000.0,349000.0,468000.0
pm-2026Q2-v3,SGR,Selangor,Hulu Selangor,semi_detached,L,1,large,39,2026Q2,151.0,299000.0,390000.0,562000.0,307000.0,401000.0,576000.0,315000.0,413000.0,593000.0,324000.0,425000.0,611000.0
pm-2026Q2-v3,SGR,Selangor,Hulu Selangor,terrace,F,2,small,508,2026Q2,75.0,180000.0,242000.0,346000.0,185000.0,249000.0,355000.0,191000.0,257000.0,366000.0,195000.0,264000.0,378000.0
pm-2026Q2-v3,SGR,Selangor,Hulu Selangor,terrace,F,2,typical,508,2026Q2,105.0,233000.0,318000.0,412000.0,240000.0,326000.0,423000.0,247000.0,335000.0,437000.0,253000.0,345000.0,451000.0
pm-2026Q2-v3,SGR,Selangor,Hulu Selangor,terrace,F,2,large,508,2026Q2,119.0,255000.0,334000.0,448000.0,262000.0,344000.0,460000.0,270000.0,354000.0,474000.0,277000.0,364000.0,490000.0
pm-2026Q2-v3,SGR,Selangor,Hulu Selangor,terrace,L,1,small,107,2026Q2,70.0,158000.0,231000.0,308000.0,163000.0,237000.0,316000.0,167000.0,243000.0,326000.0,172000.0,250000.0,337000.0
pm-2026Q2-v3,SGR,Selangor,Hulu Selangor,terrace,L,1,typical,107,2026Q2,97.0,178000.0,267000.0,355000.0,183000.0,273000.0,365000.0,188000.0,280000.0,377000.0,194000.0,288000.0,389000.0
pm-2026Q2-v3,SGR,Selangor,Hulu Selangor,terrace,L,1,large,107,2026Q2,139.0,232000.0,327000.0,453000.0,239000.0,335000.0,464000.0,246000.0,345000.0,479000.0,252000.0,355000.0,494000.0
pm-2026Q2-v3,SGR,Selangor,Klang,cluster,F,0,small,45,2026Q2,174.0,571000.0,744000.0,1021000.0,595000.0,776000.0,1062000.0,620000.0,809000.0,1110000.0,644000.0,845000.0,1162000.0
pm-2026Q2-v3,SGR,Selangor,Klang,cluster,F,0,typical,45,2026Q2,185.0,567000.0,747000.0,1033000.0,591000.0,778000.0,1073000.0,616000.0,812000.0,1122000.0,640000.0,847000.0,1174000.0
pm-2026Q2-v3,SGR,Selangor,Klang,cluster,F,0,large,45,2026Q2,203.0,614000.0,814000.0,1112000.0,641000.0,847000.0,1156000.0,668000.0,884000.0,1209000.0,694000.0,922000.0,1265000.0
pm-2026Q2-v3,SGR,Selangor,Klang,condo,F,0,small,355,2026Q2,71.0,140000.0,201000.0,304000.0,142000.0,204000.0,309000.0,143000.0,208000.0,317000.0,144000.0,211000.0,324000.0
pm-2026Q2-v3,SGR,Selangor,Klang,condo,F,0,typical,355,2026Q2,83.0,174000.0,265000.0,370000.0,176000.0,267000.0,377000.0,178000.0,270000.0,387000.0,179000.0,274000.0,396000.0
pm-2026Q2-v3,SGR,Selangor,Klang,condo,F,0,large,355,2026Q2,90.0,199000.0,285000.0,396000.0,202000.0,288000.0,403000.0,203000.0,292000.0,414000.0,205000.0,296000.0,423000.0
pm-2026Q2-v3,SGR,Selangor,Klang,condo,L,0,small,21,2026Q2,72.0,139000.0,202000.0,293000.0,141000.0,204000.0,298000.0,142000.0,207000.0,306000.0,142000.0,210000.0,313000.0
pm-2026Q2-v3,SGR,Selangor,Klang,condo,L,0,typical,21,2026Q2,84.0,178000.0,254000.0,352000.0,180000.0,257000.0,359000.0,181000.0,260000.0,368000.0,182000.0,264000.0,377000.0
pm-2026Q2-v3,SGR,Selangor,Klang,condo,L,0,large,21,2026Q2,85.0,194000.0,254000.0,356000.0,196000.0,258000.0,362000.0,197000.0,263000.0,372000.0,197000.0,267000.0,381000.0
pm-2026Q2-v3,SGR,Selangor,Klang,detached,F,0,small,49,2026Q2,215.0,550000.0,885000.0,1560000.0,557000.0,893000.0,1567000.0,563000.0,904000.0,1587000.0,569000.0,915000.0,1608000.0
pm-2026Q2-v3,SGR,Selangor,Klang,detached,F,0,typical,49,2026Q2,271.0,606000.0,971000.0,1785000.0,613000.0,980000.0,1790000.0,620000.0,992000.0,1814000.0,627000.0,1005000.0,1837000.0
pm-2026Q2-v3,SGR,Selangor,Klang,detached,F,0,large,49,2026Q2,343.0,774000.0,1313000.0,2015000.0,783000.0,1321000.0,2029000.0,791000.0,1335000.0,2054000.0,800000.0,1348000.0,2085000.0
pm-2026Q2-v3,SGR,Selangor,Klang,detached,L,0,small,12,2026Q2,184.0,302000.0,476000.0,1010000.0,306000.0,481000.0,1011000.0,309000.0,488000.0,1024000.0,312000.0,495000.0,1037000.0
pm-2026Q2-v3,SGR,Selangor,Klang,detached,L,0,typical,12,2026Q2,226.0,367000.0,644000.0,1270000.0,372000.0,649000.0,1273000.0,376000.0,658000.0,1289000.0,380000.0,666000.0,1305000.0
pm-2026Q2-v3,SGR,Selangor,Klang,detached,L,0,large,12,2026Q2,327.0,504000.0,938000.0,1794000.0,510000.0,944000.0,1800000.0,515000.0,956000.0,1822000.0,521000.0,967000.0,1848000.0
pm-2026Q2-v3,SGR,Selangor,Klang,flat,F,0,small,98,2026Q2,67.0,85000.0,137000.0,236000.0,88000.0,140000.0,241000.0,90000.0,144000.0,247000.0,92000.0,147000.0,253000.0
pm-2026Q2-v3,SGR,Selangor,Klang,flat,F,0,typical,98,2026Q2,70.0,91000.0,147000.0,245000.0,93000.0,150000.0,249000.0,96000.0,154000.0,255000.0,98000.0,157000.0,262000.0
pm-2026Q2-v3,SGR,Selangor,Klang,flat,F,0,large,98,2026Q2,73.0,91000.0,156000.0,249000.0,94000.0,159000.0,254000.0,96000.0,163000.0,261000.0,98000.0,167000.0,268000.0
pm-2026Q2-v3,SGR,Selangor,Klang,low_cost_flat,F,0,small,49,2026Q2,60.0,98000.0,157000.0,234000.0,103000.0,164000.0,245000.0,108000.0,172000.0,257000.0,113000.0,181000.0,270000.0
pm-2026Q2-v3,SGR,Selangor,Klang,low_cost_flat,F,0,typical,49,2026Q2,61.0,98000.0,157000.0,231000.0,103000.0,164000.0,242000.0,108000.0,172000.0,254000.0,113000.0,181000.0,267000.0
pm-2026Q2-v3,SGR,Selangor,Klang,low_cost_flat,F,0,large,49,2026Q2,61.0,97000.0,157000.0,231000.0,102000.0,164000.0,242000.0,107000.0,172000.0,254000.0,112000.0,181000.0,267000.0
pm-2026Q2-v3,SGR,Selangor,Klang,low_cost_house,F,0,small,58,2026Q2,59.0,149000.0,254000.0,320000.0,156000.0,263000.0,338000.0,165000.0,275000.0,359000.0,172000.0,287000.0,381000.0
pm-2026Q2-v3,SGR,Selangor,Klang,low_cost_house,F,0,typical,58,2026Q2,67.0,153000.0,261000.0,326000.0,161000.0,270000.0,345000.0,169000.0,282000.0,366000.0,177000.0,294000.0,389000.0
pm-2026Q2-v3,SGR,Selangor,Klang,low_cost_house,F,0,large,58,2026Q2,84.0,174000.0,293000.0,353000.0,183000.0,302000.0,374000.0,192000.0,316000.0,398000.0,201000.0,329000.0,423000.0
pm-2026Q2-v3,SGR,Selangor,Klang,low_cost_house,L,0,small,23,2026Q2,53.0,145000.0,244000.0,334000.0,152000.0,254000.0,352000.0,160000.0,266000.0,374000.0,168000.0,279000.0,395000.0
pm-2026Q2-v3,SGR,Selangor,Klang,low_cost_house,L,0,typical,23,2026Q2,55.0,148000.0,245000.0,332000.0,155000.0,255000.0,350000.0,163000.0,268000.0,372000.0,171000.0,280000.0,394000.0
pm-2026Q2-v3,SGR,Selangor,Klang,low_cost_house,L,0,large,23,2026Q2,97.0,183000.0,297000.0,423000.0,193000.0,310000.0,445000.0,203000.0,325000.0,473000.0,212000.0,341000.0,501000.0
pm-2026Q2-v3,SGR,Selangor,Klang,semi_detached,F,2,small,220,2026Q2,116.0,492000.0,698000.0,830000.0,506000.0,713000.0,853000.0,520000.0,730000.0,881000.0,535000.0,749000.0,910000.0
pm-2026Q2-v3,SGR,Selangor,Klang,semi_detached,F,2,typical,220,2026Q2,200.0,613000.0,819000.0,1092000.0,630000.0,840000.0,1119000.0,648000.0,864000.0,1154000.0,665000.0,889000.0,1191000.0
pm-2026Q2-v3,SGR,Selangor,Klang,semi_detached,F,2,large,220,2026Q2,238.0,656000.0,972000.0,1211000.0,674000.0,993000.0,1244000.0,693000.0,1019000.0,1283000.0,713000.0,1045000.0,1326000.0
pm-2026Q2-v3,SGR,Selangor,Klang,semi_detached,L,1,small,13,2026Q2,105.0,347000.0,473000.0,566000.0,357000.0,483000.0,582000.0,367000.0,496000.0,601000.0,376000.0,509000.0,621000.0
pm-2026Q2-v3,SGR,Selangor,Klang,semi_detached,L,1,typical,13,2026Q2,147.0,404000.0,517000.0,740000.0,415000.0,532000.0,758000.0,427000.0,548000.0,781000.0,438000.0,565000.0,805000.0
pm-2026Q2-v3,SGR,Selangor,Klang,semi_detached,L,1,large,13,2026Q2,180.0,427000.0,546000.0,805000.0,439000.0,562000.0,824000.0,451000.0,579000.0,849000.0,463000.0,597000.0,875000.0
pm-2026Q2-v3,SGR,Selangor,Klang,terrace,F,2,small,2091,2026Q2,86.0,289000.0,440000.0,540000.0,298000.0,449000.0,555000.0,306000.0,460000.0,574000.0,315000.0,472000.0,593000.0
pm-2026Q2-v3,SGR,Selangor,Klang,terrace,F,2,typical,2091,2026Q2,119.0,381000.0,523000.0,680000.0,392000.0,536000.0,698000.0,403000.0,551000.0,721000.0,413000.0,567000.0,744000.0
pm-2026Q2-v3,SGR,Selangor,Klang,terrace,F,2,large,2091,2026Q2,150.0,424000.0,567000.0,739000.0,436000.0,581000.0,759000.0,448000.0,598000.0,784000.0,459000.0,614000.0,809000.0
pm-2026Q2-v3,SGR,Selangor,Klang,terrace,L,1,small,231,2026Q2,77.0,259000.0,355000.0,418000.0,267000.0,362000.0,431000.0,274000.0,371000.0,446000.0,282000.0,381000.0,460000.0
pm-2026Q2-v3,SGR,Selangor,Klang,terrace,L,1,typical,231,2026Q2,100.0,299000.0,396000.0,475000.0,307000.0,405000.0,489000.0,316000.0,416000.0,505000.0,324000.0,427000.0,521000.0
pm-2026Q2-v3,SGR,Selangor,Klang,terrace,L,1,large,231,2026Q2,128.0,354000.0,441000.0,553000.0,364000.0,453000.0,569000.0,374000.0,466000.0,588000.0,383000.0,479000.0,607000.0
pm-2026Q2-v3,SGR,Selangor,Klang,townhouse,F,0,small,27,2026Q2,93.0,201000.0,321000.0,398000.0,208000.0,330000.0,414000.0,216000.0,340000.0,433000.0,224000.0,352000.0,452000.0
pm-2026Q2-v3,SGR,Selangor,Klang,townhouse,F,0,typical,27,2026Q2,106.0,277000.0,378000.0,471000.0,288000.0,390000.0,490000.0,298000.0,404000.0,511000.0,308000.0,418000.0,534000.0
pm-2026Q2-v3,SGR,Selangor,Klang,townhouse,F,0,large,27,2026Q2,112.0,298000.0,405000.0,497000.0,309000.0,418000.0,517000.0,320000.0,433000.0,540000.0,331000.0,448000.0,563000.0
pm-2026Q2-v3,SGR,Selangor,Kuala Langat,condo,L,0,small,16,2026Q2,71.0,127000.0,215000.0,327000.0,129000.0,216000.0,332000.0,131000.0,219000.0,341000.0,132000.0,222000.0,349000.0
pm-2026Q2-v3,SGR,Selangor,Kuala Langat,condo,L,0,typical,16,2026Q2,86.0,158000.0,275000.0,385000.0,160000.0,275000.0,392000.0,162000.0,278000.0,402000.0,164000.0,281000.0,411000.0
pm-2026Q2-v3,SGR,Selangor,Kuala Langat,condo,L,0,large,16,2026Q2,98.0,176000.0,302000.0,412000.0,178000.0,303000.0,420000.0,181000.0,306000.0,431000.0,182000.0,308000.0,441000.0
pm-2026Q2-v3,SGR,Selangor,Kuala Langat,detached,F,0,small,11,2026Q2,164.0,405000.0,521000.0,844000.0,409000.0,529000.0,849000.0,413000.0,536000.0,859000.0,417000.0,545000.0,872000.0
pm-2026Q2-v3,SGR,Selangor,Kuala Langat,detached,F,0,typical,11,2026Q2,177.0,396000.0,580000.0,858000.0,401000.0,586000.0,864000.0,405000.0,592000.0,876000.0,409000.0,599000.0,889000.0
pm-2026Q2-v3,SGR,Selangor,Kuala Langat,detached,F,0,large,11,2026Q2,248.0,459000.0,752000.0,1066000.0,464000.0,756000.0,1075000.0,469000.0,763000.0,1088000.0,475000.0,770000.0,1106000.0
pm-2026Q2-v3,SGR,Selangor,Kuala Langat,low_cost_house,F,0,small,15,2026Q2,57.0,110000.0,195000.0,262000.0,116000.0,202000.0,277000.0,122000.0,212000.0,294000.0,128000.0,221000.0,311000.0
pm-2026Q2-v3,SGR,Selangor,Kuala Langat,low_cost_house,F,0,typical,15,2026Q2,60.0,110000.0,197000.0,266000.0,116000.0,205000.0,280000.0,122000.0,214000.0,298000.0,127000.0,224000.0,316000.0
pm-2026Q2-v3,SGR,Selangor,Kuala Langat,low_cost_house,F,0,large,15,2026Q2,68.0,113000.0,205000.0,275000.0,119000.0,212000.0,291000.0,125000.0,222000.0,309000.0,131000.0,232000.0,327000.0
pm-2026Q2-v3,SGR,Selangor,Kuala Langat,low_cost_house,L,0,small,20,2026Q2,50.0,113000.0,197000.0,283000.0,119000.0,205000.0,298000.0,125000.0,215000.0,316000.0,131000.0,226000.0,335000.0
pm-2026Q2-v3,SGR,Selangor,Kuala Langat,low_cost_house,L,0,typical,20,2026Q2,53.0,112000.0,199000.0,284000.0,118000.0,207000.0,299000.0,124000.0,217000.0,317000.0,130000.0,227000.0,336000.0
pm-2026Q2-v3,SGR,Selangor,Kuala Langat,low_cost_house,L,0,large,20,2026Q2,66.0,119000.0,217000.0,294000.0,125000.0,225000.0,310000.0,132000.0,235000.0,330000.0,138000.0,246000.0,349000.0
pm-2026Q2-v3,SGR,Selangor,Kuala Langat,semi_detached,F,2,small,51,2026Q2,113.0,425000.0,552000.0,688000.0,437000.0,566000.0,706000.0,449000.0,581000.0,728000.0,461000.0,598000.0,753000.0
pm-2026Q2-v3,SGR,Selangor,Kuala Langat,semi_detached,F,2,typical,51,2026Q2,241.0,572000.0,750000.0,903000.0,588000.0,767000.0,927000.0,604000.0,788000.0,958000.0,620000.0,809000.0,989000.0
pm-2026Q2-v3,SGR,Selangor,Kuala Langat,semi_detached,F,2,large,51,2026Q2,317.0,651000.0,821000.0,938000.0,669000.0,840000.0,966000.0,687000.0,861000.0,997000.0,705000.0,883000.0,1031000.0
pm-2026Q2-v3,SGR,Selangor,Kuala Langat,semi_detached,L,1,small,30,2026Q2,88.0,268000.0,391000.0,452000.0,276000.0,398000.0,466000.0,284000.0,408000.0,481000.0,292000.0,418000.0,497000.0
pm-2026Q2-v3,SGR,Selangor,Kuala Langat,semi_detached,L,1,typical,30,2026Q2,100.0,301000.0,406000.0,471000.0,309000.0,415000.0,484000.0,318000.0,425000.0,500000.0,326000.0,436000.0,517000.0
pm-2026Q2-v3,SGR,Selangor,Kuala Langat,semi_detached,L,1,large,30,2026Q2,138.0,376000.0,418000.0,589000.0,386000.0,433000.0,603000.0,395000.0,447000.0,621000.0,403000.0,462000.0,641000.0
pm-2026Q2-v3,SGR,Selangor,Kuala Langat,terrace,F,1,small,378,2026Q2,80.0,210000.0,313000.0,380000.0,216000.0,319000.0,391000.0,223000.0,327000.0,404000.0,229000.0,335000.0,418000.0
pm-2026Q2-v3,SGR,Selangor,Kuala Langat,terrace,F,1,typical,378,2026Q2,98.0,237000.0,338000.0,409000.0,244000.0,345000.0,421000.0,251000.0,354000.0,435000.0,258000.0,363000.0,449000.0
pm-2026Q2-v3,SGR,Selangor,Kuala Langat,terrace,F,1,large,378,2026Q2,152.0,297000.0,383000.0,517000.0,305000.0,394000.0,531000.0,314000.0,405000.0,548000.0,322000.0,417000.0,565000.0
pm-2026Q2-v3,SGR,Selangor,Kuala Langat,terrace,L,1,small,228,2026Q2,74.0,197000.0,310000.0,381000.0,203000.0,316000.0,392000.0,209000.0,324000.0,405000.0,215000.0,332000.0,418000.0
pm-2026Q2-v3,SGR,Selangor,Kuala Langat,terrace,L,1,typical,228,2026Q2,91.0,208000.0,325000.0,395000.0,214000.0,331000.0,406000.0,220000.0,339000.0,420000.0,226000.0,348000.0,434000.0
pm-2026Q2-v3,SGR,Selangor,Kuala Langat,terrace,L,1,large,228,2026Q2,130.0,286000.0,361000.0,492000.0,295000.0,372000.0,505000.0,303000.0,384000.0,521000.0,310000.0,395000.0,538000.0
pm-2026Q2-v3,SGR,Selangor,Kuala Selangor,cluster,F,0,small,17,2026Q2,175.0,444000.0,566000.0,757000.0,463000.0,590000.0,787000.0,482000.0,616000.0,823000.0,501000.0,642000.0,861000.0
pm-2026Q2-v3,SGR,Selangor,Kuala Selangor,cluster,F,0,typical,17,2026Q2,175.0,444000.0,566000.0,757000.0,463000.0,590000.0,787000.0,482000.0,616000.0,823000.0,501000.0,642000.0,861000.0
pm-2026Q2-v3,SGR,Selangor,Kuala Selangor,cluster,F,0,large,17,2026Q2,175.0,444000.0,566000.0,757000.0,463000.0,590000.0,787000.0,482000.0,616000.0,823000.0,501000.0,642000.0,861000.0
pm-2026Q2-v3,SGR,Selangor,Kuala Selangor,cluster,L,0,small,18,2026Q2,99.0,223000.0,315000.0,498000.0,233000.0,328000.0,517000.0,243000.0,343000.0,540000.0,253000.0,357000.0,564000.0
pm-2026Q2-v3,SGR,Selangor,Kuala Selangor,cluster,L,0,typical,18,2026Q2,113.0,291000.0,393000.0,554000.0,303000.0,409000.0,575000.0,316000.0,427000.0,601000.0,329000.0,445000.0,629000.0
pm-2026Q2-v3,SGR,Selangor,Kuala Selangor,cluster,L,0,large,18,2026Q2,137.0,332000.0,431000.0,596000.0,346000.0,449000.0,620000.0,360000.0,469000.0,648000.0,375000.0,489000.0,678000.0
pm-2026Q2-v3,SGR,Selangor,Kuala Selangor,condo,L,0,small,44,2026Q2,70.0,87000.0,133000.0,233000.0,88000.0,135000.0,236000.0,89000.0,138000.0,241000.0,90000.0,140000.0,247000.0
pm-2026Q2-v3,SGR,Selangor,Kuala Selangor,condo,L,0,typical,44,2026Q2,71.0,86000.0,134000.0,236000.0,87000.0,136000.0,239000.0,88000.0,139000.0,244000.0,88000.0,141000.0,250000.0
pm-2026Q2-v3,SGR,Selangor,Kuala Selangor,condo,L,0,large,44,2026Q2,83.0,112000.0,180000.0,304000.0,114000.0,182000.0,307000.0,115000.0,185000.0,315000.0,116000.0,188000.0,322000.0
pm-2026Q2-v3,SGR,Selangor,Kuala Selangor,detached,F,0,small,10,2026Q2,257.0,443000.0,713000.0,1275000.0,448000.0,720000.0,1279000.0,453000.0,728000.0,1296000.0,458000.0,737000.0,1314000.0
pm-2026Q2-v3,SGR,Selangor,Kuala Selangor,detached,F,0,typical,10,2026Q2,333.0,525000.0,871000.0,1380000.0,531000.0,877000.0,1389000.0,537000.0,886000.0,1407000.0,543000.0,896000.0,1427000.0
pm-2026Q2-v3,SGR,Selangor,Kuala Selangor,detached,F,0,large,10,2026Q2,375.0,568000.0,913000.0,1513000.0,575000.0,920000.0,1521000.0,581000.0,931000.0,1540000.0,588000.0,942000.0,1560000.0
pm-2026Q2-v3,SGR,Selangor,Kuala Selangor,low_cost_house,F,0,small,11,2026Q2,62.0,83000.0,145000.0,224000.0,87000.0,152000.0,235000.0,92000.0,159000.0,249000.0,96000.0,167000.0,264000.0
pm-2026Q2-v3,SGR,Selangor,Kuala Selangor,low_cost_house,F,0,typical,11,2026Q2,63.0,83000.0,146000.0,226000.0,87000.0,153000.0,237000.0,92000.0,160000.0,252000.0,96000.0,168000.0,267000.0
pm-2026Q2-v3,SGR,Selangor,Kuala Selangor,low_cost_house,F,0,large,11,2026Q2,69.0,91000.0,160000.0,240000.0,95000.0,166000.0,252000.0,100000.0,175000.0,268000.0,105000.0,183000.0,284000.0
pm-2026Q2-v3,SGR,Selangor,Kuala Selangor,low_cost_house,L,0,small,17,2026Q2,48.0,84000.0,148000.0,209000.0,88000.0,154000.0,220000.0,93000.0,162000.0,234000.0,97000.0,169000.0,248000.0
pm-2026Q2-v3,SGR,Selangor,Kuala Selangor,low_cost_house,L,0,typical,17,2026Q2,53.0,85000.0,150000.0,214000.0,89000.0,156000.0,226000.0,94000.0,163000.0,240000.0,99000.0,171000.0,254000.0
pm-2026Q2-v3,SGR,Selangor,Kuala Selangor,low_cost_house,L,0,large,17,2026Q2,60.0,85000.0,148000.0,221000.0,90000.0,155000.0,233000.0,95000.0,162000.0,247000.0,99000.0,170000.0,262000.0
pm-2026Q2-v3,SGR,Selangor,Kuala Selangor,semi_detached,F,2,small,15,2026Q2,209.0,501000.0,663000.0,868000.0,515000.0,680000.0,890000.0,529000.0,699000.0,917000.0,543000.0,719000.0,948000.0
pm-2026Q2-v3,SGR,Selangor,Kuala Selangor,semi_detached,F,2,typical,15,2026Q2,215.0,506000.0,671000.0,841000.0,520000.0,687000.0,864000.0,535000.0,706000.0,891000.0,549000.0,725000.0,921000.0
pm-2026Q2-v3,SGR,Selangor,Kuala Selangor,semi_detached,F,2,large,15,2026Q2,228.0,514000.0,663000.0,842000.0,529000.0,681000.0,864000.0,543000.0,700000.0,891000.0,557000.0,719000.0,920000.0
pm-2026Q2-v3,SGR,Selangor,Kuala Selangor,semi_detached,L,2,small,12,2026Q2,131.0,346000.0,539000.0,656000.0,356000.0,550000.0,674000.0,366000.0,563000.0,695000.0,376000.0,576000.0,719000.0
pm-2026Q2-v3,SGR,Selangor,Kuala Selangor,semi_detached,L,2,typical,12,2026Q2,156.0,395000.0,561000.0,738000.0,407000.0,575000.0,756000.0,418000.0,590000.0,780000.0,430000.0,606000.0,805000.0
pm-2026Q2-v3,SGR,Selangor,Kuala Selangor,semi_detached,L,2,large,12,2026Q2,189.0,414000.0,618000.0,760000.0,426000.0,631000.0,781000.0,438000.0,647000.0,805000.0,451000.0,663000.0,833000.0
pm-2026Q2-v3,SGR,Selangor,Kuala Selangor,terrace,F,2,small,302,2026Q2,87.0,200000.0,308000.0,443000.0,205000.0,316000.0,455000.0,211000.0,325000.0,469000.0,217000.0,333000.0,484000.0
pm-2026Q2-v3,SGR,Selangor,Kuala Selangor,terrace,F,2,typical,302,2026Q2,131.0,305000.0,408000.0,535000.0,314000.0,418000.0,549000.0,322000.0,430000.0,567000.0,331000.0,442000.0,585000.0
pm-2026Q2-v3,SGR,Selangor,Kuala Selangor,terrace,F,2,large,302,2026Q2,164.0,360000.0,443000.0,585000.0,371000.0,456000.0,601000.0,380000.0,470000.0,620000.0,389000.0,484000.0,640000.0
pm-2026Q2-v3,SGR,Selangor,Kuala Selangor,terrace,L,2,small,223,2026Q2,83.0,177000.0,311000.0,427000.0,182000.0,317000.0,438000.0,187000.0,326000.0,452000.0,192000.0,334000.0,466000.0
pm-2026Q2-v3,SGR,Selangor,Kuala Selangor,terrace,L,2,typical,223,2026Q2,118.0,269000.0,408000.0,520000.0,277000.0,417000.0,534000.0,284000.0,428000.0,552000.0,292000.0,439000.0,570000.0
pm-2026Q2-v3,SGR,Selangor,Kuala Selangor,terrace,L,2,large,223,2026Q2,139.0,298000.0,430000.0,560000.0,306000.0,440000.0,575000.0,315000.0,452000.0,594000.0,323000.0,464000.0,613000.0
pm-2026Q2-v3,SGR,Selangor,Petaling,cluster,F,0,small,13,2026Q2,174.0,669000.0,844000.0,1301000.0,698000.0,883000.0,1351000.0,727000.0,923000.0,1411000.0,755000.0,965000.0,1474000.0
pm-2026Q2-v3,SGR,Selangor,Petaling,cluster,F,0,typical,13,2026Q2,190.0,671000.0,854000.0,1347000.0,700000.0,894000.0,1398000.0,729000.0,934000.0,1459000.0,757000.0,978000.0,1524000.0
pm-2026Q2-v3,SGR,Selangor,Petaling,cluster,F,0,large,13,2026Q2,205.0,720000.0,946000.0,1535000.0,751000.0,989000.0,1592000.0,783000.0,1034000.0,1662000.0,813000.0,1081000.0,1736000.0
pm-2026Q2-v3,SGR,Selangor,Petaling,condo,F,0,small,1206,2026Q2,79.0,177000.0,291000.0,410000.0,179000.0,292000.0,418000.0,181000.0,296000.0,428000.0,183000.0,299000.0,438000.0
pm-2026Q2-v3,SGR,Selangor,Petaling,condo,F,0,typical,1206,2026Q2,89.0,224000.0,335000.0,455000.0,227000.0,338000.0,465000.0,229000.0,342000.0,476000.0,231000.0,346000.0,488000.0
pm-2026Q2-v3,SGR,Selangor,Petaling,condo,F,0,large,1206,2026Q2,119.0,342000.0,445000.0,668000.0,345000.0,455000.0,679000.0,346000.0,463000.0,696000.0,347000.0,471000.0,712000.0
pm-2026Q2-v3,SGR,Selangor,Petaling,condo,L,0,small,830,2026Q2,79.0,181000.0,317000.0,440000.0,184000.0,317000.0,448000.0,186000.0,320000.0,459000.0,188000.0,324000.0,470000.0
pm-2026Q2-v3,SGR,Selangor,Petaling,condo,L,0,typical,830,2026Q2,91.0,223000.0,359000.0,481000.0,226000.0,359000.0,491000.0,229000.0,363000.0,503000.0,231000.0,367000.0,516000.0
pm-2026Q2-v3,SGR,Selangor,Petaling,condo,L,0,large,830,2026Q2,110.0,307000.0,430000.0,609000.0,311000.0,436000.0,620000.0,313000.0,442000.0,636000.0,314000.0,448000.0,651000.0
pm-2026Q2-v3,SGR,Selangor,Petaling,detached,F,0,small,152,2026Q2,254.0,820000.0,1359000.0,2822000.0,830000.0,1373000.0,2827000.0,839000.0,1391000.0,2863000.0,848000.0,1411000.0,2899000.0
pm-2026Q2-v3,SGR,Selangor,Petaling,detached,F,0,typical,152,2026Q2,311.0,983000.0,1614000.0,3081000.0,995000.0,1629000.0,3090000.0,1005000.0,1651000.0,3129000.0,1016000.0,1672000.0,3172000.0
pm-2026Q2-v3,SGR,Selangor,Petaling,detached,F,0,large,152,2026Q2,422.0,1259000.0,2050000.0,3719000.0,1275000.0,2069000.0,3731000.0,1288000.0,2094000.0,3778000.0,1303000.0,2121000.0,3831000.0
pm-2026Q2-v3,SGR,Selangor,Petaling,detached,L,0,small,118,2026Q2,132.0,396000.0,511000.0,1051000.0,400000.0,520000.0,1052000.0,404000.0,528000.0,1066000.0,407000.0,538000.0,1080000.0
pm-2026Q2-v3,SGR,Selangor,Petaling,detached,L,0,typical,118,2026Q2,206.0,462000.0,767000.0,1619000.0,468000.0,775000.0,1621000.0,473000.0,785000.0,1641000.0,478000.0,797000.0,1662000.0
pm-2026Q2-v3,SGR,Selangor,Petaling,detached,L,0,large,118,2026Q2,382.0,742000.0,1267000.0,2535000.0,751000.0,1278000.0,2540000.0,759000.0,1295000.0,2574000.0,768000.0,1312000.0,2605000.0
pm-2026Q2-v3,SGR,Selangor,Petaling,flat,F,0,small,90,2026Q2,64.0,105000.0,164000.0,257000.0,108000.0,167000.0,262000.0,110000.0,171000.0,268000.0,113000.0,175000.0,276000.0
pm-2026Q2-v3,SGR,Selangor,Petaling,flat,F,0,typical,90,2026Q2,69.0,111000.0,176000.0,266000.0,114000.0,180000.0,271000.0,116000.0,184000.0,279000.0,119000.0,188000.0,287000.0
pm-2026Q2-v3,SGR,Selangor,Petaling,flat,F,0,large,90,2026Q2,70.0,117000.0,175000.0,268000.0,120000.0,179000.0,273000.0,123000.0,183000.0,280000.0,126000.0,188000.0,288000.0
pm-2026Q2-v3,SGR,Selangor,Petaling,flat,L,0,small,241,2026Q2,65.0,103000.0,155000.0,258000.0,105000.0,159000.0,262000.0,108000.0,163000.0,269000.0,110000.0,167000.0,276000.0
pm-2026Q2-v3,SGR,Selangor,Petaling,flat,L,0,typical,241,2026Q2,70.0,115000.0,168000.0,269000.0,118000.0,172000.0,274000.0,121000.0,177000.0,281000.0,123000.0,181000.0,289000.0
pm-2026Q2-v3,SGR,Selangor,Petaling,flat,L,0,large,241,2026Q2,72.0,117000.0,180000.0,275000.0,120000.0,184000.0,280000.0,123000.0,188000.0,287000.0,126000.0,193000.0,296000.0
pm-2026Q2-v3,SGR,Selangor,Petaling,low_cost_flat,F,0,small,83,2026Q2,56.0,90000.0,139000.0,210000.0,94000.0,146000.0,219000.0,99000.0,153000.0,230000.0,104000.0,161000.0,242000.0
pm-2026Q2-v3,SGR,Selangor,Petaling,low_cost_flat,F,0,typical,83,2026Q2,60.0,107000.0,154000.0,235000.0,112000.0,161000.0,245000.0,117000.0,169000.0,257000.0,123000.0,178000.0,270000.0
pm-2026Q2-v3,SGR,Selangor,Petaling,low_cost_flat,F,0,large,83,2026Q2,62.0,105000.0,152000.0,232000.0,111000.0,160000.0,242000.0,116000.0,167000.0,254000.0,122000.0,176000.0,267000.0
pm-2026Q2-v3,SGR,Selangor,Petaling,low_cost_flat,L,0,small,110,2026Q2,55.0,87000.0,135000.0,211000.0,92000.0,141000.0,220000.0,96000.0,148000.0,231000.0,101000.0,155000.0,243000.0
pm-2026Q2-v3,SGR,Selangor,Petaling,low_cost_flat,L,0,typical,110,2026Q2,60.0,103000.0,147000.0,230000.0,108000.0,154000.0,240000.0,113000.0,162000.0,253000.0,119000.0,170000.0,265000.0
pm-2026Q2-v3,SGR,Selangor,Petaling,low_cost_flat,L,0,large,110,2026Q2,61.0,103000.0,146000.0,230000.0,108000.0,153000.0,240000.0,113000.0,161000.0,252000.0,119000.0,169000.0,265000.0
pm-2026Q2-v3,SGR,Selangor,Petaling,low_cost_house,F,0,small,16,2026Q2,56.0,169000.0,265000.0,336000.0,178000.0,275000.0,355000.0,187000.0,289000.0,377000.0,195000.0,301000.0,400000.0
pm-2026Q2-v3,SGR,Selangor,Petaling,low_cost_house,F,0,typical,16,2026Q2,58.0,168000.0,267000.0,338000.0,177000.0,277000.0,358000.0,186000.0,291000.0,380000.0,194000.0,304000.0,403000.0
pm-2026Q2-v3,SGR,Selangor,Petaling,low_cost_house,F,0,large,16,2026Q2,61.0,167000.0,273000.0,338000.0,175000.0,283000.0,358000.0,184000.0,296000.0,380000.0,193000.0,309000.0,403000.0
pm-2026Q2-v3,SGR,Selangor,Petaling,low_cost_house,L,0,small,18,2026Q2,55.0,167000.0,257000.0,336000.0,175000.0,267000.0,354000.0,184000.0,281000.0,376000.0,192000.0,293000.0,399000.0
pm-2026Q2-v3,SGR,Selangor,Petaling,low_cost_house,L,0,typical,18,2026Q2,57.0,167000.0,254000.0,334000.0,175000.0,265000.0,353000.0,184000.0,278000.0,375000.0,192000.0,291000.0,397000.0
pm-2026Q2-v3,SGR,Selangor,Petaling,low_cost_house,L,0,large,18,2026Q2,68.0,172000.0,269000.0,345000.0,181000.0,280000.0,364000.0,190000.0,293000.0,387000.0,199000.0,307000.0,410000.0
pm-2026Q2-v3,SGR,Selangor,Petaling,semi_detached,F,2,small,227,2026Q2,195.0,828000.0,1076000.0,1603000.0,852000.0,1107000.0,1641000.0,876000.0,1140000.0,1689000.0,898000.0,1176000.0,1742000.0
pm-2026Q2-v3,SGR,Selangor,Petaling,semi_detached,F,2,typical,227,2026Q2,243.0,920000.0,1292000.0,1870000.0,947000.0,1327000.0,1915000.0,973000.0,1365000.0,1972000.0,1000000.0,1403000.0,2032000.0
pm-2026Q2-v3,SGR,Selangor,Petaling,semi_detached,F,2,large,227,2026Q2,295.0,1002000.0,1387000.0,2066000.0,1031000.0,1425000.0,2115000.0,1060000.0,1467000.0,2177000.0,1088000.0,1509000.0,2245000.0
pm-2026Q2-v3,SGR,Selangor,Petaling,semi_detached,L,2,small,80,2026Q2,175.0,739000.0,906000.0,1311000.0,760000.0,934000.0,1343000.0,780000.0,963000.0,1382000.0,799000.0,994000.0,1425000.0
pm-2026Q2-v3,SGR,Selangor,Petaling,semi_detached,L,2,typical,80,2026Q2,217.0,825000.0,1086000.0,1617000.0,848000.0,1117000.0,1656000.0,872000.0,1150000.0,1704000.0,894000.0,1186000.0,1757000.0
pm-2026Q2-v3,SGR,Selangor,Petaling,semi_detached,L,2,large,80,2026Q2,268.0,872000.0,1135000.0,1860000.0,897000.0,1170000.0,1901000.0,922000.0,1206000.0,1957000.0,946000.0,1245000.0,2017000.0
pm-2026Q2-v3,SGR,Selangor,Petaling,terrace,F,2,small,1978,2026Q2,116.0,465000.0,604000.0,771000.0,478000.0,620000.0,792000.0,491000.0,638000.0,818000.0,504000.0,655000.0,845000.0
pm-2026Q2-v3,SGR,Selangor,Petaling,terrace,F,2,typical,1978,2026Q2,141.0,519000.0,634000.0,923000.0,534000.0,654000.0,946000.0,547000.0,676000.0,975000.0,561000.0,696000.0,1006000.0
pm-2026Q2-v3,SGR,Selangor,Petaling,terrace,F,2,large,1978,2026Q2,173.0,568000.0,712000.0,950000.0,584000.0,732000.0,975000.0,600000.0,755000.0,1006000.0,615000.0,777000.0,1039000.0
pm-2026Q2-v3,SGR,Selangor,Petaling,terrace,L,2,small,659,2026Q2,91.0,318000.0,464000.0,560000.0,327000.0,473000.0,576000.0,336000.0,485000.0,595000.0,345000.0,498000.0,614000.0
pm-2026Q2-v3,SGR,Selangor,Petaling,terrace,L,2,typical,659,2026Q2,126.0,433000.0,552000.0,743000.0,446000.0,568000.0,763000.0,458000.0,585000.0,787000.0,469000.0,602000.0,813000.0
pm-2026Q2-v3,SGR,Selangor,Petaling,terrace,L,2,large,659,2026Q2,156.0,484000.0,591000.0,821000.0,498000.0,609000.0,842000.0,511000.0,629000.0,869000.0,523000.0,648000.0,896000.0
pm-2026Q2-v3,SGR,Selangor,Petaling,townhouse,F,0,small,18,2026Q2,104.0,302000.0,425000.0,563000.0,313000.0,440000.0,584000.0,325000.0,455000.0,609000.0,336000.0,472000.0,636000.0
pm-2026Q2-v3,SGR,Selangor,Petaling,townhouse,F,0,typical,18,2026Q2,125.0,387000.0,540000.0,728000.0,402000.0,559000.0,755000.0,417000.0,579000.0,787000.0,431000.0,601000.0,823000.0
pm-2026Q2-v3,SGR,Selangor,Petaling,townhouse,F,0,large,18,2026Q2,181.0,490000.0,629000.0,1054000.0,509000.0,657000.0,1089000.0,526000.0,685000.0,1132000.0,543000.0,714000.0,1180000.0
pm-2026Q2-v3,SGR,Selangor,Petaling,townhouse,L,0,small,36,2026Q2,98.0,257000.0,377000.0,498000.0,267000.0,390000.0,517000.0,277000.0,403000.0,540000.0,287000.0,418000.0,564000.0
pm-2026Q2-v3,SGR,Selangor,Petaling,townhouse,L,0,typical,36,2026Q2,127.0,383000.0,498000.0,684000.0,398000.0,517000.0,709000.0,411000.0,537000.0,739000.0,424000.0,558000.0,772000.0
pm-2026Q2-v3,SGR,Selangor,Petaling,townhouse,L,0,large,36,2026Q2,181.0,438000.0,569000.0,950000.0,455000.0,594000.0,982000.0,470000.0,619000.0,1021000.0,485000.0,645000.0,1064000.0
pm-2026Q2-v3,SGR,Selangor,Sabak Bernam,low_cost_house,L,0,small,11,2026Q2,56.0,117000.0,190000.0,295000.0,123000.0,199000.0,309000.0,129000.0,210000.0,328000.0,135000.0,220000.0,348000.0
pm-2026Q2-v3,SGR,Selangor,Sabak Bernam,low_cost_house,L,0,typical,11,2026Q2,59.0,122000.0,197000.0,297000.0,128000.0,206000.0,312000.0,135000.0,217000.0,331000.0,141000.0,228000.0,351000.0
pm-2026Q2-v3,SGR,Selangor,Sabak Bernam,low_cost_house,L,0,large,11,2026Q2,67.0,128000.0,210000.0,296000.0,134000.0,219000.0,311000.0,141000.0,230000.0,331000.0,148000.0,241000.0,350000.0
pm-2026Q2-v3,SGR,Selangor,Sabak Bernam,semi_detached,F,1,small,19,2026Q2,109.0,348000.0,422000.0,522000.0,358000.0,433000.0,536000.0,367000.0,446000.0,553000.0,376000.0,459000.0,572000.0
pm-2026Q2-v3,SGR,Selangor,Sabak Bernam,semi_detached,F,1,typical,19,2026Q2,118.0,362000.0,419000.0,541000.0,372000.0,432000.0,556000.0,381000.0,445000.0,573000.0,390000.0,459000.0,592000.0
pm-2026Q2-v3,SGR,Selangor,Sabak Bernam,semi_detached,F,1,large,19,2026Q2,211.0,411000.0,509000.0,780000.0,423000.0,525000.0,798000.0,434000.0,542000.0,822000.0,445000.0,559000.0,847000.0
pm-2026Q2-v3,SGR,Selangor,Sabak Bernam,terrace,F,1,small,55,2026Q2,86.0,222000.0,324000.0,390000.0,229000.0,331000.0,401000.0,236000.0,339000.0,415000.0,242000.0,348000.0,428000.0
pm-2026Q2-v3,SGR,Selangor,Sabak Bernam,terrace,F,1,typical,55,2026Q2,97.0,230000.0,318000.0,397000.0,237000.0,325000.0,408000.0,244000.0,334000.0,422000.0,250000.0,343000.0,436000.0
pm-2026Q2-v3,SGR,Selangor,Sabak Bernam,terrace,F,1,large,55,2026Q2,133.0,302000.0,384000.0,503000.0,311000.0,395000.0,517000.0,319000.0,407000.0,534000.0,327000.0,418000.0,551000.0
pm-2026Q2-v3,SGR,Selangor,Sabak Bernam,terrace,L,1,small,22,2026Q2,93.0,208000.0,331000.0,407000.0,214000.0,337000.0,418000.0,220000.0,345000.0,432000.0,226000.0,354000.0,446000.0
pm-2026Q2-v3,SGR,Selangor,Sabak Bernam,terrace,L,1,typical,22,2026Q2,93.0,208000.0,331000.0,407000.0,214000.0,337000.0,418000.0,220000.0,345000.0,432000.0,226000.0,354000.0,446000.0
pm-2026Q2-v3,SGR,Selangor,Sabak Bernam,terrace,L,1,large,22,2026Q2,186.0,315000.0,456000.0,665000.0,324000.0,468000.0,681000.0,334000.0,481000.0,702000.0,343000.0,495000.0,724000.0
pm-2026Q2-v3,SGR,Selangor,Sepang,condo,F,0,small,215,2026Q2,88.0,193000.0,354000.0,511000.0,196000.0,354000.0,520000.0,199000.0,358000.0,533000.0,201000.0,362000.0,545000.0
pm-2026Q2-v3,SGR,Selangor,Sepang,condo,F,0,typical,215,2026Q2,108.0,264000.0,424000.0,641000.0,268000.0,427000.0,651000.0,271000.0,433000.0,667000.0,273000.0,439000.0,683000.0
pm-2026Q2-v3,SGR,Selangor,Sepang,condo,F,0,large,215,2026Q2,120.0,300000.0,444000.0,683000.0,304000.0,450000.0,693000.0,306000.0,457000.0,710000.0,308000.0,464000.0,727000.0
pm-2026Q2-v3,SGR,Selangor,Sepang,condo,L,0,small,32,2026Q2,75.0,152000.0,303000.0,394000.0,154000.0,301000.0,403000.0,156000.0,302000.0,413000.0,158000.0,304000.0,423000.0
pm-2026Q2-v3,SGR,Selangor,Sepang,condo,L,0,typical,32,2026Q2,94.0,193000.0,352000.0,499000.0,196000.0,352000.0,508000.0,199000.0,356000.0,521000.0,201000.0,359000.0,533000.0
pm-2026Q2-v3,SGR,Selangor,Sepang,condo,L,0,large,32,2026Q2,100.0,219000.0,365000.0,520000.0,222000.0,367000.0,529000.0,224000.0,371000.0,543000.0,226000.0,375000.0,555000.0
pm-2026Q2-v3,SGR,Selangor,Sepang,detached,F,0,small,18,2026Q2,93.0,242000.0,471000.0,659000.0,245000.0,471000.0,664000.0,247000.0,476000.0,673000.0,250000.0,479000.0,683000.0
pm-2026Q2-v3,SGR,Selangor,Sepang,detached,F,0,typical,18,2026Q2,154.0,405000.0,620000.0,1010000.0,410000.0,626000.0,1016000.0,414000.0,634000.0,1028000.0,419000.0,641000.0,1043000.0
pm-2026Q2-v3,SGR,Selangor,Sepang,detached,F,0,large,18,2026Q2,284.0,523000.0,1010000.0,1521000.0,529000.0,1013000.0,1531000.0,535000.0,1023000.0,1551000.0,541000.0,1032000.0,1575000.0
pm-2026Q2-v3,SGR,Selangor,Sepang,flat,F,0,small,11,2026Q2,72.0,95000.0,163000.0,236000.0,98000.0,166000.0,240000.0,100000.0,170000.0,247000.0,102000.0,173000.0,254000.0
pm-2026Q2-v3,SGR,Selangor,Sepang,flat,F,0,typical,11,2026Q2,72.0,95000.0,163000.0,236000.0,98000.0,166000.0,240000.0,100000.0,170000.0,247000.0,102000.0,173000.0,254000.0
pm-2026Q2-v3,SGR,Selangor,Sepang,flat,F,0,large,11,2026Q2,77.0,103000.0,191000.0,270000.0,106000.0,193000.0,276000.0,108000.0,198000.0,283000.0,111000.0,202000.0,292000.0
pm-2026Q2-v3,SGR,Selangor,Sepang,flat,L,0,small,21,2026Q2,65.0,90000.0,151000.0,232000.0,92000.0,154000.0,236000.0,94000.0,157000.0,242000.0,97000.0,161000.0,249000.0
pm-2026Q2-v3,SGR,Selangor,Sepang,flat,L,0,typical,21,2026Q2,70.0,96000.0,157000.0,239000.0,98000.0,160000.0,243000.0,100000.0,164000.0,250000.0,103000.0,167000.0,257000.0
pm-2026Q2-v3,SGR,Selangor,Sepang,flat,L,0,large,21,2026Q2,73.0,97000.0,176000.0,257000.0,100000.0,179000.0,263000.0,102000.0,183000.0,270000.0,104000.0,187000.0,277000.0
pm-2026Q2-v3,SGR,Selangor,Sepang,low_cost_house,L,0,small,17,2026Q2,53.0,130000.0,242000.0,319000.0,137000.0,251000.0,337000.0,144000.0,262000.0,358000.0,151000.0,274000.0,379000.0
pm-2026Q2-v3,SGR,Selangor,Sepang,low_cost_house,L,0,typical,17,2026Q2,59.0,133000.0,240000.0,315000.0,140000.0,249000.0,332000.0,148000.0,260000.0,353000.0,154000.0,272000.0,374000.0
pm-2026Q2-v3,SGR,Selangor,Sepang,low_cost_house,L,0,large,17,2026Q2,60.0,131000.0,240000.0,315000.0,138000.0,249000.0,333000.0,146000.0,260000.0,354000.0,152000.0,272000.0,375000.0
pm-2026Q2-v3,SGR,Selangor,Sepang,semi_detached,F,2,small,78,2026Q2,110.0,432000.0,671000.0,841000.0,445000.0,685000.0,864000.0,457000.0,702000.0,891000.0,470000.0,719000.0,920000.0
pm-2026Q2-v3,SGR,Selangor,Sepang,semi_detached,F,2,typical,78,2026Q2,218.0,611000.0,913000.0,1248000.0,629000.0,935000.0,1280000.0,646000.0,960000.0,1318000.0,665000.0,986000.0,1361000.0
pm-2026Q2-v3,SGR,Selangor,Sepang,semi_detached,F,2,large,78,2026Q2,276.0,639000.0,932000.0,1320000.0,656000.0,956000.0,1352000.0,675000.0,982000.0,1392000.0,694000.0,1009000.0,1436000.0
pm-2026Q2-v3,SGR,Selangor,Sepang,semi_detached,L,2,small,16,2026Q2,94.0,312000.0,504000.0,724000.0,321000.0,515000.0,742000.0,330000.0,529000.0,764000.0,340000.0,544000.0,788000.0
pm-2026Q2-v3,SGR,Selangor,Sepang,semi_detached,L,2,typical,16,2026Q2,157.0,500000.0,730000.0,958000.0,514000.0,747000.0,982000.0,528000.0,767000.0,1013000.0,543000.0,787000.0,1046000.0
pm-2026Q2-v3,SGR,Selangor,Sepang,semi_detached,L,2,large,16,2026Q2,193.0,511000.0,766000.0,1041000.0,526000.0,784000.0,1067000.0,541000.0,805000.0,1099000.0,556000.0,826000.0,1134000.0
pm-2026Q2-v3,SGR,Selangor,Sepang,terrace,F,2,small,293,2026Q2,130.0,404000.0,530000.0,687000.0,415000.0,544000.0,705000.0,427000.0,560000.0,729000.0,438000.0,575000.0,752000.0
pm-2026Q2-v3,SGR,Selangor,Sepang,terrace,F,2,typical,293,2026Q2,153.0,435000.0,563000.0,755000.0,447000.0,578000.0,775000.0,460000.0,596000.0,800000.0,471000.0,613000.0,826000.0
pm-2026Q2-v3,SGR,Selangor,Sepang,terrace,F,2,large,293,2026Q2,169.0,458000.0,575000.0,739000.0,471000.0,591000.0,759000.0,483000.0,608000.0,783000.0,495000.0,626000.0,809000.0
pm-2026Q2-v3,SGR,Selangor,Sepang,terrace,L,2,small,137,2026Q2,97.0,278000.0,444000.0,566000.0,286000.0,453000.0,581000.0,294000.0,465000.0,600000.0,302000.0,476000.0,620000.0
pm-2026Q2-v3,SGR,Selangor,Sepang,terrace,L,2,typical,137,2026Q2,130.0,386000.0,519000.0,674000.0,397000.0,532000.0,692000.0,408000.0,547000.0,715000.0,419000.0,562000.0,738000.0
pm-2026Q2-v3,SGR,Selangor,Sepang,terrace,L,2,large,137,2026Q2,169.0,432000.0,573000.0,732000.0,445000.0,588000.0,752000.0,457000.0,605000.0,776000.0,469000.0,621000.0,802000.0
pm-2026Q2-v3,SGR,Selangor,Sepang,townhouse,F,0,small,14,2026Q2,100.0,229000.0,366000.0,466000.0,238000.0,376000.0,485000.0,247000.0,389000.0,505000.0,256000.0,402000.0,527000.0
pm-2026Q2-v3,SGR,Selangor,Sepang,townhouse,F,0,typical,14,2026Q2,134.0,341000.0,482000.0,619000.0,354000.0,498000.0,643000.0,367000.0,515000.0,671000.0,380000.0,534000.0,701000.0
pm-2026Q2-v3,SGR,Selangor,Sepang,townhouse,F,0,large,14,2026Q2,142.0,344000.0,487000.0,662000.0,358000.0,504000.0,686000.0,371000.0,523000.0,715000.0,383000.0,542000.0,748000.0
pm-2026Q2-v3,SGR,Selangor,Sepang,townhouse,L,0,small,12,2026Q2,89.0,197000.0,308000.0,410000.0,204000.0,317000.0,426000.0,212000.0,328000.0,444000.0,220000.0,340000.0,464000.0
pm-2026Q2-v3,SGR,Selangor,Sepang,townhouse,L,0,typical,12,2026Q2,99.0,228000.0,346000.0,453000.0,236000.0,356000.0,470000.0,245000.0,368000.0,490000.0,254000.0,382000.0,512000.0
pm-2026Q2-v3,SGR,Selangor,Sepang,townhouse,L,0,large,12,2026Q2,143.0,341000.0,478000.0,637000.0,354000.0,494000.0,661000.0,367000.0,512000.0,689000.0,380000.0,532000.0,721000.0
pm-2026Q2-v3,TRG,Terengganu,Besut,detached,F,0,small,82,2026Q2,103.0,258000.0,354000.0,402000.0,261000.0,355000.0,407000.0,264000.0,358000.0,414000.0,266000.0,360000.0,421000.0
pm-2026Q2-v3,TRG,Terengganu,Besut,detached,F,0,typical,82,2026Q2,120.0,288000.0,376000.0,422000.0,291000.0,377000.0,428000.0,294000.0,380000.0,435000.0,297000.0,382000.0,443000.0
pm-2026Q2-v3,TRG,Terengganu,Besut,detached,F,0,large,82,2026Q2,134.0,303000.0,399000.0,450000.0,307000.0,400000.0,456000.0,310000.0,404000.0,463000.0,313000.0,406000.0,472000.0
pm-2026Q2-v3,TRG,Terengganu,Besut,detached,L,0,small,10,2026Q2,81.0,121000.0,205000.0,304000.0,123000.0,206000.0,306000.0,124000.0,208000.0,311000.0,126000.0,210000.0,315000.0
pm-2026Q2-v3,TRG,Terengganu,Besut,detached,L,0,typical,10,2026Q2,117.0,176000.0,288000.0,356000.0,178000.0,289000.0,360000.0,180000.0,291000.0,365000.0,183000.0,293000.0,372000.0
pm-2026Q2-v3,TRG,Terengganu,Besut,detached,L,0,large,10,2026Q2,181.0,211000.0,324000.0,450000.0,213000.0,326000.0,453000.0,216000.0,329000.0,460000.0,218000.0,332000.0,467000.0
pm-2026Q2-v3,TRG,Terengganu,Besut,low_cost_house,L,0,small,14,2026Q2,60.0,73000.0,106000.0,167000.0,77000.0,112000.0,176000.0,81000.0,118000.0,186000.0,84000.0,124000.0,197000.0
pm-2026Q2-v3,TRG,Terengganu,Besut,low_cost_house,L,0,typical,14,2026Q2,68.0,76000.0,112000.0,177000.0,80000.0,117000.0,186000.0,84000.0,124000.0,197000.0,87000.0,130000.0,208000.0
pm-2026Q2-v3,TRG,Terengganu,Besut,low_cost_house,L,0,large,14,2026Q2,75.0,83000.0,122000.0,191000.0,87000.0,128000.0,201000.0,91000.0,135000.0,213000.0,95000.0,142000.0,225000.0
pm-2026Q2-v3,TRG,Terengganu,Besut,semi_detached,F,1,small,70,2026Q2,92.0,271000.0,320000.0,350000.0,278000.0,328000.0,361000.0,286000.0,336000.0,373000.0,293000.0,345000.0,387000.0
pm-2026Q2-v3,TRG,Terengganu,Besut,semi_detached,F,1,typical,70,2026Q2,100.0,295000.0,342000.0,366000.0,303000.0,349000.0,378000.0,311000.0,358000.0,391000.0,318000.0,367000.0,405000.0
pm-2026Q2-v3,TRG,Terengganu,Besut,semi_detached,F,1,large,70,2026Q2,111.0,309000.0,354000.0,381000.0,317000.0,362000.0,394000.0,325000.0,371000.0,407000.0,332000.0,381000.0,422000.0
pm-2026Q2-v3,TRG,Terengganu,Besut,terrace,F,1,small,61,2026Q2,65.0,156000.0,221000.0,262000.0,160000.0,226000.0,270000.0,165000.0,231000.0,279000.0,170000.0,237000.0,288000.0
pm-2026Q2-v3,TRG,Terengganu,Besut,terrace,F,1,typical,61,2026Q2,73.0,173000.0,244000.0,273000.0,178000.0,249000.0,282000.0,183000.0,254000.0,291000.0,188000.0,260000.0,301000.0
pm-2026Q2-v3,TRG,Terengganu,Besut,terrace,F,1,large,61,2026Q2,80.0,188000.0,259000.0,280000.0,193000.0,262000.0,289000.0,199000.0,268000.0,300000.0,204000.0,274000.0,311000.0
pm-2026Q2-v3,TRG,Terengganu,Besut,terrace,L,1,small,17,2026Q2,80.0,166000.0,224000.0,263000.0,171000.0,229000.0,271000.0,175000.0,235000.0,280000.0,180000.0,241000.0,289000.0
pm-2026Q2-v3,TRG,Terengganu,Besut,terrace,L,1,typical,17,2026Q2,80.0,166000.0,224000.0,263000.0,171000.0,229000.0,271000.0,175000.0,235000.0,280000.0,180000.0,241000.0,289000.0
pm-2026Q2-v3,TRG,Terengganu,Besut,terrace,L,1,large,17,2026Q2,97.0,187000.0,250000.0,285000.0,193000.0,255000.0,294000.0,198000.0,261000.0,304000.0,203000.0,268000.0,315000.0
pm-2026Q2-v3,TRG,Terengganu,Dungun,detached,F,0,small,106,2026Q2,102.0,208000.0,316000.0,386000.0,210000.0,317000.0,390000.0,212000.0,319000.0,396000.0,215000.0,322000.0,403000.0
pm-2026Q2-v3,TRG,Terengganu,Dungun,detached,F,0,typical,106,2026Q2,124.0,252000.0,354000.0,430000.0,255000.0,356000.0,435000.0,258000.0,359000.0,442000.0,260000.0,362000.0,449000.0
pm-2026Q2-v3,TRG,Terengganu,Dungun,detached,F,0,large,106,2026Q2,145.0,268000.0,362000.0,468000.0,271000.0,365000.0,473000.0,274000.0,369000.0,480000.0,277000.0,373000.0,488000.0
pm-2026Q2-v3,TRG,Terengganu,Dungun,detached,L,0,small,29,2026Q2,88.0,110000.0,213000.0,323000.0,111000.0,213000.0,325000.0,112000.0,215000.0,330000.0,113000.0,217000.0,335000.0
pm-2026Q2-v3,TRG,Terengganu,Dungun,detached,L,0,typical,29,2026Q2,118.0,148000.0,259000.0,369000.0,150000.0,260000.0,372000.0,152000.0,263000.0,377000.0,154000.0,265000.0,383000.0
pm-2026Q2-v3,TRG,Terengganu,Dungun,detached,L,0,large,29,2026Q2,141.0,162000.0,267000.0,400000.0,164000.0,269000.0,403000.0,166000.0,272000.0,409000.0,168000.0,275000.0,415000.0
pm-2026Q2-v3,TRG,Terengganu,Dungun,low_cost_house,F,0,small,10,2026Q2,56.0,93000.0,141000.0,172000.0,97000.0,146000.0,183000.0,102000.0,153000.0,194000.0,107000.0,159000.0,206000.0
pm-2026Q2-v3,TRG,Terengganu,Dungun,low_cost_house,F,0,typical,10,2026Q2,64.0,92000.0,145000.0,176000.0,97000.0,150000.0,187000.0,102000.0,157000.0,198000.0,107000.0,164000.0,211000.0
pm-2026Q2-v3,TRG,Terengganu,Dungun,low_cost_house,F,0,large,10,2026Q2,71.0,99000.0,155000.0,182000.0,104000.0,160000.0,193000.0,109000.0,167000.0,206000.0,114000.0,174000.0,220000.0
pm-2026Q2-v3,TRG,Terengganu,Dungun,low_cost_house,L,0,small,27,2026Q2,63.0,81000.0,150000.0,179000.0,85000.0,154000.0,190000.0,90000.0,161000.0,202000.0,94000.0,167000.0,215000.0
pm-2026Q2-v3,TRG,Terengganu,Dungun,low_cost_house,L,0,typical,27,2026Q2,77.0,86000.0,158000.0,201000.0,91000.0,163000.0,212000.0,96000.0,170000.0,225000.0,100000.0,178000.0,239000.0
pm-2026Q2-v3,TRG,Terengganu,Dungun,low_cost_house,L,0,large,27,2026Q2,77.0,86000.0,158000.0,201000.0,91000.0,163000.0,212000.0,96000.0,170000.0,225000.0,100000.0,178000.0,239000.0
pm-2026Q2-v3,TRG,Terengganu,Dungun,semi_detached,F,1,small,242,2026Q2,92.0,256000.0,326000.0,350000.0,263000.0,332000.0,361000.0,270000.0,340000.0,374000.0,277000.0,347000.0,388000.0
pm-2026Q2-v3,TRG,Terengganu,Dungun,semi_detached,F,1,typical,242,2026Q2,100.0,281000.0,342000.0,366000.0,289000.0,349000.0,378000.0,296000.0,357000.0,391000.0,304000.0,366000.0,406000.0
pm-2026Q2-v3,TRG,Terengganu,Dungun,semi_detached,F,1,large,242,2026Q2,115.0,298000.0,350000.0,394000.0,306000.0,359000.0,406000.0,314000.0,369000.0,419000.0,321000.0,379000.0,434000.0
pm-2026Q2-v3,TRG,Terengganu,Dungun,semi_detached,L,1,small,40,2026Q2,89.0,203000.0,277000.0,336000.0,209000.0,283000.0,345000.0,215000.0,291000.0,356000.0,221000.0,298000.0,368000.0
pm-2026Q2-v3,TRG,Terengganu,Dungun,semi_detached,L,1,typical,40,2026Q2,106.0,246000.0,302000.0,350000.0,253000.0,309000.0,361000.0,259000.0,318000.0,373000.0,266000.0,326000.0,385000.0
pm-2026Q2-v3,TRG,Terengganu,Dungun,semi_detached,L,1,large,40,2026Q2,108.0,249000.0,313000.0,355000.0,256000.0,320000.0,365000.0,263000.0,329000.0,377000.0,270000.0,337000.0,390000.0
pm-2026Q2-v3,TRG,Terengganu,Dungun,terrace,F,1,small,53,2026Q2,72.0,174000.0,237000.0,277000.0,179000.0,242000.0,286000.0,184000.0,249000.0,295000.0,189000.0,255000.0,305000.0
pm-2026Q2-v3,TRG,Terengganu,Dungun,terrace,F,1,typical,53,2026Q2,83.0,189000.0,245000.0,280000.0,194000.0,250000.0,289000.0,199000.0,257000.0,298000.0,205000.0,263000.0,309000.0
pm-2026Q2-v3,TRG,Terengganu,Dungun,terrace,F,1,large,53,2026Q2,111.0,213000.0,283000.0,334000.0,219000.0,289000.0,344000.0,225000.0,297000.0,356000.0,231000.0,305000.0,368000.0
pm-2026Q2-v3,TRG,Terengganu,Dungun,terrace,L,1,small,60,2026Q2,81.0,161000.0,214000.0,250000.0,166000.0,218000.0,257000.0,170000.0,224000.0,266000.0,175000.0,230000.0,275000.0
pm-2026Q2-v3,TRG,Terengganu,Dungun,terrace,L,1,typical,60,2026Q2,89.0,165000.0,222000.0,257000.0,169000.0,226000.0,265000.0,174000.0,232000.0,274000.0,179000.0,238000.0,283000.0
pm-2026Q2-v3,TRG,Terengganu,Dungun,terrace,L,1,large,60,2026Q2,117.0,191000.0,255000.0,303000.0,197000.0,261000.0,313000.0,202000.0,268000.0,323000.0,208000.0,275000.0,334000.0
pm-2026Q2-v3,TRG,Terengganu,Hulu Terengganu,detached,F,0,small,31,2026Q2,119.0,312000.0,385000.0,442000.0,315000.0,387000.0,447000.0,318000.0,391000.0,455000.0,321000.0,394000.0,463000.0
pm-2026Q2-v3,TRG,Terengganu,Hulu Terengganu,detached,F,0,typical,31,2026Q2,137.0,326000.0,407000.0,480000.0,330000.0,410000.0,486000.0,333000.0,415000.0,494000.0,336000.0,419000.0,502000.0
pm-2026Q2-v3,TRG,Terengganu,Hulu Terengganu,detached,F,0,large,31,2026Q2,151.0,338000.0,415000.0,506000.0,342000.0,419000.0,512000.0,345000.0,424000.0,520000.0,348000.0,428000.0,529000.0
pm-2026Q2-v3,TRG,Terengganu,Hulu Terengganu,semi_detached,F,1,small,49,2026Q2,95.0,260000.0,304000.0,375000.0,268000.0,313000.0,385000.0,274000.0,322000.0,398000.0,281000.0,332000.0,411000.0
pm-2026Q2-v3,TRG,Terengganu,Hulu Terengganu,semi_detached,F,1,typical,49,2026Q2,106.0,312000.0,333000.0,399000.0,319000.0,345000.0,411000.0,326000.0,356000.0,424000.0,333000.0,368000.0,438000.0
pm-2026Q2-v3,TRG,Terengganu,Hulu Terengganu,semi_detached,F,1,large,49,2026Q2,115.0,315000.0,346000.0,413000.0,323000.0,357000.0,424000.0,330000.0,368000.0,438000.0,338000.0,380000.0,453000.0
pm-2026Q2-v3,TRG,Terengganu,Hulu Terengganu,terrace,F,1,small,13,2026Q2,68.0,168000.0,206000.0,269000.0,173000.0,213000.0,276000.0,178000.0,219000.0,285000.0,182000.0,225000.0,295000.0
pm-2026Q2-v3,TRG,Terengganu,Hulu Terengganu,terrace,F,1,typical,13,2026Q2,85.0,194000.0,247000.0,316000.0,199000.0,253000.0,325000.0,205000.0,261000.0,335000.0,210000.0,268000.0,346000.0
pm-2026Q2-v3,TRG,Terengganu,Hulu Terengganu,terrace,F,1,large,13,2026Q2,113.0,228000.0,284000.0,357000.0,234000.0,291000.0,367000.0,240000.0,300000.0,379000.0,247000.0,309000.0,392000.0
pm-2026Q2-v3,TRG,Terengganu,Kemaman,detached,F,0,small,47,2026Q2,112.0,246000.0,365000.0,442000.0,249000.0,366000.0,447000.0,252000.0,369000.0,454000.0,255000.0,372000.0,462000.0
pm-2026Q2-v3,TRG,Terengganu,Kemaman,detached,F,0,typical,47,2026Q2,126.0,261000.0,382000.0,468000.0,264000.0,384000.0,473000.0,267000.0,387000.0,481000.0,270000.0,390000.0,489000.0
pm-2026Q2-v3,TRG,Terengganu,Kemaman,detached,F,0,large,47,2026Q2,152.0,304000.0,405000.0,531000.0,307000.0,409000.0,536000.0,311000.0,414000.0,544000.0,314000.0,418000.0,553000.0
pm-2026Q2-v3,TRG,Terengganu,Kemaman,detached,L,0,small,37,2026Q2,63.0,78000.0,135000.0,271000.0,79000.0,137000.0,271000.0,80000.0,138000.0,275000.0,81000.0,140000.0,279000.0
pm-2026Q2-v3,TRG,Terengganu,Kemaman,detached,L,0,typical,37,2026Q2,111.0,132000.0,254000.0,381000.0,134000.0,255000.0,384000.0,135000.0,257000.0,389000.0,137000.0,260000.0,395000.0
pm-2026Q2-v3,TRG,Terengganu,Kemaman,detached,L,0,large,37,2026Q2,143.0,164000.0,271000.0,453000.0,165000.0,273000.0,455000.0,167000.0,277000.0,461000.0,169000.0,280000.0,467000.0
pm-2026Q2-v3,TRG,Terengganu,Kemaman,low_cost_house,F,0,small,45,2026Q2,57.0,97000.0,149000.0,207000.0,102000.0,155000.0,219000.0,107000.0,163000.0,232000.0,112000.0,171000.0,246000.0
pm-2026Q2-v3,TRG,Terengganu,Kemaman,low_cost_house,F,0,typical,45,2026Q2,65.0,99000.0,154000.0,211000.0,104000.0,161000.0,223000.0,109000.0,169000.0,236000.0,114000.0,177000.0,250000.0
pm-2026Q2-v3,TRG,Terengganu,Kemaman,low_cost_house,F,0,large,45,2026Q2,85.0,120000.0,170000.0,237000.0,126000.0,179000.0,250000.0,132000.0,188000.0,265000.0,138000.0,198000.0,281000.0
pm-2026Q2-v3,TRG,Terengganu,Kemaman,low_cost_house,L,0,small,64,2026Q2,60.0,83000.0,116000.0,178000.0,87000.0,122000.0,187000.0,91000.0,129000.0,199000.0,95000.0,136000.0,211000.0
pm-2026Q2-v3,TRG,Terengganu,Kemaman,low_cost_house,L,0,typical,64,2026Q2,69.0,89000.0,122000.0,187000.0,93000.0,129000.0,196000.0,98000.0,136000.0,208000.0,102000.0,143000.0,221000.0
pm-2026Q2-v3,TRG,Terengganu,Kemaman,low_cost_house,L,0,large,64,2026Q2,80.0,102000.0,132000.0,203000.0,107000.0,139000.0,213000.0,111000.0,147000.0,226000.0,116000.0,155000.0,240000.0
pm-2026Q2-v3,TRG,Terengganu,Kemaman,semi_detached,F,1,small,168,2026Q2,92.0,244000.0,306000.0,361000.0,251000.0,314000.0,371000.0,258000.0,322000.0,384000.0,265000.0,331000.0,396000.0
pm-2026Q2-v3,TRG,Terengganu,Kemaman,semi_detached,F,1,typical,168,2026Q2,103.0,279000.0,339000.0,390000.0,287000.0,347000.0,402000.0,294000.0,356000.0,415000.0,302000.0,366000.0,429000.0
pm-2026Q2-v3,TRG,Terengganu,Kemaman,semi_detached,F,1,large,168,2026Q2,111.0,296000.0,350000.0,401000.0,304000.0,359000.0,413000.0,312000.0,369000.0,426000.0,320000.0,379000.0,441000.0
pm-2026Q2-v3,TRG,Terengganu,Kemaman,semi_detached,L,1,small,70,2026Q2,103.0,212000.0,285000.0,360000.0,218000.0,292000.0,369000.0,224000.0,300000.0,381000.0,230000.0,308000.0,394000.0
pm-2026Q2-v3,TRG,Terengganu,Kemaman,semi_detached,L,1,typical,70,2026Q2,111.0,234000.0,303000.0,371000.0,241000.0,310000.0,381000.0,248000.0,319000.0,393000.0,254000.0,328000.0,407000.0
pm-2026Q2-v3,TRG,Terengganu,Kemaman,semi_detached,L,1,large,70,2026Q2,136.0,254000.0,309000.0,415000.0,261000.0,318000.0,426000.0,268000.0,328000.0,439000.0,275000.0,338000.0,453000.0
pm-2026Q2-v3,TRG,Terengganu,Kemaman,terrace,F,1,small,335,2026Q2,81.0,178000.0,221000.0,278000.0,183000.0,227000.0,286000.0,188000.0,234000.0,295000.0,193000.0,240000.0,306000.0
pm-2026Q2-v3,TRG,Terengganu,Kemaman,terrace,F,1,typical,335,2026Q2,86.0,184000.0,230000.0,287000.0,189000.0,236000.0,295000.0,194000.0,243000.0,305000.0,199000.0,250000.0,315000.0
pm-2026Q2-v3,TRG,Terengganu,Kemaman,terrace,F,1,large,335,2026Q2,97.0,195000.0,246000.0,302000.0,201000.0,253000.0,311000.0,206000.0,260000.0,321000.0,211000.0,267000.0,332000.0
pm-2026Q2-v3,TRG,Terengganu,Kemaman,terrace,L,1,small,218,2026Q2,81.0,150000.0,191000.0,271000.0,154000.0,197000.0,278000.0,159000.0,203000.0,287000.0,163000.0,209000.0,296000.0
pm-2026Q2-v3,TRG,Terengganu,Kemaman,terrace,L,1,typical,218,2026Q2,84.0,152000.0,196000.0,273000.0,157000.0,202000.0,280000.0,161000.0,208000.0,289000.0,165000.0,214000.0,298000.0
pm-2026Q2-v3,TRG,Terengganu,Kemaman,terrace,L,1,large,218,2026Q2,94.0,156000.0,205000.0,286000.0,160000.0,211000.0,293000.0,165000.0,217000.0,302000.0,169000.0,224000.0,312000.0
pm-2026Q2-v3,TRG,Terengganu,Kuala Nerus,detached,F,0,small,73,2026Q2,118.0,298000.0,426000.0,493000.0,302000.0,427000.0,499000.0,305000.0,430000.0,508000.0,308000.0,433000.0,517000.0
pm-2026Q2-v3,TRG,Terengganu,Kuala Nerus,detached,F,0,typical,73,2026Q2,129.0,308000.0,442000.0,523000.0,311000.0,443000.0,529000.0,315000.0,447000.0,538000.0,318000.0,450000.0,547000.0
pm-2026Q2-v3,TRG,Terengganu,Kuala Nerus,detached,F,0,large,73,2026Q2,147.0,334000.0,458000.0,576000.0,338000.0,461000.0,581000.0,342000.0,466000.0,591000.0,345000.0,470000.0,600000.0
pm-2026Q2-v3,TRG,Terengganu,Kuala Nerus,detached,L,0,small,14,2026Q2,77.0,132000.0,219000.0,350000.0,134000.0,220000.0,352000.0,135000.0,223000.0,357000.0,137000.0,225000.0,362000.0
pm-2026Q2-v3,TRG,Terengganu,Kuala Nerus,detached,L,0,typical,14,2026Q2,107.0,181000.0,267000.0,409000.0,183000.0,269000.0,412000.0,186000.0,272000.0,417000.0,188000.0,275000.0,424000.0
pm-2026Q2-v3,TRG,Terengganu,Kuala Nerus,detached,L,0,large,14,2026Q2,123.0,197000.0,294000.0,446000.0,200000.0,297000.0,449000.0,202000.0,301000.0,455000.0,204000.0,304000.0,462000.0
pm-2026Q2-v3,TRG,Terengganu,Kuala Nerus,low_cost_house,F,0,small,10,2026Q2,67.0,112000.0,175000.0,226000.0,118000.0,182000.0,239000.0,124000.0,191000.0,254000.0,129000.0,200000.0,269000.0
pm-2026Q2-v3,TRG,Terengganu,Kuala Nerus,low_cost_house,F,0,typical,10,2026Q2,79.0,120000.0,196000.0,255000.0,126000.0,203000.0,269000.0,133000.0,213000.0,286000.0,139000.0,223000.0,303000.0
pm-2026Q2-v3,TRG,Terengganu,Kuala Nerus,low_cost_house,F,0,large,10,2026Q2,94.0,129000.0,206000.0,275000.0,136000.0,215000.0,290000.0,143000.0,225000.0,309000.0,149000.0,236000.0,327000.0
pm-2026Q2-v3,TRG,Terengganu,Kuala Nerus,low_cost_house,L,0,small,28,2026Q2,58.0,101000.0,157000.0,221000.0,107000.0,164000.0,233000.0,112000.0,172000.0,247000.0,117000.0,181000.0,262000.0
pm-2026Q2-v3,TRG,Terengganu,Kuala Nerus,low_cost_house,L,0,typical,28,2026Q2,67.0,104000.0,161000.0,228000.0,109000.0,168000.0,240000.0,114000.0,177000.0,254000.0,120000.0,186000.0,270000.0
pm-2026Q2-v3,TRG,Terengganu,Kuala Nerus,low_cost_house,L,0,large,28,2026Q2,88.0,123000.0,179000.0,271000.0,129000.0,188000.0,285000.0,136000.0,198000.0,302000.0,141000.0,209000.0,321000.0
pm-2026Q2-v3,TRG,Terengganu,Kuala Nerus,semi_detached,F,1,small,259,2026Q2,94.0,283000.0,348000.0,399000.0,291000.0,357000.0,411000.0,298000.0,366000.0,424000.0,306000.0,376000.0,439000.0
pm-2026Q2-v3,TRG,Terengganu,Kuala Nerus,semi_detached,F,1,typical,259,2026Q2,105.0,324000.0,371000.0,424000.0,333000.0,381000.0,436000.0,341000.0,392000.0,451000.0,349000.0,403000.0,466000.0
pm-2026Q2-v3,TRG,Terengganu,Kuala Nerus,semi_detached,F,1,large,259,2026Q2,113.0,334000.0,372000.0,444000.0,343000.0,384000.0,456000.0,351000.0,395000.0,471000.0,359000.0,407000.0,487000.0
pm-2026Q2-v3,TRG,Terengganu,Kuala Nerus,semi_detached,L,1,small,33,2026Q2,90.0,239000.0,290000.0,372000.0,246000.0,298000.0,382000.0,253000.0,307000.0,394000.0,259000.0,316000.0,407000.0
pm-2026Q2-v3,TRG,Terengganu,Kuala Nerus,semi_detached,L,1,typical,33,2026Q2,96.0,245000.0,296000.0,383000.0,252000.0,304000.0,393000.0,259000.0,313000.0,405000.0,265000.0,323000.0,419000.0
pm-2026Q2-v3,TRG,Terengganu,Kuala Nerus,semi_detached,L,1,large,33,2026Q2,127.0,286000.0,349000.0,454000.0,294000.0,359000.0,466000.0,302000.0,370000.0,481000.0,310000.0,381000.0,497000.0
pm-2026Q2-v3,TRG,Terengganu,Kuala Nerus,terrace,F,1,small,74,2026Q2,70.0,218000.0,255000.0,304000.0,224000.0,263000.0,313000.0,229000.0,270000.0,324000.0,235000.0,278000.0,334000.0
pm-2026Q2-v3,TRG,Terengganu,Kuala Nerus,terrace,F,1,typical,74,2026Q2,80.0,224000.0,270000.0,322000.0,231000.0,278000.0,332000.0,237000.0,286000.0,343000.0,242000.0,294000.0,354000.0
pm-2026Q2-v3,TRG,Terengganu,Kuala Nerus,terrace,F,1,large,74,2026Q2,129.0,263000.0,329000.0,423000.0,271000.0,338000.0,435000.0,278000.0,348000.0,449000.0,285000.0,358000.0,463000.0
pm-2026Q2-v3,TRG,Terengganu,Kuala Nerus,terrace,L,1,small,46,2026Q2,74.0,204000.0,240000.0,298000.0,210000.0,247000.0,306000.0,215000.0,255000.0,317000.0,220000.0,262000.0,327000.0
pm-2026Q2-v3,TRG,Terengganu,Kuala Nerus,terrace,L,1,typical,46,2026Q2,80.0,201000.0,250000.0,304000.0,207000.0,257000.0,313000.0,213000.0,264000.0,324000.0,218000.0,272000.0,335000.0
pm-2026Q2-v3,TRG,Terengganu,Kuala Nerus,terrace,L,1,large,46,2026Q2,134.0,269000.0,311000.0,398000.0,276000.0,321000.0,409000.0,283000.0,331000.0,422000.0,289000.0,341000.0,436000.0
pm-2026Q2-v3,TRG,Terengganu,Kuala Terengganu,condo,F,0,small,24,2026Q2,68.0,112000.0,171000.0,244000.0,113000.0,173000.0,248000.0,114000.0,175000.0,255000.0,115000.0,177000.0,260000.0
pm-2026Q2-v3,TRG,Terengganu,Kuala Terengganu,condo,F,0,typical,24,2026Q2,77.0,150000.0,206000.0,292000.0,152000.0,209000.0,298000.0,153000.0,212000.0,305000.0,153000.0,215000.0,312000.0
pm-2026Q2-v3,TRG,Terengganu,Kuala Terengganu,condo,F,0,large,24,2026Q2,111.0,227000.0,362000.0,453000.0,230000.0,361000.0,464000.0,232000.0,364000.0,476000.0,234000.0,366000.0,489000.0
pm-2026Q2-v3,TRG,Terengganu,Kuala Terengganu,condo,L,0,small,25,2026Q2,78.0,175000.0,230000.0,331000.0,176000.0,234000.0,337000.0,177000.0,238000.0,345000.0,178000.0,242000.0,352000.0
pm-2026Q2-v3,TRG,Terengganu,Kuala Terengganu,condo,L,0,typical,25,2026Q2,78.0,175000.0,230000.0,331000.0,176000.0,234000.0,337000.0,177000.0,238000.0,345000.0,178000.0,242000.0,352000.0
pm-2026Q2-v3,TRG,Terengganu,Kuala Terengganu,condo,L,0,large,25,2026Q2,78.0,175000.0,230000.0,331000.0,176000.0,234000.0,337000.0,177000.0,238000.0,345000.0,178000.0,242000.0,352000.0
pm-2026Q2-v3,TRG,Terengganu,Kuala Terengganu,detached,F,0,small,78,2026Q2,121.0,309000.0,437000.0,517000.0,313000.0,439000.0,523000.0,317000.0,442000.0,532000.0,320000.0,446000.0,541000.0
pm-2026Q2-v3,TRG,Terengganu,Kuala Terengganu,detached,F,0,typical,78,2026Q2,137.0,334000.0,472000.0,543000.0,338000.0,473000.0,550000.0,342000.0,476000.0,559000.0,345000.0,480000.0,569000.0
pm-2026Q2-v3,TRG,Terengganu,Kuala Terengganu,detached,F,0,large,78,2026Q2,150.0,340000.0,479000.0,580000.0,344000.0,481000.0,586000.0,348000.0,486000.0,596000.0,351000.0,490000.0,606000.0
pm-2026Q2-v3,TRG,Terengganu,Kuala Terengganu,low_cost_flat,L,0,small,18,2026Q2,56.0,64000.0,95000.0,154000.0,67000.0,99000.0,160000.0,70000.0,104000.0,168000.0,74000.0,109000.0,177000.0
pm-2026Q2-v3,TRG,Terengganu,Kuala Terengganu,low_cost_flat,L,0,typical,18,2026Q2,56.0,64000.0,95000.0,154000.0,67000.0,99000.0,160000.0,70000.0,104000.0,168000.0,74000.0,109000.0,177000.0
pm-2026Q2-v3,TRG,Terengganu,Kuala Terengganu,low_cost_flat,L,0,large,18,2026Q2,56.0,64000.0,95000.0,154000.0,67000.0,99000.0,160000.0,70000.0,104000.0,168000.0,74000.0,109000.0,177000.0
pm-2026Q2-v3,TRG,Terengganu,Kuala Terengganu,low_cost_house,L,0,small,22,2026Q2,67.0,84000.0,146000.0,221000.0,89000.0,153000.0,233000.0,93000.0,160000.0,247000.0,97000.0,168000.0,262000.0
pm-2026Q2-v3,TRG,Terengganu,Kuala Terengganu,low_cost_house,L,0,typical,22,2026Q2,70.0,89000.0,148000.0,226000.0,94000.0,155000.0,237000.0,99000.0,163000.0,252000.0,103000.0,171000.0,267000.0
pm-2026Q2-v3,TRG,Terengganu,Kuala Terengganu,low_cost_house,L,0,large,22,2026Q2,71.0,94000.0,151000.0,224000.0,99000.0,158000.0,236000.0,104000.0,166000.0,250000.0,108000.0,174000.0,265000.0
pm-2026Q2-v3,TRG,Terengganu,Kuala Terengganu,semi_detached,F,1,small,255,2026Q2,96.0,313000.0,377000.0,413000.0,322000.0,386000.0,427000.0,331000.0,395000.0,441000.0,339000.0,405000.0,457000.0
pm-2026Q2-v3,TRG,Terengganu,Kuala Terengganu,semi_detached,F,1,typical,255,2026Q2,106.0,353000.0,401000.0,428000.0,362000.0,410000.0,442000.0,371000.0,420000.0,458000.0,379000.0,431000.0,475000.0
pm-2026Q2-v3,TRG,Terengganu,Kuala Terengganu,semi_detached,F,1,large,255,2026Q2,117.0,351000.0,396000.0,449000.0,361000.0,407000.0,462000.0,370000.0,418000.0,478000.0,378000.0,430000.0,494000.0
pm-2026Q2-v3,TRG,Terengganu,Kuala Terengganu,terrace,F,1,small,67,2026Q2,78.0,240000.0,290000.0,329000.0,247000.0,297000.0,339000.0,253000.0,305000.0,351000.0,260000.0,313000.0,363000.0
pm-2026Q2-v3,TRG,Terengganu,Kuala Terengganu,terrace,F,1,typical,67,2026Q2,81.0,245000.0,303000.0,336000.0,252000.0,310000.0,347000.0,259000.0,318000.0,359000.0,266000.0,326000.0,372000.0
pm-2026Q2-v3,TRG,Terengganu,Kuala Terengganu,terrace,F,1,large,67,2026Q2,138.0,303000.0,360000.0,468000.0,312000.0,371000.0,481000.0,320000.0,383000.0,497000.0,327000.0,394000.0,513000.0
pm-2026Q2-v3,TRG,Terengganu,Kuala Terengganu,terrace,L,1,small,35,2026Q2,76.0,221000.0,258000.0,328000.0,227000.0,267000.0,337000.0,233000.0,275000.0,348000.0,238000.0,283000.0,360000.0
pm-2026Q2-v3,TRG,Terengganu,Kuala Terengganu,terrace,L,1,typical,35,2026Q2,125.0,276000.0,315000.0,410000.0,283000.0,325000.0,421000.0,290000.0,336000.0,435000.0,296000.0,347000.0,449000.0
pm-2026Q2-v3,TRG,Terengganu,Kuala Terengganu,terrace,L,1,large,35,2026Q2,142.0,287000.0,345000.0,449000.0,295000.0,355000.0,461000.0,303000.0,367000.0,476000.0,310000.0,377000.0,492000.0
pm-2026Q2-v3,TRG,Terengganu,Marang,detached,F,0,small,74,2026Q2,112.0,261000.0,383000.0,457000.0,263000.0,385000.0,462000.0,267000.0,388000.0,470000.0,270000.0,391000.0,478000.0
pm-2026Q2-v3,TRG,Terengganu,Marang,detached,F,0,typical,74,2026Q2,127.0,279000.0,397000.0,485000.0,282000.0,399000.0,490000.0,285000.0,402000.0,498000.0,288000.0,406000.0,506000.0
pm-2026Q2-v3,TRG,Terengganu,Marang,detached,F,0,large,74,2026Q2,140.0,302000.0,414000.0,519000.0,306000.0,417000.0,524000.0,309000.0,421000.0,532000.0,312000.0,425000.0,541000.0
pm-2026Q2-v3,TRG,Terengganu,Marang,low_cost_house,F,0,small,17,2026Q2,57.0,84000.0,150000.0,212000.0,88000.0,156000.0,224000.0,93000.0,163000.0,238000.0,97000.0,171000.0,252000.0
pm-2026Q2-v3,TRG,Terengganu,Marang,low_cost_house,F,0,typical,17,2026Q2,69.0,90000.0,157000.0,217000.0,95000.0,163000.0,228000.0,100000.0,171000.0,243000.0,104000.0,179000.0,257000.0
pm-2026Q2-v3,TRG,Terengganu,Marang,low_cost_house,F,0,large,17,2026Q2,74.0,90000.0,159000.0,229000.0,95000.0,165000.0,240000.0,100000.0,173000.0,255000.0,105000.0,182000.0,271000.0
pm-2026Q2-v3,TRG,Terengganu,Marang,low_cost_house,L,0,small,10,2026Q2,63.0,76000.0,137000.0,191000.0,80000.0,142000.0,201000.0,84000.0,149000.0,214000.0,88000.0,156000.0,226000.0
pm-2026Q2-v3,TRG,Terengganu,Marang,low_cost_house,L,0,typical,10,2026Q2,75.0,86000.0,144000.0,207000.0,90000.0,151000.0,217000.0,95000.0,158000.0,231000.0,100000.0,166000.0,245000.0
pm-2026Q2-v3,TRG,Terengganu,Marang,low_cost_house,L,0,large,10,2026Q2,76.0,86000.0,144000.0,207000.0,90000.0,151000.0,217000.0,95000.0,158000.0,231000.0,100000.0,166000.0,245000.0
pm-2026Q2-v3,TRG,Terengganu,Marang,semi_detached,F,1,small,283,2026Q2,96.0,266000.0,331000.0,378000.0,274000.0,339000.0,389000.0,281000.0,348000.0,402000.0,289000.0,357000.0,416000.0
pm-2026Q2-v3,TRG,Terengganu,Marang,semi_detached,F,1,typical,283,2026Q2,103.0,289000.0,349000.0,393000.0,297000.0,358000.0,405000.0,305000.0,367000.0,418000.0,312000.0,376000.0,433000.0
pm-2026Q2-v3,TRG,Terengganu,Marang,semi_detached,F,1,large,283,2026Q2,112.0,296000.0,359000.0,407000.0,304000.0,367000.0,419000.0,312000.0,377000.0,433000.0,320000.0,387000.0,448000.0
pm-2026Q2-v3,TRG,Terengganu,Marang,terrace,F,1,small,81,2026Q2,66.0,169000.0,210000.0,266000.0,174000.0,216000.0,274000.0,179000.0,222000.0,282000.0,183000.0,229000.0,292000.0
pm-2026Q2-v3,TRG,Terengganu,Marang,terrace,F,1,typical,81,2026Q2,73.0,182000.0,221000.0,275000.0,187000.0,227000.0,283000.0,192000.0,234000.0,293000.0,197000.0,241000.0,302000.0
pm-2026Q2-v3,TRG,Terengganu,Marang,terrace,F,1,large,81,2026Q2,82.0,183000.0,232000.0,281000.0,188000.0,238000.0,289000.0,193000.0,245000.0,299000.0,198000.0,252000.0,309000.0
pm-2026Q2-v3,TRG,Terengganu,Marang,terrace,L,1,small,13,2026Q2,76.0,162000.0,211000.0,281000.0,166000.0,217000.0,288000.0,171000.0,223000.0,298000.0,175000.0,230000.0,307000.0
pm-2026Q2-v3,TRG,Terengganu,Marang,terrace,L,1,typical,13,2026Q2,78.0,164000.0,214000.0,282000.0,169000.0,220000.0,289000.0,174000.0,226000.0,299000.0,178000.0,233000.0,308000.0
pm-2026Q2-v3,TRG,Terengganu,Marang,terrace,L,1,large,13,2026Q2,87.0,173000.0,229000.0,290000.0,179000.0,235000.0,298000.0,184000.0,242000.0,308000.0,188000.0,248000.0,318000.0
pm-2026Q2-v3,TRG,Terengganu,Setiu,detached,F,0,small,12,2026Q2,76.0,144000.0,221000.0,320000.0,146000.0,223000.0,322000.0,148000.0,225000.0,326000.0,149000.0,227000.0,332000.0
pm-2026Q2-v3,TRG,Terengganu,Setiu,detached,F,0,typical,12,2026Q2,105.0,197000.0,287000.0,413000.0,199000.0,289000.0,416000.0,201000.0,293000.0,421000.0,203000.0,296000.0,428000.0
pm-2026Q2-v3,TRG,Terengganu,Setiu,detached,F,0,large,12,2026Q2,123.0,247000.0,322000.0,442000.0,249000.0,325000.0,445000.0,252000.0,329000.0,452000.0,254000.0,333000.0,459000.0
pm-2026Q2-v3,TRG,Terengganu,Setiu,detached,L,0,small,10,2026Q2,132.0,134000.0,272000.0,450000.0,136000.0,273000.0,452000.0,137000.0,276000.0,458000.0,139000.0,279000.0,465000.0
pm-2026Q2-v3,TRG,Terengganu,Setiu,detached,L,0,typical,10,2026Q2,141.0,144000.0,275000.0,469000.0,145000.0,277000.0,471000.0,147000.0,280000.0,478000.0,148000.0,283000.0,484000.0
pm-2026Q2-v3,TRG,Terengganu,Setiu,detached,L,0,large,10,2026Q2,150.0,156000.0,278000.0,475000.0,158000.0,279000.0,477000.0,160000.0,283000.0,484000.0,162000.0,286000.0,490000.0
pm-2026Q2-v3,TRG,Terengganu,Setiu,semi_detached,F,1,small,15,2026Q2,92.0,262000.0,285000.0,352000.0,269000.0,295000.0,362000.0,275000.0,305000.0,373000.0,281000.0,315000.0,386000.0
pm-2026Q2-v3,TRG,Terengganu,Setiu,semi_detached,F,1,typical,15,2026Q2,104.0,291000.0,322000.0,394000.0,298000.0,333000.0,405000.0,305000.0,343000.0,418000.0,312000.0,354000.0,432000.0
pm-2026Q2-v3,TRG,Terengganu,Setiu,semi_detached,F,1,large,15,2026Q2,110.0,296000.0,334000.0,405000.0,304000.0,344000.0,416000.0,311000.0,355000.0,430000.0,318000.0,366000.0,444000.0
pm-2026Q2-v3,KUL,W.P. Kuala Lumpur,Kuala Lumpur,cluster,L,0,small,31,2026Q2,56.0,138000.0,227000.0,313000.0,144000.0,235000.0,325000.0,150000.0,245000.0,340000.0,157000.0,255000.0,355000.0
pm-2026Q2-v3,KUL,W.P. Kuala Lumpur,Kuala Lumpur,cluster,L,0,typical,31,2026Q2,74.0,169000.0,270000.0,344000.0,177000.0,280000.0,359000.0,184000.0,291000.0,375000.0,192000.0,302000.0,393000.0
pm-2026Q2-v3,KUL,W.P. Kuala Lumpur,Kuala Lumpur,cluster,L,0,large,31,2026Q2,81.0,180000.0,289000.0,366000.0,188000.0,299000.0,381000.0,196000.0,310000.0,398000.0,204000.0,322000.0,417000.0
pm-2026Q2-v3,KUL,W.P. Kuala Lumpur,Kuala Lumpur,condo,F,0,small,2420,2026Q2,101.0,260000.0,428000.0,615000.0,264000.0,429000.0,626000.0,266000.0,435000.0,641000.0,268000.0,439000.0,655000.0
pm-2026Q2-v3,KUL,W.P. Kuala Lumpur,Kuala Lumpur,condo,F,0,typical,2420,2026Q2,124.0,345000.0,482000.0,778000.0,348000.0,490000.0,787000.0,351000.0,499000.0,806000.0,351000.0,508000.0,825000.0
pm-2026Q2-v3,KUL,W.P. Kuala Lumpur,Kuala Lumpur,condo,F,0,large,2420,2026Q2,173.0,453000.0,613000.0,1149000.0,458000.0,629000.0,1159000.0,460000.0,643000.0,1183000.0,460000.0,655000.0,1210000.0
pm-2026Q2-v3,KUL,W.P. Kuala Lumpur,Kuala Lumpur,condo,L,0,small,853,2026Q2,84.0,189000.0,329000.0,426000.0,192000.0,328000.0,435000.0,194000.0,330000.0,446000.0,196000.0,332000.0,456000.0
pm-2026Q2-v3,KUL,W.P. Kuala Lumpur,Kuala Lumpur,condo,L,0,typical,853,2026Q2,96.0,216000.0,381000.0,499000.0,219000.0,379000.0,509000.0,221000.0,383000.0,522000.0,223000.0,385000.0,534000.0
pm-2026Q2-v3,KUL,W.P. Kuala Lumpur,Kuala Lumpur,condo,L,0,large,853,2026Q2,116.0,301000.0,426000.0,566000.0,304000.0,429000.0,577000.0,306000.0,435000.0,591000.0,307000.0,439000.0,606000.0
pm-2026Q2-v3,KUL,W.P. Kuala Lumpur,Kuala Lumpur,detached,F,0,small,128,2026Q2,249.0,865000.0,1389000.0,2615000.0,876000.0,1403000.0,2624000.0,885000.0,1422000.0,2658000.0,895000.0,1440000.0,2693000.0
pm-2026Q2-v3,KUL,W.P. Kuala Lumpur,Kuala Lumpur,detached,F,0,typical,128,2026Q2,336.0,1116000.0,1764000.0,3091000.0,1130000.0,1782000.0,3105000.0,1142000.0,1804000.0,3147000.0,1154000.0,1825000.0,3186000.0
pm-2026Q2-v3,KUL,W.P. Kuala Lumpur,Kuala Lumpur,detached,F,0,large,128,2026Q2,469.0,1390000.0,2043000.0,3613000.0,1406000.0,2067000.0,3627000.0,1423000.0,2096000.0,3677000.0,1437000.0,2121000.0,3724000.0
pm-2026Q2-v3,KUL,W.P. Kuala Lumpur,Kuala Lumpur,detached,L,0,small,48,2026Q2,129.0,219000.0,336000.0,720000.0,222000.0,340000.0,720000.0,224000.0,346000.0,730000.0,227000.0,350000.0,739000.0
pm-2026Q2-v3,KUL,W.P. Kuala Lumpur,Kuala Lumpur,detached,L,0,typical,48,2026Q2,175.0,210000.0,376000.0,786000.0,212000.0,379000.0,788000.0,215000.0,384000.0,798000.0,217000.0,389000.0,808000.0
pm-2026Q2-v3,KUL,W.P. Kuala Lumpur,Kuala Lumpur,detached,L,0,large,48,2026Q2,270.0,249000.0,600000.0,1401000.0,252000.0,603000.0,1400000.0,255000.0,610000.0,1419000.0,258000.0,617000.0,1437000.0
pm-2026Q2-v3,KUL,W.P. Kuala Lumpur,Kuala Lumpur,flat,F,0,small,174,2026Q2,59.0,80000.0,136000.0,223000.0,82000.0,139000.0,227000.0,84000.0,142000.0,233000.0,86000.0,145000.0,239000.0
pm-2026Q2-v3,KUL,W.P. Kuala Lumpur,Kuala Lumpur,flat,F,0,typical,174,2026Q2,63.0,83000.0,146000.0,225000.0,85000.0,148000.0,230000.0,87000.0,152000.0,236000.0,89000.0,155000.0,243000.0
pm-2026Q2-v3,KUL,W.P. Kuala Lumpur,Kuala Lumpur,flat,F,0,large,174,2026Q2,76.0,112000.0,201000.0,276000.0,115000.0,204000.0,282000.0,118000.0,208000.0,290000.0,120000.0,212000.0,298000.0
pm-2026Q2-v3,KUL,W.P. Kuala Lumpur,Kuala Lumpur,flat,L,0,small,251,2026Q2,58.0,77000.0,131000.0,223000.0,79000.0,134000.0,227000.0,81000.0,137000.0,233000.0,83000.0,140000.0,239000.0
pm-2026Q2-v3,KUL,W.P. Kuala Lumpur,Kuala Lumpur,flat,L,0,typical,251,2026Q2,68.0,92000.0,159000.0,251000.0,94000.0,162000.0,256000.0,96000.0,166000.0,262000.0,99000.0,170000.0,270000.0
pm-2026Q2-v3,KUL,W.P. Kuala Lumpur,Kuala Lumpur,flat,L,0,large,251,2026Q2,78.0,113000.0,201000.0,283000.0,116000.0,204000.0,289000.0,119000.0,209000.0,296000.0,121000.0,213000.0,305000.0
pm-2026Q2-v3,KUL,W.P. Kuala Lumpur,Kuala Lumpur,low_cost_flat,F,0,small,110,2026Q2,53.0,78000.0,126000.0,187000.0,81000.0,131000.0,196000.0,85000.0,138000.0,205000.0,90000.0,145000.0,216000.0
pm-2026Q2-v3,KUL,W.P. Kuala Lumpur,Kuala Lumpur,low_cost_flat,F,0,typical,110,2026Q2,61.0,92000.0,150000.0,215000.0,97000.0,156000.0,225000.0,101000.0,163000.0,236000.0,106000.0,171000.0,248000.0
pm-2026Q2-v3,KUL,W.P. Kuala Lumpur,Kuala Lumpur,low_cost_flat,F,0,large,110,2026Q2,62.0,91000.0,147000.0,216000.0,95000.0,154000.0,226000.0,100000.0,161000.0,237000.0,105000.0,169000.0,249000.0
pm-2026Q2-v3,KUL,W.P. Kuala Lumpur,Kuala Lumpur,low_cost_flat,L,0,small,352,2026Q2,52.0,75000.0,124000.0,186000.0,79000.0,129000.0,194000.0,83000.0,135000.0,204000.0,87000.0,142000.0,214000.0
pm-2026Q2-v3,KUL,W.P. Kuala Lumpur,Kuala Lumpur,low_cost_flat,L,0,typical,352,2026Q2,59.0,84000.0,141000.0,213000.0,88000.0,147000.0,222000.0,92000.0,154000.0,233000.0,96000.0,162000.0,245000.0
pm-2026Q2-v3,KUL,W.P. Kuala Lumpur,Kuala Lumpur,low_cost_flat,L,0,large,352,2026Q2,61.0,90000.0,143000.0,212000.0,94000.0,149000.0,221000.0,99000.0,156000.0,232000.0,104000.0,164000.0,244000.0
pm-2026Q2-v3,KUL,W.P. Kuala Lumpur,Kuala Lumpur,low_cost_house,F,0,small,10,2026Q2,62.0,147000.0,258000.0,328000.0,155000.0,267000.0,347000.0,163000.0,279000.0,368000.0,170000.0,291000.0,391000.0
pm-2026Q2-v3,KUL,W.P. Kuala Lumpur,Kuala Lumpur,low_cost_house,F,0,typical,10,2026Q2,76.0,170000.0,279000.0,339000.0,178000.0,289000.0,360000.0,188000.0,302000.0,382000.0,196000.0,314000.0,406000.0
pm-2026Q2-v3,KUL,W.P. Kuala Lumpur,Kuala Lumpur,low_cost_house,F,0,large,10,2026Q2,100.0,182000.0,328000.0,448000.0,192000.0,340000.0,473000.0,202000.0,356000.0,502000.0,211000.0,373000.0,531000.0
pm-2026Q2-v3,KUL,W.P. Kuala Lumpur,Kuala Lumpur,low_cost_house,L,0,small,29,2026Q2,63.0,142000.0,244000.0,314000.0,150000.0,253000.0,332000.0,158000.0,264000.0,352000.0,165000.0,276000.0,374000.0
pm-2026Q2-v3,KUL,W.P. Kuala Lumpur,Kuala Lumpur,low_cost_house,L,0,typical,29,2026Q2,69.0,153000.0,259000.0,322000.0,161000.0,268000.0,341000.0,170000.0,280000.0,362000.0,177000.0,292000.0,384000.0
pm-2026Q2-v3,KUL,W.P. Kuala Lumpur,Kuala Lumpur,low_cost_house,L,0,large,29,2026Q2,76.0,165000.0,265000.0,323000.0,173000.0,274000.0,342000.0,182000.0,287000.0,363000.0,190000.0,299000.0,386000.0
pm-2026Q2-v3,KUL,W.P. Kuala Lumpur,Kuala Lumpur,semi_detached,F,2,small,99,2026Q2,232.0,902000.0,1294000.0,2015000.0,928000.0,1329000.0,2063000.0,954000.0,1369000.0,2124000.0,981000.0,1409000.0,2190000.0
pm-2026Q2-v3,KUL,W.P. Kuala Lumpur,Kuala Lumpur,semi_detached,F,2,typical,99,2026Q2,299.0,1042000.0,1492000.0,2284000.0,1071000.0,1533000.0,2338000.0,1102000.0,1579000.0,2410000.0,1133000.0,1624000.0,2483000.0
pm-2026Q2-v3,KUL,W.P. Kuala Lumpur,Kuala Lumpur,semi_detached,F,2,large,99,2026Q2,343.0,1168000.0,1611000.0,2274000.0,1202000.0,1654000.0,2331000.0,1236000.0,1702000.0,2401000.0,1270000.0,1752000.0,2480000.0
pm-2026Q2-v3,KUL,W.P. Kuala Lumpur,Kuala Lumpur,semi_detached,L,2,small,29,2026Q2,176.0,701000.0,878000.0,1224000.0,721000.0,904000.0,1255000.0,741000.0,931000.0,1293000.0,760000.0,961000.0,1336000.0
pm-2026Q2-v3,KUL,W.P. Kuala Lumpur,Kuala Lumpur,semi_detached,L,2,typical,29,2026Q2,241.0,786000.0,1109000.0,1660000.0,809000.0,1139000.0,1700000.0,832000.0,1173000.0,1752000.0,855000.0,1207000.0,1806000.0
pm-2026Q2-v3,KUL,W.P. Kuala Lumpur,Kuala Lumpur,semi_detached,L,2,large,29,2026Q2,355.0,1006000.0,1321000.0,1990000.0,1034000.0,1360000.0,2038000.0,1063000.0,1401000.0,2099000.0,1091000.0,1445000.0,2164000.0
pm-2026Q2-v3,KUL,W.P. Kuala Lumpur,Kuala Lumpur,terrace,F,2,small,763,2026Q2,96.0,349000.0,518000.0,639000.0,359000.0,529000.0,657000.0,369000.0,542000.0,679000.0,379000.0,556000.0,701000.0
pm-2026Q2-v3,KUL,W.P. Kuala Lumpur,Kuala Lumpur,terrace,F,2,typical,763,2026Q2,136.0,471000.0,581000.0,804000.0,484000.0,599000.0,823000.0,497000.0,617000.0,850000.0,509000.0,636000.0,877000.0
pm-2026Q2-v3,KUL,W.P. Kuala Lumpur,Kuala Lumpur,terrace,F,2,large,763,2026Q2,167.0,527000.0,622000.0,897000.0,542000.0,643000.0,919000.0,555000.0,664000.0,947000.0,568000.0,685000.0,978000.0
pm-2026Q2-v3,KUL,W.P. Kuala Lumpur,Kuala Lumpur,terrace,L,2,small,323,2026Q2,101.0,370000.0,537000.0,645000.0,381000.0,548000.0,663000.0,392000.0,561000.0,686000.0,402000.0,576000.0,708000.0
pm-2026Q2-v3,KUL,W.P. Kuala Lumpur,Kuala Lumpur,terrace,L,2,typical,323,2026Q2,149.0,489000.0,625000.0,818000.0,503000.0,642000.0,840000.0,516000.0,660000.0,867000.0,529000.0,680000.0,895000.0
pm-2026Q2-v3,KUL,W.P. Kuala Lumpur,Kuala Lumpur,terrace,L,2,large,323,2026Q2,178.0,530000.0,679000.0,805000.0,545000.0,695000.0,829000.0,560000.0,713000.0,857000.0,574000.0,732000.0,885000.0
pm-2026Q2-v3,KUL,W.P. Kuala Lumpur,Kuala Lumpur,townhouse,F,0,small,48,2026Q2,109.0,333000.0,462000.0,586000.0,346000.0,477000.0,610000.0,358000.0,494000.0,636000.0,370000.0,512000.0,663000.0
pm-2026Q2-v3,KUL,W.P. Kuala Lumpur,Kuala Lumpur,townhouse,F,0,typical,48,2026Q2,146.0,425000.0,622000.0,883000.0,441000.0,643000.0,915000.0,457000.0,667000.0,953000.0,473000.0,692000.0,994000.0
pm-2026Q2-v3,KUL,W.P. Kuala Lumpur,Kuala Lumpur,townhouse,F,0,large,48,2026Q2,220.0,548000.0,854000.0,1191000.0,569000.0,881000.0,1235000.0,590000.0,912000.0,1287000.0,611000.0,946000.0,1343000.0
pm-2026Q2-v3,KUL,W.P. Kuala Lumpur,Kuala Lumpur,townhouse,L,0,small,12,2026Q2,86.0,231000.0,342000.0,453000.0,240000.0,353000.0,470000.0,249000.0,365000.0,490000.0,257000.0,378000.0,512000.0
pm-2026Q2-v3,KUL,W.P. Kuala Lumpur,Kuala Lumpur,townhouse,L,0,typical,12,2026Q2,105.0,302000.0,413000.0,541000.0,313000.0,427000.0,562000.0,324000.0,443000.0,586000.0,335000.0,459000.0,612000.0
pm-2026Q2-v3,KUL,W.P. Kuala Lumpur,Kuala Lumpur,townhouse,L,0,large,12,2026Q2,139.0,383000.0,512000.0,741000.0,398000.0,532000.0,767000.0,411000.0,553000.0,799000.0,425000.0,575000.0,834000.0
pm-2026Q2-v3,LBN,W.P. Labuan,Labuan,semi_detached,L,2,small,23,2026Q2,139.0,541000.0,663000.0,775000.0,557000.0,679000.0,797000.0,571000.0,698000.0,824000.0,586000.0,717000.0,851000.0
pm-2026Q2-v3,LBN,W.P. Labuan,Labuan,semi_detached,L,2,typical,23,2026Q2,146.0,554000.0,677000.0,787000.0,570000.0,693000.0,810000.0,585000.0,712000.0,837000.0,599000.0,732000.0,865000.0
pm-2026Q2-v3,LBN,W.P. Labuan,Labuan,semi_detached,L,2,large,23,2026Q2,178.0,628000.0,716000.0,839000.0,645000.0,737000.0,863000.0,661000.0,759000.0,892000.0,676000.0,781000.0,921000.0
pm-2026Q2-v3,LBN,W.P. Labuan,Labuan,terrace,L,1,small,53,2026Q2,80.0,355000.0,415000.0,471000.0,365000.0,425000.0,486000.0,374000.0,437000.0,502000.0,383000.0,449000.0,519000.0
pm-2026Q2-v3,LBN,W.P. Labuan,Labuan,terrace,L,1,typical,53,2026Q2,95.0,369000.0,443000.0,487000.0,380000.0,453000.0,503000.0,390000.0,465000.0,521000.0,399000.0,476000.0,540000.0
pm-2026Q2-v3,LBN,W.P. Labuan,Labuan,terrace,L,1,large,53,2026Q2,120.0,426000.0,450000.0,623000.0,435000.0,469000.0,638000.0,444000.0,487000.0,659000.0,453000.0,504000.0,680000.0
pm-2026Q2-v3,PJY,W.P. Putrajaya,Putrajaya,condo,F,0,small,35,2026Q2,107.0,256000.0,391000.0,530000.0,260000.0,393000.0,541000.0,262000.0,397000.0,554000.0,264000.0,401000.0,567000.0
pm-2026Q2-v3,PJY,W.P. Putrajaya,Putrajaya,condo,F,0,typical,35,2026Q2,115.0,287000.0,403000.0,596000.0,291000.0,409000.0,607000.0,292000.0,415000.0,621000.0,294000.0,422000.0,635000.0
pm-2026Q2-v3,PJY,W.P. Putrajaya,Putrajaya,condo,F,0,large,35,2026Q2,130.0,319000.0,452000.0,699000.0,323000.0,459000.0,710000.0,325000.0,467000.0,727000.0,327000.0,474000.0,744000.0
pm-2026Q2-v3,PJY,W.P. Putrajaya,Putrajaya,low_cost_flat,F,0,small,18,2026Q2,65.0,85000.0,172000.0,239000.0,89000.0,178000.0,250000.0,93000.0,187000.0,262000.0,98000.0,195000.0,276000.0
pm-2026Q2-v3,PJY,W.P. Putrajaya,Putrajaya,low_cost_flat,F,0,typical,18,2026Q2,65.0,85000.0,172000.0,239000.0,89000.0,178000.0,250000.0,93000.0,187000.0,262000.0,98000.0,195000.0,276000.0
pm-2026Q2-v3,PJY,W.P. Putrajaya,Putrajaya,low_cost_flat,F,0,large,18,2026Q2,65.0,85000.0,172000.0,239000.0,89000.0,178000.0,250000.0,93000.0,187000.0,262000.0,98000.0,195000.0,276000.0
pm-2026Q2-v3,PJY,W.P. Putrajaya,Putrajaya,semi_detached,F,2,small,14,2026Q2,239.0,765000.0,1099000.0,1343000.0,786000.0,1124000.0,1380000.0,809000.0,1152000.0,1425000.0,832000.0,1182000.0,1473000.0
pm-2026Q2-v3,PJY,W.P. Putrajaya,Putrajaya,semi_detached,F,2,typical,14,2026Q2,267.0,797000.0,1123000.0,1423000.0,819000.0,1149000.0,1461000.0,842000.0,1180000.0,1507000.0,866000.0,1212000.0,1557000.0
pm-2026Q2-v3,PJY,W.P. Putrajaya,Putrajaya,semi_detached,F,2,large,14,2026Q2,354.0,988000.0,1339000.0,1588000.0,1017000.0,1369000.0,1633000.0,1045000.0,1404000.0,1687000.0,1073000.0,1442000.0,1743000.0
pm-2026Q2-v3,PJY,W.P. Putrajaya,Putrajaya,terrace,F,2,small,32,2026Q2,144.0,502000.0,608000.0,786000.0,517000.0,626000.0,808000.0,530000.0,646000.0,835000.0,543000.0,665000.0,862000.0
pm-2026Q2-v3,PJY,W.P. Putrajaya,Putrajaya,terrace,F,2,typical,32,2026Q2,169.0,555000.0,668000.0,813000.0,570000.0,686000.0,836000.0,585000.0,707000.0,864000.0,600000.0,727000.0,893000.0
pm-2026Q2-v3,PJY,W.P. Putrajaya,Putrajaya,terrace,F,2,large,32,2026Q2,302.0,683000.0,867000.0,1198000.0,703000.0,893000.0,1228000.0,722000.0,920000.0,1268000.0,741000.0,948000.0,1309000.0
