state,district,quarter,property_type,sales_count,total_value_rm,mean_price_rm,median_price_rm,p25_price_rm,p75_price_rm,under_300k,under_500k
Johor,Batu Pahat,2024Q1,all,325.0,130079000.0,400243.08,360000.0,220000.0,520000.0,120.0,241.0
Johor,Batu Pahat,2024Q1,cluster,1.0,660000.0,660000.0,660000.0,660000.0,660000.0,0.0,0.0
Johor,Batu Pahat,2024Q1,condo,3.0,928000.0,309333.33,320000.0,275000.0,349000.0,1.0,3.0
Johor,Batu Pahat,2024Q1,detached,8.0,6721000.0,840125.0,587500.0,493750.0,963750.0,0.0,3.0
Johor,Batu Pahat,2024Q1,flat,4.0,400000.0,100000.0,97500.0,85000.0,112500.0,4.0,4.0
Johor,Batu Pahat,2024Q1,low_cost_flat,4.0,302000.0,75500.0,67000.0,52250.0,90250.0,4.0,4.0
Johor,Batu Pahat,2024Q1,low_cost_house,53.0,8027000.0,151452.83,145000.0,130000.0,175000.0,52.0,53.0
Johor,Batu Pahat,2024Q1,semi_detached,43.0,27751000.0,645372.09,565000.0,484000.0,762500.0,3.0,15.0
Johor,Batu Pahat,2024Q1,terrace,209.0,85290000.0,408086.12,375000.0,300000.0,500000.0,56.0,159.0
Johor,Batu Pahat,2024Q2,all,355.0,145593000.0,410121.13,380000.0,250000.0,520000.0,120.0,261.0
Johor,Batu Pahat,2024Q2,cluster,3.0,3280000.0,1093333.33,1200000.0,840000.0,1400000.0,0.0,1.0
Johor,Batu Pahat,2024Q2,condo,2.0,703000.0,351500.0,351500.0,349750.0,353250.0,0.0,2.0
Johor,Batu Pahat,2024Q2,detached,9.0,7402000.0,822444.44,875000.0,467000.0,1200000.0,0.0,4.0
Johor,Batu Pahat,2024Q2,flat,6.0,570000.0,95000.0,83000.0,64500.0,93250.0,6.0,6.0
Johor,Batu Pahat,2024Q2,low_cost_flat,2.0,190000.0,95000.0,95000.0,77500.0,112500.0,2.0,2.0
Johor,Batu Pahat,2024Q2,low_cost_house,49.0,7718000.0,157510.2,155000.0,130000.0,190000.0,49.0,49.0
Johor,Batu Pahat,2024Q2,semi_detached,44.0,27700000.0,629545.45,560000.0,457500.0,718750.0,0.0,17.0
Johor,Batu Pahat,2024Q2,terrace,240.0,98030000.0,408458.33,390000.0,300000.0,500250.0,63.0,180.0
Johor,Batu Pahat,2024Q3,all,333.0,141694000.0,425507.51,370000.0,280000.0,510000.0,107.0,249.0
Johor,Batu Pahat,2024Q3,cluster,3.0,1585000.0,528333.33,490000.0,460000.0,577500.0,0.0,2.0
Johor,Batu Pahat,2024Q3,condo,3.0,963000.0,321000.0,300000.0,287500.0,344000.0,2.0,3.0
Johor,Batu Pahat,2024Q3,detached,5.0,2558000.0,511600.0,380000.0,283000.0,650000.0,2.0,3.0
Johor,Batu Pahat,2024Q3,flat,3.0,236000.0,78666.67,88000.0,65500.0,96500.0,3.0,3.0
Johor,Batu Pahat,2024Q3,low_cost_flat,5.0,427000.0,85400.0,80000.0,62000.0,85000.0,5.0,5.0
Johor,Batu Pahat,2024Q3,low_cost_house,32.0,5013000.0,156656.25,155000.0,129500.0,181000.0,32.0,32.0
Johor,Batu Pahat,2024Q3,semi_detached,38.0,32339000.0,851026.32,716000.0,597750.0,1067500.0,0.0,7.0
Johor,Batu Pahat,2024Q3,terrace,244.0,98573000.0,403987.7,372500.0,300000.0,490750.0,63.0,194.0
Johor,Batu Pahat,2024Q4,all,155.0,71774000.0,463058.06,425000.0,320000.0,572500.0,35.0,103.0
Johor,Batu Pahat,2024Q4,cluster,1.0,850000.0,850000.0,850000.0,850000.0,850000.0,0.0,0.0
Johor,Batu Pahat,2024Q4,condo,4.0,861000.0,215250.0,216500.0,99250.0,332500.0,2.0,4.0
Johor,Batu Pahat,2024Q4,detached,6.0,4580000.0,763333.33,550000.0,462500.0,1185000.0,1.0,3.0
Johor,Batu Pahat,2024Q4,flat,3.0,241000.0,80333.33,68000.0,61500.0,93000.0,3.0,3.0
Johor,Batu Pahat,2024Q4,low_cost_flat,3.0,250000.0,83333.33,65000.0,63500.0,94000.0,3.0,3.0
Johor,Batu Pahat,2024Q4,low_cost_house,5.0,730000.0,146000.0,150000.0,125000.0,170000.0,5.0,5.0
Johor,Batu Pahat,2024Q4,semi_detached,25.0,16746000.0,669840.0,607000.0,498000.0,762000.0,0.0,9.0
Johor,Batu Pahat,2024Q4,terrace,108.0,47516000.0,439962.96,400000.0,325000.0,547000.0,21.0,76.0
Johor,Batu Pahat,2025Q1,all,96.0,39288000.0,409250.0,375000.0,287500.0,491250.0,27.0,77.0
Johor,Batu Pahat,2025Q1,cluster,1.0,760000.0,760000.0,760000.0,760000.0,760000.0,0.0,0.0
Johor,Batu Pahat,2025Q1,condo,4.0,588000.0,147000.0,126500.0,100000.0,173500.0,4.0,4.0
Johor,Batu Pahat,2025Q1,detached,3.0,2170000.0,723333.33,850000.0,625000.0,885000.0,0.0,1.0
Johor,Batu Pahat,2025Q1,flat,4.0,301000.0,75250.0,45000.0,43750.0,76500.0,4.0,4.0
Johor,Batu Pahat,2025Q1,low_cost_flat,2.0,132000.0,66000.0,66000.0,53000.0,79000.0,2.0,2.0
Johor,Batu Pahat,2025Q1,low_cost_house,4.0,610000.0,152500.0,160000.0,132500.0,180000.0,4.0,4.0
Johor,Batu Pahat,2025Q1,semi_detached,11.0,6582000.0,598363.64,480000.0,360000.0,527500.0,0.0,8.0
Johor,Batu Pahat,2025Q1,terrace,67.0,28145000.0,420074.63,395000.0,330000.0,490000.0,13.0,54.0
Johor,Batu Pahat,2025Q2,all,136.0,57133000.0,420095.59,400000.0,317000.0,498250.0,32.0,106.0
Johor,Batu Pahat,2025Q2,condo,3.0,638000.0,212666.67,250000.0,165000.0,279000.0,2.0,3.0
Johor,Batu Pahat,2025Q2,detached,1.0,650000.0,650000.0,650000.0,650000.0,650000.0,0.0,0.0
Johor,Batu Pahat,2025Q2,flat,2.0,120000.0,60000.0,60000.0,50000.0,70000.0,2.0,2.0
Johor,Batu Pahat,2025Q2,low_cost_house,8.0,1372000.0,171500.0,160000.0,126000.0,217500.0,8.0,8.0
Johor,Batu Pahat,2025Q2,semi_detached,21.0,11472000.0,546285.71,528000.0,400000.0,700000.0,3.0,9.0
Johor,Batu Pahat,2025Q2,terrace,101.0,42881000.0,424564.36,413000.0,349000.0,490000.0,17.0,84.0
Johor,Batu Pahat,2025Q3,all,131.0,55595000.0,424389.31,413000.0,290000.0,514000.0,36.0,98.0
Johor,Batu Pahat,2025Q3,cluster,1.0,120000.0,120000.0,120000.0,120000.0,120000.0,1.0,1.0
Johor,Batu Pahat,2025Q3,condo,4.0,1020000.0,255000.0,287500.0,225000.0,317500.0,2.0,4.0
Johor,Batu Pahat,2025Q3,detached,3.0,810000.0,270000.0,270000.0,180000.0,360000.0,2.0,3.0
Johor,Batu Pahat,2025Q3,flat,1.0,80000.0,80000.0,80000.0,80000.0,80000.0,1.0,1.0
Johor,Batu Pahat,2025Q3,low_cost_house,12.0,2305000.0,192083.33,225000.0,130000.0,235500.0,12.0,12.0
Johor,Batu Pahat,2025Q3,semi_detached,13.0,8103000.0,623307.69,550000.0,490000.0,603000.0,0.0,5.0
Johor,Batu Pahat,2025Q3,terrace,97.0,43157000.0,444917.53,427000.0,347000.0,528000.0,18.0,72.0
Johor,Batu Pahat,2025Q4,all,171.0,76176000.0,445473.68,413000.0,270000.0,510000.0,51.0,128.0
Johor,Batu Pahat,2025Q4,condo,5.0,1885000.0,377000.0,345000.0,307000.0,440000.0,1.0,5.0
Johor,Batu Pahat,2025Q4,detached,6.0,4931000.0,821833.33,803000.0,392500.0,1130250.0,1.0,2.0
Johor,Batu Pahat,2025Q4,flat,3.0,270000.0,90000.0,80000.0,80000.0,95000.0,3.0,3.0
Johor,Batu Pahat,2025Q4,low_cost_house,17.0,2815000.0,165588.24,160000.0,120000.0,222000.0,17.0,17.0
Johor,Batu Pahat,2025Q4,semi_detached,26.0,18609000.0,715730.77,652500.0,457500.0,793500.0,1.0,10.0
Johor,Batu Pahat,2025Q4,terrace,114.0,47666000.0,418122.81,413000.0,313500.0,498000.0,28.0,91.0
Johor,Batu Pahat,2026Q1,all,79.0,30323000.0,383835.44,380000.0,245000.0,489000.0,30.0,63.0
Johor,Batu Pahat,2026Q1,condo,2.0,180000.0,90000.0,90000.0,87500.0,92500.0,2.0,2.0
Johor,Batu Pahat,2026Q1,detached,1.0,750000.0,750000.0,750000.0,750000.0,750000.0,0.0,0.0
Johor,Batu Pahat,2026Q1,flat,1.0,100000.0,100000.0,100000.0,100000.0,100000.0,1.0,1.0
Johor,Batu Pahat,2026Q1,low_cost_flat,1.0,135000.0,135000.0,135000.0,135000.0,135000.0,1.0,1.0
Johor,Batu Pahat,2026Q1,low_cost_house,11.0,1853000.0,168454.55,185000.0,109000.0,200000.0,11.0,11.0
Johor,Batu Pahat,2026Q1,semi_detached,6.0,3748000.0,624666.67,572500.0,452500.0,717250.0,0.0,3.0
Johor,Batu Pahat,2026Q1,terrace,57.0,23557000.0,413280.7,420000.0,300000.0,499000.0,15.0,45.0
Johor,Batu Pahat,2026Q2,all,141.0,62432000.0,442780.14,390000.0,275000.0,500000.0,42.0,106.0
Johor,Batu Pahat,2026Q2,cluster,3.0,1990000.0,663333.33,658000.0,395000.0,929000.0,1.0,1.0
Johor,Batu Pahat,2026Q2,condo,3.0,292000.0,97333.33,110000.0,86000.0,115000.0,3.0,3.0
Johor,Batu Pahat,2026Q2,detached,2.0,920000.0,460000.0,460000.0,370000.0,550000.0,1.0,1.0
Johor,Batu Pahat,2026Q2,flat,2.0,175000.0,87500.0,87500.0,86250.0,88750.0,2.0,2.0
Johor,Batu Pahat,2026Q2,low_cost_flat,2.0,175000.0,87500.0,87500.0,78750.0,96250.0,2.0,2.0
Johor,Batu Pahat,2026Q2,low_cost_house,11.0,1957000.0,177909.09,168000.0,142000.0,215000.0,11.0,11.0
Johor,Batu Pahat,2026Q2,semi_detached,14.0,12366000.0,883285.71,780500.0,438000.0,1358500.0,0.0,5.0
Johor,Batu Pahat,2026Q2,terrace,104.0,44557000.0,428432.69,400000.0,328750.0,498500.0,22.0,81.0
Johor,Johor Bahru,2024Q1,all,3566.0,2202856000.0,617738.64,531000.0,360000.0,768000.0,623.0,1652.0
Johor,Johor Bahru,2024Q1,cluster,240.0,259087000.0,1079529.17,1099000.0,900000.0,1205750.0,0.0,6.0
Johor,Johor Bahru,2024Q1,condo,503.0,216217000.0,429854.87,372000.0,289000.0,475000.0,151.0,411.0
Johor,Johor Bahru,2024Q1,detached,70.0,124400000.0,1777142.86,1029000.0,572500.0,2800000.0,6.0,17.0
Johor,Johor Bahru,2024Q1,flat,77.0,14030000.0,182207.79,170000.0,150000.0,210000.0,76.0,77.0
Johor,Johor Bahru,2024Q1,low_cost_flat,218.0,30322000.0,139091.74,140000.0,125000.0,160000.0,218.0,218.0
Johor,Johor Bahru,2024Q1,low_cost_house,214.0,67035000.0,313247.66,310000.0,280000.0,340000.0,104.0,212.0
Johor,Johor Bahru,2024Q1,semi_detached,191.0,213644000.0,1118554.97,1100000.0,741500.0,1378500.0,2.0,16.0
Johor,Johor Bahru,2024Q1,terrace,2026.0,1267194000.0,625465.94,580000.0,475000.0,750000.0,56.0,674.0
Johor,Johor Bahru,2024Q1,townhouse,27.0,10927000.0,404703.7,350000.0,280000.0,490000.0,10.0,21.0
Johor,Johor Bahru,2024Q2,all,3799.0,2329249000.0,613121.61,503000.0,358000.0,750000.0,670.0,1898.0
Johor,Johor Bahru,2024Q2,cluster,237.0,256208000.0,1081046.41,1080000.0,924000.0,1200000.0,0.0,5.0
Johor,Johor Bahru,2024Q2,condo,640.0,284690000.0,444828.12,390000.0,298750.0,490000.0,184.0,505.0
Johor,Johor Bahru,2024Q2,detached,57.0,104694000.0,1836736.84,1080000.0,490000.0,3000000.0,3.0,16.0
Johor,Johor Bahru,2024Q2,flat,85.0,16318000.0,191976.47,180000.0,160000.0,220000.0,85.0,85.0
Johor,Johor Bahru,2024Q2,low_cost_flat,232.0,34080000.0,146896.55,150000.0,130000.0,165000.0,232.0,232.0
Johor,Johor Bahru,2024Q2,low_cost_house,284.0,89869000.0,316440.14,320000.0,290000.0,350000.0,112.0,283.0
Johor,Johor Bahru,2024Q2,semi_detached,207.0,261122000.0,1261458.94,1200000.0,850000.0,1673000.0,0.0,9.0
Johor,Johor Bahru,2024Q2,terrace,2032.0,1270454000.0,625223.43,578000.0,470000.0,730000.0,48.0,745.0
Johor,Johor Bahru,2024Q2,townhouse,25.0,11814000.0,472560.0,371000.0,328000.0,590000.0,6.0,18.0
Johor,Johor Bahru,2024Q3,all,3081.0,1876710000.0,609123.66,500000.0,360000.0,750000.0,476.0,1546.0
Johor,Johor Bahru,2024Q3,cluster,194.0,211579000.0,1090613.4,1085500.0,930000.0,1200750.0,0.0,2.0
Johor,Johor Bahru,2024Q3,condo,537.0,231385000.0,430884.54,380000.0,308000.0,480000.0,131.0,444.0
Johor,Johor Bahru,2024Q3,detached,66.0,93127000.0,1411015.15,886500.0,570000.0,1962500.0,9.0,14.0
Johor,Johor Bahru,2024Q3,flat,78.0,15263000.0,195679.49,180000.0,150000.0,230000.0,74.0,78.0
Johor,Johor Bahru,2024Q3,low_cost_flat,167.0,25098000.0,150287.43,150000.0,135000.0,170000.0,167.0,167.0
Johor,Johor Bahru,2024Q3,low_cost_house,183.0,60111000.0,328475.41,330000.0,300000.0,355000.0,54.0,182.0
Johor,Johor Bahru,2024Q3,semi_detached,162.0,199203000.0,1229648.15,1170000.0,850000.0,1592500.0,0.0,10.0
Johor,Johor Bahru,2024Q3,terrace,1669.0,1030805000.0,617618.33,575000.0,460000.0,735000.0,35.0,627.0
Johor,Johor Bahru,2024Q3,townhouse,25.0,10139000.0,405560.0,380000.0,305000.0,450000.0,6.0,22.0
Johor,Johor Bahru,2024Q4,all,730.0,441328000.0,604558.9,525000.0,380000.0,690000.0,94.0,350.0
Johor,Johor Bahru,2024Q4,cluster,27.0,28810000.0,1067037.04,1050000.0,900000.0,1200000.0,0.0,1.0
Johor,Johor Bahru,2024Q4,condo,132.0,53023000.0,401689.39,360000.0,298250.0,450000.0,39.0,116.0
Johor,Johor Bahru,2024Q4,detached,15.0,18813000.0,1254200.0,825000.0,400000.0,1439000.0,1.0,6.0
Johor,Johor Bahru,2024Q4,flat,9.0,1427000.0,158555.56,160000.0,150000.0,190000.0,9.0,9.0
Johor,Johor Bahru,2024Q4,low_cost_flat,29.0,4011000.0,138310.34,150000.0,128000.0,178000.0,29.0,29.0
Johor,Johor Bahru,2024Q4,low_cost_house,30.0,10030000.0,334333.33,340000.0,302500.0,350000.0,8.0,30.0
Johor,Johor Bahru,2024Q4,semi_detached,49.0,57503000.0,1173530.61,1100000.0,710000.0,1540000.0,0.0,2.0
Johor,Johor Bahru,2024Q4,terrace,428.0,263656000.0,616018.69,580000.0,479500.0,691250.0,5.0,148.0
Johor,Johor Bahru,2024Q4,townhouse,11.0,4055000.0,368636.36,350000.0,305000.0,450000.0,3.0,9.0
Johor,Johor Bahru,2025Q1,all,523.0,330888000.0,632673.04,570000.0,429000.0,755000.0,50.0,217.0
Johor,Johor Bahru,2025Q1,cluster,21.0,27029000.0,1287095.24,1300000.0,1050000.0,1490000.0,0.0,0.0
Johor,Johor Bahru,2025Q1,condo,89.0,39180000.0,440224.72,400000.0,330000.0,500000.0,20.0,67.0
Johor,Johor Bahru,2025Q1,detached,7.0,10690000.0,1527142.86,1200000.0,680000.0,2415000.0,1.0,2.0
Johor,Johor Bahru,2025Q1,flat,8.0,1430000.0,178750.0,180000.0,153750.0,193750.0,8.0,8.0
Johor,Johor Bahru,2025Q1,low_cost_flat,14.0,2154000.0,153857.14,157500.0,142500.0,167500.0,14.0,14.0
Johor,Johor Bahru,2025Q1,low_cost_house,20.0,6885000.0,344250.0,350000.0,315000.0,372500.0,5.0,20.0
Johor,Johor Bahru,2025Q1,semi_detached,19.0,21754000.0,1144947.37,1150000.0,792500.0,1421500.0,0.0,1.0
Johor,Johor Bahru,2025Q1,terrace,343.0,220906000.0,644040.82,610000.0,499000.0,760000.0,2.0,103.0
Johor,Johor Bahru,2025Q1,townhouse,2.0,860000.0,430000.0,430000.0,425000.0,435000.0,0.0,2.0
Johor,Johor Bahru,2025Q2,all,699.0,477341000.0,682891.27,598000.0,431500.0,777500.0,65.0,270.0
Johor,Johor Bahru,2025Q2,cluster,38.0,43874000.0,1154578.95,1225000.0,902500.0,1392500.0,0.0,1.0
Johor,Johor Bahru,2025Q2,condo,133.0,56670000.0,426090.23,400000.0,320000.0,512000.0,27.0,99.0
Johor,Johor Bahru,2025Q2,detached,18.0,42102000.0,2339000.0,1685000.0,600000.0,3321000.0,2.0,5.0
Johor,Johor Bahru,2025Q2,flat,7.0,1508000.0,215428.57,200000.0,160000.0,270000.0,6.0,7.0
Johor,Johor Bahru,2025Q2,low_cost_flat,17.0,2669000.0,157000.0,150000.0,140000.0,180000.0,17.0,17.0
Johor,Johor Bahru,2025Q2,low_cost_house,31.0,10990000.0,354516.13,350000.0,325000.0,385000.0,6.0,31.0
Johor,Johor Bahru,2025Q2,semi_detached,36.0,46971000.0,1304750.0,1215000.0,853250.0,1755000.0,0.0,2.0
Johor,Johor Bahru,2025Q2,terrace,411.0,268446000.0,653153.28,630000.0,504000.0,760000.0,7.0,103.0
Johor,Johor Bahru,2025Q2,townhouse,8.0,4111000.0,513875.0,489000.0,402500.0,633500.0,0.0,5.0
Johor,Johor Bahru,2025Q3,all,723.0,457033000.0,632134.16,560000.0,425000.0,726500.0,68.0,306.0
Johor,Johor Bahru,2025Q3,cluster,30.0,35404000.0,1180133.33,1200000.0,997500.0,1322500.0,1.0,1.0
Johor,Johor Bahru,2025Q3,condo,146.0,66443000.0,455089.04,416000.0,330000.0,545000.0,28.0,108.0
Johor,Johor Bahru,2025Q3,detached,19.0,18634000.0,980736.84,540000.0,377500.0,1075000.0,4.0,8.0
Johor,Johor Bahru,2025Q3,flat,9.0,2010000.0,223333.33,225000.0,200000.0,270000.0,9.0,9.0
Johor,Johor Bahru,2025Q3,low_cost_flat,16.0,2376000.0,148500.0,155000.0,123500.0,175000.0,16.0,16.0
Johor,Johor Bahru,2025Q3,low_cost_house,27.0,9378000.0,347333.33,350000.0,325000.0,385000.0,5.0,26.0
Johor,Johor Bahru,2025Q3,semi_detached,43.0,54992000.0,1278883.72,1200000.0,925000.0,1600000.0,0.0,1.0
Johor,Johor Bahru,2025Q3,terrace,423.0,263318000.0,622501.18,600000.0,498000.0,714000.0,3.0,131.0
Johor,Johor Bahru,2025Q3,townhouse,10.0,4478000.0,447800.0,424000.0,327500.0,552500.0,2.0,6.0
Johor,Johor Bahru,2025Q4,all,680.0,449765000.0,661419.12,540000.0,383750.0,750000.0,85.0,323.0
Johor,Johor Bahru,2025Q4,cluster,33.0,42044000.0,1274060.61,1280000.0,1020000.0,1500000.0,0.0,0.0
Johor,Johor Bahru,2025Q4,condo,109.0,46090000.0,422844.04,400000.0,340000.0,465000.0,17.0,90.0
Johor,Johor Bahru,2025Q4,detached,15.0,41240000.0,2749333.33,1600000.0,790000.0,3470000.0,0.0,3.0
Johor,Johor Bahru,2025Q4,flat,14.0,2818000.0,201285.71,195000.0,180000.0,226000.0,13.0,14.0
Johor,Johor Bahru,2025Q4,low_cost_flat,41.0,6966000.0,169902.44,175000.0,150000.0,190000.0,41.0,41.0
Johor,Johor Bahru,2025Q4,low_cost_house,48.0,17556000.0,365750.0,355000.0,330000.0,398500.0,8.0,46.0
Johor,Johor Bahru,2025Q4,semi_detached,46.0,57319000.0,1246065.22,1065000.0,732500.0,1689750.0,0.0,3.0
Johor,Johor Bahru,2025Q4,terrace,367.0,232762000.0,634228.88,600000.0,491000.0,741500.0,5.0,120.0
Johor,Johor Bahru,2025Q4,townhouse,7.0,2970000.0,424285.71,450000.0,380000.0,460000.0,1.0,6.0
Johor,Johor Bahru,2026Q1,all,410.0,255025000.0,622012.2,550000.0,400000.0,748750.0,62.0,192.0
Johor,Johor Bahru,2026Q1,cluster,14.0,18498000.0,1321285.71,1395000.0,1191000.0,1477500.0,0.0,0.0
Johor,Johor Bahru,2026Q1,condo,59.0,24014000.0,407016.95,380000.0,295000.0,483500.0,17.0,49.0
Johor,Johor Bahru,2026Q1,detached,6.0,4995000.0,832500.0,472500.0,186250.0,1062500.0,3.0,3.0
Johor,Johor Bahru,2026Q1,flat,11.0,2138000.0,194363.64,210000.0,185000.0,221500.0,11.0,11.0
Johor,Johor Bahru,2026Q1,low_cost_flat,26.0,4834000.0,185923.08,182500.0,158500.0,200000.0,26.0,26.0
Johor,Johor Bahru,2026Q1,low_cost_house,35.0,13178000.0,376514.29,400000.0,337500.0,420000.0,5.0,35.0
Johor,Johor Bahru,2026Q1,semi_detached,24.0,32714000.0,1363083.33,1300000.0,837500.0,1877500.0,0.0,1.0
Johor,Johor Bahru,2026Q1,terrace,229.0,151500000.0,661572.05,630000.0,500000.0,760000.0,0.0,63.0
Johor,Johor Bahru,2026Q1,townhouse,6.0,3154000.0,525666.67,465000.0,421000.0,663500.0,0.0,4.0
Johor,Johor Bahru,2026Q2,all,620.0,386210000.0,622919.35,530000.0,390000.0,702000.0,85.0,301.0
Johor,Johor Bahru,2026Q2,cluster,23.0,30018000.0,1305130.43,1300000.0,1025000.0,1579000.0,0.0,0.0
Johor,Johor Bahru,2026Q2,condo,116.0,45972000.0,396310.34,392500.0,317500.0,479250.0,27.0,95.0
Johor,Johor Bahru,2026Q2,detached,19.0,34940000.0,1838947.37,1350000.0,790000.0,2250000.0,1.0,2.0
Johor,Johor Bahru,2026Q2,flat,19.0,4048000.0,213052.63,210000.0,190000.0,232500.0,19.0,19.0
Johor,Johor Bahru,2026Q2,low_cost_flat,30.0,5886000.0,196200.0,195000.0,178500.0,217500.0,30.0,30.0
Johor,Johor Bahru,2026Q2,low_cost_house,42.0,15979000.0,380452.38,390000.0,342500.0,417500.0,5.0,42.0
Johor,Johor Bahru,2026Q2,semi_detached,23.0,31160000.0,1354782.61,1400000.0,714000.0,1749500.0,1.0,3.0
Johor,Johor Bahru,2026Q2,terrace,341.0,215187000.0,631046.92,600000.0,490000.0,740000.0,1.0,105.0
Johor,Johor Bahru,2026Q2,townhouse,7.0,3020000.0,431428.57,400000.0,345000.0,500000.0,1.0,5.0
Johor,Kluang,2024Q1,all,322.0,106842000.0,331807.45,280000.0,180000.0,420000.0,179.0,275.0
Johor,Kluang,2024Q1,cluster,4.0,2562000.0,640500.0,638000.0,552000.0,726500.0,0.0,1.0
Johor,Kluang,2024Q1,detached,20.0,9795000.0,489750.0,389000.0,180000.0,488000.0,8.0,16.0
Johor,Kluang,2024Q1,flat,2.0,182000.0,91000.0,91000.0,86500.0,95500.0,2.0,2.0
Johor,Kluang,2024Q1,low_cost_flat,2.0,144000.0,72000.0,72000.0,68000.0,76000.0,2.0,2.0
Johor,Kluang,2024Q1,low_cost_house,49.0,6787000.0,138510.2,140000.0,118000.0,160000.0,48.0,49.0
Johor,Kluang,2024Q1,semi_detached,29.0,17818000.0,614413.79,605000.0,420000.0,866000.0,5.0,12.0
Johor,Kluang,2024Q1,terrace,216.0,69554000.0,322009.26,300000.0,219750.0,387750.0,114.0,193.0
Johor,Kluang,2024Q2,all,360.0,130723000.0,363119.44,300000.0,189250.0,480000.0,184.0,279.0
Johor,Kluang,2024Q2,cluster,14.0,8188000.0,584857.14,569500.0,537000.0,642000.0,1.0,3.0
Johor,Kluang,2024Q2,detached,29.0,15697000.0,541275.86,479000.0,280000.0,806000.0,9.0,17.0
Johor,Kluang,2024Q2,low_cost_house,46.0,7091000.0,154152.17,160000.0,122500.0,180000.0,46.0,46.0
Johor,Kluang,2024Q2,semi_detached,34.0,22595000.0,664558.82,665000.0,554500.0,797750.0,2.0,7.0
Johor,Kluang,2024Q2,terrace,237.0,77152000.0,325535.86,300000.0,220000.0,406000.0,126.0,206.0
Johor,Kluang,2024Q3,all,324.0,116843000.0,360626.54,300000.0,200000.0,454000.0,163.0,263.0
Johor,Kluang,2024Q3,cluster,14.0,9426000.0,673285.71,640000.0,564500.0,779750.0,0.0,3.0
Johor,Kluang,2024Q3,detached,23.0,10838000.0,471217.39,410000.0,250000.0,545000.0,7.0,17.0
Johor,Kluang,2024Q3,flat,3.0,253000.0,84333.33,73000.0,71500.0,91500.0,3.0,3.0
Johor,Kluang,2024Q3,low_cost_flat,1.0,35000.0,35000.0,35000.0,35000.0,35000.0,1.0,1.0
Johor,Kluang,2024Q3,low_cost_house,37.0,5545000.0,149864.86,165000.0,130000.0,175000.0,37.0,37.0
Johor,Kluang,2024Q3,semi_detached,37.0,24042000.0,649783.78,640000.0,483000.0,811000.0,1.0,12.0
Johor,Kluang,2024Q3,terrace,209.0,66704000.0,319157.89,290000.0,245000.0,399000.0,114.0,190.0
Johor,Kluang,2024Q4,all,93.0,37533000.0,403580.65,340000.0,250000.0,498000.0,37.0,70.0
Johor,Kluang,2024Q4,cluster,8.0,5529000.0,691125.0,658000.0,594500.0,830750.0,0.0,1.0
Johor,Kluang,2024Q4,detached,6.0,3466000.0,577666.67,434000.0,372500.0,495500.0,1.0,5.0
Johor,Kluang,2024Q4,flat,1.0,138000.0,138000.0,138000.0,138000.0,138000.0,1.0,1.0
Johor,Kluang,2024Q4,low_cost_house,9.0,1352000.0,150222.22,150000.0,129000.0,170000.0,9.0,9.0
Johor,Kluang,2024Q4,semi_detached,10.0,6682000.0,668200.0,650000.0,579750.0,779500.0,0.0,1.0
Johor,Kluang,2024Q4,terrace,59.0,20366000.0,345186.44,320000.0,260000.0,411000.0,26.0,53.0
Johor,Kluang,2025Q1,all,91.0,38065000.0,418296.7,345000.0,261000.0,546000.0,37.0,66.0
Johor,Kluang,2025Q1,cluster,3.0,2154000.0,718000.0,658000.0,658000.0,748000.0,0.0,0.0
Johor,Kluang,2025Q1,detached,5.0,3742000.0,748400.0,550000.0,360000.0,1250000.0,1.0,2.0
Johor,Kluang,2025Q1,flat,1.0,70000.0,70000.0,70000.0,70000.0,70000.0,1.0,1.0
Johor,Kluang,2025Q1,low_cost_house,4.0,525000.0,131250.0,150000.0,128750.0,152500.0,4.0,4.0
Johor,Kluang,2025Q1,semi_detached,13.0,8587000.0,660538.46,718000.0,500000.0,807000.0,0.0,4.0
Johor,Kluang,2025Q1,terrace,65.0,22987000.0,353646.15,320000.0,261000.0,408000.0,31.0,55.0
Johor,Kluang,2025Q2,all,106.0,45121000.0,425669.81,353500.0,250000.0,579000.0,47.0,68.0
Johor,Kluang,2025Q2,cluster,9.0,7141000.0,793444.44,801000.0,659000.0,818000.0,0.0,0.0
Johor,Kluang,2025Q2,detached,4.0,1818000.0,454500.0,412500.0,318750.0,548250.0,1.0,3.0
Johor,Kluang,2025Q2,flat,1.0,105000.0,105000.0,105000.0,105000.0,105000.0,1.0,1.0
Johor,Kluang,2025Q2,low_cost_house,2.0,340000.0,170000.0,170000.0,145000.0,195000.0,2.0,2.0
Johor,Kluang,2025Q2,semi_detached,18.0,12400000.0,688888.89,718000.0,593500.0,838000.0,1.0,3.0
Johor,Kluang,2025Q2,terrace,72.0,23317000.0,323847.22,295000.0,201750.0,412500.0,42.0,59.0
Johor,Kluang,2025Q3,all,128.0,52227000.0,408023.44,338000.0,250000.0,515000.0,58.0,94.0
Johor,Kluang,2025Q3,cluster,6.0,4373000.0,728833.33,742000.0,591000.0,833000.0,0.0,0.0
Johor,Kluang,2025Q3,detached,7.0,6510000.0,930000.0,538000.0,331000.0,1500000.0,2.0,2.0
Johor,Kluang,2025Q3,flat,1.0,80000.0,80000.0,80000.0,80000.0,80000.0,1.0,1.0
Johor,Kluang,2025Q3,low_cost_flat,2.0,130000.0,65000.0,65000.0,52500.0,77500.0,2.0,2.0
Johor,Kluang,2025Q3,low_cost_house,5.0,900000.0,180000.0,180000.0,160000.0,190000.0,5.0,5.0
Johor,Kluang,2025Q3,semi_detached,14.0,8872000.0,633714.29,659500.0,405000.0,741250.0,0.0,5.0
Johor,Kluang,2025Q3,terrace,93.0,31362000.0,337225.81,300000.0,250000.0,408000.0,48.0,79.0
Johor,Kluang,2025Q4,all,141.0,55900000.0,396453.9,350000.0,245000.0,538000.0,64.0,98.0
Johor,Kluang,2025Q4,cluster,9.0,6753000.0,750333.33,788000.0,660000.0,818000.0,0.0,0.0
Johor,Kluang,2025Q4,detached,8.0,3097000.0,387125.0,407500.0,360000.0,488000.0,2.0,6.0
Johor,Kluang,2025Q4,low_cost_house,9.0,1423000.0,158111.11,150000.0,150000.0,180000.0,9.0,9.0
Johor,Kluang,2025Q4,semi_detached,18.0,11758000.0,653222.22,656500.0,610000.0,751000.0,1.0,3.0
Johor,Kluang,2025Q4,terrace,97.0,32869000.0,338855.67,300000.0,245000.0,440000.0,52.0,80.0
Johor,Kluang,2026Q1,all,86.0,30434000.0,353883.72,263000.0,240000.0,450000.0,52.0,71.0
Johor,Kluang,2026Q1,cluster,6.0,4549000.0,758166.67,762000.0,717250.0,810500.0,0.0,0.0
Johor,Kluang,2026Q1,detached,4.0,1385000.0,346250.0,374000.0,218750.0,501500.0,2.0,3.0
Johor,Kluang,2026Q1,flat,1.0,130000.0,130000.0,130000.0,130000.0,130000.0,1.0,1.0
Johor,Kluang,2026Q1,low_cost_house,7.0,1113000.0,159000.0,160000.0,149000.0,172500.0,7.0,7.0
Johor,Kluang,2026Q1,semi_detached,11.0,6999000.0,636272.73,589000.0,495000.0,745500.0,0.0,5.0
Johor,Kluang,2026Q1,terrace,57.0,16258000.0,285228.07,250000.0,240000.0,330000.0,42.0,55.0
Johor,Kluang,2026Q2,all,124.0,48409000.0,390395.16,330000.0,247500.0,535750.0,53.0,89.0
Johor,Kluang,2026Q2,cluster,7.0,4713000.0,673285.71,686000.0,569000.0,793000.0,0.0,1.0
Johor,Kluang,2026Q2,detached,14.0,7281000.0,520071.43,512000.0,462500.0,538000.0,1.0,6.0
Johor,Kluang,2026Q2,low_cost_flat,1.0,80000.0,80000.0,80000.0,80000.0,80000.0,1.0,1.0
Johor,Kluang,2026Q2,low_cost_house,14.0,2317000.0,165500.0,155000.0,140500.0,200000.0,14.0,14.0
Johor,Kluang,2026Q2,semi_detached,13.0,8821000.0,678538.46,718000.0,550000.0,828000.0,0.0,2.0
Johor,Kluang,2026Q2,terrace,75.0,25197000.0,335960.0,306000.0,250000.0,394000.0,37.0,65.0
Johor,Kota Tinggi,2024Q1,all,251.0,87503000.0,348617.53,330000.0,220000.0,488000.0,122.0,193.0
Johor,Kota Tinggi,2024Q1,cluster,1.0,747000.0,747000.0,747000.0,747000.0,747000.0,0.0,0.0
Johor,Kota Tinggi,2024Q1,condo,3.0,445000.0,148333.33,150000.0,142500.0,155000.0,3.0,3.0
Johor,Kota Tinggi,2024Q1,detached,7.0,2832000.0,404571.43,380000.0,330000.0,420000.0,2.0,6.0
Johor,Kota Tinggi,2024Q1,low_cost_flat,1.0,105000.0,105000.0,105000.0,105000.0,105000.0,1.0,1.0
Johor,Kota Tinggi,2024Q1,low_cost_house,43.0,5817000.0,135279.07,80000.0,66000.0,195000.0,40.0,42.0
Johor,Kota Tinggi,2024Q1,semi_detached,12.0,6160000.0,513333.33,469500.0,414000.0,580000.0,0.0,8.0
Johor,Kota Tinggi,2024Q1,terrace,184.0,71397000.0,388027.17,356000.0,250000.0,525000.0,76.0,133.0
Johor,Kota Tinggi,2024Q2,all,178.0,59600000.0,334831.46,325000.0,247000.0,415000.0,82.0,154.0
Johor,Kota Tinggi,2024Q2,cluster,1.0,859000.0,859000.0,859000.0,859000.0,859000.0,0.0,0.0
Johor,Kota Tinggi,2024Q2,detached,4.0,1220000.0,305000.0,310000.0,240000.0,375000.0,2.0,4.0
Johor,Kota Tinggi,2024Q2,low_cost_house,26.0,3085000.0,118653.85,80000.0,80000.0,133750.0,25.0,26.0
Johor,Kota Tinggi,2024Q2,semi_detached,3.0,1416000.0,472000.0,472000.0,472000.0,472000.0,0.0,3.0
Johor,Kota Tinggi,2024Q2,terrace,144.0,53020000.0,368194.44,350000.0,270000.0,433500.0,55.0,121.0
Johor,Kota Tinggi,2024Q3,all,145.0,60786000.0,419213.79,390000.0,280000.0,513000.0,39.0,108.0
Johor,Kota Tinggi,2024Q3,cluster,7.0,6164000.0,880571.43,869000.0,841000.0,904500.0,0.0,0.0
Johor,Kota Tinggi,2024Q3,detached,12.0,4065000.0,338750.0,375000.0,293750.0,402500.0,3.0,11.0
Johor,Kota Tinggi,2024Q3,low_cost_house,12.0,2468000.0,205666.67,215000.0,151500.0,257750.0,10.0,12.0
Johor,Kota Tinggi,2024Q3,semi_detached,2.0,1245000.0,622500.0,622500.0,528750.0,716250.0,0.0,1.0
Johor,Kota Tinggi,2024Q3,terrace,112.0,46844000.0,418250.0,391000.0,320000.0,503250.0,26.0,84.0
Johor,Kota Tinggi,2024Q4,all,19.0,5992000.0,315368.42,355000.0,233500.0,440000.0,8.0,19.0
Johor,Kota Tinggi,2024Q4,detached,1.0,100000.0,100000.0,100000.0,100000.0,100000.0,1.0,1.0
Johor,Kota Tinggi,2024Q4,low_cost_house,3.0,312000.0,104000.0,50000.0,46000.0,135000.0,3.0,3.0
Johor,Kota Tinggi,2024Q4,terrace,15.0,5580000.0,372000.0,388000.0,313500.0,450000.0,4.0,15.0
Johor,Kota Tinggi,2025Q1,all,20.0,6448000.0,322400.0,360000.0,249250.0,385000.0,7.0,19.0
Johor,Kota Tinggi,2025Q1,detached,2.0,730000.0,365000.0,365000.0,362500.0,367500.0,0.0,2.0
Johor,Kota Tinggi,2025Q1,low_cost_house,3.0,480000.0,160000.0,180000.0,115000.0,215000.0,3.0,3.0
Johor,Kota Tinggi,2025Q1,semi_detached,1.0,580000.0,580000.0,580000.0,580000.0,580000.0,0.0,0.0
Johor,Kota Tinggi,2025Q1,terrace,14.0,4658000.0,332714.29,363500.0,272500.0,395000.0,4.0,14.0
Johor,Kota Tinggi,2025Q2,all,20.0,7036000.0,351800.0,350000.0,267500.0,407500.0,7.0,19.0
Johor,Kota Tinggi,2025Q2,detached,2.0,890000.0,445000.0,445000.0,417500.0,472500.0,0.0,2.0
Johor,Kota Tinggi,2025Q2,low_cost_house,4.0,890000.0,222500.0,235000.0,167500.0,290000.0,3.0,4.0
Johor,Kota Tinggi,2025Q2,terrace,14.0,5256000.0,375428.57,355000.0,292500.0,436250.0,4.0,13.0
Johor,Kota Tinggi,2025Q3,all,20.0,7422000.0,371100.0,390000.0,300000.0,450750.0,6.0,18.0
Johor,Kota Tinggi,2025Q3,detached,1.0,245000.0,245000.0,245000.0,245000.0,245000.0,1.0,1.0
Johor,Kota Tinggi,2025Q3,low_cost_house,2.0,450000.0,225000.0,225000.0,137500.0,312500.0,1.0,2.0
Johor,Kota Tinggi,2025Q3,semi_detached,2.0,653000.0,326500.0,326500.0,253250.0,399750.0,1.0,2.0
Johor,Kota Tinggi,2025Q3,terrace,15.0,6074000.0,404933.33,430000.0,335000.0,451500.0,3.0,13.0
Johor,Kota Tinggi,2025Q4,all,23.0,8009000.0,348217.39,400000.0,190000.0,450000.0,8.0,21.0
Johor,Kota Tinggi,2025Q4,detached,3.0,1010000.0,336666.67,380000.0,280000.0,415000.0,1.0,3.0
Johor,Kota Tinggi,2025Q4,low_cost_house,4.0,567000.0,141750.0,150000.0,121750.0,170000.0,4.0,4.0
Johor,Kota Tinggi,2025Q4,semi_detached,1.0,472000.0,472000.0,472000.0,472000.0,472000.0,0.0,1.0
Johor,Kota Tinggi,2025Q4,terrace,15.0,5960000.0,397333.33,420000.0,337500.0,460000.0,3.0,13.0
Johor,Kota Tinggi,2026Q1,all,20.0,7237000.0,361850.0,370000.0,347500.0,428750.0,4.0,19.0
Johor,Kota Tinggi,2026Q1,detached,2.0,720000.0,360000.0,360000.0,360000.0,360000.0,0.0,2.0
Johor,Kota Tinggi,2026Q1,low_cost_house,2.0,230000.0,115000.0,115000.0,97500.0,132500.0,2.0,2.0
Johor,Kota Tinggi,2026Q1,terrace,16.0,6287000.0,392937.5,391500.0,365250.0,442500.0,2.0,15.0
Johor,Kota Tinggi,2026Q2,all,24.0,8107000.0,337791.67,365000.0,232500.0,444000.0,9.0,22.0
Johor,Kota Tinggi,2026Q2,detached,1.0,180000.0,180000.0,180000.0,180000.0,180000.0,1.0,1.0
Johor,Kota Tinggi,2026Q2,flat,2.0,105000.0,52500.0,52500.0,48750.0,56250.0,2.0,2.0
Johor,Kota Tinggi,2026Q2,low_cost_house,2.0,370000.0,185000.0,185000.0,152500.0,217500.0,2.0,2.0
Johor,Kota Tinggi,2026Q2,terrace,19.0,7452000.0,392210.53,400000.0,312500.0,450000.0,4.0,17.0
Johor,Kulai,2024Q1,all,467.0,233970000.0,501006.42,460000.0,330000.0,610500.0,100.0,280.0
Johor,Kulai,2024Q1,cluster,38.0,29967000.0,788605.26,665000.0,618000.0,872000.0,0.0,7.0
Johor,Kulai,2024Q1,condo,14.0,4479000.0,319928.57,311000.0,228250.0,394500.0,7.0,14.0
Johor,Kulai,2024Q1,detached,9.0,6852000.0,761333.33,605000.0,200000.0,882000.0,4.0,4.0
Johor,Kulai,2024Q1,flat,3.0,525000.0,175000.0,180000.0,167500.0,185000.0,3.0,3.0
Johor,Kulai,2024Q1,low_cost_flat,18.0,2158000.0,119888.89,120000.0,111250.0,125000.0,18.0,18.0
Johor,Kulai,2024Q1,low_cost_house,44.0,12056000.0,274000.0,280000.0,257500.0,300000.0,35.0,44.0
Johor,Kulai,2024Q1,semi_detached,23.0,18282000.0,794869.57,682000.0,554500.0,1050000.0,1.0,5.0
Johor,Kulai,2024Q1,terrace,309.0,157759000.0,510546.93,475000.0,390000.0,599000.0,24.0,176.0
Johor,Kulai,2024Q1,townhouse,9.0,1892000.0,210222.22,150000.0,150000.0,250000.0,8.0,9.0
Johor,Kulai,2024Q2,all,543.0,308294000.0,567760.59,500000.0,400000.0,645000.0,65.0,277.0
Johor,Kulai,2024Q2,cluster,33.0,25743000.0,780090.91,618000.0,618000.0,800000.0,0.0,1.0
Johor,Kulai,2024Q2,condo,14.0,5232000.0,373714.29,390000.0,305000.0,445500.0,4.0,14.0
Johor,Kulai,2024Q2,detached,6.0,8261000.0,1376833.33,1025000.0,352500.0,2462500.0,2.0,2.0
Johor,Kulai,2024Q2,flat,4.0,850000.0,212500.0,215000.0,207500.0,220000.0,4.0,4.0
Johor,Kulai,2024Q2,low_cost_flat,4.0,535000.0,133750.0,120000.0,118750.0,135000.0,4.0,4.0
Johor,Kulai,2024Q2,low_cost_house,35.0,10350000.0,295714.29,295000.0,270000.0,315000.0,24.0,35.0
Johor,Kulai,2024Q2,semi_detached,19.0,19799000.0,1042052.63,800000.0,635000.0,1515000.0,0.0,3.0
Johor,Kulai,2024Q2,terrace,421.0,235695000.0,559845.61,518000.0,430000.0,640000.0,21.0,207.0
Johor,Kulai,2024Q2,townhouse,7.0,1829000.0,261285.71,251000.0,194000.0,270000.0,6.0,7.0
Johor,Kulai,2024Q3,all,439.0,220249000.0,501706.15,450000.0,350000.0,602000.0,66.0,265.0
Johor,Kulai,2024Q3,cluster,32.0,23882000.0,746312.5,710000.0,618000.0,865500.0,0.0,3.0
Johor,Kulai,2024Q3,condo,9.0,3215000.0,357222.22,393000.0,200000.0,476000.0,3.0,9.0
Johor,Kulai,2024Q3,detached,8.0,4290000.0,536250.0,422500.0,297500.0,596250.0,2.0,4.0
Johor,Kulai,2024Q3,flat,2.0,260000.0,130000.0,130000.0,95000.0,165000.0,2.0,2.0
Johor,Kulai,2024Q3,low_cost_flat,9.0,1181000.0,131222.22,145000.0,110000.0,150000.0,9.0,9.0
Johor,Kulai,2024Q3,low_cost_house,56.0,16134000.0,288107.14,294000.0,258750.0,328500.0,33.0,56.0
Johor,Kulai,2024Q3,semi_detached,18.0,15219000.0,845500.0,783500.0,685000.0,931750.0,0.0,3.0
Johor,Kulai,2024Q3,terrace,303.0,155600000.0,513531.35,480000.0,400000.0,600000.0,15.0,177.0
Johor,Kulai,2024Q3,townhouse,2.0,468000.0,234000.0,234000.0,221000.0,247000.0,2.0,2.0
Johor,Kulai,2024Q4,all,81.0,41067000.0,507000.0,430000.0,350000.0,530000.0,8.0,59.0
Johor,Kulai,2024Q4,cluster,1.0,420000.0,420000.0,420000.0,420000.0,420000.0,0.0,1.0
Johor,Kulai,2024Q4,condo,2.0,555000.0,277500.0,277500.0,241250.0,313750.0,1.0,2.0
Johor,Kulai,2024Q4,detached,2.0,3090000.0,1545000.0,1545000.0,1067500.0,2022500.0,0.0,0.0
Johor,Kulai,2024Q4,low_cost_house,4.0,1060000.0,265000.0,275000.0,260000.0,280000.0,4.0,4.0
Johor,Kulai,2024Q4,semi_detached,3.0,4110000.0,1370000.0,1550000.0,1255000.0,1575000.0,0.0,0.0
Johor,Kulai,2024Q4,terrace,69.0,31832000.0,461333.33,440000.0,368000.0,500000.0,3.0,52.0
Johor,Kulai,2025Q1,all,76.0,39567000.0,520618.42,455500.0,356000.0,599250.0,13.0,46.0
Johor,Kulai,2025Q1,cluster,4.0,3280000.0,820000.0,765000.0,750000.0,835000.0,0.0,0.0
Johor,Kulai,2025Q1,detached,2.0,3019000.0,1509500.0,1509500.0,1004750.0,2014250.0,0.0,1.0
Johor,Kulai,2025Q1,flat,2.0,390000.0,195000.0,195000.0,177500.0,212500.0,2.0,2.0
Johor,Kulai,2025Q1,low_cost_house,5.0,1333000.0,266600.0,270000.0,270000.0,298000.0,4.0,5.0
Johor,Kulai,2025Q1,semi_detached,1.0,910000.0,910000.0,910000.0,910000.0,910000.0,0.0,0.0
Johor,Kulai,2025Q1,terrace,60.0,30335000.0,505583.33,462500.0,397500.0,591250.0,5.0,36.0
Johor,Kulai,2025Q1,townhouse,2.0,300000.0,150000.0,150000.0,150000.0,150000.0,2.0,2.0
Johor,Kulai,2025Q2,all,91.0,48992000.0,538373.63,490000.0,400000.0,650000.0,10.0,51.0
Johor,Kulai,2025Q2,cluster,5.0,4790000.0,958000.0,880000.0,760000.0,1150000.0,0.0,0.0
Johor,Kulai,2025Q2,condo,4.0,1083000.0,270750.0,207500.0,194500.0,283750.0,3.0,4.0
Johor,Kulai,2025Q2,flat,1.0,187000.0,187000.0,187000.0,187000.0,187000.0,1.0,1.0
Johor,Kulai,2025Q2,low_cost_house,3.0,825000.0,275000.0,280000.0,272500.0,280000.0,3.0,3.0
Johor,Kulai,2025Q2,semi_detached,7.0,4908000.0,701142.86,780000.0,585000.0,829000.0,0.0,1.0
Johor,Kulai,2025Q2,terrace,71.0,37199000.0,523929.58,490000.0,432500.0,610000.0,3.0,42.0
Johor,Kulai,2025Q3,all,87.0,46276000.0,531908.05,488000.0,400000.0,625000.0,9.0,51.0
Johor,Kulai,2025Q3,cluster,1.0,710000.0,710000.0,710000.0,710000.0,710000.0,0.0,0.0
Johor,Kulai,2025Q3,condo,1.0,200000.0,200000.0,200000.0,200000.0,200000.0,1.0,1.0
Johor,Kulai,2025Q3,detached,3.0,1125000.0,375000.0,245000.0,237500.0,447500.0,2.0,2.0
Johor,Kulai,2025Q3,flat,1.0,100000.0,100000.0,100000.0,100000.0,100000.0,1.0,1.0
Johor,Kulai,2025Q3,low_cost_flat,1.0,110000.0,110000.0,110000.0,110000.0,110000.0,1.0,1.0
Johor,Kulai,2025Q3,low_cost_house,4.0,1000000.0,250000.0,250000.0,170000.0,330000.0,2.0,4.0
Johor,Kulai,2025Q3,semi_detached,7.0,7850000.0,1121428.57,1300000.0,900000.0,1400000.0,0.0,1.0
Johor,Kulai,2025Q3,terrace,68.0,34536000.0,507882.35,489000.0,423750.0,585000.0,2.0,41.0
Johor,Kulai,2025Q3,townhouse,1.0,645000.0,645000.0,645000.0,645000.0,645000.0,0.0,0.0
Johor,Kulai,2025Q4,all,94.0,46822000.0,498106.38,450000.0,350000.0,545000.0,12.0,68.0
Johor,Kulai,2025Q4,condo,4.0,1059000.0,264750.0,274500.0,227500.0,311750.0,3.0,4.0
Johor,Kulai,2025Q4,detached,3.0,2910000.0,970000.0,180000.0,155000.0,1390000.0,2.0,2.0
Johor,Kulai,2025Q4,flat,1.0,270000.0,270000.0,270000.0,270000.0,270000.0,1.0,1.0
Johor,Kulai,2025Q4,low_cost_flat,1.0,185000.0,185000.0,185000.0,185000.0,185000.0,1.0,1.0
Johor,Kulai,2025Q4,low_cost_house,6.0,1890000.0,315000.0,325000.0,280000.0,355000.0,2.0,6.0
Johor,Kulai,2025Q4,semi_detached,8.0,6233000.0,779125.0,787500.0,745000.0,832000.0,0.0,0.0
Johor,Kulai,2025Q4,terrace,71.0,34275000.0,482746.48,460000.0,393000.0,500000.0,3.0,54.0
Johor,Kulai,2026Q1,all,57.0,30480000.0,534736.84,460000.0,348000.0,647000.0,9.0,33.0
Johor,Kulai,2026Q1,cluster,4.0,3365000.0,841250.0,790000.0,727500.0,903750.0,0.0,0.0
Johor,Kulai,2026Q1,detached,2.0,460000.0,230000.0,230000.0,205000.0,255000.0,2.0,2.0
Johor,Kulai,2026Q1,low_cost_flat,2.0,320000.0,160000.0,160000.0,150000.0,170000.0,2.0,2.0
Johor,Kulai,2026Q1,low_cost_house,8.0,2610000.0,326250.0,335000.0,300000.0,350000.0,3.0,8.0
Johor,Kulai,2026Q1,semi_detached,4.0,4960000.0,1240000.0,1230000.0,945000.0,1525000.0,0.0,0.0
Johor,Kulai,2026Q1,terrace,35.0,18465000.0,527571.43,500000.0,400000.0,594000.0,0.0,19.0
Johor,Kulai,2026Q1,townhouse,2.0,300000.0,150000.0,150000.0,150000.0,150000.0,2.0,2.0
Johor,Kulai,2026Q2,all,88.0,43539000.0,494761.36,460000.0,380000.0,550000.0,8.0,61.0
Johor,Kulai,2026Q2,cluster,1.0,680000.0,680000.0,680000.0,680000.0,680000.0,0.0,0.0
Johor,Kulai,2026Q2,condo,2.0,380000.0,190000.0,190000.0,180000.0,200000.0,2.0,2.0
Johor,Kulai,2026Q2,detached,1.0,2000000.0,2000000.0,2000000.0,2000000.0,2000000.0,0.0,0.0
Johor,Kulai,2026Q2,flat,5.0,783000.0,156600.0,129000.0,129000.0,160000.0,5.0,5.0
Johor,Kulai,2026Q2,low_cost_flat,1.0,210000.0,210000.0,210000.0,210000.0,210000.0,1.0,1.0
Johor,Kulai,2026Q2,low_cost_house,7.0,2535000.0,362142.86,350000.0,340000.0,380000.0,0.0,7.0
Johor,Kulai,2026Q2,semi_detached,2.0,1070000.0,535000.0,535000.0,527500.0,542500.0,0.0,0.0
Johor,Kulai,2026Q2,terrace,69.0,35881000.0,520014.49,495000.0,420000.0,597000.0,0.0,46.0
Johor,Mersing,2024Q1,all,17.0,4792000.0,281882.35,260000.0,145000.0,380000.0,11.0,14.0
Johor,Mersing,2024Q1,detached,2.0,785000.0,392500.0,392500.0,326250.0,458750.0,1.0,1.0
Johor,Mersing,2024Q1,low_cost_house,5.0,640000.0,128000.0,120000.0,100000.0,145000.0,5.0,5.0
Johor,Mersing,2024Q1,semi_detached,1.0,750000.0,750000.0,750000.0,750000.0,750000.0,0.0,0.0
Johor,Mersing,2024Q1,terrace,9.0,2617000.0,290777.78,287000.0,170000.0,380000.0,5.0,8.0
Johor,Mersing,2024Q2,all,15.0,3870000.0,258000.0,295000.0,180000.0,310000.0,10.0,15.0
Johor,Mersing,2024Q2,detached,1.0,260000.0,260000.0,260000.0,260000.0,260000.0,1.0,1.0
Johor,Mersing,2024Q2,low_cost_house,3.0,315000.0,105000.0,120000.0,92500.0,125000.0,3.0,3.0
Johor,Mersing,2024Q2,terrace,11.0,3295000.0,299545.45,300000.0,290000.0,320000.0,6.0,11.0
Johor,Mersing,2024Q3,all,36.0,9879000.0,274416.67,253000.0,200000.0,328000.0,25.0,34.0
Johor,Mersing,2024Q3,low_cost_house,1.0,160000.0,160000.0,160000.0,160000.0,160000.0,1.0,1.0
Johor,Mersing,2024Q3,semi_detached,1.0,465000.0,465000.0,465000.0,465000.0,465000.0,0.0,1.0
Johor,Mersing,2024Q3,terrace,34.0,9254000.0,272176.47,253000.0,200000.0,326000.0,24.0,32.0
Johor,Mersing,2024Q4,all,12.0,2843000.0,236916.67,253000.0,199750.0,288750.0,11.0,12.0
Johor,Mersing,2024Q4,low_cost_house,2.0,195000.0,97500.0,97500.0,76250.0,118750.0,2.0,2.0
Johor,Mersing,2024Q4,semi_detached,1.0,300000.0,300000.0,300000.0,300000.0,300000.0,1.0,1.0
Johor,Mersing,2024Q4,terrace,9.0,2348000.0,260888.89,256000.0,250000.0,285000.0,8.0,9.0
Johor,Mersing,2025Q1,all,13.0,2951000.0,227000.0,200000.0,188000.0,256000.0,11.0,13.0
Johor,Mersing,2025Q1,detached,1.0,490000.0,490000.0,490000.0,490000.0,490000.0,0.0,1.0
Johor,Mersing,2025Q1,low_cost_house,3.0,290000.0,96666.67,90000.0,80000.0,110000.0,3.0,3.0
Johor,Mersing,2025Q1,terrace,9.0,2171000.0,241222.22,217000.0,200000.0,256000.0,8.0,9.0
Johor,Mersing,2025Q2,all,15.0,3496000.0,233066.67,235000.0,199000.0,288000.0,11.0,15.0
Johor,Mersing,2025Q2,detached,1.0,90000.0,90000.0,90000.0,90000.0,90000.0,1.0,1.0
Johor,Mersing,2025Q2,low_cost_house,1.0,130000.0,130000.0,130000.0,130000.0,130000.0,1.0,1.0
Johor,Mersing,2025Q2,terrace,13.0,3276000.0,252000.0,235000.0,200000.0,320000.0,9.0,13.0
Johor,Mersing,2025Q3,all,18.0,3642000.0,202333.33,199500.0,150000.0,248750.0,17.0,18.0
Johor,Mersing,2025Q3,low_cost_house,1.0,130000.0,130000.0,130000.0,130000.0,130000.0,1.0,1.0
Johor,Mersing,2025Q3,terrace,17.0,3512000.0,206588.24,200000.0,150000.0,256000.0,16.0,17.0
Johor,Mersing,2025Q4,all,8.0,2711000.0,338875.0,253000.0,195000.0,391250.0,5.0,6.0
Johor,Mersing,2025Q4,low_cost_house,2.0,280000.0,140000.0,140000.0,120000.0,160000.0,2.0,2.0
Johor,Mersing,2025Q4,terrace,6.0,2431000.0,405166.67,283000.0,251500.0,553750.0,3.0,4.0
Johor,Mersing,2026Q1,all,8.0,3287000.0,410875.0,434500.0,202500.0,596000.0,3.0,5.0
Johor,Mersing,2026Q1,low_cost_house,2.0,175000.0,87500.0,87500.0,78750.0,96250.0,2.0,2.0
Johor,Mersing,2026Q1,semi_detached,1.0,780000.0,780000.0,780000.0,780000.0,780000.0,0.0,0.0
Johor,Mersing,2026Q1,terrace,5.0,2332000.0,466400.0,499000.0,370000.0,578000.0,1.0,3.0
Johor,Mersing,2026Q2,all,7.0,1938000.0,276857.14,280000.0,175000.0,344000.0,4.0,7.0
Johor,Mersing,2026Q2,detached,1.0,170000.0,170000.0,170000.0,170000.0,170000.0,1.0,1.0
Johor,Mersing,2026Q2,terrace,6.0,1768000.0,294666.67,312000.0,205000.0,344000.0,3.0,6.0
Johor,Muar,2024Q1,all,182.0,89952000.0,494241.76,454500.0,240000.0,697500.0,51.0,113.0
Johor,Muar,2024Q1,condo,8.0,1861000.0,232625.0,200000.0,172500.0,290750.0,6.0,8.0
Johor,Muar,2024Q1,detached,5.0,3432000.0,686400.0,580000.0,400000.0,880000.0,0.0,2.0
Johor,Muar,2024Q1,flat,1.0,85000.0,85000.0,85000.0,85000.0,85000.0,1.0,1.0
Johor,Muar,2024Q1,low_cost_flat,1.0,170000.0,170000.0,170000.0,170000.0,170000.0,1.0,1.0
Johor,Muar,2024Q1,low_cost_house,35.0,4849000.0,138542.86,150000.0,99500.0,177500.0,34.0,35.0
Johor,Muar,2024Q1,semi_detached,48.0,33690000.0,701875.0,684000.0,470000.0,884500.0,1.0,15.0
Johor,Muar,2024Q1,terrace,84.0,45865000.0,546011.9,493000.0,377500.0,700000.0,8.0,51.0
Johor,Muar,2024Q2,all,177.0,91189000.0,515192.09,440000.0,300000.0,700000.0,45.0,114.0
Johor,Muar,2024Q2,condo,9.0,2668000.0,296444.44,295000.0,185000.0,440000.0,5.0,9.0
Johor,Muar,2024Q2,detached,6.0,4226000.0,704333.33,663000.0,447500.0,694000.0,0.0,2.0
Johor,Muar,2024Q2,low_cost_house,26.0,4483000.0,172423.08,180000.0,132500.0,227500.0,26.0,26.0
Johor,Muar,2024Q2,semi_detached,35.0,21712000.0,620342.86,550000.0,397500.0,750000.0,0.0,16.0
Johor,Muar,2024Q2,terrace,100.0,58058000.0,580580.0,496500.0,349500.0,874000.0,13.0,60.0
Johor,Muar,2024Q2,townhouse,1.0,42000.0,42000.0,42000.0,42000.0,42000.0,1.0,1.0
Johor,Muar,2024Q3,all,192.0,101841000.0,530421.88,450000.0,334000.0,633500.0,40.0,121.0
Johor,Muar,2024Q3,cluster,1.0,590000.0,590000.0,590000.0,590000.0,590000.0,0.0,0.0
Johor,Muar,2024Q3,condo,5.0,990000.0,198000.0,170000.0,120000.0,300000.0,5.0,5.0
Johor,Muar,2024Q3,detached,11.0,8652000.0,786545.45,565000.0,465000.0,656000.0,0.0,4.0
Johor,Muar,2024Q3,low_cost_house,24.0,4110000.0,171250.0,167500.0,135000.0,192000.0,23.0,24.0
Johor,Muar,2024Q3,semi_detached,43.0,30423000.0,707511.63,580000.0,449000.0,819000.0,1.0,18.0
Johor,Muar,2024Q3,terrace,108.0,57076000.0,528481.48,450000.0,353750.0,603250.0,11.0,70.0
Johor,Muar,2024Q4,all,59.0,33720000.0,571525.42,500000.0,399500.0,709000.0,6.0,32.0
Johor,Muar,2024Q4,cluster,3.0,3107000.0,1035666.67,1150000.0,953500.0,1175000.0,0.0,0.0
Johor,Muar,2024Q4,condo,1.0,210000.0,210000.0,210000.0,210000.0,210000.0,1.0,1.0
Johor,Muar,2024Q4,detached,1.0,460000.0,460000.0,460000.0,460000.0,460000.0,0.0,1.0
Johor,Muar,2024Q4,low_cost_house,3.0,708000.0,236000.0,235000.0,229000.0,242500.0,3.0,3.0
Johor,Muar,2024Q4,semi_detached,17.0,10532000.0,619529.41,500000.0,438000.0,698000.0,0.0,9.0
Johor,Muar,2024Q4,terrace,34.0,18703000.0,550088.24,485000.0,399750.0,662000.0,2.0,18.0
Johor,Muar,2025Q1,all,72.0,42935000.0,596319.44,487500.0,350000.0,685250.0,8.0,44.0
Johor,Muar,2025Q1,condo,3.0,815000.0,271666.67,315000.0,247500.0,317500.0,1.0,3.0
Johor,Muar,2025Q1,detached,1.0,580000.0,580000.0,580000.0,580000.0,580000.0,0.0,0.0
Johor,Muar,2025Q1,low_cost_house,5.0,1171000.0,234200.0,280000.0,170000.0,296000.0,4.0,5.0
Johor,Muar,2025Q1,semi_detached,21.0,18225000.0,867857.14,686000.0,490000.0,1250000.0,0.0,7.0
Johor,Muar,2025Q1,terrace,42.0,22144000.0,527238.1,482000.0,352500.0,538500.0,3.0,29.0
Johor,Muar,2025Q2,all,74.0,44101000.0,595959.46,510000.0,371250.0,695000.0,8.0,37.0
Johor,Muar,2025Q2,condo,3.0,845000.0,281666.67,220000.0,197500.0,335000.0,2.0,3.0
Johor,Muar,2025Q2,detached,3.0,2690000.0,896666.67,650000.0,445000.0,1225000.0,1.0,1.0
Johor,Muar,2025Q2,low_cost_house,5.0,980000.0,196000.0,170000.0,130000.0,280000.0,5.0,5.0
Johor,Muar,2025Q2,semi_detached,28.0,20229000.0,722464.29,600000.0,488000.0,825000.0,0.0,9.0
Johor,Muar,2025Q2,terrace,35.0,19357000.0,553057.14,500000.0,385000.0,665000.0,0.0,19.0
Johor,Muar,2025Q3,all,100.0,64720000.0,647200.0,569000.0,363250.0,821750.0,7.0,44.0
Johor,Muar,2025Q3,condo,3.0,828000.0,276000.0,190000.0,189000.0,320000.0,2.0,3.0
Johor,Muar,2025Q3,low_cost_house,3.0,710000.0,236666.67,230000.0,180000.0,290000.0,2.0,3.0
Johor,Muar,2025Q3,semi_detached,26.0,23210000.0,892692.31,872500.0,585750.0,1087500.0,0.0,6.0
Johor,Muar,2025Q3,terrace,68.0,39972000.0,587823.53,531500.0,355250.0,755250.0,3.0,32.0
Johor,Muar,2025Q4,all,82.0,47543000.0,579792.68,498500.0,365250.0,673750.0,9.0,49.0
Johor,Muar,2025Q4,condo,3.0,500000.0,166666.67,170000.0,165000.0,170000.0,3.0,3.0
Johor,Muar,2025Q4,detached,3.0,4200000.0,1400000.0,800000.0,600000.0,1900000.0,0.0,1.0
Johor,Muar,2025Q4,low_cost_house,5.0,1175000.0,235000.0,250000.0,175000.0,250000.0,4.0,5.0
Johor,Muar,2025Q4,semi_detached,15.0,9776000.0,651733.33,550000.0,479000.0,729000.0,0.0,7.0
Johor,Muar,2025Q4,terrace,56.0,31892000.0,569500.0,499500.0,378750.0,650000.0,2.0,33.0
Johor,Muar,2026Q1,all,63.0,37632000.0,597333.33,500000.0,340000.0,694000.0,12.0,33.0
Johor,Muar,2026Q1,condo,1.0,140000.0,140000.0,140000.0,140000.0,140000.0,1.0,1.0
Johor,Muar,2026Q1,detached,1.0,2400000.0,2400000.0,2400000.0,2400000.0,2400000.0,0.0,0.0
Johor,Muar,2026Q1,low_cost_house,7.0,1104000.0,157714.29,175000.0,130000.0,200000.0,7.0,7.0
Johor,Muar,2026Q1,semi_detached,20.0,15918000.0,795900.0,686500.0,497500.0,778750.0,0.0,6.0
Johor,Muar,2026Q1,terrace,34.0,18070000.0,531470.59,499500.0,356750.0,661000.0,4.0,19.0
Johor,Muar,2026Q2,all,92.0,53701000.0,583706.52,520000.0,424500.0,755000.0,9.0,45.0
Johor,Muar,2026Q2,condo,1.0,200000.0,200000.0,200000.0,200000.0,200000.0,1.0,1.0
Johor,Muar,2026Q2,detached,2.0,1260000.0,630000.0,630000.0,595000.0,665000.0,0.0,0.0
Johor,Muar,2026Q2,low_cost_house,5.0,992000.0,198400.0,200000.0,150000.0,250000.0,4.0,5.0
Johor,Muar,2026Q2,semi_detached,32.0,20226000.0,632062.5,523500.0,436000.0,755000.0,0.0,15.0
Johor,Muar,2026Q2,terrace,52.0,31023000.0,596596.15,571500.0,465000.0,673750.0,4.0,24.0
Johor,Pontian,2024Q1,all,65.0,24700000.0,380000.0,380000.0,245000.0,495000.0,23.0,51.0
Johor,Pontian,2024Q1,detached,6.0,2879000.0,479833.33,517500.0,473750.0,568750.0,1.0,3.0
Johor,Pontian,2024Q1,flat,1.0,107000.0,107000.0,107000.0,107000.0,107000.0,1.0,1.0
Johor,Pontian,2024Q1,low_cost_flat,2.0,175000.0,87500.0,87500.0,86250.0,88750.0,2.0,2.0
Johor,Pontian,2024Q1,low_cost_house,13.0,3123000.0,240230.77,240000.0,200000.0,285000.0,11.0,13.0
Johor,Pontian,2024Q1,semi_detached,10.0,5228000.0,522800.0,512500.0,487500.0,552250.0,0.0,5.0
Johor,Pontian,2024Q1,terrace,33.0,13188000.0,399636.36,395000.0,305000.0,488000.0,8.0,27.0
Johor,Pontian,2024Q2,all,93.0,39030000.0,419677.42,380000.0,245000.0,550000.0,33.0,62.0
Johor,Pontian,2024Q2,cluster,1.0,645000.0,645000.0,645000.0,645000.0,645000.0,0.0,0.0
Johor,Pontian,2024Q2,detached,3.0,2320000.0,773333.33,615000.0,610000.0,857500.0,0.0,0.0
Johor,Pontian,2024Q2,flat,1.0,150000.0,150000.0,150000.0,150000.0,150000.0,1.0,1.0
Johor,Pontian,2024Q2,low_cost_flat,2.0,230000.0,115000.0,115000.0,112500.0,117500.0,2.0,2.0
Johor,Pontian,2024Q2,low_cost_house,16.0,3611000.0,225687.5,234000.0,193750.0,255000.0,16.0,16.0
Johor,Pontian,2024Q2,semi_detached,18.0,9127000.0,507055.56,532500.0,450000.0,557500.0,2.0,8.0
Johor,Pontian,2024Q2,terrace,52.0,22947000.0,441288.46,390000.0,328750.0,568500.0,12.0,35.0
Johor,Pontian,2024Q3,all,82.0,42572000.0,519170.73,500000.0,332000.0,722500.0,20.0,42.0
Johor,Pontian,2024Q3,detached,10.0,7115000.0,711500.0,747500.0,655000.0,807500.0,1.0,2.0
Johor,Pontian,2024Q3,flat,2.0,190000.0,95000.0,95000.0,92500.0,97500.0,2.0,2.0
Johor,Pontian,2024Q3,low_cost_house,13.0,2515000.0,193461.54,200000.0,150000.0,230000.0,13.0,13.0
Johor,Pontian,2024Q3,semi_detached,16.0,9384000.0,586500.0,572000.0,442000.0,700000.0,1.0,7.0
Johor,Pontian,2024Q3,terrace,41.0,23368000.0,569951.22,525000.0,403000.0,741000.0,3.0,18.0
Johor,Pontian,2024Q4,all,23.0,9100000.0,395652.17,370000.0,320000.0,434000.0,5.0,19.0
Johor,Pontian,2024Q4,semi_detached,3.0,1593000.0,531000.0,450000.0,425000.0,596500.0,0.0,2.0
Johor,Pontian,2024Q4,terrace,20.0,7507000.0,375350.0,352500.0,313000.0,404500.0,5.0,17.0
Johor,Pontian,2025Q1,all,13.0,5231000.0,402384.62,400000.0,320000.0,500000.0,3.0,10.0
Johor,Pontian,2025Q1,detached,3.0,1460000.0,486666.67,500000.0,430000.0,550000.0,0.0,2.0
Johor,Pontian,2025Q1,low_cost_flat,1.0,38000.0,38000.0,38000.0,38000.0,38000.0,1.0,1.0
Johor,Pontian,2025Q1,low_cost_house,1.0,190000.0,190000.0,190000.0,190000.0,190000.0,1.0,1.0
Johor,Pontian,2025Q1,terrace,8.0,3543000.0,442875.0,409000.0,342500.0,503750.0,1.0,6.0
Johor,Pontian,2025Q2,all,16.0,6552000.0,409500.0,340000.0,300000.0,427500.0,6.0,13.0
Johor,Pontian,2025Q2,cluster,1.0,420000.0,420000.0,420000.0,420000.0,420000.0,0.0,1.0
Johor,Pontian,2025Q2,detached,3.0,1900000.0,633333.33,400000.0,350000.0,800000.0,1.0,2.0
Johor,Pontian,2025Q2,low_cost_house,2.0,365000.0,182500.0,182500.0,181250.0,183750.0,2.0,2.0
Johor,Pontian,2025Q2,terrace,10.0,3867000.0,386700.0,340000.0,303750.0,442500.0,3.0,8.0
Johor,Pontian,2025Q3,all,18.0,8066000.0,448111.11,417500.0,312500.0,496000.0,5.0,14.0
Johor,Pontian,2025Q3,detached,2.0,760000.0,380000.0,380000.0,310000.0,450000.0,1.0,1.0
Johor,Pontian,2025Q3,semi_detached,2.0,1232000.0,616000.0,616000.0,508000.0,724000.0,0.0,1.0
Johor,Pontian,2025Q3,terrace,14.0,6074000.0,433857.14,412500.0,312500.0,475500.0,4.0,12.0
Johor,Pontian,2025Q4,all,25.0,9848000.0,393920.0,380000.0,265000.0,490000.0,8.0,21.0
Johor,Pontian,2025Q4,cluster,1.0,480000.0,480000.0,480000.0,480000.0,480000.0,0.0,1.0
Johor,Pontian,2025Q4,detached,2.0,1025000.0,512500.0,512500.0,503750.0,521250.0,0.0,1.0
Johor,Pontian,2025Q4,low_cost_flat,2.0,250000.0,125000.0,125000.0,122500.0,127500.0,2.0,2.0
Johor,Pontian,2025Q4,low_cost_house,2.0,495000.0,247500.0,247500.0,238750.0,256250.0,2.0,2.0
Johor,Pontian,2025Q4,semi_detached,4.0,2265000.0,566250.0,500000.0,437500.0,628750.0,0.0,2.0
Johor,Pontian,2025Q4,terrace,14.0,5333000.0,380928.57,369000.0,275000.0,427500.0,4.0,13.0
Johor,Pontian,2026Q1,all,20.0,9791000.0,489550.0,454500.0,329250.0,653750.0,5.0,11.0
Johor,Pontian,2026Q1,cluster,1.0,459000.0,459000.0,459000.0,459000.0,459000.0,0.0,1.0
Johor,Pontian,2026Q1,detached,3.0,1080000.0,360000.0,300000.0,275000.0,415000.0,2.0,2.0
Johor,Pontian,2026Q1,low_cost_flat,1.0,180000.0,180000.0,180000.0,180000.0,180000.0,1.0,1.0
Johor,Pontian,2026Q1,semi_detached,7.0,4780000.0,682857.14,690000.0,662500.0,749500.0,0.0,1.0
Johor,Pontian,2026Q1,terrace,8.0,3292000.0,411500.0,388000.0,324250.0,476750.0,2.0,6.0
Johor,Pontian,2026Q2,all,23.0,8311000.0,361347.83,375000.0,173000.0,524000.0,10.0,17.0
Johor,Pontian,2026Q2,cluster,1.0,166000.0,166000.0,166000.0,166000.0,166000.0,1.0,1.0
Johor,Pontian,2026Q2,detached,5.0,2078000.0,415600.0,388000.0,320000.0,550000.0,1.0,3.0
Johor,Pontian,2026Q2,flat,1.0,165000.0,165000.0,165000.0,165000.0,165000.0,1.0,1.0
Johor,Pontian,2026Q2,low_cost_house,2.0,450000.0,225000.0,225000.0,202500.0,247500.0,2.0,2.0
Johor,Pontian,2026Q2,semi_detached,3.0,1588000.0,529333.33,638000.0,444000.0,669000.0,1.0,1.0
Johor,Pontian,2026Q2,terrace,11.0,3864000.0,351272.73,380000.0,80000.0,494000.0,4.0,9.0
Johor,Segamat,2024Q1,all,162.0,51666000.0,318925.93,320000.0,180000.0,401500.0,79.0,144.0
Johor,Segamat,2024Q1,cluster,8.0,3058000.0,382250.0,381000.0,373000.0,389000.0,0.0,8.0
Johor,Segamat,2024Q1,detached,7.0,3260000.0,465714.29,488000.0,349000.0,530500.0,2.0,5.0
Johor,Segamat,2024Q1,low_cost_house,32.0,3539000.0,110593.75,90000.0,73750.0,140000.0,32.0,32.0
Johor,Segamat,2024Q1,semi_detached,17.0,9756000.0,573882.35,628000.0,478000.0,695000.0,2.0,6.0
Johor,Segamat,2024Q1,terrace,98.0,32053000.0,327071.43,330000.0,255750.0,389500.0,43.0,93.0
Johor,Segamat,2024Q2,all,123.0,37192000.0,302373.98,300000.0,163000.0,400000.0,64.0,112.0
Johor,Segamat,2024Q2,cluster,9.0,3678000.0,408666.67,389000.0,389000.0,389000.0,0.0,8.0
Johor,Segamat,2024Q2,detached,4.0,1865000.0,466250.0,442500.0,381250.0,527500.0,1.0,3.0
Johor,Segamat,2024Q2,low_cost_house,21.0,2203000.0,104904.76,100000.0,85000.0,120000.0,21.0,21.0
Johor,Segamat,2024Q2,semi_detached,11.0,5306000.0,482363.64,480000.0,361500.0,602500.0,1.0,6.0
Johor,Segamat,2024Q2,terrace,78.0,24140000.0,309487.18,300000.0,200000.0,408250.0,41.0,74.0
Johor,Segamat,2024Q3,all,134.0,40343000.0,301067.16,277500.0,160000.0,396500.0,75.0,119.0
Johor,Segamat,2024Q3,cluster,10.0,4045000.0,404500.0,389000.0,389000.0,396500.0,0.0,10.0
Johor,Segamat,2024Q3,detached,9.0,4713000.0,523666.67,553000.0,465000.0,690000.0,1.0,4.0
Johor,Segamat,2024Q3,low_cost_house,18.0,2430000.0,135000.0,127000.0,120000.0,157500.0,18.0,18.0
Johor,Segamat,2024Q3,semi_detached,11.0,6813000.0,619363.64,630000.0,524500.0,675000.0,0.0,3.0
Johor,Segamat,2024Q3,terrace,86.0,22342000.0,259790.7,255000.0,170000.0,349000.0,56.0,84.0
Johor,Segamat,2024Q4,all,52.0,15210000.0,292500.0,270000.0,165000.0,350000.0,33.0,46.0
Johor,Segamat,2024Q4,cluster,1.0,389000.0,389000.0,389000.0,389000.0,389000.0,0.0,1.0
Johor,Segamat,2024Q4,detached,3.0,774000.0,258000.0,165000.0,122500.0,347000.0,2.0,2.0
Johor,Segamat,2024Q4,low_cost_house,6.0,755000.0,125833.33,125000.0,100000.0,161250.0,6.0,6.0
Johor,Segamat,2024Q4,semi_detached,5.0,3202000.0,640400.0,701000.0,620000.0,791000.0,1.0,1.0
Johor,Segamat,2024Q4,terrace,37.0,10090000.0,272702.7,290000.0,170000.0,350000.0,24.0,36.0
Johor,Segamat,2025Q1,all,58.0,17632000.0,304000.0,250000.0,150000.0,399500.0,33.0,49.0
Johor,Segamat,2025Q1,cluster,3.0,1441000.0,480333.33,373000.0,373000.0,534000.0,0.0,2.0
Johor,Segamat,2025Q1,detached,6.0,1757000.0,292833.33,240000.0,142500.0,393750.0,3.0,5.0
Johor,Segamat,2025Q1,low_cost_house,4.0,342000.0,85500.0,85000.0,55500.0,115000.0,4.0,4.0
Johor,Segamat,2025Q1,semi_detached,8.0,5126000.0,640750.0,634500.0,551500.0,702500.0,0.0,1.0
Johor,Segamat,2025Q1,terrace,37.0,8966000.0,242324.32,231000.0,150000.0,350000.0,26.0,37.0
Johor,Segamat,2025Q2,all,70.0,25755000.0,367928.57,369000.0,213250.0,487500.0,29.0,57.0
Johor,Segamat,2025Q2,cluster,7.0,2901000.0,414428.57,373000.0,373000.0,389000.0,0.0,6.0
Johor,Segamat,2025Q2,detached,5.0,1133000.0,226600.0,100000.0,80000.0,300000.0,4.0,4.0
Johor,Segamat,2025Q2,low_cost_house,4.0,257000.0,64250.0,53500.0,39000.0,78750.0,4.0,4.0
Johor,Segamat,2025Q2,semi_detached,4.0,3056000.0,764000.0,833000.0,678500.0,918500.0,1.0,1.0
Johor,Segamat,2025Q2,terrace,50.0,18408000.0,368160.0,368000.0,231000.0,487500.0,20.0,42.0
Johor,Segamat,2025Q3,all,61.0,18857000.0,309131.15,298000.0,170000.0,433000.0,33.0,53.0
Johor,Segamat,2025Q3,cluster,2.0,1484000.0,742000.0,742000.0,639000.0,845000.0,0.0,0.0
Johor,Segamat,2025Q3,detached,2.0,1245000.0,622500.0,622500.0,573750.0,671250.0,0.0,0.0
Johor,Segamat,2025Q3,low_cost_house,3.0,222000.0,74000.0,80000.0,61000.0,90000.0,3.0,3.0
Johor,Segamat,2025Q3,semi_detached,1.0,735000.0,735000.0,735000.0,735000.0,735000.0,0.0,0.0
Johor,Segamat,2025Q3,terrace,53.0,15171000.0,286245.28,291000.0,170000.0,380000.0,30.0,50.0
Johor,Segamat,2025Q4,all,63.0,20377000.0,323444.44,330000.0,170000.0,400000.0,28.0,56.0
Johor,Segamat,2025Q4,cluster,6.0,2601000.0,433500.0,394500.0,389000.0,445000.0,0.0,5.0
Johor,Segamat,2025Q4,detached,5.0,3001000.0,600200.0,588000.0,498000.0,650000.0,0.0,2.0
Johor,Segamat,2025Q4,low_cost_flat,1.0,32000.0,32000.0,32000.0,32000.0,32000.0,1.0,1.0
Johor,Segamat,2025Q4,low_cost_house,6.0,562000.0,93666.67,92500.0,52500.0,132500.0,6.0,6.0
Johor,Segamat,2025Q4,semi_detached,5.0,2003000.0,400600.0,400000.0,360000.0,400000.0,1.0,4.0
Johor,Segamat,2025Q4,terrace,40.0,12178000.0,304450.0,304500.0,177500.0,378500.0,20.0,38.0
Johor,Segamat,2026Q1,all,25.0,7942000.0,317680.0,315000.0,150000.0,481000.0,11.0,21.0
Johor,Segamat,2026Q1,detached,1.0,85000.0,85000.0,85000.0,85000.0,85000.0,1.0,1.0
Johor,Segamat,2026Q1,low_cost_flat,1.0,30000.0,30000.0,30000.0,30000.0,30000.0,1.0,1.0
Johor,Segamat,2026Q1,low_cost_house,1.0,80000.0,80000.0,80000.0,80000.0,80000.0,1.0,1.0
Johor,Segamat,2026Q1,semi_detached,4.0,2070000.0,517500.0,539500.0,466250.0,590750.0,0.0,1.0
Johor,Segamat,2026Q1,terrace,18.0,5677000.0,315388.89,311000.0,213000.0,419500.0,8.0,17.0
Johor,Segamat,2026Q2,all,58.0,17060000.0,294137.93,298000.0,155500.0,383500.0,33.0,53.0
Johor,Segamat,2026Q2,cluster,2.0,778000.0,389000.0,389000.0,389000.0,389000.0,0.0,2.0
Johor,Segamat,2026Q2,detached,5.0,2167000.0,433400.0,415000.0,350000.0,649000.0,1.0,3.0
Johor,Segamat,2026Q2,low_cost_flat,1.0,36000.0,36000.0,36000.0,36000.0,36000.0,1.0,1.0
Johor,Segamat,2026Q2,low_cost_house,10.0,1202000.0,120200.0,107500.0,66250.0,150000.0,10.0,10.0
Johor,Segamat,2026Q2,semi_detached,4.0,2106000.0,526500.0,505000.0,330000.0,701500.0,1.0,2.0
Johor,Segamat,2026Q2,terrace,36.0,10771000.0,299194.44,298000.0,195000.0,368500.0,20.0,35.0
Johor,Tangkak,2024Q1,all,98.0,35829000.0,365602.04,355000.0,186500.0,490000.0,43.0,79.0
Johor,Tangkak,2024Q1,cluster,3.0,872000.0,290666.67,289000.0,288500.0,292000.0,3.0,3.0
Johor,Tangkak,2024Q1,detached,5.0,2009000.0,401800.0,468000.0,430000.0,498000.0,1.0,4.0
Johor,Tangkak,2024Q1,low_cost_house,14.0,2093000.0,149500.0,145000.0,121250.0,181000.0,14.0,14.0
Johor,Tangkak,2024Q1,semi_detached,16.0,9127000.0,570437.5,499000.0,480000.0,637500.0,0.0,10.0
Johor,Tangkak,2024Q1,terrace,59.0,21673000.0,367338.98,350000.0,237500.0,465000.0,24.0,47.0
Johor,Tangkak,2024Q1,townhouse,1.0,55000.0,55000.0,55000.0,55000.0,55000.0,1.0,1.0
Johor,Tangkak,2024Q2,all,101.0,37609000.0,372366.34,375000.0,155000.0,521000.0,42.0,75.0
Johor,Tangkak,2024Q2,cluster,3.0,988000.0,329333.33,329000.0,309000.0,349500.0,1.0,3.0
Johor,Tangkak,2024Q2,detached,3.0,1448000.0,482666.67,498000.0,474500.0,498500.0,0.0,3.0
Johor,Tangkak,2024Q2,low_cost_house,16.0,3227000.0,201687.5,142500.0,106250.0,184250.0,14.0,14.0
Johor,Tangkak,2024Q2,semi_detached,18.0,10929000.0,607166.67,567500.0,452250.0,750250.0,1.0,7.0
Johor,Tangkak,2024Q2,terrace,61.0,21017000.0,344540.98,358000.0,150000.0,490000.0,26.0,48.0
Johor,Tangkak,2024Q3,all,86.0,33184000.0,385860.47,338500.0,168750.0,521000.0,36.0,61.0
Johor,Tangkak,2024Q3,cluster,1.0,289000.0,289000.0,289000.0,289000.0,289000.0,1.0,1.0
Johor,Tangkak,2024Q3,detached,6.0,3400000.0,566666.67,534500.0,442250.0,652250.0,0.0,3.0
Johor,Tangkak,2024Q3,low_cost_house,12.0,1582000.0,131833.33,115000.0,98000.0,165000.0,12.0,12.0
Johor,Tangkak,2024Q3,semi_detached,14.0,9692000.0,692285.71,665000.0,555000.0,818750.0,0.0,3.0
Johor,Tangkak,2024Q3,terrace,53.0,18221000.0,343792.45,320000.0,180000.0,498000.0,23.0,42.0
Johor,Tangkak,2024Q4,all,32.0,12277000.0,383656.25,425500.0,247500.0,477500.0,11.0,25.0
Johor,Tangkak,2024Q4,detached,2.0,868000.0,434000.0,434000.0,428500.0,439500.0,0.0,2.0
Johor,Tangkak,2024Q4,low_cost_house,4.0,462000.0,115500.0,110000.0,98000.0,127500.0,4.0,4.0
Johor,Tangkak,2024Q4,semi_detached,6.0,3350000.0,558333.33,526500.0,438500.0,673750.0,0.0,3.0
Johor,Tangkak,2024Q4,terrace,19.0,7547000.0,397210.53,428000.0,289000.0,465500.0,6.0,15.0
Johor,Tangkak,2024Q4,townhouse,1.0,50000.0,50000.0,50000.0,50000.0,50000.0,1.0,1.0
Johor,Tangkak,2025Q1,all,31.0,13906000.0,448580.65,490000.0,329000.0,550000.0,7.0,18.0
Johor,Tangkak,2025Q1,cluster,1.0,668000.0,668000.0,668000.0,668000.0,668000.0,0.0,0.0
Johor,Tangkak,2025Q1,detached,4.0,2278000.0,569500.0,525000.0,467000.0,627500.0,0.0,2.0
Johor,Tangkak,2025Q1,low_cost_house,3.0,350000.0,116666.67,100000.0,95000.0,130000.0,3.0,3.0
Johor,Tangkak,2025Q1,semi_detached,8.0,4485000.0,560625.0,524500.0,502500.0,546750.0,0.0,2.0
Johor,Tangkak,2025Q1,terrace,15.0,6125000.0,408333.33,380000.0,310000.0,525000.0,4.0,11.0
Johor,Tangkak,2025Q2,all,29.0,15523000.0,535275.86,515000.0,400000.0,595000.0,5.0,14.0
Johor,Tangkak,2025Q2,cluster,1.0,730000.0,730000.0,730000.0,730000.0,730000.0,0.0,0.0
Johor,Tangkak,2025Q2,detached,2.0,1610000.0,805000.0,805000.0,602500.0,1007500.0,0.0,1.0
Johor,Tangkak,2025Q2,low_cost_house,2.0,274000.0,137000.0,137000.0,118500.0,155500.0,2.0,2.0
Johor,Tangkak,2025Q2,semi_detached,9.0,5970000.0,663333.33,550000.0,515000.0,762000.0,0.0,2.0
Johor,Tangkak,2025Q2,terrace,15.0,6939000.0,462600.0,487000.0,355000.0,564500.0,3.0,9.0
Johor,Tangkak,2025Q3,all,55.0,22115000.0,402090.91,438000.0,214000.0,570000.0,18.0,36.0
Johor,Tangkak,2025Q3,cluster,2.0,635000.0,317500.0,317500.0,303250.0,331750.0,1.0,2.0
Johor,Tangkak,2025Q3,detached,1.0,569000.0,569000.0,569000.0,569000.0,569000.0,0.0,0.0
Johor,Tangkak,2025Q3,low_cost_house,9.0,1038000.0,115333.33,120000.0,110000.0,138000.0,9.0,9.0
Johor,Tangkak,2025Q3,semi_detached,10.0,5702000.0,570200.0,535000.0,450000.0,592500.0,0.0,5.0
Johor,Tangkak,2025Q3,terrace,33.0,14171000.0,429424.24,455000.0,320000.0,580000.0,8.0,20.0
Johor,Tangkak,2025Q4,all,44.0,20094000.0,456681.82,449000.0,330000.0,593000.0,11.0,28.0
Johor,Tangkak,2025Q4,low_cost_house,7.0,998000.0,142571.43,145000.0,122500.0,172500.0,7.0,7.0
Johor,Tangkak,2025Q4,semi_detached,10.0,6053000.0,605300.0,498000.0,447000.0,759500.0,0.0,6.0
Johor,Tangkak,2025Q4,terrace,27.0,13043000.0,483074.07,500000.0,375000.0,593000.0,4.0,15.0
Johor,Tangkak,2026Q1,all,24.0,9918000.0,413250.0,401500.0,319750.0,500000.0,5.0,19.0
Johor,Tangkak,2026Q1,low_cost_house,2.0,310000.0,155000.0,155000.0,132500.0,177500.0,2.0,2.0
Johor,Tangkak,2026Q1,semi_detached,10.0,5296000.0,529600.0,515000.0,458250.0,591000.0,0.0,5.0
Johor,Tangkak,2026Q1,terrace,12.0,4312000.0,359333.33,335000.0,303000.0,393750.0,3.0,12.0
Johor,Tangkak,2026Q2,all,52.0,24939000.0,479596.15,496500.0,370000.0,592000.0,12.0,31.0
Johor,Tangkak,2026Q2,detached,4.0,2337000.0,584250.0,533500.0,468500.0,649250.0,0.0,2.0
Johor,Tangkak,2026Q2,low_cost_house,4.0,676000.0,169000.0,168000.0,146000.0,191000.0,4.0,4.0
Johor,Tangkak,2026Q2,semi_detached,12.0,7401000.0,616750.0,507000.0,469000.0,818500.0,1.0,6.0
Johor,Tangkak,2026Q2,terrace,31.0,14395000.0,464354.84,498000.0,410000.0,585000.0,6.0,18.0
Johor,Tangkak,2026Q2,townhouse,1.0,130000.0,130000.0,130000.0,130000.0,130000.0,1.0,1.0
Kedah,Baling,2024Q1,all,41.0,9707000.0,236756.1,200000.0,190000.0,280000.0,32.0,41.0
Kedah,Baling,2024Q1,detached,2.0,888000.0,444000.0,444000.0,422000.0,466000.0,0.0,2.0
Kedah,Baling,2024Q1,low_cost_house,7.0,1042000.0,148857.14,167000.0,122500.0,180000.0,7.0,7.0
Kedah,Baling,2024Q1,semi_detached,5.0,1421000.0,284200.0,280000.0,220000.0,335000.0,3.0,5.0
Kedah,Baling,2024Q1,terrace,27.0,6356000.0,235407.41,220000.0,195000.0,275000.0,22.0,27.0
Kedah,Baling,2024Q2,all,36.0,7899000.0,219416.67,200000.0,177500.0,272500.0,28.0,36.0
Kedah,Baling,2024Q2,low_cost_house,13.0,2105000.0,161923.08,180000.0,100000.0,200000.0,13.0,13.0
Kedah,Baling,2024Q2,semi_detached,8.0,2500000.0,312500.0,330000.0,272500.0,350000.0,3.0,8.0
Kedah,Baling,2024Q2,terrace,15.0,3294000.0,219600.0,200000.0,191500.0,247500.0,12.0,15.0
Kedah,Baling,2024Q3,all,27.0,6174000.0,228666.67,220000.0,189500.0,235000.0,22.0,27.0
Kedah,Baling,2024Q3,cluster,1.0,180000.0,180000.0,180000.0,180000.0,180000.0,1.0,1.0
Kedah,Baling,2024Q3,low_cost_house,8.0,1334000.0,166750.0,174500.0,145000.0,192500.0,8.0,8.0
Kedah,Baling,2024Q3,semi_detached,2.0,799000.0,399500.0,399500.0,399250.0,399750.0,0.0,2.0
Kedah,Baling,2024Q3,terrace,16.0,3861000.0,241312.5,230000.0,220000.0,242500.0,13.0,16.0
Kedah,Baling,2024Q4,all,9.0,2010000.0,223333.33,205000.0,180000.0,265000.0,9.0,9.0
Kedah,Baling,2024Q4,low_cost_house,2.0,385000.0,192500.0,192500.0,186250.0,198750.0,2.0,2.0
Kedah,Baling,2024Q4,semi_detached,1.0,280000.0,280000.0,280000.0,280000.0,280000.0,1.0,1.0
Kedah,Baling,2024Q4,terrace,6.0,1345000.0,224166.67,230000.0,185000.0,263750.0,6.0,6.0
Kedah,Baling,2025Q1,all,11.0,2468000.0,224363.64,250000.0,162500.0,275000.0,10.0,11.0
Kedah,Baling,2025Q1,low_cost_house,4.0,585000.0,146250.0,150000.0,135000.0,161250.0,4.0,4.0
Kedah,Baling,2025Q1,semi_detached,3.0,900000.0,300000.0,300000.0,290000.0,310000.0,2.0,3.0
Kedah,Baling,2025Q1,terrace,4.0,983000.0,245750.0,255000.0,238250.0,262500.0,4.0,4.0
Kedah,Baling,2025Q2,all,15.0,3131000.0,208733.33,180000.0,141500.0,255000.0,12.0,15.0
Kedah,Baling,2025Q2,cluster,1.0,140000.0,140000.0,140000.0,140000.0,140000.0,1.0,1.0
Kedah,Baling,2025Q2,detached,1.0,409000.0,409000.0,409000.0,409000.0,409000.0,0.0,1.0
Kedah,Baling,2025Q2,low_cost_house,7.0,963000.0,137571.43,143000.0,135000.0,160000.0,7.0,7.0
Kedah,Baling,2025Q2,semi_detached,2.0,620000.0,310000.0,310000.0,285000.0,335000.0,1.0,2.0
Kedah,Baling,2025Q2,terrace,4.0,999000.0,249750.0,230000.0,207500.0,272250.0,3.0,4.0
Kedah,Baling,2025Q3,all,20.0,4440000.0,222000.0,222500.0,163750.0,260000.0,18.0,20.0
Kedah,Baling,2025Q3,low_cost_house,8.0,1492000.0,186500.0,178500.0,153750.0,220000.0,8.0,8.0
Kedah,Baling,2025Q3,semi_detached,4.0,978000.0,244500.0,262500.0,206250.0,300750.0,3.0,4.0
Kedah,Baling,2025Q3,terrace,8.0,1970000.0,246250.0,247500.0,222500.0,260000.0,7.0,8.0
Kedah,Baling,2025Q4,all,14.0,3478000.0,248428.57,255000.0,192500.0,295000.0,11.0,14.0
Kedah,Baling,2025Q4,detached,1.0,300000.0,300000.0,300000.0,300000.0,300000.0,1.0,1.0
Kedah,Baling,2025Q4,low_cost_house,7.0,1513000.0,216142.86,200000.0,186500.0,240000.0,7.0,7.0
Kedah,Baling,2025Q4,semi_detached,2.0,645000.0,322500.0,322500.0,321250.0,323750.0,0.0,2.0
Kedah,Baling,2025Q4,terrace,4.0,1020000.0,255000.0,260000.0,232500.0,282500.0,3.0,4.0
Kedah,Baling,2026Q1,all,11.0,2305000.0,209545.45,215000.0,177500.0,235000.0,11.0,11.0
Kedah,Baling,2026Q1,low_cost_house,4.0,705000.0,176250.0,182500.0,147500.0,211250.0,4.0,4.0
Kedah,Baling,2026Q1,semi_detached,2.0,535000.0,267500.0,267500.0,258750.0,276250.0,2.0,2.0
Kedah,Baling,2026Q1,terrace,5.0,1065000.0,213000.0,215000.0,190000.0,220000.0,5.0,5.0
Kedah,Baling,2026Q2,all,7.0,1568000.0,224000.0,200000.0,184000.0,245000.0,6.0,7.0
Kedah,Baling,2026Q2,low_cost_house,3.0,560000.0,186666.67,180000.0,170000.0,200000.0,3.0,3.0
Kedah,Baling,2026Q2,semi_detached,1.0,350000.0,350000.0,350000.0,350000.0,350000.0,0.0,1.0
Kedah,Baling,2026Q2,terrace,3.0,658000.0,219333.33,200000.0,194000.0,235000.0,3.0,3.0
Kedah,Bandar Baru,2024Q1,all,12.0,4590000.0,382500.0,412500.0,373250.0,435250.0,1.0,12.0
Kedah,Bandar Baru,2024Q1,detached,1.0,120000.0,120000.0,120000.0,120000.0,120000.0,1.0,1.0
Kedah,Bandar Baru,2024Q1,semi_detached,9.0,3674000.0,408222.22,416000.0,387000.0,436000.0,0.0,9.0
Kedah,Bandar Baru,2024Q1,terrace,2.0,796000.0,398000.0,398000.0,387000.0,409000.0,0.0,2.0
Kedah,Bandar Baru,2024Q2,all,6.0,2286000.0,381000.0,438000.0,409000.0,447500.0,1.0,6.0
Kedah,Bandar Baru,2024Q2,low_cost_house,1.0,110000.0,110000.0,110000.0,110000.0,110000.0,1.0,1.0
Kedah,Bandar Baru,2024Q2,semi_detached,5.0,2176000.0,435200.0,440000.0,436000.0,450000.0,0.0,5.0
Kedah,Bandar Baru,2024Q3,all,19.0,7391000.0,389000.0,435000.0,361500.0,460000.0,4.0,18.0
Kedah,Bandar Baru,2024Q3,detached,2.0,1013000.0,506500.0,506500.0,488250.0,524750.0,0.0,1.0
Kedah,Bandar Baru,2024Q3,low_cost_house,3.0,580000.0,193333.33,195000.0,165000.0,222500.0,3.0,3.0
Kedah,Bandar Baru,2024Q3,semi_detached,10.0,4362000.0,436200.0,460000.0,423000.0,460000.0,0.0,10.0
Kedah,Bandar Baru,2024Q3,terrace,4.0,1436000.0,359000.0,363000.0,325250.0,396750.0,1.0,4.0
Kedah,Bandar Baru,2024Q4,all,6.0,1688000.0,281333.33,274000.0,174750.0,419750.0,3.0,6.0
Kedah,Bandar Baru,2024Q4,detached,1.0,80000.0,80000.0,80000.0,80000.0,80000.0,1.0,1.0
Kedah,Bandar Baru,2024Q4,low_cost_house,1.0,167000.0,167000.0,167000.0,167000.0,167000.0,1.0,1.0
Kedah,Bandar Baru,2024Q4,semi_detached,3.0,1243000.0,414333.33,443000.0,396500.0,446500.0,0.0,3.0
Kedah,Bandar Baru,2024Q4,terrace,1.0,198000.0,198000.0,198000.0,198000.0,198000.0,1.0,1.0
Kedah,Bandar Baru,2025Q1,all,4.0,899000.0,224750.0,219500.0,181250.0,263000.0,4.0,4.0
Kedah,Bandar Baru,2025Q1,detached,1.0,290000.0,290000.0,290000.0,290000.0,290000.0,1.0,1.0
Kedah,Bandar Baru,2025Q1,low_cost_house,2.0,424000.0,212000.0,212000.0,191000.0,233000.0,2.0,2.0
Kedah,Bandar Baru,2025Q1,terrace,1.0,185000.0,185000.0,185000.0,185000.0,185000.0,1.0,1.0
Kedah,Bandar Baru,2025Q2,all,9.0,3564000.0,396000.0,440000.0,380000.0,484000.0,2.0,8.0
Kedah,Bandar Baru,2025Q2,low_cost_house,2.0,365000.0,182500.0,182500.0,173750.0,191250.0,2.0,2.0
Kedah,Bandar Baru,2025Q2,semi_detached,7.0,3199000.0,457000.0,443000.0,438000.0,484000.0,0.0,6.0
Kedah,Bandar Baru,2025Q3,all,6.0,2177000.0,362833.33,428500.0,256000.0,471250.0,2.0,6.0
Kedah,Bandar Baru,2025Q3,low_cost_house,2.0,350000.0,175000.0,175000.0,162500.0,187500.0,2.0,2.0
Kedah,Bandar Baru,2025Q3,semi_detached,4.0,1827000.0,456750.0,458500.0,430750.0,484500.0,0.0,4.0
Kedah,Bandar Baru,2025Q4,all,10.0,3532000.0,353200.0,432500.0,205000.0,471500.0,4.0,9.0
Kedah,Bandar Baru,2025Q4,low_cost_house,3.0,520000.0,173333.33,180000.0,160000.0,190000.0,3.0,3.0
Kedah,Bandar Baru,2025Q4,semi_detached,6.0,2792000.0,465333.33,463000.0,437750.0,485250.0,0.0,5.0
Kedah,Bandar Baru,2025Q4,terrace,1.0,220000.0,220000.0,220000.0,220000.0,220000.0,1.0,1.0
Kedah,Bandar Baru,2026Q1,all,5.0,1030000.0,206000.0,200000.0,155000.0,225000.0,4.0,5.0
Kedah,Bandar Baru,2026Q1,detached,1.0,155000.0,155000.0,155000.0,155000.0,155000.0,1.0,1.0
Kedah,Bandar Baru,2026Q1,low_cost_house,4.0,875000.0,218750.0,212500.0,182500.0,248750.0,3.0,4.0
Kedah,Bandar Baru,2026Q2,all,9.0,3018000.0,335333.33,369000.0,180000.0,480000.0,4.0,9.0
Kedah,Bandar Baru,2026Q2,low_cost_house,3.0,430000.0,143333.33,150000.0,125000.0,165000.0,3.0,3.0
Kedah,Bandar Baru,2026Q2,semi_detached,5.0,2119000.0,423800.0,480000.0,369000.0,500000.0,1.0,5.0
Kedah,Bandar Baru,2026Q2,terrace,1.0,469000.0,469000.0,469000.0,469000.0,469000.0,0.0,1.0
Kedah,Kota Setar,2024Q1,all,260.0,87381000.0,336080.77,302500.0,223750.0,450000.0,130.0,225.0
Kedah,Kota Setar,2024Q1,condo,2.0,568000.0,284000.0,284000.0,176000.0,392000.0,1.0,2.0
Kedah,Kota Setar,2024Q1,detached,8.0,4963000.0,620375.0,625000.0,534750.0,682500.0,1.0,1.0
Kedah,Kota Setar,2024Q1,flat,7.0,558000.0,79714.29,70000.0,63500.0,97500.0,7.0,7.0
Kedah,Kota Setar,2024Q1,low_cost_flat,10.0,742000.0,74200.0,72500.0,50000.0,96750.0,10.0,10.0
Kedah,Kota Setar,2024Q1,low_cost_house,58.0,10850000.0,187068.97,189000.0,152500.0,238750.0,57.0,57.0
Kedah,Kota Setar,2024Q1,semi_detached,80.0,37232000.0,465400.0,442500.0,361500.0,500000.0,5.0,63.0
Kedah,Kota Setar,2024Q1,terrace,92.0,31798000.0,345630.43,302500.0,257750.0,431000.0,46.0,82.0
Kedah,Kota Setar,2024Q1,townhouse,3.0,670000.0,223333.33,260000.0,205000.0,260000.0,3.0,3.0
Kedah,Kota Setar,2024Q2,all,272.0,104532000.0,384308.82,350000.0,249750.0,480000.0,109.0,221.0
Kedah,Kota Setar,2024Q2,condo,6.0,1420000.0,236666.67,220000.0,220000.0,220000.0,5.0,6.0
Kedah,Kota Setar,2024Q2,detached,7.0,7087000.0,1012428.57,750000.0,570000.0,1449500.0,0.0,1.0
Kedah,Kota Setar,2024Q2,flat,2.0,125000.0,62500.0,62500.0,58750.0,66250.0,2.0,2.0
Kedah,Kota Setar,2024Q2,low_cost_flat,5.0,555000.0,111000.0,120000.0,110000.0,120000.0,5.0,5.0
Kedah,Kota Setar,2024Q2,low_cost_house,41.0,8156000.0,198926.83,210000.0,185000.0,239000.0,38.0,41.0
Kedah,Kota Setar,2024Q2,semi_detached,112.0,51942000.0,463767.86,423500.0,365000.0,502500.0,13.0,84.0
Kedah,Kota Setar,2024Q2,terrace,98.0,35167000.0,358846.94,311000.0,250000.0,448250.0,45.0,81.0
Kedah,Kota Setar,2024Q2,townhouse,1.0,80000.0,80000.0,80000.0,80000.0,80000.0,1.0,1.0
Kedah,Kota Setar,2024Q3,all,264.0,93908000.0,355712.12,320000.0,250000.0,425250.0,116.0,228.0
Kedah,Kota Setar,2024Q3,condo,5.0,1718000.0,343600.0,400000.0,150000.0,563000.0,2.0,3.0
Kedah,Kota Setar,2024Q3,detached,10.0,6470000.0,647000.0,470000.0,406250.0,875000.0,0.0,6.0
Kedah,Kota Setar,2024Q3,low_cost_flat,7.0,457000.0,65285.71,57000.0,50000.0,78500.0,7.0,7.0
Kedah,Kota Setar,2024Q3,low_cost_house,54.0,12356000.0,228814.81,237000.0,191250.0,259750.0,52.0,54.0
Kedah,Kota Setar,2024Q3,semi_detached,84.0,38115000.0,453750.0,406000.0,369000.0,501250.0,6.0,63.0
Kedah,Kota Setar,2024Q3,terrace,101.0,34162000.0,338237.62,311000.0,250000.0,425000.0,46.0,92.0
Kedah,Kota Setar,2024Q3,townhouse,3.0,630000.0,210000.0,190000.0,185000.0,225000.0,3.0,3.0
Kedah,Kota Setar,2024Q4,all,140.0,47750000.0,341071.43,300000.0,236750.0,410000.0,71.0,120.0
Kedah,Kota Setar,2024Q4,cluster,1.0,625000.0,625000.0,625000.0,625000.0,625000.0,0.0,0.0
Kedah,Kota Setar,2024Q4,detached,2.0,1128000.0,564000.0,564000.0,562000.0,566000.0,0.0,0.0
Kedah,Kota Setar,2024Q4,low_cost_flat,5.0,322000.0,64400.0,60000.0,51000.0,63000.0,5.0,5.0
Kedah,Kota Setar,2024Q4,low_cost_house,38.0,8447000.0,222289.47,239000.0,212750.0,253750.0,35.0,38.0
Kedah,Kota Setar,2024Q4,semi_detached,36.0,17872000.0,496444.44,455000.0,390750.0,632500.0,3.0,22.0
Kedah,Kota Setar,2024Q4,terrace,58.0,19356000.0,333724.14,305500.0,250000.0,386000.0,28.0,55.0
Kedah,Kota Setar,2025Q1,all,122.0,45391000.0,372057.38,357500.0,230000.0,465000.0,50.0,100.0
Kedah,Kota Setar,2025Q1,condo,2.0,405000.0,202500.0,202500.0,171250.0,233750.0,2.0,2.0
Kedah,Kota Setar,2025Q1,detached,5.0,3080000.0,616000.0,500000.0,380000.0,950000.0,1.0,3.0
Kedah,Kota Setar,2025Q1,flat,3.0,194000.0,64666.67,62000.0,60000.0,68000.0,3.0,3.0
Kedah,Kota Setar,2025Q1,low_cost_flat,3.0,293000.0,97666.67,88000.0,86500.0,104000.0,3.0,3.0
Kedah,Kota Setar,2025Q1,low_cost_house,24.0,4236000.0,176500.0,200000.0,100000.0,236250.0,24.0,24.0
Kedah,Kota Setar,2025Q1,semi_detached,40.0,19948000.0,498700.0,422000.0,400000.0,546250.0,1.0,26.0
Kedah,Kota Setar,2025Q1,terrace,44.0,17068000.0,387909.09,348000.0,280000.0,461250.0,15.0,38.0
Kedah,Kota Setar,2025Q1,townhouse,1.0,167000.0,167000.0,167000.0,167000.0,167000.0,1.0,1.0
Kedah,Kota Setar,2025Q2,all,131.0,49560000.0,378320.61,320000.0,250000.0,441500.0,61.0,112.0
Kedah,Kota Setar,2025Q2,condo,2.0,630000.0,315000.0,315000.0,207500.0,422500.0,1.0,1.0
Kedah,Kota Setar,2025Q2,detached,7.0,4685000.0,669285.71,500000.0,440000.0,717500.0,0.0,4.0
Kedah,Kota Setar,2025Q2,low_cost_flat,1.0,72000.0,72000.0,72000.0,72000.0,72000.0,1.0,1.0
Kedah,Kota Setar,2025Q2,low_cost_house,40.0,8112000.0,202800.0,232500.0,148750.0,260000.0,36.0,40.0
Kedah,Kota Setar,2025Q2,semi_detached,34.0,19352000.0,569176.47,441500.0,392500.0,645000.0,2.0,23.0
Kedah,Kota Setar,2025Q2,terrace,47.0,16709000.0,355510.64,320000.0,279000.0,400000.0,21.0,43.0
Kedah,Kota Setar,2025Q3,all,122.0,45078000.0,369491.8,320000.0,260000.0,429500.0,54.0,106.0
Kedah,Kota Setar,2025Q3,condo,9.0,2248000.0,249777.78,265000.0,265000.0,265000.0,9.0,9.0
Kedah,Kota Setar,2025Q3,detached,2.0,2930000.0,1465000.0,1465000.0,1257500.0,1672500.0,0.0,0.0
Kedah,Kota Setar,2025Q3,flat,1.0,85000.0,85000.0,85000.0,85000.0,85000.0,1.0,1.0
Kedah,Kota Setar,2025Q3,low_cost_flat,2.0,157000.0,78500.0,78500.0,62750.0,94250.0,2.0,2.0
Kedah,Kota Setar,2025Q3,low_cost_house,30.0,7248000.0,241600.0,250000.0,212500.0,277500.0,26.0,30.0
Kedah,Kota Setar,2025Q3,semi_detached,28.0,13674000.0,488357.14,418500.0,398250.0,566250.0,2.0,19.0
Kedah,Kota Setar,2025Q3,terrace,50.0,18736000.0,374720.0,350000.0,300000.0,450000.0,14.0,45.0
Kedah,Kota Setar,2025Q4,all,120.0,36464000.0,303866.67,300000.0,210000.0,378500.0,63.0,110.0
Kedah,Kota Setar,2025Q4,condo,2.0,530000.0,265000.0,265000.0,265000.0,265000.0,2.0,2.0
Kedah,Kota Setar,2025Q4,detached,2.0,1155000.0,577500.0,577500.0,548750.0,606250.0,0.0,0.0
Kedah,Kota Setar,2025Q4,low_cost_flat,4.0,345000.0,86250.0,82500.0,65000.0,103750.0,4.0,4.0
Kedah,Kota Setar,2025Q4,low_cost_house,48.0,10406000.0,216791.67,230000.0,168750.0,273750.0,41.0,48.0
Kedah,Kota Setar,2025Q4,semi_detached,28.0,11788000.0,421000.0,400000.0,367500.0,450000.0,2.0,24.0
Kedah,Kota Setar,2025Q4,terrace,36.0,12240000.0,340000.0,321000.0,285750.0,375000.0,14.0,32.0
Kedah,Kota Setar,2026Q1,all,78.0,28248000.0,362153.85,340000.0,250000.0,450000.0,34.0,67.0
Kedah,Kota Setar,2026Q1,condo,4.0,979000.0,244750.0,219500.0,160500.0,303750.0,3.0,4.0
Kedah,Kota Setar,2026Q1,detached,2.0,1060000.0,530000.0,530000.0,505000.0,555000.0,0.0,1.0
Kedah,Kota Setar,2026Q1,low_cost_house,19.0,4345000.0,228684.21,220000.0,200000.0,250000.0,19.0,19.0
Kedah,Kota Setar,2026Q1,semi_detached,21.0,10744000.0,511619.05,472000.0,399000.0,560000.0,0.0,13.0
Kedah,Kota Setar,2026Q1,terrace,32.0,11120000.0,347500.0,337500.0,280000.0,388250.0,12.0,30.0
Kedah,Kota Setar,2026Q2,all,119.0,40645000.0,341554.62,302000.0,220000.0,412500.0,59.0,104.0
Kedah,Kota Setar,2026Q2,condo,7.0,2871000.0,410142.86,436000.0,340000.0,489500.0,2.0,5.0
Kedah,Kota Setar,2026Q2,detached,3.0,1518000.0,506000.0,488000.0,469000.0,534000.0,0.0,2.0
Kedah,Kota Setar,2026Q2,flat,1.0,135000.0,135000.0,135000.0,135000.0,135000.0,1.0,1.0
Kedah,Kota Setar,2026Q2,low_cost_flat,1.0,133000.0,133000.0,133000.0,133000.0,133000.0,1.0,1.0
Kedah,Kota Setar,2026Q2,low_cost_house,35.0,6128000.0,175085.71,210000.0,40000.0,239500.0,34.0,34.0
Kedah,Kota Setar,2026Q2,semi_detached,27.0,13718000.0,508074.07,420000.0,364000.0,496000.0,3.0,22.0
Kedah,Kota Setar,2026Q2,terrace,45.0,16142000.0,358711.11,332000.0,285000.0,400000.0,18.0,39.0
Kedah,Kuala Muda,2024Q1,all,740.0,216988000.0,293227.03,260000.0,209250.0,350000.0,495.0,703.0
Kedah,Kuala Muda,2024Q1,condo,1.0,450000.0,450000.0,450000.0,450000.0,450000.0,0.0,1.0
Kedah,Kuala Muda,2024Q1,detached,20.0,11186000.0,559300.0,599000.0,429000.0,672250.0,2.0,7.0
Kedah,Kuala Muda,2024Q1,low_cost_flat,3.0,340000.0,113333.33,120000.0,110000.0,120000.0,3.0,3.0
Kedah,Kuala Muda,2024Q1,low_cost_house,165.0,32981000.0,199884.85,200000.0,165000.0,235000.0,161.0,165.0
Kedah,Kuala Muda,2024Q1,semi_detached,126.0,50490000.0,400714.29,360000.0,300000.0,445750.0,39.0,108.0
Kedah,Kuala Muda,2024Q1,terrace,423.0,121211000.0,286550.83,260000.0,220000.0,350000.0,288.0,417.0
Kedah,Kuala Muda,2024Q1,townhouse,2.0,330000.0,165000.0,165000.0,162500.0,167500.0,2.0,2.0
Kedah,Kuala Muda,2024Q2,all,705.0,206530000.0,292950.35,260000.0,209000.0,357000.0,472.0,665.0
Kedah,Kuala Muda,2024Q2,cluster,2.0,1140000.0,570000.0,570000.0,495000.0,645000.0,0.0,1.0
Kedah,Kuala Muda,2024Q2,condo,2.0,260000.0,130000.0,130000.0,130000.0,130000.0,2.0,2.0
Kedah,Kuala Muda,2024Q2,detached,20.0,10124000.0,506200.0,534500.0,299750.0,614250.0,6.0,9.0
Kedah,Kuala Muda,2024Q2,low_cost_flat,5.0,560000.0,112000.0,120000.0,110000.0,120000.0,5.0,5.0
Kedah,Kuala Muda,2024Q2,low_cost_house,182.0,36049000.0,198071.43,200000.0,175750.0,230000.0,178.0,182.0
Kedah,Kuala Muda,2024Q2,semi_detached,129.0,55253000.0,428317.83,400000.0,350000.0,470000.0,16.0,107.0
Kedah,Kuala Muda,2024Q2,terrace,364.0,102974000.0,282895.6,260000.0,225000.0,322000.0,264.0,358.0
Kedah,Kuala Muda,2024Q2,townhouse,1.0,170000.0,170000.0,170000.0,170000.0,170000.0,1.0,1.0
Kedah,Kuala Muda,2024Q3,all,597.0,160550000.0,268927.97,250000.0,200000.0,320000.0,438.0,578.0
Kedah,Kuala Muda,2024Q3,cluster,1.0,500000.0,500000.0,500000.0,500000.0,500000.0,0.0,1.0
Kedah,Kuala Muda,2024Q3,condo,1.0,540000.0,540000.0,540000.0,540000.0,540000.0,0.0,0.0
Kedah,Kuala Muda,2024Q3,detached,11.0,5688000.0,517090.91,500000.0,420000.0,634000.0,1.0,6.0
Kedah,Kuala Muda,2024Q3,low_cost_flat,2.0,260000.0,130000.0,130000.0,120000.0,140000.0,2.0,2.0
Kedah,Kuala Muda,2024Q3,low_cost_house,199.0,37743000.0,189663.32,200000.0,160000.0,232500.0,195.0,199.0
Kedah,Kuala Muda,2024Q3,semi_detached,100.0,39652000.0,396520.0,377500.0,340000.0,435000.0,15.0,90.0
Kedah,Kuala Muda,2024Q3,terrace,282.0,75995000.0,269485.82,250000.0,220000.0,290000.0,224.0,279.0
Kedah,Kuala Muda,2024Q3,townhouse,1.0,172000.0,172000.0,172000.0,172000.0,172000.0,1.0,1.0
Kedah,Kuala Muda,2024Q4,all,268.0,74313000.0,277287.31,256000.0,218750.0,318500.0,197.0,257.0
Kedah,Kuala Muda,2024Q4,detached,7.0,3065000.0,437857.14,305000.0,225000.0,555000.0,3.0,5.0
Kedah,Kuala Muda,2024Q4,low_cost_flat,1.0,130000.0,130000.0,130000.0,130000.0,130000.0,1.0,1.0
Kedah,Kuala Muda,2024Q4,low_cost_house,98.0,20039000.0,204479.59,220000.0,180000.0,250000.0,96.0,98.0
Kedah,Kuala Muda,2024Q4,semi_detached,33.0,13528000.0,409939.39,385000.0,310000.0,488000.0,8.0,25.0
Kedah,Kuala Muda,2024Q4,terrace,129.0,37551000.0,291093.02,280000.0,240000.0,335000.0,89.0,128.0
Kedah,Kuala Muda,2025Q1,all,201.0,57750000.0,287313.43,260000.0,220000.0,330000.0,137.0,197.0
Kedah,Kuala Muda,2025Q1,detached,5.0,2760000.0,552000.0,500000.0,400000.0,550000.0,1.0,3.0
Kedah,Kuala Muda,2025Q1,low_cost_house,66.0,15100000.0,228787.88,230000.0,188750.0,255000.0,60.0,66.0
Kedah,Kuala Muda,2025Q1,semi_detached,36.0,13315000.0,369861.11,360000.0,300000.0,404500.0,11.0,34.0
Kedah,Kuala Muda,2025Q1,terrace,93.0,26390000.0,283763.44,270000.0,235000.0,325000.0,64.0,93.0
Kedah,Kuala Muda,2025Q1,townhouse,1.0,185000.0,185000.0,185000.0,185000.0,185000.0,1.0,1.0
Kedah,Kuala Muda,2025Q2,all,229.0,63699000.0,278161.57,265000.0,230000.0,315000.0,166.0,224.0
Kedah,Kuala Muda,2025Q2,detached,2.0,1175000.0,587500.0,587500.0,506250.0,668750.0,0.0,1.0
Kedah,Kuala Muda,2025Q2,low_cost_flat,1.0,120000.0,120000.0,120000.0,120000.0,120000.0,1.0,1.0
Kedah,Kuala Muda,2025Q2,low_cost_house,87.0,19818000.0,227793.1,245000.0,200000.0,270000.0,80.0,87.0
Kedah,Kuala Muda,2025Q2,semi_detached,33.0,12567000.0,380818.18,360000.0,300000.0,415000.0,9.0,31.0
Kedah,Kuala Muda,2025Q2,terrace,103.0,29580000.0,287184.47,280000.0,232500.0,320000.0,73.0,101.0
Kedah,Kuala Muda,2025Q2,townhouse,3.0,439000.0,146333.33,159000.0,124500.0,174500.0,3.0,3.0
Kedah,Kuala Muda,2025Q3,all,257.0,75841000.0,295101.17,270000.0,225000.0,330000.0,174.0,248.0
Kedah,Kuala Muda,2025Q3,cluster,2.0,800000.0,400000.0,400000.0,380000.0,420000.0,0.0,2.0
Kedah,Kuala Muda,2025Q3,detached,3.0,1750000.0,583333.33,400000.0,375000.0,700000.0,0.0,2.0
Kedah,Kuala Muda,2025Q3,low_cost_flat,2.0,260000.0,130000.0,130000.0,125000.0,135000.0,2.0,2.0
Kedah,Kuala Muda,2025Q3,low_cost_house,73.0,16691000.0,228643.84,225000.0,200000.0,250000.0,70.0,73.0
Kedah,Kuala Muda,2025Q3,semi_detached,47.0,18236000.0,388000.0,390000.0,320000.0,450000.0,9.0,42.0
Kedah,Kuala Muda,2025Q3,terrace,130.0,38104000.0,293107.69,271000.0,240000.0,313750.0,93.0,127.0
Kedah,Kuala Muda,2025Q4,all,219.0,66874000.0,305360.73,280000.0,240000.0,350000.0,136.0,210.0
Kedah,Kuala Muda,2025Q4,detached,1.0,398000.0,398000.0,398000.0,398000.0,398000.0,0.0,1.0
Kedah,Kuala Muda,2025Q4,low_cost_house,77.0,18382000.0,238727.27,250000.0,200000.0,270000.0,69.0,77.0
Kedah,Kuala Muda,2025Q4,semi_detached,47.0,19727000.0,419723.4,400000.0,340000.0,450000.0,4.0,39.0
Kedah,Kuala Muda,2025Q4,terrace,92.0,27987000.0,304206.52,280000.0,250000.0,350000.0,61.0,91.0
Kedah,Kuala Muda,2025Q4,townhouse,2.0,380000.0,190000.0,190000.0,190000.0,190000.0,2.0,2.0
Kedah,Kuala Muda,2026Q1,all,178.0,52126000.0,292842.7,264000.0,230000.0,304500.0,133.0,169.0
Kedah,Kuala Muda,2026Q1,detached,2.0,1690000.0,845000.0,845000.0,667500.0,1022500.0,0.0,1.0
Kedah,Kuala Muda,2026Q1,low_cost_house,60.0,13567000.0,226116.67,230000.0,183750.0,268500.0,59.0,60.0
Kedah,Kuala Muda,2026Q1,semi_detached,25.0,10263000.0,410520.0,380000.0,300000.0,450000.0,7.0,21.0
Kedah,Kuala Muda,2026Q1,terrace,91.0,26606000.0,292373.63,265000.0,240000.0,308000.0,67.0,87.0
Kedah,Kuala Muda,2026Q2,all,219.0,71598000.0,326931.51,290000.0,250000.0,370000.0,130.0,206.0
Kedah,Kuala Muda,2026Q2,cluster,8.0,2820000.0,352500.0,334500.0,305500.0,386000.0,1.0,8.0
Kedah,Kuala Muda,2026Q2,detached,2.0,1800000.0,900000.0,900000.0,675000.0,1125000.0,0.0,1.0
Kedah,Kuala Muda,2026Q2,low_cost_house,57.0,13824000.0,242526.32,250000.0,200000.0,280000.0,51.0,57.0
Kedah,Kuala Muda,2026Q2,semi_detached,35.0,16850000.0,481428.57,400000.0,360000.0,499000.0,4.0,27.0
Kedah,Kuala Muda,2026Q2,terrace,116.0,36104000.0,311241.38,294500.0,253750.0,341250.0,73.0,112.0
Kedah,Kuala Muda,2026Q2,townhouse,1.0,200000.0,200000.0,200000.0,200000.0,200000.0,1.0,1.0
Kedah,Kubang Pasu,2024Q1,all,175.0,49007000.0,280040.0,280000.0,190000.0,380000.0,104.0,166.0
Kedah,Kubang Pasu,2024Q1,condo,7.0,1195000.0,170714.29,170000.0,165000.0,177500.0,7.0,7.0
Kedah,Kubang Pasu,2024Q1,detached,3.0,2042000.0,680666.67,652000.0,620000.0,727000.0,0.0,0.0
Kedah,Kubang Pasu,2024Q1,low_cost_house,41.0,6243000.0,152268.29,180000.0,120000.0,190000.0,41.0,41.0
Kedah,Kubang Pasu,2024Q1,semi_detached,38.0,14445000.0,380131.58,380000.0,347750.0,396000.0,4.0,34.0
Kedah,Kubang Pasu,2024Q1,terrace,86.0,25082000.0,291651.16,290000.0,232500.0,378750.0,52.0,84.0
Kedah,Kubang Pasu,2024Q2,all,141.0,40369000.0,286304.96,265000.0,185000.0,378000.0,93.0,134.0
Kedah,Kubang Pasu,2024Q2,condo,8.0,1490000.0,186250.0,175000.0,167500.0,181250.0,8.0,8.0
Kedah,Kubang Pasu,2024Q2,detached,7.0,3260000.0,465714.29,460000.0,265000.0,529500.0,3.0,5.0
Kedah,Kubang Pasu,2024Q2,low_cost_house,28.0,4898000.0,174928.57,190000.0,150000.0,217750.0,28.0,28.0
Kedah,Kubang Pasu,2024Q2,semi_detached,19.0,7348000.0,386736.84,370000.0,355000.0,400000.0,2.0,17.0
Kedah,Kubang Pasu,2024Q2,terrace,79.0,23373000.0,295860.76,280000.0,230000.0,410000.0,52.0,76.0
Kedah,Kubang Pasu,2024Q3,all,154.0,42386000.0,275233.77,245000.0,181500.0,380000.0,98.0,142.0
Kedah,Kubang Pasu,2024Q3,condo,1.0,180000.0,180000.0,180000.0,180000.0,180000.0,1.0,1.0
Kedah,Kubang Pasu,2024Q3,detached,6.0,3510000.0,585000.0,600000.0,497500.0,680000.0,0.0,2.0
Kedah,Kubang Pasu,2024Q3,low_cost_house,27.0,5083000.0,188259.26,200000.0,180000.0,207500.0,27.0,27.0
Kedah,Kubang Pasu,2024Q3,semi_detached,39.0,14570000.0,373589.74,400000.0,320000.0,450000.0,9.0,33.0
Kedah,Kubang Pasu,2024Q3,terrace,81.0,19043000.0,235098.77,235000.0,90000.0,300000.0,61.0,79.0
Kedah,Kubang Pasu,2024Q4,all,51.0,15948000.0,312705.88,319000.0,225000.0,382500.0,23.0,49.0
Kedah,Kubang Pasu,2024Q4,condo,1.0,390000.0,390000.0,390000.0,390000.0,390000.0,0.0,1.0
Kedah,Kubang Pasu,2024Q4,detached,4.0,1955000.0,488750.0,477500.0,435000.0,531250.0,0.0,3.0
Kedah,Kubang Pasu,2024Q4,low_cost_house,6.0,1148000.0,191333.33,180000.0,171000.0,217500.0,6.0,6.0
Kedah,Kubang Pasu,2024Q4,semi_detached,19.0,6821000.0,359000.0,380000.0,340000.0,423000.0,3.0,18.0
Kedah,Kubang Pasu,2024Q4,terrace,21.0,5634000.0,268285.71,255000.0,220000.0,319000.0,14.0,21.0
Kedah,Kubang Pasu,2025Q1,all,72.0,21812000.0,302944.44,270000.0,223500.0,374750.0,45.0,68.0
Kedah,Kubang Pasu,2025Q1,condo,1.0,140000.0,140000.0,140000.0,140000.0,140000.0,1.0,1.0
Kedah,Kubang Pasu,2025Q1,detached,4.0,3445000.0,861250.0,722500.0,598750.0,985000.0,0.0,1.0
Kedah,Kubang Pasu,2025Q1,low_cost_house,9.0,2058000.0,228666.67,210000.0,185000.0,250000.0,8.0,9.0
Kedah,Kubang Pasu,2025Q1,semi_detached,17.0,5243000.0,308411.76,340000.0,280000.0,400000.0,5.0,17.0
Kedah,Kubang Pasu,2025Q1,terrace,41.0,10926000.0,266487.8,260000.0,230000.0,300000.0,31.0,40.0
Kedah,Kubang Pasu,2025Q2,all,57.0,16829000.0,295245.61,289000.0,210000.0,400000.0,30.0,54.0
Kedah,Kubang Pasu,2025Q2,detached,6.0,2895000.0,482500.0,430000.0,370000.0,508750.0,1.0,4.0
Kedah,Kubang Pasu,2025Q2,low_cost_house,4.0,770000.0,192500.0,197500.0,178750.0,211250.0,4.0,4.0
Kedah,Kubang Pasu,2025Q2,semi_detached,16.0,6381000.0,398812.5,400500.0,371750.0,420000.0,1.0,15.0
Kedah,Kubang Pasu,2025Q2,terrace,31.0,6783000.0,218806.45,230000.0,95000.0,293500.0,24.0,31.0
Kedah,Kubang Pasu,2025Q3,all,60.0,16249000.0,270816.67,256000.0,178250.0,347750.0,36.0,55.0
Kedah,Kubang Pasu,2025Q3,condo,2.0,710000.0,355000.0,355000.0,327500.0,382500.0,1.0,2.0
Kedah,Kubang Pasu,2025Q3,detached,6.0,2932000.0,488666.67,534000.0,473750.0,562000.0,1.0,2.0
Kedah,Kubang Pasu,2025Q3,low_cost_house,16.0,2556000.0,159750.0,180000.0,94750.0,220500.0,16.0,16.0
Kedah,Kubang Pasu,2025Q3,semi_detached,12.0,4204000.0,350333.33,338500.0,302750.0,352500.0,3.0,11.0
Kedah,Kubang Pasu,2025Q3,terrace,24.0,5847000.0,243625.0,245000.0,170000.0,332500.0,15.0,24.0
Kedah,Kubang Pasu,2025Q4,all,50.0,16021000.0,320420.0,288000.0,250000.0,378250.0,27.0,46.0
Kedah,Kubang Pasu,2025Q4,detached,2.0,1450000.0,725000.0,725000.0,687500.0,762500.0,0.0,0.0
Kedah,Kubang Pasu,2025Q4,low_cost_house,13.0,2779000.0,213769.23,235000.0,208000.0,250000.0,13.0,13.0
Kedah,Kubang Pasu,2025Q4,semi_detached,13.0,5495000.0,422692.31,400000.0,360000.0,475000.0,1.0,11.0
Kedah,Kubang Pasu,2025Q4,terrace,22.0,6297000.0,286227.27,288000.0,275000.0,327500.0,13.0,22.0
Kedah,Kubang Pasu,2026Q1,all,44.0,15159000.0,344522.73,297500.0,228750.0,422500.0,22.0,39.0
Kedah,Kubang Pasu,2026Q1,cluster,1.0,170000.0,170000.0,170000.0,170000.0,170000.0,1.0,1.0
Kedah,Kubang Pasu,2026Q1,condo,1.0,200000.0,200000.0,200000.0,200000.0,200000.0,1.0,1.0
Kedah,Kubang Pasu,2026Q1,detached,1.0,1040000.0,1040000.0,1040000.0,1040000.0,1040000.0,0.0,0.0
Kedah,Kubang Pasu,2026Q1,low_cost_house,4.0,784000.0,196000.0,186000.0,172500.0,209500.0,4.0,4.0
Kedah,Kubang Pasu,2026Q1,semi_detached,14.0,6286000.0,449000.0,445000.0,376250.0,517500.0,1.0,10.0
Kedah,Kubang Pasu,2026Q1,terrace,23.0,6679000.0,290391.3,275000.0,227500.0,365000.0,15.0,23.0
Kedah,Kubang Pasu,2026Q2,all,59.0,13522000.0,229186.44,228000.0,128500.0,300500.0,44.0,57.0
Kedah,Kubang Pasu,2026Q2,condo,1.0,160000.0,160000.0,160000.0,160000.0,160000.0,1.0,1.0
Kedah,Kubang Pasu,2026Q2,detached,2.0,1000000.0,500000.0,500000.0,450000.0,550000.0,0.0,1.0
Kedah,Kubang Pasu,2026Q2,low_cost_house,17.0,2980000.0,175294.12,205000.0,143000.0,228000.0,17.0,17.0
Kedah,Kubang Pasu,2026Q2,semi_detached,9.0,3306000.0,367333.33,379000.0,320000.0,420000.0,2.0,9.0
Kedah,Kubang Pasu,2026Q2,terrace,30.0,6076000.0,202533.33,219500.0,42000.0,289750.0,24.0,29.0
Kedah,Kulim,2024Q1,all,351.0,116852000.0,332911.68,310000.0,260000.0,390000.0,168.0,322.0
Kedah,Kulim,2024Q1,condo,1.0,200000.0,200000.0,200000.0,200000.0,200000.0,1.0,1.0
Kedah,Kulim,2024Q1,detached,14.0,6378000.0,455571.43,451000.0,341250.0,607500.0,3.0,8.0
Kedah,Kulim,2024Q1,flat,1.0,148000.0,148000.0,148000.0,148000.0,148000.0,1.0,1.0
Kedah,Kulim,2024Q1,low_cost_flat,5.0,670000.0,134000.0,140000.0,120000.0,150000.0,5.0,5.0
Kedah,Kulim,2024Q1,low_cost_house,106.0,28051000.0,264632.08,270000.0,230000.0,300000.0,85.0,106.0
Kedah,Kulim,2024Q1,semi_detached,77.0,33379000.0,433493.51,430000.0,375000.0,508000.0,8.0,56.0
Kedah,Kulim,2024Q1,terrace,147.0,48026000.0,326707.48,320000.0,275000.0,374000.0,65.0,145.0
Kedah,Kulim,2024Q2,all,338.0,122705000.0,363032.54,330000.0,270500.0,441500.0,144.0,287.0
Kedah,Kulim,2024Q2,condo,4.0,795000.0,198750.0,193000.0,175500.0,216250.0,4.0,4.0
Kedah,Kulim,2024Q2,detached,12.0,7651000.0,637583.33,635000.0,501000.0,723250.0,3.0,3.0
Kedah,Kulim,2024Q2,flat,4.0,840000.0,210000.0,212500.0,171250.0,251250.0,4.0,4.0
Kedah,Kulim,2024Q2,low_cost_flat,4.0,520000.0,130000.0,130000.0,115000.0,145000.0,4.0,4.0
Kedah,Kulim,2024Q2,low_cost_house,91.0,24349000.0,267571.43,270000.0,230000.0,306000.0,68.0,91.0
Kedah,Kulim,2024Q2,semi_detached,70.0,33078000.0,472542.86,450000.0,382500.0,517000.0,4.0,47.0
Kedah,Kulim,2024Q2,terrace,153.0,55472000.0,362562.09,330000.0,290000.0,430000.0,57.0,134.0
Kedah,Kulim,2024Q3,all,435.0,158161000.0,363588.51,330000.0,260000.0,450000.0,187.0,367.0
Kedah,Kulim,2024Q3,condo,8.0,1815000.0,226875.0,220000.0,210000.0,235000.0,8.0,8.0
Kedah,Kulim,2024Q3,detached,11.0,4950000.0,450000.0,450000.0,430000.0,552500.0,2.0,7.0
Kedah,Kulim,2024Q3,flat,3.0,673000.0,224333.33,230000.0,202500.0,249000.0,3.0,3.0
Kedah,Kulim,2024Q3,low_cost_flat,5.0,695000.0,139000.0,150000.0,120000.0,150000.0,5.0,5.0
Kedah,Kulim,2024Q3,low_cost_house,134.0,34983000.0,261067.16,260000.0,205000.0,300000.0,111.0,134.0
Kedah,Kulim,2024Q3,semi_detached,94.0,45953000.0,488861.7,482500.0,418000.0,543000.0,5.0,54.0
Kedah,Kulim,2024Q3,terrace,180.0,69092000.0,383844.44,339000.0,300000.0,440000.0,53.0,156.0
Kedah,Kulim,2024Q4,all,149.0,50541000.0,339201.34,320000.0,260000.0,420000.0,66.0,137.0
Kedah,Kulim,2024Q4,cluster,1.0,370000.0,370000.0,370000.0,370000.0,370000.0,0.0,1.0
Kedah,Kulim,2024Q4,condo,2.0,515000.0,257500.0,257500.0,246250.0,268750.0,2.0,2.0
Kedah,Kulim,2024Q4,detached,1.0,620000.0,620000.0,620000.0,620000.0,620000.0,0.0,0.0
Kedah,Kulim,2024Q4,flat,1.0,160000.0,160000.0,160000.0,160000.0,160000.0,1.0,1.0
Kedah,Kulim,2024Q4,low_cost_flat,5.0,611000.0,122200.0,130000.0,100000.0,150000.0,5.0,5.0
Kedah,Kulim,2024Q4,low_cost_house,42.0,11563000.0,275309.52,282500.0,235000.0,330000.0,28.0,42.0
Kedah,Kulim,2024Q4,semi_detached,30.0,13536000.0,451200.0,445000.0,400000.0,495000.0,4.0,23.0
Kedah,Kulim,2024Q4,terrace,67.0,23166000.0,345761.19,320000.0,280000.0,370000.0,26.0,63.0
Kedah,Kulim,2025Q1,all,119.0,40596000.0,341142.86,325000.0,260000.0,405000.0,52.0,110.0
Kedah,Kulim,2025Q1,condo,3.0,643000.0,214333.33,215000.0,197000.0,232000.0,3.0,3.0
Kedah,Kulim,2025Q1,low_cost_flat,2.0,300000.0,150000.0,150000.0,140000.0,160000.0,2.0,2.0
Kedah,Kulim,2025Q1,low_cost_house,35.0,9563000.0,273228.57,290000.0,240000.0,310000.0,24.0,35.0
Kedah,Kulim,2025Q1,semi_detached,30.0,13309000.0,443633.33,445000.0,382000.0,480750.0,2.0,24.0
Kedah,Kulim,2025Q1,terrace,49.0,16781000.0,342469.39,330000.0,272000.0,398000.0,21.0,46.0
Kedah,Kulim,2025Q2,all,128.0,47651000.0,372273.44,337500.0,300000.0,439250.0,41.0,107.0
Kedah,Kulim,2025Q2,condo,1.0,188000.0,188000.0,188000.0,188000.0,188000.0,1.0,1.0
Kedah,Kulim,2025Q2,detached,2.0,1215000.0,607500.0,607500.0,561250.0,653750.0,0.0,0.0
Kedah,Kulim,2025Q2,low_cost_flat,3.0,400000.0,133333.33,120000.0,120000.0,140000.0,3.0,3.0
Kedah,Kulim,2025Q2,low_cost_house,29.0,8305000.0,286379.31,300000.0,265000.0,320000.0,19.0,29.0
Kedah,Kulim,2025Q2,semi_detached,26.0,12779000.0,491500.0,459000.0,375000.0,585250.0,2.0,16.0
Kedah,Kulim,2025Q2,terrace,67.0,24764000.0,369611.94,335000.0,314500.0,390000.0,16.0,58.0
Kedah,Kulim,2025Q3,all,127.0,43904000.0,345700.79,330000.0,280000.0,377500.0,49.0,120.0
Kedah,Kulim,2025Q3,detached,4.0,2675000.0,668750.0,737500.0,636250.0,770000.0,0.0,1.0
Kedah,Kulim,2025Q3,flat,1.0,170000.0,170000.0,170000.0,170000.0,170000.0,1.0,1.0
Kedah,Kulim,2025Q3,low_cost_flat,2.0,285000.0,142500.0,142500.0,138750.0,146250.0,2.0,2.0
Kedah,Kulim,2025Q3,low_cost_house,44.0,12371000.0,281159.09,280000.0,230000.0,322500.0,32.0,44.0
Kedah,Kulim,2025Q3,semi_detached,18.0,8226000.0,457000.0,432500.0,420000.0,485000.0,0.0,15.0
Kedah,Kulim,2025Q3,terrace,58.0,20177000.0,347879.31,330000.0,310000.0,360000.0,14.0,57.0
Kedah,Kulim,2025Q4,all,136.0,51702000.0,380161.76,330000.0,290000.0,450000.0,53.0,114.0
Kedah,Kulim,2025Q4,detached,4.0,2550000.0,637500.0,690000.0,522500.0,805000.0,1.0,1.0
Kedah,Kulim,2025Q4,flat,1.0,165000.0,165000.0,165000.0,165000.0,165000.0,1.0,1.0
Kedah,Kulim,2025Q4,low_cost_flat,3.0,508000.0,169333.33,145000.0,145000.0,181500.0,3.0,3.0
Kedah,Kulim,2025Q4,low_cost_house,40.0,11680000.0,292000.0,290000.0,255750.0,330000.0,27.0,40.0
Kedah,Kulim,2025Q4,semi_detached,30.0,16075000.0,535833.33,510000.0,440000.0,576000.0,0.0,15.0
Kedah,Kulim,2025Q4,terrace,58.0,20724000.0,357310.34,317500.0,300000.0,411250.0,21.0,54.0
Kedah,Kulim,2026Q1,all,105.0,40284000.0,383657.14,340000.0,285000.0,400000.0,38.0,92.0
Kedah,Kulim,2026Q1,detached,1.0,2175000.0,2175000.0,2175000.0,2175000.0,2175000.0,0.0,0.0
Kedah,Kulim,2026Q1,low_cost_house,39.0,11734000.0,300871.79,300000.0,275000.0,337500.0,26.0,39.0
Kedah,Kulim,2026Q1,semi_detached,14.0,7396000.0,528285.71,499500.0,411250.0,594000.0,1.0,8.0
Kedah,Kulim,2026Q1,terrace,51.0,18979000.0,372137.25,355000.0,315000.0,400000.0,11.0,45.0
Kedah,Kulim,2026Q2,all,120.0,45971000.0,383091.67,350000.0,310000.0,438250.0,24.0,98.0
Kedah,Kulim,2026Q2,condo,1.0,280000.0,280000.0,280000.0,280000.0,280000.0,1.0,1.0
Kedah,Kulim,2026Q2,detached,2.0,1189000.0,594500.0,594500.0,591750.0,597250.0,0.0,0.0
Kedah,Kulim,2026Q2,low_cost_flat,3.0,500000.0,166666.67,170000.0,165000.0,170000.0,3.0,3.0
Kedah,Kulim,2026Q2,low_cost_house,34.0,10622000.0,312411.76,318500.0,300000.0,350000.0,11.0,34.0
Kedah,Kulim,2026Q2,semi_detached,24.0,11938000.0,497416.67,490000.0,400000.0,576000.0,1.0,13.0
Kedah,Kulim,2026Q2,terrace,56.0,21442000.0,382892.86,349500.0,320000.0,411000.0,8.0,47.0
Kedah,Langkawi,2024Q1,all,23.0,11348000.0,493391.3,290000.0,187500.0,599500.0,14.0,16.0
Kedah,Langkawi,2024Q1,condo,7.0,1385000.0,197857.14,120000.0,102500.0,192500.0,6.0,6.0
Kedah,Langkawi,2024Q1,detached,3.0,5060000.0,1686666.67,1800000.0,1050000.0,2380000.0,1.0,1.0
Kedah,Langkawi,2024Q1,low_cost_house,1.0,97000.0,97000.0,97000.0,97000.0,97000.0,1.0,1.0
Kedah,Langkawi,2024Q1,semi_detached,1.0,325000.0,325000.0,325000.0,325000.0,325000.0,0.0,1.0
Kedah,Langkawi,2024Q1,terrace,11.0,4481000.0,407363.64,300000.0,272500.0,619000.0,6.0,7.0
Kedah,Langkawi,2024Q2,all,19.0,11297000.0,594578.95,330000.0,200000.0,527000.0,9.0,14.0
Kedah,Langkawi,2024Q2,condo,4.0,1705000.0,426250.0,402500.0,342500.0,486250.0,1.0,3.0
Kedah,Langkawi,2024Q2,detached,3.0,6308000.0,2102666.67,2100000.0,1694000.0,2510000.0,0.0,0.0
Kedah,Langkawi,2024Q2,low_cost_house,5.0,955000.0,191000.0,200000.0,170000.0,200000.0,5.0,5.0
Kedah,Langkawi,2024Q2,terrace,6.0,1989000.0,331500.0,285000.0,210000.0,367500.0,3.0,5.0
Kedah,Langkawi,2024Q2,townhouse,1.0,340000.0,340000.0,340000.0,340000.0,340000.0,0.0,1.0
Kedah,Langkawi,2024Q3,all,22.0,6592000.0,299636.36,275000.0,151250.0,395000.0,13.0,19.0
Kedah,Langkawi,2024Q3,condo,3.0,840000.0,280000.0,250000.0,230000.0,315000.0,2.0,3.0
Kedah,Langkawi,2024Q3,low_cost_house,1.0,20000.0,20000.0,20000.0,20000.0,20000.0,1.0,1.0
Kedah,Langkawi,2024Q3,semi_detached,3.0,1470000.0,490000.0,500000.0,450000.0,535000.0,0.0,2.0
Kedah,Langkawi,2024Q3,terrace,14.0,3902000.0,278714.29,212500.0,146250.0,337500.0,10.0,12.0
Kedah,Langkawi,2024Q3,townhouse,1.0,360000.0,360000.0,360000.0,360000.0,360000.0,0.0,1.0
Kedah,Langkawi,2024Q4,all,20.0,9031000.0,451550.0,342500.0,148750.0,639000.0,10.0,11.0
Kedah,Langkawi,2024Q4,detached,1.0,1300000.0,1300000.0,1300000.0,1300000.0,1300000.0,0.0,0.0
Kedah,Langkawi,2024Q4,low_cost_house,1.0,200000.0,200000.0,200000.0,200000.0,200000.0,1.0,1.0
Kedah,Langkawi,2024Q4,semi_detached,1.0,1340000.0,1340000.0,1340000.0,1340000.0,1340000.0,0.0,0.0
Kedah,Langkawi,2024Q4,terrace,15.0,5196000.0,346400.0,155000.0,145000.0,629000.0,9.0,9.0
Kedah,Langkawi,2024Q4,townhouse,2.0,995000.0,497500.0,497500.0,446250.0,548750.0,0.0,1.0
Kedah,Langkawi,2025Q1,all,10.0,2640000.0,264000.0,230000.0,160000.0,336250.0,7.0,9.0
Kedah,Langkawi,2025Q1,condo,3.0,482000.0,160666.67,155000.0,111000.0,207500.0,3.0,3.0
Kedah,Langkawi,2025Q1,low_cost_house,2.0,375000.0,187500.0,187500.0,181250.0,193750.0,2.0,2.0
Kedah,Langkawi,2025Q1,terrace,3.0,1055000.0,351666.67,265000.0,202500.0,457500.0,2.0,2.0
Kedah,Langkawi,2025Q1,townhouse,2.0,728000.0,364000.0,364000.0,362000.0,366000.0,0.0,2.0
Kedah,Langkawi,2025Q2,all,13.0,8132000.0,625538.46,156000.0,115000.0,700000.0,7.0,7.0
Kedah,Langkawi,2025Q2,condo,1.0,1624000.0,1624000.0,1624000.0,1624000.0,1624000.0,0.0,0.0
Kedah,Langkawi,2025Q2,detached,4.0,3265000.0,816250.0,55000.0,55000.0,816250.0,3.0,3.0
Kedah,Langkawi,2025Q2,low_cost_house,1.0,115000.0,115000.0,115000.0,115000.0,115000.0,1.0,1.0
Kedah,Langkawi,2025Q2,semi_detached,2.0,1480000.0,740000.0,740000.0,720000.0,760000.0,0.0,0.0
Kedah,Langkawi,2025Q2,terrace,5.0,1648000.0,329600.0,156000.0,145000.0,570000.0,3.0,3.0
Kedah,Langkawi,2025Q3,all,15.0,4495000.0,299666.67,250000.0,180000.0,392500.0,9.0,13.0
Kedah,Langkawi,2025Q3,condo,3.0,1055000.0,351666.67,385000.0,317500.0,402500.0,1.0,3.0
Kedah,Langkawi,2025Q3,low_cost_house,3.0,510000.0,170000.0,170000.0,160000.0,180000.0,3.0,3.0
Kedah,Langkawi,2025Q3,terrace,9.0,2930000.0,325555.56,270000.0,180000.0,400000.0,5.0,7.0
Kedah,Langkawi,2025Q4,all,13.0,6956000.0,535076.92,390000.0,190000.0,692000.0,5.0,8.0
Kedah,Langkawi,2025Q4,cluster,2.0,796000.0,398000.0,398000.0,299000.0,497000.0,1.0,1.0
Kedah,Langkawi,2025Q4,condo,3.0,1735000.0,578333.33,350000.0,267500.0,775000.0,1.0,2.0
Kedah,Langkawi,2025Q4,detached,2.0,2405000.0,1202500.0,1202500.0,1003750.0,1401250.0,0.0,0.0
Kedah,Langkawi,2025Q4,low_cost_house,2.0,343000.0,171500.0,171500.0,162250.0,180750.0,2.0,2.0
Kedah,Langkawi,2025Q4,semi_detached,1.0,390000.0,390000.0,390000.0,390000.0,390000.0,0.0,1.0
Kedah,Langkawi,2025Q4,terrace,3.0,1287000.0,429000.0,450000.0,297500.0,571000.0,1.0,2.0
Kedah,Langkawi,2026Q1,all,18.0,13213000.0,734055.56,458000.0,247500.0,919750.0,6.0,10.0
Kedah,Langkawi,2026Q1,condo,6.0,8363000.0,1393833.33,1541000.0,890750.0,1568000.0,1.0,1.0
Kedah,Langkawi,2026Q1,low_cost_house,2.0,430000.0,215000.0,215000.0,207500.0,222500.0,2.0,2.0
Kedah,Langkawi,2026Q1,terrace,10.0,4420000.0,442000.0,404000.0,318750.0,514250.0,3.0,7.0
Kedah,Langkawi,2026Q2,all,13.0,6468000.0,497538.46,530000.0,370000.0,643000.0,3.0,6.0
Kedah,Langkawi,2026Q2,condo,3.0,1392000.0,464000.0,639000.0,374500.0,641000.0,1.0,1.0
Kedah,Langkawi,2026Q2,detached,2.0,1496000.0,748000.0,748000.0,672000.0,824000.0,0.0,0.0
Kedah,Langkawi,2026Q2,low_cost_house,1.0,220000.0,220000.0,220000.0,220000.0,220000.0,1.0,1.0
Kedah,Langkawi,2026Q2,semi_detached,1.0,370000.0,370000.0,370000.0,370000.0,370000.0,0.0,1.0
Kedah,Langkawi,2026Q2,terrace,6.0,2990000.0,498333.33,510000.0,407500.0,642500.0,1.0,3.0
Kedah,Padang Terap,2024Q1,all,11.0,2654000.0,241272.73,235000.0,155000.0,300000.0,8.0,10.0
Kedah,Padang Terap,2024Q1,detached,1.0,519000.0,519000.0,519000.0,519000.0,519000.0,0.0,0.0
Kedah,Padang Terap,2024Q1,low_cost_house,2.0,180000.0,90000.0,90000.0,60000.0,120000.0,2.0,2.0
Kedah,Padang Terap,2024Q1,semi_detached,2.0,680000.0,340000.0,340000.0,340000.0,340000.0,0.0,2.0
Kedah,Padang Terap,2024Q1,terrace,6.0,1275000.0,212500.0,227500.0,175000.0,246250.0,6.0,6.0
Kedah,Padang Terap,2024Q2,all,6.0,1391000.0,231833.33,215000.0,177500.0,263750.0,5.0,6.0
Kedah,Padang Terap,2024Q2,low_cost_house,2.0,186000.0,93000.0,93000.0,54500.0,131500.0,2.0,2.0
Kedah,Padang Terap,2024Q2,semi_detached,3.0,1005000.0,335000.0,275000.0,252500.0,387500.0,2.0,3.0
Kedah,Padang Terap,2024Q2,terrace,1.0,200000.0,200000.0,200000.0,200000.0,200000.0,1.0,1.0
Kedah,Padang Terap,2024Q3,all,7.0,1435000.0,205000.0,235000.0,150000.0,235000.0,6.0,7.0
Kedah,Padang Terap,2024Q3,detached,1.0,400000.0,400000.0,400000.0,400000.0,400000.0,0.0,1.0
Kedah,Padang Terap,2024Q3,low_cost_house,2.0,130000.0,65000.0,65000.0,47500.0,82500.0,2.0,2.0
Kedah,Padang Terap,2024Q3,terrace,4.0,905000.0,226250.0,235000.0,226250.0,235000.0,4.0,4.0
Kedah,Padang Terap,2024Q4,all,2.0,285000.0,142500.0,142500.0,96250.0,188750.0,2.0,2.0
Kedah,Padang Terap,2024Q4,low_cost_house,1.0,50000.0,50000.0,50000.0,50000.0,50000.0,1.0,1.0
Kedah,Padang Terap,2024Q4,terrace,1.0,235000.0,235000.0,235000.0,235000.0,235000.0,1.0,1.0
Kedah,Padang Terap,2025Q1,all,5.0,815000.0,163000.0,160000.0,160000.0,170000.0,5.0,5.0
Kedah,Padang Terap,2025Q1,low_cost_house,4.0,645000.0,161250.0,160000.0,155000.0,166250.0,4.0,4.0
Kedah,Padang Terap,2025Q1,terrace,1.0,170000.0,170000.0,170000.0,170000.0,170000.0,1.0,1.0
Kedah,Padang Terap,2025Q2,all,4.0,889000.0,222250.0,219500.0,174250.0,267500.0,4.0,4.0
Kedah,Padang Terap,2025Q2,low_cost_house,2.0,339000.0,169500.0,169500.0,164750.0,174250.0,2.0,2.0
Kedah,Padang Terap,2025Q2,semi_detached,1.0,290000.0,290000.0,290000.0,290000.0,290000.0,1.0,1.0
Kedah,Padang Terap,2025Q2,terrace,1.0,260000.0,260000.0,260000.0,260000.0,260000.0,1.0,1.0
Kedah,Padang Terap,2025Q3,all,4.0,720000.0,180000.0,185000.0,165000.0,200000.0,4.0,4.0
Kedah,Padang Terap,2025Q3,low_cost_house,2.0,350000.0,175000.0,175000.0,162500.0,187500.0,2.0,2.0
Kedah,Padang Terap,2025Q3,terrace,2.0,370000.0,185000.0,185000.0,177500.0,192500.0,2.0,2.0
Kedah,Padang Terap,2025Q4,all,2.0,390000.0,195000.0,195000.0,172500.0,217500.0,2.0,2.0
Kedah,Padang Terap,2025Q4,low_cost_house,1.0,150000.0,150000.0,150000.0,150000.0,150000.0,1.0,1.0
Kedah,Padang Terap,2025Q4,terrace,1.0,240000.0,240000.0,240000.0,240000.0,240000.0,1.0,1.0
Kedah,Padang Terap,2026Q1,all,3.0,500000.0,166666.67,170000.0,135000.0,200000.0,3.0,3.0
Kedah,Padang Terap,2026Q1,low_cost_house,2.0,330000.0,165000.0,165000.0,132500.0,197500.0,2.0,2.0
Kedah,Padang Terap,2026Q1,terrace,1.0,170000.0,170000.0,170000.0,170000.0,170000.0,1.0,1.0
Kedah,Padang Terap,2026Q2,all,4.0,950000.0,237500.0,235000.0,200000.0,272500.0,4.0,4.0
Kedah,Padang Terap,2026Q2,low_cost_house,1.0,200000.0,200000.0,200000.0,200000.0,200000.0,1.0,1.0
Kedah,Padang Terap,2026Q2,terrace,3.0,750000.0,250000.0,270000.0,235000.0,275000.0,3.0,3.0
Kedah,Pendang,2024Q1,all,41.0,8067000.0,196756.1,95000.0,90000.0,340000.0,29.0,40.0
Kedah,Pendang,2024Q1,detached,1.0,70000.0,70000.0,70000.0,70000.0,70000.0,1.0,1.0
Kedah,Pendang,2024Q1,low_cost_house,4.0,890000.0,222500.0,185000.0,177500.0,230000.0,3.0,4.0
Kedah,Pendang,2024Q1,semi_detached,10.0,3870000.0,387000.0,390000.0,355000.0,417000.0,1.0,9.0
Kedah,Pendang,2024Q1,terrace,26.0,3237000.0,124500.0,90000.0,90000.0,95000.0,24.0,26.0
Kedah,Pendang,2024Q2,all,12.0,2163000.0,180250.0,167500.0,96000.0,222500.0,11.0,12.0
Kedah,Pendang,2024Q2,low_cost_house,3.0,580000.0,193333.33,180000.0,175000.0,205000.0,3.0,3.0
Kedah,Pendang,2024Q2,semi_detached,3.0,735000.0,245000.0,165000.0,157500.0,292500.0,2.0,3.0
Kedah,Pendang,2024Q2,terrace,6.0,848000.0,141333.33,94000.0,90000.0,189500.0,6.0,6.0
Kedah,Pendang,2024Q3,all,13.0,4151000.0,319307.69,350000.0,270000.0,380000.0,5.0,13.0
Kedah,Pendang,2024Q3,detached,2.0,837000.0,418500.0,418500.0,404750.0,432250.0,0.0,2.0
Kedah,Pendang,2024Q3,low_cost_house,2.0,435000.0,217500.0,217500.0,201250.0,233750.0,2.0,2.0
Kedah,Pendang,2024Q3,semi_detached,4.0,1480000.0,370000.0,360000.0,350000.0,380000.0,0.0,4.0
Kedah,Pendang,2024Q3,terrace,5.0,1399000.0,279800.0,290000.0,270000.0,350000.0,3.0,5.0
Kedah,Pendang,2024Q4,all,9.0,1605000.0,178333.33,220000.0,60000.0,265000.0,9.0,9.0
Kedah,Pendang,2024Q4,detached,1.0,60000.0,60000.0,60000.0,60000.0,60000.0,1.0,1.0
Kedah,Pendang,2024Q4,low_cost_house,3.0,230000.0,76666.67,45000.0,32500.0,105000.0,3.0,3.0
Kedah,Pendang,2024Q4,semi_detached,2.0,520000.0,260000.0,260000.0,240000.0,280000.0,2.0,2.0
Kedah,Pendang,2024Q4,terrace,3.0,795000.0,265000.0,265000.0,262500.0,267500.0,3.0,3.0
Kedah,Pendang,2025Q1,all,13.0,4195000.0,322692.31,340000.0,270000.0,393000.0,6.0,13.0
Kedah,Pendang,2025Q1,detached,2.0,700000.0,350000.0,350000.0,325000.0,375000.0,1.0,2.0
Kedah,Pendang,2025Q1,low_cost_house,2.0,350000.0,175000.0,175000.0,162500.0,187500.0,2.0,2.0
Kedah,Pendang,2025Q1,semi_detached,4.0,1463000.0,365750.0,365000.0,347500.0,383250.0,0.0,4.0
Kedah,Pendang,2025Q1,terrace,5.0,1682000.0,336400.0,280000.0,270000.0,417000.0,3.0,5.0
Kedah,Pendang,2025Q2,all,9.0,2735000.0,303888.89,265000.0,250000.0,325000.0,6.0,8.0
Kedah,Pendang,2025Q2,low_cost_house,2.0,440000.0,220000.0,220000.0,205000.0,235000.0,2.0,2.0
Kedah,Pendang,2025Q2,semi_detached,3.0,1275000.0,425000.0,350000.0,337500.0,475000.0,0.0,2.0
Kedah,Pendang,2025Q2,terrace,4.0,1020000.0,255000.0,262500.0,250000.0,267500.0,4.0,4.0
Kedah,Pendang,2025Q3,all,11.0,3508000.0,318909.09,270000.0,223500.0,384000.0,6.0,10.0
Kedah,Pendang,2025Q3,detached,2.0,910000.0,455000.0,455000.0,252500.0,657500.0,1.0,1.0
Kedah,Pendang,2025Q3,semi_detached,4.0,1531000.0,382750.0,384000.0,377000.0,389750.0,0.0,4.0
Kedah,Pendang,2025Q3,terrace,5.0,1067000.0,213400.0,235000.0,212000.0,260000.0,5.0,5.0
Kedah,Pendang,2025Q4,all,8.0,1779000.0,222375.0,175000.0,98250.0,295000.0,6.0,8.0
Kedah,Pendang,2025Q4,low_cost_house,2.0,350000.0,175000.0,175000.0,165000.0,185000.0,2.0,2.0
Kedah,Pendang,2025Q4,semi_detached,2.0,888000.0,444000.0,444000.0,422000.0,466000.0,0.0,2.0
Kedah,Pendang,2025Q4,terrace,4.0,541000.0,135250.0,95500.0,90000.0,140750.0,4.0,4.0
Kedah,Pendang,2026Q1,all,5.0,1335000.0,267000.0,265000.0,260000.0,280000.0,5.0,5.0
Kedah,Pendang,2026Q1,low_cost_house,1.0,280000.0,280000.0,280000.0,280000.0,280000.0,1.0,1.0
Kedah,Pendang,2026Q1,terrace,4.0,1055000.0,263750.0,262500.0,257500.0,268750.0,4.0,4.0
Kedah,Pendang,2026Q2,all,7.0,1636000.0,233714.29,248000.0,165000.0,294000.0,5.0,7.0
Kedah,Pendang,2026Q2,low_cost_house,1.0,130000.0,130000.0,130000.0,130000.0,130000.0,1.0,1.0
Kedah,Pendang,2026Q2,semi_detached,3.0,968000.0,322666.67,328000.0,294000.0,354000.0,1.0,3.0
Kedah,Pendang,2026Q2,terrace,3.0,538000.0,179333.33,200000.0,145000.0,224000.0,3.0,3.0
Kedah,Pokok Sena,2024Q1,all,22.0,7355000.0,334318.18,324000.0,230000.0,354750.0,9.0,19.0
Kedah,Pokok Sena,2024Q1,detached,1.0,802000.0,802000.0,802000.0,802000.0,802000.0,0.0,0.0
Kedah,Pokok Sena,2024Q1,low_cost_house,7.0,1470000.0,210000.0,210000.0,200000.0,225000.0,7.0,7.0
Kedah,Pokok Sena,2024Q1,semi_detached,4.0,1598000.0,399500.0,353500.0,351000.0,402000.0,0.0,3.0
Kedah,Pokok Sena,2024Q1,terrace,10.0,3485000.0,348500.0,327000.0,309000.0,367500.0,2.0,9.0
Kedah,Pokok Sena,2024Q2,all,17.0,5136000.0,302117.65,321000.0,220000.0,368000.0,7.0,16.0
Kedah,Pokok Sena,2024Q2,low_cost_house,4.0,623000.0,155750.0,190000.0,140750.0,205000.0,4.0,4.0
Kedah,Pokok Sena,2024Q2,semi_detached,7.0,2565000.0,366428.57,351000.0,328000.0,384000.0,1.0,6.0
Kedah,Pokok Sena,2024Q2,terrace,6.0,1948000.0,324666.67,344500.0,267750.0,368000.0,2.0,6.0
Kedah,Pokok Sena,2024Q3,all,23.0,8212000.0,357043.48,351000.0,320500.0,417000.0,4.0,21.0
Kedah,Pokok Sena,2024Q3,cluster,4.0,1854000.0,463500.0,450000.0,448500.0,465000.0,0.0,3.0
Kedah,Pokok Sena,2024Q3,low_cost_house,1.0,180000.0,180000.0,180000.0,180000.0,180000.0,1.0,1.0
Kedah,Pokok Sena,2024Q3,semi_detached,5.0,1738000.0,347600.0,351000.0,351000.0,356000.0,0.0,5.0
Kedah,Pokok Sena,2024Q3,terrace,13.0,4440000.0,341538.46,327000.0,320000.0,368000.0,3.0,12.0
Kedah,Pokok Sena,2024Q4,all,10.0,3210000.0,321000.0,329000.0,238750.0,411750.0,5.0,10.0
Kedah,Pokok Sena,2024Q4,cluster,1.0,450000.0,450000.0,450000.0,450000.0,450000.0,0.0,1.0
Kedah,Pokok Sena,2024Q4,low_cost_house,3.0,610000.0,203333.33,200000.0,190000.0,215000.0,3.0,3.0
Kedah,Pokok Sena,2024Q4,semi_detached,3.0,1093000.0,364333.33,375000.0,332500.0,401500.0,1.0,3.0
Kedah,Pokok Sena,2024Q4,terrace,3.0,1057000.0,352333.33,368000.0,316500.0,396000.0,1.0,3.0
Kedah,Pokok Sena,2025Q1,all,15.0,5346000.0,356400.0,354000.0,320500.0,419500.0,3.0,15.0
Kedah,Pokok Sena,2025Q1,cluster,2.0,910000.0,455000.0,455000.0,452500.0,457500.0,0.0,2.0
Kedah,Pokok Sena,2025Q1,low_cost_house,1.0,240000.0,240000.0,240000.0,240000.0,240000.0,1.0,1.0
Kedah,Pokok Sena,2025Q1,semi_detached,3.0,1214000.0,404666.67,415000.0,385500.0,429000.0,0.0,3.0
Kedah,Pokok Sena,2025Q1,terrace,9.0,2982000.0,331333.33,321000.0,320000.0,354000.0,2.0,9.0
Kedah,Pokok Sena,2025Q2,all,12.0,5114000.0,426166.67,374000.0,347250.0,539250.0,2.0,8.0
Kedah,Pokok Sena,2025Q2,cluster,1.0,539000.0,539000.0,539000.0,539000.0,539000.0,0.0,0.0
Kedah,Pokok Sena,2025Q2,detached,2.0,1290000.0,645000.0,645000.0,592500.0,697500.0,0.0,0.0
Kedah,Pokok Sena,2025Q2,semi_detached,5.0,1932000.0,386400.0,358000.0,355000.0,390000.0,1.0,4.0
Kedah,Pokok Sena,2025Q2,terrace,4.0,1353000.0,338250.0,340500.0,302750.0,376000.0,1.0,4.0
Kedah,Pokok Sena,2025Q3,all,17.0,4321000.0,254176.47,230000.0,190000.0,327000.0,10.0,17.0
Kedah,Pokok Sena,2025Q3,low_cost_house,5.0,1060000.0,212000.0,220000.0,190000.0,230000.0,5.0,5.0
Kedah,Pokok Sena,2025Q3,semi_detached,4.0,1213000.0,303250.0,353500.0,300750.0,356000.0,1.0,4.0
Kedah,Pokok Sena,2025Q3,terrace,8.0,2048000.0,256000.0,280500.0,163000.0,322500.0,4.0,8.0
Kedah,Pokok Sena,2025Q4,all,6.0,1796000.0,299333.33,235000.0,197500.0,325750.0,4.0,5.0
Kedah,Pokok Sena,2025Q4,detached,1.0,189000.0,189000.0,189000.0,189000.0,189000.0,1.0,1.0
Kedah,Pokok Sena,2025Q4,low_cost_house,2.0,410000.0,205000.0,205000.0,197500.0,212500.0,2.0,2.0
Kedah,Pokok Sena,2025Q4,semi_detached,2.0,947000.0,473500.0,473500.0,412250.0,534750.0,0.0,1.0
Kedah,Pokok Sena,2025Q4,terrace,1.0,250000.0,250000.0,250000.0,250000.0,250000.0,1.0,1.0
Kedah,Pokok Sena,2026Q1,all,6.0,1585000.0,264166.67,250000.0,197500.0,287500.0,5.0,6.0
Kedah,Pokok Sena,2026Q1,low_cost_house,2.0,430000.0,215000.0,215000.0,197500.0,232500.0,2.0,2.0
Kedah,Pokok Sena,2026Q1,semi_detached,1.0,300000.0,300000.0,300000.0,300000.0,300000.0,1.0,1.0
Kedah,Pokok Sena,2026Q1,terrace,3.0,855000.0,285000.0,250000.0,206500.0,346000.0,2.0,3.0
Kedah,Pokok Sena,2026Q2,all,5.0,1322000.0,264400.0,230000.0,200000.0,312000.0,3.0,5.0
Kedah,Pokok Sena,2026Q2,low_cost_house,2.0,420000.0,210000.0,210000.0,200000.0,220000.0,2.0,2.0
Kedah,Pokok Sena,2026Q2,semi_detached,1.0,312000.0,312000.0,312000.0,312000.0,312000.0,0.0,1.0
Kedah,Pokok Sena,2026Q2,terrace,2.0,590000.0,295000.0,295000.0,247500.0,342500.0,1.0,2.0
Kedah,Sik,2024Q1,all,3.0,535000.0,178333.33,160000.0,152500.0,195000.0,3.0,3.0
Kedah,Sik,2024Q1,low_cost_house,3.0,535000.0,178333.33,160000.0,152500.0,195000.0,3.0,3.0
Kedah,Sik,2024Q2,all,3.0,650000.0,216666.67,210000.0,205000.0,225000.0,3.0,3.0
Kedah,Sik,2024Q2,semi_detached,1.0,240000.0,240000.0,240000.0,240000.0,240000.0,1.0,1.0
Kedah,Sik,2024Q2,terrace,2.0,410000.0,205000.0,205000.0,202500.0,207500.0,2.0,2.0
Kedah,Sik,2024Q3,all,6.0,1792000.0,298666.67,287500.0,241250.0,300000.0,5.0,6.0
Kedah,Sik,2024Q3,detached,1.0,487000.0,487000.0,487000.0,487000.0,487000.0,0.0,1.0
Kedah,Sik,2024Q3,semi_detached,1.0,275000.0,275000.0,275000.0,275000.0,275000.0,1.0,1.0
Kedah,Sik,2024Q3,terrace,4.0,1030000.0,257500.0,265000.0,222500.0,300000.0,4.0,4.0
Kedah,Sik,2024Q4,all,1.0,250000.0,250000.0,250000.0,250000.0,250000.0,1.0,1.0
Kedah,Sik,2024Q4,low_cost_house,1.0,250000.0,250000.0,250000.0,250000.0,250000.0,1.0,1.0
Kedah,Sik,2025Q1,all,3.0,914000.0,304666.67,240000.0,230000.0,347000.0,2.0,3.0
Kedah,Sik,2025Q1,detached,1.0,454000.0,454000.0,454000.0,454000.0,454000.0,0.0,1.0
Kedah,Sik,2025Q1,terrace,2.0,460000.0,230000.0,230000.0,225000.0,235000.0,2.0,2.0
Kedah,Sik,2025Q3,all,1.0,200000.0,200000.0,200000.0,200000.0,200000.0,1.0,1.0
Kedah,Sik,2025Q3,terrace,1.0,200000.0,200000.0,200000.0,200000.0,200000.0,1.0,1.0
Kedah,Sik,2025Q4,all,1.0,140000.0,140000.0,140000.0,140000.0,140000.0,1.0,1.0
Kedah,Sik,2025Q4,detached,1.0,140000.0,140000.0,140000.0,140000.0,140000.0,1.0,1.0
Kedah,Sik,2026Q1,all,1.0,398000.0,398000.0,398000.0,398000.0,398000.0,0.0,1.0
Kedah,Sik,2026Q1,semi_detached,1.0,398000.0,398000.0,398000.0,398000.0,398000.0,0.0,1.0
Kedah,Sik,2026Q2,all,1.0,50000.0,50000.0,50000.0,50000.0,50000.0,1.0,1.0
Kedah,Sik,2026Q2,detached,1.0,50000.0,50000.0,50000.0,50000.0,50000.0,1.0,1.0
Kedah,Yan,2024Q1,all,15.0,3737000.0,249133.33,280000.0,192500.0,309000.0,9.0,15.0
Kedah,Yan,2024Q1,low_cost_house,3.0,405000.0,135000.0,130000.0,102500.0,165000.0,3.0,3.0
Kedah,Yan,2024Q1,semi_detached,8.0,2462000.0,307750.0,309000.0,280000.0,314250.0,3.0,8.0
Kedah,Yan,2024Q1,terrace,4.0,870000.0,217500.0,207500.0,173750.0,251250.0,3.0,4.0
Kedah,Yan,2024Q2,all,12.0,3721000.0,310083.33,317500.0,283000.0,334500.0,3.0,11.0
Kedah,Yan,2024Q2,detached,1.0,550000.0,550000.0,550000.0,550000.0,550000.0,0.0,0.0
Kedah,Yan,2024Q2,low_cost_house,2.0,355000.0,177500.0,177500.0,171250.0,183750.0,2.0,2.0
Kedah,Yan,2024Q2,semi_detached,8.0,2466000.0,308250.0,317500.0,309000.0,330000.0,1.0,8.0
Kedah,Yan,2024Q2,terrace,1.0,350000.0,350000.0,350000.0,350000.0,350000.0,0.0,1.0
Kedah,Yan,2024Q3,all,9.0,2765000.0,307222.22,328000.0,250000.0,350000.0,3.0,9.0
Kedah,Yan,2024Q3,low_cost_house,1.0,207000.0,207000.0,207000.0,207000.0,207000.0,1.0,1.0
Kedah,Yan,2024Q3,semi_detached,5.0,1788000.0,357600.0,330000.0,328000.0,390000.0,0.0,5.0
Kedah,Yan,2024Q3,terrace,3.0,770000.0,256666.67,250000.0,210000.0,300000.0,2.0,3.0
Kedah,Yan,2024Q4,all,2.0,620000.0,310000.0,310000.0,300000.0,320000.0,1.0,2.0
Kedah,Yan,2024Q4,semi_detached,1.0,290000.0,290000.0,290000.0,290000.0,290000.0,1.0,1.0
Kedah,Yan,2024Q4,terrace,1.0,330000.0,330000.0,330000.0,330000.0,330000.0,0.0,1.0
Kedah,Yan,2025Q1,all,2.0,640000.0,320000.0,320000.0,305000.0,335000.0,1.0,2.0
Kedah,Yan,2025Q1,terrace,2.0,640000.0,320000.0,320000.0,305000.0,335000.0,1.0,2.0
Kedah,Yan,2025Q2,all,4.0,1165000.0,291250.0,318500.0,286250.0,323500.0,1.0,4.0
Kedah,Yan,2025Q2,semi_detached,3.0,965000.0,321666.67,322000.0,318500.0,325000.0,0.0,3.0
Kedah,Yan,2025Q2,terrace,1.0,200000.0,200000.0,200000.0,200000.0,200000.0,1.0,1.0
Kedah,Yan,2025Q3,all,7.0,1953000.0,279000.0,280000.0,254000.0,325000.0,4.0,7.0
Kedah,Yan,2025Q3,low_cost_house,2.0,440000.0,220000.0,220000.0,195000.0,245000.0,2.0,2.0
Kedah,Yan,2025Q3,semi_detached,4.0,1275000.0,318750.0,325000.0,311500.0,332250.0,1.0,4.0
Kedah,Yan,2025Q3,terrace,1.0,238000.0,238000.0,238000.0,238000.0,238000.0,1.0,1.0
Kedah,Yan,2025Q4,all,2.0,607000.0,303500.0,303500.0,286750.0,320250.0,1.0,2.0
Kedah,Yan,2025Q4,semi_detached,1.0,337000.0,337000.0,337000.0,337000.0,337000.0,0.0,1.0
Kedah,Yan,2025Q4,terrace,1.0,270000.0,270000.0,270000.0,270000.0,270000.0,1.0,1.0
Kedah,Yan,2026Q1,all,4.0,1288000.0,322000.0,334000.0,316000.0,340000.0,1.0,4.0
Kedah,Yan,2026Q1,semi_detached,3.0,1008000.0,336000.0,340000.0,334000.0,340000.0,0.0,3.0
Kedah,Yan,2026Q1,terrace,1.0,280000.0,280000.0,280000.0,280000.0,280000.0,1.0,1.0
Kedah,Yan,2026Q2,all,4.0,997000.0,249250.0,246000.0,157500.0,337750.0,2.0,4.0
Kedah,Yan,2026Q2,low_cost_house,2.0,290000.0,145000.0,145000.0,132500.0,157500.0,2.0,2.0
Kedah,Yan,2026Q2,semi_detached,2.0,707000.0,353500.0,353500.0,337750.0,369250.0,0.0,2.0
Kelantan,Bachok,2024Q1,all,57.0,18335000.0,321666.67,330000.0,260000.0,410000.0,22.0,57.0
Kelantan,Bachok,2024Q1,cluster,1.0,180000.0,180000.0,180000.0,180000.0,180000.0,1.0,1.0
Kelantan,Bachok,2024Q1,detached,32.0,12393000.0,387281.25,400000.0,333750.0,422500.0,3.0,32.0
Kelantan,Bachok,2024Q1,low_cost_house,1.0,85000.0,85000.0,85000.0,85000.0,85000.0,1.0,1.0
Kelantan,Bachok,2024Q1,semi_detached,7.0,2215000.0,316428.57,330000.0,297500.0,340000.0,2.0,7.0
Kelantan,Bachok,2024Q1,terrace,16.0,3462000.0,216375.0,225000.0,173750.0,262500.0,15.0,16.0
Kelantan,Bachok,2024Q2,all,36.0,12411000.0,344750.0,340000.0,293250.0,405000.0,13.0,36.0
Kelantan,Bachok,2024Q2,detached,26.0,9746000.0,374846.15,369500.0,318750.0,430000.0,6.0,26.0
Kelantan,Bachok,2024Q2,semi_detached,3.0,996000.0,332000.0,320000.0,308000.0,350000.0,1.0,3.0
Kelantan,Bachok,2024Q2,terrace,7.0,1669000.0,238428.57,230000.0,195000.0,282500.0,6.0,7.0
Kelantan,Bachok,2024Q3,all,39.0,11531000.0,295666.67,320000.0,215000.0,372000.0,18.0,39.0
Kelantan,Bachok,2024Q3,detached,21.0,7887000.0,375571.43,365000.0,330000.0,410000.0,2.0,21.0
Kelantan,Bachok,2024Q3,low_cost_house,2.0,36000.0,18000.0,18000.0,17000.0,19000.0,2.0,2.0
Kelantan,Bachok,2024Q3,semi_detached,2.0,585000.0,292500.0,292500.0,278750.0,306250.0,1.0,2.0
Kelantan,Bachok,2024Q3,terrace,14.0,3023000.0,215928.57,205000.0,186250.0,228750.0,13.0,14.0
Kelantan,Bachok,2024Q4,all,44.0,14924000.0,339181.82,365000.0,283500.0,400000.0,14.0,43.0
Kelantan,Bachok,2024Q4,detached,29.0,11078000.0,382000.0,380000.0,353000.0,420000.0,5.0,28.0
Kelantan,Bachok,2024Q4,low_cost_house,1.0,150000.0,150000.0,150000.0,150000.0,150000.0,1.0,1.0
Kelantan,Bachok,2024Q4,semi_detached,4.0,1348000.0,337000.0,340000.0,312000.0,365000.0,1.0,4.0
Kelantan,Bachok,2024Q4,terrace,10.0,2348000.0,234800.0,211000.0,177000.0,309250.0,7.0,10.0
Kelantan,Bachok,2025Q1,all,28.0,10391000.0,371107.14,361000.0,333750.0,400000.0,3.0,27.0
Kelantan,Bachok,2025Q1,detached,24.0,9219000.0,384125.0,370000.0,338000.0,408750.0,1.0,23.0
Kelantan,Bachok,2025Q1,semi_detached,2.0,732000.0,366000.0,366000.0,359000.0,373000.0,0.0,2.0
Kelantan,Bachok,2025Q1,terrace,2.0,440000.0,220000.0,220000.0,195000.0,245000.0,2.0,2.0
Kelantan,Bachok,2025Q2,all,21.0,6649000.0,316619.05,300000.0,230000.0,400000.0,11.0,21.0
Kelantan,Bachok,2025Q2,detached,13.0,4810000.0,370000.0,370000.0,300000.0,428000.0,4.0,13.0
Kelantan,Bachok,2025Q2,semi_detached,1.0,339000.0,339000.0,339000.0,339000.0,339000.0,0.0,1.0
Kelantan,Bachok,2025Q2,terrace,7.0,1500000.0,214285.71,225000.0,190000.0,234000.0,7.0,7.0
Kelantan,Bachok,2025Q3,all,23.0,8408000.0,365565.22,370000.0,325000.0,420000.0,4.0,23.0
Kelantan,Bachok,2025Q3,detached,18.0,6753000.0,375166.67,377500.0,325000.0,430000.0,3.0,18.0
Kelantan,Bachok,2025Q3,low_cost_house,1.0,180000.0,180000.0,180000.0,180000.0,180000.0,1.0,1.0
Kelantan,Bachok,2025Q3,semi_detached,4.0,1475000.0,368750.0,377500.0,360000.0,386250.0,0.0,4.0
Kelantan,Bachok,2025Q4,all,27.0,9518000.0,352518.52,350000.0,329500.0,422500.0,6.0,26.0
Kelantan,Bachok,2025Q4,detached,19.0,7585000.0,399210.53,400000.0,345000.0,445000.0,0.0,18.0
Kelantan,Bachok,2025Q4,low_cost_house,1.0,160000.0,160000.0,160000.0,160000.0,160000.0,1.0,1.0
Kelantan,Bachok,2025Q4,semi_detached,2.0,579000.0,289500.0,289500.0,269250.0,309750.0,1.0,2.0
Kelantan,Bachok,2025Q4,terrace,5.0,1194000.0,238800.0,220000.0,195000.0,260000.0,4.0,5.0
Kelantan,Bachok,2026Q1,all,28.0,9636000.0,344142.86,355000.0,284500.0,407500.0,10.0,26.0
Kelantan,Bachok,2026Q1,detached,18.0,7087000.0,393722.22,380000.0,330000.0,486750.0,3.0,16.0
Kelantan,Bachok,2026Q1,low_cost_house,1.0,20000.0,20000.0,20000.0,20000.0,20000.0,1.0,1.0
Kelantan,Bachok,2026Q1,semi_detached,5.0,1529000.0,305800.0,291000.0,288000.0,330000.0,3.0,5.0
Kelantan,Bachok,2026Q1,terrace,4.0,1000000.0,250000.0,217500.0,200000.0,267500.0,3.0,4.0
Kelantan,Bachok,2026Q2,all,46.0,16604000.0,360956.52,360000.0,320000.0,417500.0,10.0,45.0
Kelantan,Bachok,2026Q2,cluster,1.0,60000.0,60000.0,60000.0,60000.0,60000.0,1.0,1.0
Kelantan,Bachok,2026Q2,detached,33.0,12987000.0,393545.45,390000.0,350000.0,450000.0,2.0,32.0
Kelantan,Bachok,2026Q2,semi_detached,6.0,2027000.0,337833.33,347500.0,326250.0,350000.0,1.0,6.0
Kelantan,Bachok,2026Q2,terrace,6.0,1530000.0,255000.0,255000.0,250000.0,260000.0,6.0,6.0
Kelantan,Gua Musang,2024Q1,all,18.0,4323000.0,240166.67,230000.0,202500.0,255000.0,16.0,18.0
Kelantan,Gua Musang,2024Q1,detached,2.0,580000.0,290000.0,290000.0,260000.0,320000.0,1.0,2.0
Kelantan,Gua Musang,2024Q1,low_cost_house,4.0,714000.0,178500.0,200000.0,163500.0,215000.0,4.0,4.0
Kelantan,Gua Musang,2024Q1,semi_detached,1.0,500000.0,500000.0,500000.0,500000.0,500000.0,0.0,1.0
Kelantan,Gua Musang,2024Q1,terrace,11.0,2529000.0,229909.09,230000.0,208000.0,250000.0,11.0,11.0
Kelantan,Gua Musang,2024Q2,all,21.0,5435000.0,258809.52,260000.0,200000.0,320000.0,14.0,21.0
Kelantan,Gua Musang,2024Q2,detached,3.0,1010000.0,336666.67,320000.0,315000.0,350000.0,0.0,3.0
Kelantan,Gua Musang,2024Q2,low_cost_house,8.0,1745000.0,218125.0,215000.0,176250.0,252500.0,7.0,8.0
Kelantan,Gua Musang,2024Q2,semi_detached,1.0,420000.0,420000.0,420000.0,420000.0,420000.0,0.0,1.0
Kelantan,Gua Musang,2024Q2,terrace,9.0,2260000.0,251111.11,278000.0,200000.0,280000.0,7.0,9.0
Kelantan,Gua Musang,2024Q3,all,20.0,6002000.0,300100.0,279000.0,247500.0,355000.0,12.0,19.0
Kelantan,Gua Musang,2024Q3,detached,1.0,370000.0,370000.0,370000.0,370000.0,370000.0,0.0,1.0
Kelantan,Gua Musang,2024Q3,low_cost_house,1.0,100000.0,100000.0,100000.0,100000.0,100000.0,1.0,1.0
Kelantan,Gua Musang,2024Q3,semi_detached,3.0,1290000.0,430000.0,390000.0,370000.0,470000.0,0.0,2.0
Kelantan,Gua Musang,2024Q3,terrace,15.0,4242000.0,282800.0,275000.0,245000.0,309500.0,11.0,15.0
Kelantan,Gua Musang,2024Q4,all,8.0,1930000.0,241250.0,245000.0,210000.0,280000.0,7.0,8.0
Kelantan,Gua Musang,2024Q4,detached,1.0,250000.0,250000.0,250000.0,250000.0,250000.0,1.0,1.0
Kelantan,Gua Musang,2024Q4,low_cost_house,1.0,150000.0,150000.0,150000.0,150000.0,150000.0,1.0,1.0
Kelantan,Gua Musang,2024Q4,terrace,6.0,1530000.0,255000.0,260000.0,232500.0,280000.0,5.0,6.0
Kelantan,Gua Musang,2025Q1,all,5.0,1286000.0,257200.0,320000.0,160000.0,340000.0,2.0,5.0
Kelantan,Gua Musang,2025Q1,detached,1.0,340000.0,340000.0,340000.0,340000.0,340000.0,0.0,1.0
Kelantan,Gua Musang,2025Q1,low_cost_house,2.0,277000.0,138500.0,138500.0,127750.0,149250.0,2.0,2.0
Kelantan,Gua Musang,2025Q1,terrace,2.0,669000.0,334500.0,334500.0,327250.0,341750.0,0.0,2.0
Kelantan,Gua Musang,2025Q2,all,10.0,2323000.0,232300.0,236500.0,217250.0,244250.0,9.0,10.0
Kelantan,Gua Musang,2025Q2,detached,1.0,140000.0,140000.0,140000.0,140000.0,140000.0,1.0,1.0
Kelantan,Gua Musang,2025Q2,semi_detached,1.0,350000.0,350000.0,350000.0,350000.0,350000.0,0.0,1.0
Kelantan,Gua Musang,2025Q2,terrace,8.0,1833000.0,229125.0,236500.0,225750.0,242750.0,8.0,8.0
Kelantan,Gua Musang,2025Q3,all,9.0,2865000.0,318333.33,300000.0,230000.0,400000.0,5.0,8.0
Kelantan,Gua Musang,2025Q3,detached,2.0,525000.0,262500.0,262500.0,228750.0,296250.0,1.0,2.0
Kelantan,Gua Musang,2025Q3,low_cost_house,1.0,100000.0,100000.0,100000.0,100000.0,100000.0,1.0,1.0
Kelantan,Gua Musang,2025Q3,semi_detached,1.0,550000.0,550000.0,550000.0,550000.0,550000.0,0.0,0.0
Kelantan,Gua Musang,2025Q3,terrace,5.0,1690000.0,338000.0,300000.0,280000.0,400000.0,3.0,5.0
Kelantan,Gua Musang,2025Q4,all,7.0,2365000.0,337857.14,260000.0,247500.0,342500.0,4.0,6.0
Kelantan,Gua Musang,2025Q4,detached,1.0,700000.0,700000.0,700000.0,700000.0,700000.0,0.0,0.0
Kelantan,Gua Musang,2025Q4,terrace,6.0,1665000.0,277500.0,257500.0,243750.0,316250.0,4.0,6.0
Kelantan,Gua Musang,2026Q1,all,7.0,2190000.0,312857.14,290000.0,190000.0,325000.0,5.0,6.0
Kelantan,Gua Musang,2026Q1,detached,1.0,180000.0,180000.0,180000.0,180000.0,180000.0,1.0,1.0
Kelantan,Gua Musang,2026Q1,low_cost_house,2.0,470000.0,235000.0,235000.0,207500.0,262500.0,2.0,2.0
Kelantan,Gua Musang,2026Q1,semi_detached,1.0,690000.0,690000.0,690000.0,690000.0,690000.0,0.0,0.0
Kelantan,Gua Musang,2026Q1,terrace,3.0,850000.0,283333.33,290000.0,245000.0,325000.0,2.0,3.0
Kelantan,Gua Musang,2026Q2,all,3.0,898000.0,299333.33,268000.0,259000.0,324000.0,2.0,3.0
Kelantan,Gua Musang,2026Q2,semi_detached,1.0,380000.0,380000.0,380000.0,380000.0,380000.0,0.0,1.0
Kelantan,Gua Musang,2026Q2,terrace,2.0,518000.0,259000.0,259000.0,254500.0,263500.0,2.0,2.0
Kelantan,Jeli,2024Q2,all,3.0,533000.0,177666.67,100000.0,66500.0,250000.0,2.0,3.0
Kelantan,Jeli,2024Q2,detached,2.0,433000.0,216500.0,216500.0,124750.0,308250.0,1.0,2.0
Kelantan,Jeli,2024Q2,terrace,1.0,100000.0,100000.0,100000.0,100000.0,100000.0,1.0,1.0
Kelantan,Jeli,2024Q3,all,5.0,1465000.0,293000.0,250000.0,235000.0,300000.0,4.0,5.0
Kelantan,Jeli,2024Q3,detached,2.0,680000.0,340000.0,340000.0,270000.0,410000.0,1.0,2.0
Kelantan,Jeli,2024Q3,terrace,3.0,785000.0,261666.67,250000.0,242500.0,275000.0,3.0,3.0
Kelantan,Jeli,2024Q4,all,4.0,1189000.0,297250.0,280000.0,255750.0,321500.0,3.0,4.0
Kelantan,Jeli,2024Q4,cluster,1.0,243000.0,243000.0,243000.0,243000.0,243000.0,1.0,1.0
Kelantan,Jeli,2024Q4,detached,2.0,686000.0,343000.0,343000.0,321500.0,364500.0,1.0,2.0
Kelantan,Jeli,2024Q4,terrace,1.0,260000.0,260000.0,260000.0,260000.0,260000.0,1.0,1.0
Kelantan,Jeli,2025Q1,all,1.0,200000.0,200000.0,200000.0,200000.0,200000.0,1.0,1.0
Kelantan,Jeli,2025Q1,detached,1.0,200000.0,200000.0,200000.0,200000.0,200000.0,1.0,1.0
Kelantan,Jeli,2025Q2,all,2.0,623000.0,311500.0,311500.0,262250.0,360750.0,1.0,2.0
Kelantan,Jeli,2025Q2,detached,1.0,410000.0,410000.0,410000.0,410000.0,410000.0,0.0,1.0
Kelantan,Jeli,2025Q2,terrace,1.0,213000.0,213000.0,213000.0,213000.0,213000.0,1.0,1.0
Kelantan,Jeli,2025Q3,all,5.0,1118000.0,223600.0,208000.0,150000.0,285000.0,4.0,5.0
Kelantan,Jeli,2025Q3,cluster,2.0,358000.0,179000.0,179000.0,164500.0,193500.0,2.0,2.0
Kelantan,Jeli,2025Q3,detached,1.0,80000.0,80000.0,80000.0,80000.0,80000.0,1.0,1.0
Kelantan,Jeli,2025Q3,semi_detached,1.0,285000.0,285000.0,285000.0,285000.0,285000.0,1.0,1.0
Kelantan,Jeli,2025Q3,terrace,1.0,395000.0,395000.0,395000.0,395000.0,395000.0,0.0,1.0
Kelantan,Jeli,2025Q4,all,4.0,896000.0,224000.0,216500.0,214500.0,226000.0,4.0,4.0
Kelantan,Jeli,2025Q4,cluster,2.0,431000.0,215500.0,215500.0,214250.0,216750.0,2.0,2.0
Kelantan,Jeli,2025Q4,terrace,2.0,465000.0,232500.0,232500.0,223750.0,241250.0,2.0,2.0
Kelantan,Jeli,2026Q2,all,4.0,1540000.0,385000.0,365000.0,325000.0,425000.0,1.0,3.0
Kelantan,Jeli,2026Q2,cluster,1.0,250000.0,250000.0,250000.0,250000.0,250000.0,1.0,1.0
Kelantan,Jeli,2026Q2,detached,2.0,940000.0,470000.0,470000.0,425000.0,515000.0,0.0,1.0
Kelantan,Jeli,2026Q2,terrace,1.0,350000.0,350000.0,350000.0,350000.0,350000.0,0.0,1.0
Kelantan,Kota Bahru,2024Q1,all,205.0,67697000.0,330229.27,310000.0,250000.0,420000.0,99.0,192.0
Kelantan,Kota Bahru,2024Q1,condo,7.0,1955000.0,279285.71,300000.0,212500.0,357500.0,4.0,7.0
Kelantan,Kota Bahru,2024Q1,detached,58.0,24758000.0,426862.07,420000.0,359250.0,470000.0,4.0,51.0
Kelantan,Kota Bahru,2024Q1,low_cost_flat,3.0,174000.0,58000.0,50000.0,37000.0,75000.0,3.0,3.0
Kelantan,Kota Bahru,2024Q1,low_cost_house,10.0,1925000.0,192500.0,192500.0,181250.0,215000.0,10.0,10.0
Kelantan,Kota Bahru,2024Q1,semi_detached,38.0,13430000.0,353421.05,330000.0,300000.0,407500.0,12.0,36.0
Kelantan,Kota Bahru,2024Q1,terrace,89.0,25455000.0,286011.24,260000.0,230000.0,305000.0,66.0,85.0
Kelantan,Kota Bahru,2024Q2,all,184.0,62594000.0,340184.78,330000.0,250000.0,420000.0,79.0,171.0
Kelantan,Kota Bahru,2024Q2,cluster,1.0,135000.0,135000.0,135000.0,135000.0,135000.0,1.0,1.0
Kelantan,Kota Bahru,2024Q2,condo,9.0,2276000.0,252888.89,250000.0,200000.0,300000.0,7.0,9.0
Kelantan,Kota Bahru,2024Q2,detached,72.0,30605000.0,425069.44,420000.0,367500.0,481250.0,11.0,61.0
Kelantan,Kota Bahru,2024Q2,low_cost_flat,1.0,90000.0,90000.0,90000.0,90000.0,90000.0,1.0,1.0
Kelantan,Kota Bahru,2024Q2,low_cost_house,8.0,1372000.0,171500.0,200000.0,156000.0,205000.0,8.0,8.0
Kelantan,Kota Bahru,2024Q2,semi_detached,35.0,11811000.0,337457.14,330000.0,309000.0,355000.0,9.0,35.0
Kelantan,Kota Bahru,2024Q2,terrace,57.0,15825000.0,277631.58,250000.0,215000.0,303000.0,42.0,55.0
Kelantan,Kota Bahru,2024Q2,townhouse,1.0,480000.0,480000.0,480000.0,480000.0,480000.0,0.0,1.0
Kelantan,Kota Bahru,2024Q3,all,186.0,67938000.0,365258.06,352500.0,261250.0,468750.0,74.0,166.0
Kelantan,Kota Bahru,2024Q3,cluster,1.0,75000.0,75000.0,75000.0,75000.0,75000.0,1.0,1.0
Kelantan,Kota Bahru,2024Q3,condo,7.0,3797000.0,542428.57,252000.0,242500.0,567500.0,4.0,5.0
Kelantan,Kota Bahru,2024Q3,detached,73.0,33060000.0,452876.71,460000.0,420000.0,486000.0,7.0,62.0
Kelantan,Kota Bahru,2024Q3,low_cost_flat,1.0,12000.0,12000.0,12000.0,12000.0,12000.0,1.0,1.0
Kelantan,Kota Bahru,2024Q3,low_cost_house,13.0,1808000.0,139076.92,150000.0,25000.0,190000.0,12.0,13.0
Kelantan,Kota Bahru,2024Q3,semi_detached,40.0,14270000.0,356750.0,345000.0,300000.0,372500.0,13.0,37.0
Kelantan,Kota Bahru,2024Q3,terrace,50.0,14366000.0,287320.0,255000.0,210000.0,305000.0,36.0,47.0
Kelantan,Kota Bahru,2024Q3,townhouse,1.0,550000.0,550000.0,550000.0,550000.0,550000.0,0.0,0.0
Kelantan,Kota Bahru,2024Q4,all,138.0,49293000.0,357195.65,362500.0,261250.0,423750.0,48.0,130.0
Kelantan,Kota Bahru,2024Q4,condo,1.0,230000.0,230000.0,230000.0,230000.0,230000.0,1.0,1.0
Kelantan,Kota Bahru,2024Q4,detached,50.0,21574000.0,431480.0,420000.0,372500.0,470000.0,4.0,47.0
Kelantan,Kota Bahru,2024Q4,low_cost_flat,2.0,122000.0,61000.0,61000.0,51500.0,70500.0,2.0,2.0
Kelantan,Kota Bahru,2024Q4,low_cost_house,7.0,1135000.0,162142.86,160000.0,150000.0,182500.0,7.0,7.0
Kelantan,Kota Bahru,2024Q4,semi_detached,33.0,11756000.0,356242.42,350000.0,300000.0,375000.0,9.0,31.0
Kelantan,Kota Bahru,2024Q4,terrace,44.0,13996000.0,318090.91,262500.0,218750.0,385000.0,25.0,41.0
Kelantan,Kota Bahru,2024Q4,townhouse,1.0,480000.0,480000.0,480000.0,480000.0,480000.0,0.0,1.0
Kelantan,Kota Bahru,2025Q1,all,112.0,42091000.0,375812.5,370000.0,300000.0,470000.0,34.0,98.0
Kelantan,Kota Bahru,2025Q1,cluster,2.0,300000.0,150000.0,150000.0,125000.0,175000.0,2.0,2.0
Kelantan,Kota Bahru,2025Q1,detached,59.0,25891000.0,438830.51,425000.0,370000.0,500000.0,6.0,48.0
Kelantan,Kota Bahru,2025Q1,low_cost_flat,1.0,140000.0,140000.0,140000.0,140000.0,140000.0,1.0,1.0
Kelantan,Kota Bahru,2025Q1,low_cost_house,2.0,410000.0,205000.0,205000.0,192500.0,217500.0,2.0,2.0
Kelantan,Kota Bahru,2025Q1,semi_detached,16.0,5890000.0,368125.0,350000.0,320000.0,400000.0,2.0,15.0
Kelantan,Kota Bahru,2025Q1,terrace,31.0,8936000.0,288258.06,260000.0,220000.0,312500.0,21.0,30.0
Kelantan,Kota Bahru,2025Q1,townhouse,1.0,524000.0,524000.0,524000.0,524000.0,524000.0,0.0,0.0
Kelantan,Kota Bahru,2025Q2,all,104.0,40308000.0,387576.92,385000.0,287500.0,454750.0,32.0,90.0
Kelantan,Kota Bahru,2025Q2,cluster,1.0,200000.0,200000.0,200000.0,200000.0,200000.0,1.0,1.0
Kelantan,Kota Bahru,2025Q2,condo,4.0,1145000.0,286250.0,265000.0,227500.0,323750.0,3.0,4.0
Kelantan,Kota Bahru,2025Q2,detached,45.0,20288000.0,450844.44,420000.0,380000.0,480000.0,4.0,36.0
Kelantan,Kota Bahru,2025Q2,low_cost_flat,1.0,95000.0,95000.0,95000.0,95000.0,95000.0,1.0,1.0
Kelantan,Kota Bahru,2025Q2,low_cost_house,1.0,180000.0,180000.0,180000.0,180000.0,180000.0,1.0,1.0
Kelantan,Kota Bahru,2025Q2,semi_detached,20.0,8051000.0,402550.0,357500.0,327500.0,410000.0,2.0,17.0
Kelantan,Kota Bahru,2025Q2,terrace,31.0,9799000.0,316096.77,260000.0,231500.0,460000.0,20.0,30.0
Kelantan,Kota Bahru,2025Q2,townhouse,1.0,550000.0,550000.0,550000.0,550000.0,550000.0,0.0,0.0
Kelantan,Kota Bahru,2025Q3,all,108.0,38792000.0,359185.19,355000.0,259500.0,466500.0,40.0,96.0
Kelantan,Kota Bahru,2025Q3,condo,9.0,1598000.0,177555.56,100000.0,100000.0,250000.0,8.0,9.0
Kelantan,Kota Bahru,2025Q3,detached,45.0,19611000.0,435800.0,441000.0,365000.0,485000.0,6.0,37.0
Kelantan,Kota Bahru,2025Q3,low_cost_flat,1.0,25000.0,25000.0,25000.0,25000.0,25000.0,1.0,1.0
Kelantan,Kota Bahru,2025Q3,low_cost_house,6.0,764000.0,127333.33,132500.0,72500.0,185000.0,6.0,6.0
Kelantan,Kota Bahru,2025Q3,semi_detached,15.0,5622000.0,374800.0,350000.0,322500.0,415000.0,2.0,14.0
Kelantan,Kota Bahru,2025Q3,terrace,32.0,11172000.0,349125.0,300000.0,258000.0,453750.0,17.0,29.0
Kelantan,Kota Bahru,2025Q4,all,137.0,51036000.0,372525.55,360000.0,258000.0,470000.0,52.0,117.0
Kelantan,Kota Bahru,2025Q4,condo,3.0,853000.0,284333.33,310000.0,232500.0,349000.0,1.0,3.0
Kelantan,Kota Bahru,2025Q4,detached,58.0,26709000.0,460500.0,447500.0,362500.0,515000.0,7.0,43.0
Kelantan,Kota Bahru,2025Q4,low_cost_flat,4.0,182000.0,45500.0,42500.0,24750.0,63250.0,4.0,4.0
Kelantan,Kota Bahru,2025Q4,low_cost_house,8.0,1399000.0,174875.0,197500.0,177500.0,200000.0,8.0,8.0
Kelantan,Kota Bahru,2025Q4,semi_detached,21.0,8621000.0,410523.81,380000.0,340000.0,450000.0,3.0,18.0
Kelantan,Kota Bahru,2025Q4,terrace,43.0,13272000.0,308651.16,258000.0,233000.0,335000.0,29.0,41.0
Kelantan,Kota Bahru,2026Q1,all,98.0,36199000.0,369377.55,345000.0,280000.0,450000.0,39.0,85.0
Kelantan,Kota Bahru,2026Q1,cluster,1.0,135000.0,135000.0,135000.0,135000.0,135000.0,1.0,1.0
Kelantan,Kota Bahru,2026Q1,condo,3.0,803000.0,267666.67,240000.0,176500.0,345000.0,2.0,3.0
Kelantan,Kota Bahru,2026Q1,detached,30.0,13869000.0,462300.0,450000.0,410000.0,522500.0,2.0,22.0
Kelantan,Kota Bahru,2026Q1,low_cost_house,3.0,550000.0,183333.33,200000.0,175000.0,200000.0,3.0,3.0
Kelantan,Kota Bahru,2026Q1,semi_detached,22.0,8793000.0,399681.82,394000.0,330000.0,445000.0,3.0,19.0
Kelantan,Kota Bahru,2026Q1,terrace,39.0,12049000.0,308948.72,300000.0,250000.0,315000.0,28.0,37.0
Kelantan,Kota Bahru,2026Q2,all,124.0,48845000.0,393911.29,398000.0,303750.0,462500.0,31.0,109.0
Kelantan,Kota Bahru,2026Q2,cluster,1.0,120000.0,120000.0,120000.0,120000.0,120000.0,1.0,1.0
Kelantan,Kota Bahru,2026Q2,condo,1.0,200000.0,200000.0,200000.0,200000.0,200000.0,1.0,1.0
Kelantan,Kota Bahru,2026Q2,detached,62.0,28016000.0,451870.97,450000.0,384500.0,494000.0,6.0,50.0
Kelantan,Kota Bahru,2026Q2,low_cost_house,1.0,170000.0,170000.0,170000.0,170000.0,170000.0,1.0,1.0
Kelantan,Kota Bahru,2026Q2,semi_detached,29.0,10703000.0,369068.97,360000.0,320000.0,400000.0,3.0,29.0
Kelantan,Kota Bahru,2026Q2,terrace,30.0,9636000.0,321200.0,295000.0,252000.0,359250.0,19.0,27.0
Kelantan,Kuala Krai,2024Q1,all,32.0,8576000.0,268000.0,296500.0,225000.0,314500.0,21.0,31.0
Kelantan,Kuala Krai,2024Q1,detached,6.0,1997000.0,332833.33,359500.0,269750.0,427500.0,2.0,5.0
Kelantan,Kuala Krai,2024Q1,low_cost_flat,2.0,112000.0,56000.0,56000.0,53000.0,59000.0,2.0,2.0
Kelantan,Kuala Krai,2024Q1,low_cost_house,3.0,285000.0,95000.0,70000.0,67500.0,110000.0,3.0,3.0
Kelantan,Kuala Krai,2024Q1,semi_detached,2.0,730000.0,365000.0,365000.0,347500.0,382500.0,0.0,2.0
Kelantan,Kuala Krai,2024Q1,terrace,19.0,5452000.0,286947.37,298000.0,259500.0,304000.0,14.0,19.0
Kelantan,Kuala Krai,2024Q2,all,14.0,3668000.0,262000.0,249500.0,215000.0,316000.0,10.0,14.0
Kelantan,Kuala Krai,2024Q2,detached,1.0,340000.0,340000.0,340000.0,340000.0,340000.0,0.0,1.0
Kelantan,Kuala Krai,2024Q2,low_cost_house,1.0,160000.0,160000.0,160000.0,160000.0,160000.0,1.0,1.0
Kelantan,Kuala Krai,2024Q2,terrace,12.0,3168000.0,264000.0,249500.0,225000.0,304000.0,9.0,12.0
Kelantan,Kuala Krai,2024Q3,all,37.0,9840000.0,265945.95,260000.0,220000.0,338000.0,23.0,37.0
Kelantan,Kuala Krai,2024Q3,detached,6.0,1540000.0,256666.67,255000.0,167500.0,335000.0,4.0,6.0
Kelantan,Kuala Krai,2024Q3,low_cost_house,4.0,460000.0,115000.0,115000.0,77500.0,152500.0,4.0,4.0
Kelantan,Kuala Krai,2024Q3,semi_detached,6.0,2201000.0,366833.33,374000.0,370000.0,378000.0,0.0,6.0
Kelantan,Kuala Krai,2024Q3,terrace,21.0,5639000.0,268523.81,258000.0,246000.0,308000.0,15.0,21.0
Kelantan,Kuala Krai,2024Q4,all,15.0,4067000.0,271133.33,285000.0,250000.0,320000.0,10.0,15.0
Kelantan,Kuala Krai,2024Q4,detached,4.0,1030000.0,257500.0,300000.0,235000.0,322500.0,2.0,4.0
Kelantan,Kuala Krai,2024Q4,low_cost_house,1.0,120000.0,120000.0,120000.0,120000.0,120000.0,1.0,1.0
Kelantan,Kuala Krai,2024Q4,semi_detached,2.0,738000.0,369000.0,369000.0,364500.0,373500.0,0.0,2.0
Kelantan,Kuala Krai,2024Q4,terrace,8.0,2179000.0,272375.0,271500.0,250000.0,298000.0,7.0,8.0
Kelantan,Kuala Krai,2025Q1,all,19.0,5452000.0,286947.37,267000.0,195000.0,338000.0,11.0,18.0
Kelantan,Kuala Krai,2025Q1,detached,7.0,2163000.0,309000.0,200000.0,180000.0,411500.0,4.0,6.0
Kelantan,Kuala Krai,2025Q1,low_cost_house,1.0,134000.0,134000.0,134000.0,134000.0,134000.0,1.0,1.0
Kelantan,Kuala Krai,2025Q1,terrace,11.0,3155000.0,286818.18,298000.0,259000.0,338000.0,6.0,11.0
Kelantan,Kuala Krai,2025Q2,all,24.0,7162000.0,298416.67,299000.0,248750.0,370000.0,13.0,24.0
Kelantan,Kuala Krai,2025Q2,cluster,1.0,320000.0,320000.0,320000.0,320000.0,320000.0,0.0,1.0
Kelantan,Kuala Krai,2025Q2,detached,6.0,2310000.0,385000.0,380000.0,355000.0,397500.0,1.0,6.0
Kelantan,Kuala Krai,2025Q2,low_cost_house,3.0,400000.0,133333.33,130000.0,125000.0,140000.0,3.0,3.0
Kelantan,Kuala Krai,2025Q2,semi_detached,2.0,748000.0,374000.0,374000.0,372000.0,376000.0,0.0,2.0
Kelantan,Kuala Krai,2025Q2,terrace,12.0,3384000.0,282000.0,264500.0,248750.0,308000.0,9.0,12.0
Kelantan,Kuala Krai,2025Q3,all,10.0,2799000.0,279900.0,298000.0,172500.0,362000.0,6.0,10.0
Kelantan,Kuala Krai,2025Q3,detached,2.0,770000.0,385000.0,385000.0,377500.0,392500.0,0.0,2.0
Kelantan,Kuala Krai,2025Q3,low_cost_house,3.0,405000.0,135000.0,135000.0,127500.0,142500.0,3.0,3.0
Kelantan,Kuala Krai,2025Q3,terrace,5.0,1624000.0,324800.0,298000.0,298000.0,338000.0,3.0,5.0
Kelantan,Kuala Krai,2025Q4,all,19.0,6120000.0,322105.26,300000.0,274000.0,354000.0,10.0,18.0
Kelantan,Kuala Krai,2025Q4,detached,2.0,850000.0,425000.0,425000.0,362500.0,487500.0,1.0,1.0
Kelantan,Kuala Krai,2025Q4,low_cost_house,1.0,135000.0,135000.0,135000.0,135000.0,135000.0,1.0,1.0
Kelantan,Kuala Krai,2025Q4,semi_detached,2.0,810000.0,405000.0,405000.0,377500.0,432500.0,0.0,2.0
Kelantan,Kuala Krai,2025Q4,terrace,14.0,4325000.0,308928.57,298000.0,262000.0,338000.0,8.0,14.0
Kelantan,Kuala Krai,2026Q1,all,8.0,2138000.0,267250.0,260000.0,217500.0,321000.0,5.0,8.0
Kelantan,Kuala Krai,2026Q1,detached,2.0,520000.0,260000.0,260000.0,180000.0,340000.0,1.0,2.0
Kelantan,Kuala Krai,2026Q1,semi_detached,1.0,360000.0,360000.0,360000.0,360000.0,360000.0,0.0,1.0
Kelantan,Kuala Krai,2026Q1,terrace,5.0,1258000.0,251600.0,230000.0,220000.0,290000.0,4.0,5.0
Kelantan,Kuala Krai,2026Q2,all,10.0,2546000.0,254600.0,262500.0,155000.0,291000.0,8.0,10.0
Kelantan,Kuala Krai,2026Q2,detached,3.0,1025000.0,341666.67,270000.0,262500.0,385000.0,2.0,3.0
Kelantan,Kuala Krai,2026Q2,low_cost_house,1.0,100000.0,100000.0,100000.0,100000.0,100000.0,1.0,1.0
Kelantan,Kuala Krai,2026Q2,terrace,6.0,1421000.0,236833.33,235000.0,155000.0,291000.0,5.0,6.0
Kelantan,Machang,2024Q1,all,34.0,9807000.0,288441.18,285000.0,212500.0,338750.0,21.0,33.0
Kelantan,Machang,2024Q1,cluster,1.0,335000.0,335000.0,335000.0,335000.0,335000.0,0.0,1.0
Kelantan,Machang,2024Q1,detached,15.0,5074000.0,338266.67,320000.0,294500.0,425000.0,6.0,14.0
Kelantan,Machang,2024Q1,low_cost_house,3.0,565000.0,188333.33,210000.0,150000.0,237500.0,3.0,3.0
Kelantan,Machang,2024Q1,semi_detached,3.0,985000.0,328333.33,299000.0,285000.0,357000.0,2.0,3.0
Kelantan,Machang,2024Q1,terrace,12.0,2848000.0,237333.33,227500.0,158750.0,280000.0,10.0,12.0
Kelantan,Machang,2024Q2,all,38.0,12259000.0,322605.26,331500.0,283750.0,394250.0,15.0,37.0
Kelantan,Machang,2024Q2,detached,25.0,8977000.0,359080.0,340000.0,300000.0,400000.0,9.0,24.0
Kelantan,Machang,2024Q2,low_cost_house,2.0,180000.0,90000.0,90000.0,65000.0,115000.0,2.0,2.0
Kelantan,Machang,2024Q2,semi_detached,5.0,1716000.0,343200.0,349000.0,349000.0,349000.0,0.0,5.0
Kelantan,Machang,2024Q2,terrace,6.0,1386000.0,231000.0,185000.0,158750.0,293750.0,4.0,6.0
Kelantan,Machang,2024Q3,all,50.0,14321000.0,286420.0,296500.0,210000.0,350000.0,28.0,49.0
Kelantan,Machang,2024Q3,detached,28.0,9418000.0,336357.14,347500.0,289750.0,386250.0,9.0,27.0
Kelantan,Machang,2024Q3,low_cost_house,1.0,40000.0,40000.0,40000.0,40000.0,40000.0,1.0,1.0
Kelantan,Machang,2024Q3,semi_detached,6.0,1818000.0,303000.0,305000.0,292500.0,339250.0,3.0,6.0
Kelantan,Machang,2024Q3,terrace,15.0,3045000.0,203000.0,200000.0,185000.0,220000.0,15.0,15.0
Kelantan,Machang,2024Q4,all,28.0,8427000.0,300964.29,322500.0,242500.0,350500.0,13.0,28.0
Kelantan,Machang,2024Q4,detached,16.0,5512000.0,344500.0,350000.0,311250.0,402500.0,4.0,16.0
Kelantan,Machang,2024Q4,low_cost_house,2.0,390000.0,195000.0,195000.0,167500.0,222500.0,2.0,2.0
Kelantan,Machang,2024Q4,semi_detached,3.0,1025000.0,341666.67,346000.0,338000.0,347500.0,0.0,3.0
Kelantan,Machang,2024Q4,terrace,7.0,1500000.0,214285.71,200000.0,182500.0,240000.0,7.0,7.0
Kelantan,Machang,2025Q1,all,25.0,9113000.0,364520.0,350000.0,329000.0,400000.0,3.0,25.0
Kelantan,Machang,2025Q1,detached,22.0,8214000.0,373363.64,375000.0,350000.0,400000.0,1.0,22.0
Kelantan,Machang,2025Q1,semi_detached,3.0,899000.0,299666.67,300000.0,275000.0,324500.0,2.0,3.0
Kelantan,Machang,2025Q2,all,28.0,9097000.0,324892.86,339500.0,280000.0,385000.0,10.0,28.0
Kelantan,Machang,2025Q2,detached,16.0,5784000.0,361500.0,370500.0,298750.0,417500.0,5.0,16.0
Kelantan,Machang,2025Q2,low_cost_house,2.0,195000.0,97500.0,97500.0,91250.0,103750.0,2.0,2.0
Kelantan,Machang,2025Q2,semi_detached,3.0,978000.0,326000.0,349000.0,314500.0,349000.0,1.0,3.0
Kelantan,Machang,2025Q2,terrace,7.0,2140000.0,305714.29,320000.0,285000.0,345000.0,2.0,7.0
Kelantan,Machang,2025Q3,all,32.0,10258000.0,320562.5,325000.0,271250.0,374750.0,11.0,31.0
Kelantan,Machang,2025Q3,detached,19.0,7166000.0,377157.89,335000.0,310000.0,420000.0,3.0,18.0
Kelantan,Machang,2025Q3,low_cost_house,1.0,145000.0,145000.0,145000.0,145000.0,145000.0,1.0,1.0
Kelantan,Machang,2025Q3,semi_detached,2.0,760000.0,380000.0,380000.0,380000.0,380000.0,0.0,2.0
Kelantan,Machang,2025Q3,terrace,10.0,2187000.0,218700.0,186000.0,161250.0,290000.0,7.0,10.0
Kelantan,Machang,2025Q4,all,35.0,10972000.0,313485.71,320000.0,250000.0,390000.0,12.0,34.0
Kelantan,Machang,2025Q4,detached,23.0,8177000.0,355521.74,365000.0,308000.0,425000.0,5.0,22.0
Kelantan,Machang,2025Q4,low_cost_house,1.0,20000.0,20000.0,20000.0,20000.0,20000.0,1.0,1.0
Kelantan,Machang,2025Q4,semi_detached,2.0,550000.0,275000.0,275000.0,237500.0,312500.0,1.0,2.0
Kelantan,Machang,2025Q4,terrace,9.0,2225000.0,247222.22,240000.0,160000.0,320000.0,5.0,9.0
Kelantan,Machang,2026Q1,all,42.0,13108000.0,312095.24,300000.0,247500.0,398000.0,23.0,42.0
Kelantan,Machang,2026Q1,detached,33.0,11213000.0,339787.88,345000.0,280000.0,410000.0,15.0,33.0
Kelantan,Machang,2026Q1,low_cost_house,1.0,180000.0,180000.0,180000.0,180000.0,180000.0,1.0,1.0
Kelantan,Machang,2026Q1,semi_detached,1.0,225000.0,225000.0,225000.0,225000.0,225000.0,1.0,1.0
Kelantan,Machang,2026Q1,terrace,7.0,1490000.0,212857.14,200000.0,170000.0,240000.0,6.0,7.0
Kelantan,Machang,2026Q2,all,33.0,11833000.0,358575.76,360000.0,300000.0,425000.0,11.0,31.0
Kelantan,Machang,2026Q2,detached,28.0,10481000.0,374321.43,385000.0,300000.0,442500.0,8.0,26.0
Kelantan,Machang,2026Q2,semi_detached,4.0,1195000.0,298750.0,315000.0,260000.0,353750.0,2.0,4.0
Kelantan,Machang,2026Q2,terrace,1.0,157000.0,157000.0,157000.0,157000.0,157000.0,1.0,1.0
Kelantan,Pasir Mas,2024Q1,all,53.0,15203000.0,286849.06,308000.0,230000.0,335000.0,25.0,53.0
Kelantan,Pasir Mas,2024Q1,detached,17.0,5986000.0,352117.65,340000.0,320000.0,400000.0,3.0,17.0
Kelantan,Pasir Mas,2024Q1,low_cost_house,2.0,360000.0,180000.0,180000.0,140000.0,220000.0,2.0,2.0
Kelantan,Pasir Mas,2024Q1,semi_detached,4.0,1280000.0,320000.0,300000.0,297500.0,322500.0,3.0,4.0
Kelantan,Pasir Mas,2024Q1,terrace,30.0,7577000.0,252566.67,280000.0,170000.0,308000.0,17.0,30.0
Kelantan,Pasir Mas,2024Q2,all,60.0,17888000.0,298133.33,308000.0,193750.0,381250.0,23.0,60.0
Kelantan,Pasir Mas,2024Q2,detached,22.0,8524000.0,387454.55,395000.0,357500.0,457500.0,4.0,22.0
Kelantan,Pasir Mas,2024Q2,low_cost_house,3.0,460000.0,153333.33,170000.0,140000.0,175000.0,3.0,3.0
Kelantan,Pasir Mas,2024Q2,semi_detached,4.0,1235000.0,308750.0,305000.0,287500.0,326250.0,2.0,4.0
Kelantan,Pasir Mas,2024Q2,terrace,31.0,7669000.0,247387.1,308000.0,168500.0,308000.0,14.0,31.0
Kelantan,Pasir Mas,2024Q3,all,55.0,17325000.0,315000.0,330000.0,232500.0,397500.0,17.0,55.0
Kelantan,Pasir Mas,2024Q3,detached,26.0,10291000.0,395807.69,397500.0,358750.0,450000.0,2.0,26.0
Kelantan,Pasir Mas,2024Q3,low_cost_house,2.0,210000.0,105000.0,105000.0,102500.0,107500.0,2.0,2.0
Kelantan,Pasir Mas,2024Q3,semi_detached,5.0,1601000.0,320200.0,350000.0,302000.0,350000.0,1.0,5.0
Kelantan,Pasir Mas,2024Q3,terrace,22.0,5223000.0,237409.09,232500.0,150000.0,308000.0,12.0,22.0
Kelantan,Pasir Mas,2024Q4,all,37.0,12527000.0,338567.57,335000.0,308000.0,400000.0,9.0,37.0
Kelantan,Pasir Mas,2024Q4,detached,18.0,7195000.0,399722.22,400000.0,342500.0,465000.0,2.0,18.0
Kelantan,Pasir Mas,2024Q4,low_cost_house,3.0,475000.0,158333.33,180000.0,147500.0,180000.0,3.0,3.0
Kelantan,Pasir Mas,2024Q4,semi_detached,5.0,1600000.0,320000.0,320000.0,320000.0,335000.0,1.0,5.0
Kelantan,Pasir Mas,2024Q4,terrace,11.0,3257000.0,296090.91,308000.0,287500.0,313500.0,3.0,11.0
Kelantan,Pasir Mas,2025Q1,all,21.0,6635000.0,315952.38,308000.0,295000.0,378000.0,7.0,21.0
Kelantan,Pasir Mas,2025Q1,detached,9.0,3328000.0,369777.78,380000.0,350000.0,400000.0,1.0,9.0
Kelantan,Pasir Mas,2025Q1,low_cost_house,1.0,180000.0,180000.0,180000.0,180000.0,180000.0,1.0,1.0
Kelantan,Pasir Mas,2025Q1,semi_detached,3.0,950000.0,316666.67,310000.0,305000.0,325000.0,1.0,3.0
Kelantan,Pasir Mas,2025Q1,terrace,8.0,2177000.0,272125.0,301500.0,250000.0,308000.0,4.0,8.0
Kelantan,Pasir Mas,2025Q2,all,36.0,12157000.0,337694.44,350000.0,300000.0,422500.0,10.0,36.0
Kelantan,Pasir Mas,2025Q2,detached,22.0,8910000.0,405000.0,397500.0,355000.0,453750.0,1.0,22.0
Kelantan,Pasir Mas,2025Q2,low_cost_house,1.0,23000.0,23000.0,23000.0,23000.0,23000.0,1.0,1.0
Kelantan,Pasir Mas,2025Q2,semi_detached,4.0,1320000.0,330000.0,330000.0,307500.0,352500.0,1.0,4.0
Kelantan,Pasir Mas,2025Q2,terrace,9.0,1904000.0,211555.56,208000.0,160000.0,230000.0,7.0,9.0
Kelantan,Pasir Mas,2025Q3,all,19.0,6198000.0,326210.53,340000.0,300000.0,365000.0,7.0,19.0
Kelantan,Pasir Mas,2025Q3,detached,11.0,4058000.0,368909.09,360000.0,315000.0,410000.0,3.0,11.0
Kelantan,Pasir Mas,2025Q3,low_cost_house,2.0,265000.0,132500.0,132500.0,101250.0,163750.0,2.0,2.0
Kelantan,Pasir Mas,2025Q3,semi_detached,4.0,1315000.0,328750.0,337500.0,326250.0,340000.0,1.0,4.0
Kelantan,Pasir Mas,2025Q3,terrace,2.0,560000.0,280000.0,280000.0,240000.0,320000.0,1.0,2.0
Kelantan,Pasir Mas,2025Q4,all,34.0,12382000.0,364176.47,361000.0,296250.0,450000.0,10.0,32.0
Kelantan,Pasir Mas,2025Q4,cluster,1.0,200000.0,200000.0,200000.0,200000.0,200000.0,1.0,1.0
Kelantan,Pasir Mas,2025Q4,detached,20.0,8477000.0,423850.0,432500.0,358750.0,472500.0,3.0,18.0
Kelantan,Pasir Mas,2025Q4,semi_detached,6.0,2019000.0,336500.0,347500.0,306250.0,373750.0,2.0,6.0
Kelantan,Pasir Mas,2025Q4,terrace,7.0,1686000.0,240857.14,250000.0,175000.0,308000.0,4.0,7.0
Kelantan,Pasir Mas,2026Q1,all,15.0,5323000.0,354866.67,395000.0,301500.0,410000.0,4.0,15.0
Kelantan,Pasir Mas,2026Q1,detached,8.0,3245000.0,405625.0,410000.0,383750.0,443750.0,1.0,8.0
Kelantan,Pasir Mas,2026Q1,low_cost_house,1.0,155000.0,155000.0,155000.0,155000.0,155000.0,1.0,1.0
Kelantan,Pasir Mas,2026Q1,semi_detached,3.0,1165000.0,388333.33,395000.0,382500.0,397500.0,0.0,3.0
Kelantan,Pasir Mas,2026Q1,terrace,3.0,758000.0,252666.67,260000.0,225000.0,284000.0,2.0,3.0
Kelantan,Pasir Mas,2026Q2,all,24.0,9089000.0,378708.33,405000.0,315000.0,455000.0,6.0,23.0
Kelantan,Pasir Mas,2026Q2,detached,17.0,7369000.0,433470.59,430000.0,400000.0,480000.0,1.0,16.0
Kelantan,Pasir Mas,2026Q2,low_cost_house,1.0,180000.0,180000.0,180000.0,180000.0,180000.0,1.0,1.0
Kelantan,Pasir Mas,2026Q2,semi_detached,3.0,1005000.0,335000.0,330000.0,315000.0,352500.0,1.0,3.0
Kelantan,Pasir Mas,2026Q2,terrace,3.0,535000.0,178333.33,180000.0,142500.0,215000.0,3.0,3.0
Kelantan,Pasir Puteh,2024Q1,all,29.0,7965000.0,274655.17,239000.0,190000.0,380000.0,17.0,29.0
Kelantan,Pasir Puteh,2024Q1,detached,13.0,4620000.0,355384.62,400000.0,330000.0,420000.0,2.0,13.0
Kelantan,Pasir Puteh,2024Q1,semi_detached,4.0,1109000.0,277250.0,275000.0,247250.0,305000.0,3.0,4.0
Kelantan,Pasir Puteh,2024Q1,terrace,12.0,2236000.0,186333.33,187500.0,166000.0,202500.0,12.0,12.0
Kelantan,Pasir Puteh,2024Q2,all,37.0,10223000.0,276297.3,250000.0,198000.0,370000.0,23.0,37.0
Kelantan,Pasir Puteh,2024Q2,detached,17.0,6317000.0,371588.24,370000.0,320000.0,410000.0,4.0,17.0
Kelantan,Pasir Puteh,2024Q2,low_cost_house,1.0,160000.0,160000.0,160000.0,160000.0,160000.0,1.0,1.0
Kelantan,Pasir Puteh,2024Q2,semi_detached,2.0,570000.0,285000.0,285000.0,272500.0,297500.0,1.0,2.0
Kelantan,Pasir Puteh,2024Q2,terrace,17.0,3176000.0,186823.53,198000.0,150000.0,205000.0,17.0,17.0
Kelantan,Pasir Puteh,2024Q3,all,33.0,8289000.0,251181.82,242000.0,198000.0,310000.0,24.0,33.0
Kelantan,Pasir Puteh,2024Q3,detached,10.0,3600000.0,360000.0,325000.0,295000.0,432500.0,3.0,10.0
Kelantan,Pasir Puteh,2024Q3,low_cost_house,2.0,170000.0,85000.0,85000.0,52500.0,117500.0,2.0,2.0
Kelantan,Pasir Puteh,2024Q3,semi_detached,5.0,1500000.0,300000.0,280000.0,260000.0,310000.0,3.0,5.0
Kelantan,Pasir Puteh,2024Q3,terrace,16.0,3019000.0,188687.5,205500.0,175000.0,225000.0,16.0,16.0
Kelantan,Pasir Puteh,2024Q4,all,27.0,8091000.0,299666.67,280000.0,206500.0,392500.0,14.0,27.0
Kelantan,Pasir Puteh,2024Q4,detached,14.0,5340000.0,381428.57,392500.0,342500.0,436250.0,2.0,14.0
Kelantan,Pasir Puteh,2024Q4,low_cost_house,1.0,200000.0,200000.0,200000.0,200000.0,200000.0,1.0,1.0
Kelantan,Pasir Puteh,2024Q4,semi_detached,2.0,579000.0,289500.0,289500.0,269250.0,309750.0,1.0,2.0
Kelantan,Pasir Puteh,2024Q4,terrace,10.0,1972000.0,197200.0,198000.0,192000.0,240750.0,10.0,10.0
Kelantan,Pasir Puteh,2025Q1,all,26.0,7668000.0,294923.08,284500.0,198000.0,377500.0,15.0,25.0
Kelantan,Pasir Puteh,2025Q1,detached,13.0,4840000.0,372307.69,370000.0,320000.0,420000.0,3.0,12.0
Kelantan,Pasir Puteh,2025Q1,low_cost_house,1.0,120000.0,120000.0,120000.0,120000.0,120000.0,1.0,1.0
Kelantan,Pasir Puteh,2025Q1,semi_detached,1.0,430000.0,430000.0,430000.0,430000.0,430000.0,0.0,1.0
Kelantan,Pasir Puteh,2025Q1,terrace,11.0,2278000.0,207090.91,198000.0,184000.0,225500.0,11.0,11.0
Kelantan,Pasir Puteh,2025Q2,all,22.0,6320000.0,287272.73,280000.0,221250.0,345000.0,14.0,22.0
Kelantan,Pasir Puteh,2025Q2,detached,7.0,2627000.0,375285.71,400000.0,340000.0,411000.0,2.0,7.0
Kelantan,Pasir Puteh,2025Q2,semi_detached,7.0,2059000.0,294142.86,290000.0,274500.0,322500.0,4.0,7.0
Kelantan,Pasir Puteh,2025Q2,terrace,8.0,1634000.0,204250.0,198000.0,192250.0,222500.0,8.0,8.0
Kelantan,Pasir Puteh,2025Q3,all,21.0,5510000.0,262380.95,215000.0,198000.0,350000.0,13.0,21.0
Kelantan,Pasir Puteh,2025Q3,detached,5.0,1920000.0,384000.0,400000.0,350000.0,400000.0,0.0,5.0
Kelantan,Pasir Puteh,2025Q3,low_cost_house,2.0,230000.0,115000.0,115000.0,112500.0,117500.0,2.0,2.0
Kelantan,Pasir Puteh,2025Q3,semi_detached,3.0,1095000.0,365000.0,350000.0,337500.0,385000.0,0.0,3.0
Kelantan,Pasir Puteh,2025Q3,terrace,11.0,2265000.0,205909.09,200000.0,198000.0,214000.0,11.0,11.0
Kelantan,Pasir Puteh,2025Q4,all,25.0,6966000.0,278640.0,228000.0,198000.0,380000.0,14.0,25.0
Kelantan,Pasir Puteh,2025Q4,detached,9.0,3450000.0,383333.33,400000.0,380000.0,410000.0,1.0,9.0
Kelantan,Pasir Puteh,2025Q4,low_cost_house,1.0,200000.0,200000.0,200000.0,200000.0,200000.0,1.0,1.0
Kelantan,Pasir Puteh,2025Q4,semi_detached,3.0,990000.0,330000.0,320000.0,320000.0,335000.0,0.0,3.0
Kelantan,Pasir Puteh,2025Q4,terrace,12.0,2326000.0,193833.33,198000.0,193500.0,201000.0,12.0,12.0
Kelantan,Pasir Puteh,2026Q1,all,17.0,4526000.0,266235.29,300000.0,198000.0,350000.0,9.0,17.0
Kelantan,Pasir Puteh,2026Q1,detached,5.0,1779000.0,355800.0,350000.0,350000.0,380000.0,0.0,5.0
Kelantan,Pasir Puteh,2026Q1,low_cost_house,2.0,320000.0,160000.0,160000.0,155000.0,165000.0,2.0,2.0
Kelantan,Pasir Puteh,2026Q1,semi_detached,5.0,1540000.0,308000.0,315000.0,300000.0,325000.0,2.0,5.0
Kelantan,Pasir Puteh,2026Q1,terrace,5.0,887000.0,177400.0,198000.0,140000.0,200000.0,5.0,5.0
Kelantan,Pasir Puteh,2026Q2,all,17.0,6016000.0,353882.35,350000.0,305000.0,400000.0,4.0,17.0
Kelantan,Pasir Puteh,2026Q2,detached,14.0,5080000.0,362857.14,350000.0,308750.0,415000.0,3.0,14.0
Kelantan,Pasir Puteh,2026Q2,terrace,3.0,936000.0,312000.0,338000.0,299000.0,338000.0,1.0,3.0
Kelantan,Tanah Merah,2024Q1,all,42.0,11157000.0,265642.86,272500.0,191250.0,349750.0,27.0,42.0
Kelantan,Tanah Merah,2024Q1,detached,18.0,5895000.0,327500.0,349500.0,299250.0,369750.0,7.0,18.0
Kelantan,Tanah Merah,2024Q1,low_cost_house,1.0,210000.0,210000.0,210000.0,210000.0,210000.0,1.0,1.0
Kelantan,Tanah Merah,2024Q1,semi_detached,2.0,708000.0,354000.0,354000.0,341000.0,367000.0,0.0,2.0
Kelantan,Tanah Merah,2024Q1,terrace,21.0,4344000.0,206857.14,195000.0,168000.0,220000.0,19.0,21.0
Kelantan,Tanah Merah,2024Q2,all,49.0,12105000.0,247040.82,230000.0,160000.0,340000.0,36.0,48.0
Kelantan,Tanah Merah,2024Q2,detached,21.0,7236000.0,344571.43,340000.0,299000.0,400000.0,8.0,20.0
Kelantan,Tanah Merah,2024Q2,low_cost_house,5.0,865000.0,173000.0,170000.0,170000.0,175000.0,5.0,5.0
Kelantan,Tanah Merah,2024Q2,terrace,23.0,4004000.0,174086.96,160000.0,150000.0,178000.0,23.0,23.0
Kelantan,Tanah Merah,2024Q3,all,49.0,14313000.0,292102.04,302000.0,250000.0,365000.0,24.0,49.0
Kelantan,Tanah Merah,2024Q3,detached,27.0,9340000.0,345925.93,340000.0,319000.0,380000.0,6.0,27.0
Kelantan,Tanah Merah,2024Q3,low_cost_house,3.0,415000.0,138333.33,150000.0,125000.0,157500.0,3.0,3.0
Kelantan,Tanah Merah,2024Q3,semi_detached,2.0,655000.0,327500.0,327500.0,303750.0,351250.0,1.0,2.0
Kelantan,Tanah Merah,2024Q3,terrace,17.0,3903000.0,229588.24,258000.0,155000.0,282000.0,14.0,17.0
Kelantan,Tanah Merah,2024Q4,all,28.0,8918000.0,318500.0,350000.0,282000.0,370250.0,9.0,28.0
Kelantan,Tanah Merah,2024Q4,detached,20.0,7216000.0,360800.0,362500.0,333750.0,380000.0,2.0,20.0
Kelantan,Tanah Merah,2024Q4,low_cost_house,1.0,168000.0,168000.0,168000.0,168000.0,168000.0,1.0,1.0
Kelantan,Tanah Merah,2024Q4,semi_detached,1.0,355000.0,355000.0,355000.0,355000.0,355000.0,0.0,1.0
Kelantan,Tanah Merah,2024Q4,terrace,6.0,1179000.0,196500.0,202500.0,157500.0,249750.0,6.0,6.0
Kelantan,Tanah Merah,2025Q1,all,22.0,6376000.0,289818.18,302500.0,201250.0,366500.0,11.0,22.0
Kelantan,Tanah Merah,2025Q1,detached,13.0,4733000.0,364076.92,350000.0,330000.0,385000.0,2.0,13.0
Kelantan,Tanah Merah,2025Q1,terrace,9.0,1643000.0,182555.56,170000.0,150000.0,205000.0,9.0,9.0
Kelantan,Tanah Merah,2025Q2,all,38.0,11682000.0,307421.05,318000.0,268500.0,360000.0,15.0,37.0
Kelantan,Tanah Merah,2025Q2,detached,16.0,5396000.0,337250.0,337000.0,308750.0,365000.0,3.0,16.0
Kelantan,Tanah Merah,2025Q2,low_cost_house,1.0,110000.0,110000.0,110000.0,110000.0,110000.0,1.0,1.0
Kelantan,Tanah Merah,2025Q2,terrace,21.0,6176000.0,294095.24,286000.0,175000.0,358000.0,11.0,20.0
Kelantan,Tanah Merah,2025Q3,all,26.0,7744000.0,297846.15,310000.0,253750.0,350000.0,13.0,26.0
Kelantan,Tanah Merah,2025Q3,detached,14.0,4966000.0,354714.29,350000.0,332250.0,393750.0,2.0,14.0
Kelantan,Tanah Merah,2025Q3,low_cost_house,2.0,300000.0,150000.0,150000.0,130000.0,170000.0,2.0,2.0
Kelantan,Tanah Merah,2025Q3,semi_detached,1.0,250000.0,250000.0,250000.0,250000.0,250000.0,1.0,1.0
Kelantan,Tanah Merah,2025Q3,terrace,9.0,2228000.0,247555.56,280000.0,240000.0,285000.0,8.0,9.0
Kelantan,Tanah Merah,2025Q4,all,24.0,8207000.0,341958.33,371000.0,309250.0,400000.0,6.0,24.0
Kelantan,Tanah Merah,2025Q4,detached,16.0,6238000.0,389875.0,382500.0,371500.0,402500.0,1.0,16.0
Kelantan,Tanah Merah,2025Q4,low_cost_house,3.0,467000.0,155666.67,160000.0,148500.0,165000.0,3.0,3.0
Kelantan,Tanah Merah,2025Q4,terrace,5.0,1502000.0,300400.0,323000.0,268000.0,323000.0,2.0,5.0
Kelantan,Tanah Merah,2026Q1,all,25.0,7973000.0,318920.0,342000.0,250000.0,390000.0,10.0,25.0
Kelantan,Tanah Merah,2026Q1,detached,16.0,6017000.0,376062.5,380000.0,341500.0,402500.0,2.0,16.0
Kelantan,Tanah Merah,2026Q1,low_cost_house,2.0,310000.0,155000.0,155000.0,152500.0,157500.0,2.0,2.0
Kelantan,Tanah Merah,2026Q1,terrace,7.0,1646000.0,235142.86,250000.0,174000.0,285000.0,6.0,7.0
Kelantan,Tanah Merah,2026Q2,all,35.0,11224000.0,320685.71,330000.0,232500.0,400000.0,16.0,34.0
Kelantan,Tanah Merah,2026Q2,detached,21.0,7859000.0,374238.1,388000.0,315000.0,435000.0,5.0,20.0
Kelantan,Tanah Merah,2026Q2,low_cost_house,1.0,168000.0,168000.0,168000.0,168000.0,168000.0,1.0,1.0
Kelantan,Tanah Merah,2026Q2,semi_detached,1.0,380000.0,380000.0,380000.0,380000.0,380000.0,0.0,1.0
Kelantan,Tanah Merah,2026Q2,terrace,12.0,2817000.0,234750.0,229500.0,195000.0,262500.0,10.0,12.0
Kelantan,Tumpat,2024Q1,all,37.0,13826000.0,373675.68,360000.0,320000.0,420000.0,7.0,34.0
Kelantan,Tumpat,2024Q1,detached,16.0,6808000.0,425500.0,394000.0,360000.0,420000.0,0.0,15.0
Kelantan,Tumpat,2024Q1,low_cost_house,3.0,334000.0,111333.33,150000.0,87000.0,155000.0,3.0,3.0
Kelantan,Tumpat,2024Q1,semi_detached,13.0,4901000.0,377000.0,350000.0,315000.0,440000.0,2.0,12.0
Kelantan,Tumpat,2024Q1,terrace,5.0,1783000.0,356600.0,325000.0,300000.0,350000.0,2.0,4.0
Kelantan,Tumpat,2024Q2,all,40.0,14510000.0,362750.0,351500.0,298750.0,450000.0,11.0,37.0
Kelantan,Tumpat,2024Q2,detached,13.0,5715000.0,439615.38,450000.0,388000.0,480000.0,2.0,12.0
Kelantan,Tumpat,2024Q2,low_cost_house,3.0,163000.0,54333.33,24000.0,24000.0,69500.0,3.0,3.0
Kelantan,Tumpat,2024Q2,semi_detached,13.0,4729000.0,363769.23,330000.0,310000.0,360000.0,2.0,12.0
Kelantan,Tumpat,2024Q2,terrace,11.0,3903000.0,354818.18,325000.0,260000.0,395000.0,4.0,10.0
Kelantan,Tumpat,2024Q3,all,36.0,12082000.0,335611.11,345000.0,261250.0,384500.0,13.0,35.0
Kelantan,Tumpat,2024Q3,cluster,1.0,188000.0,188000.0,188000.0,188000.0,188000.0,1.0,1.0
Kelantan,Tumpat,2024Q3,detached,13.0,5187000.0,399000.0,398000.0,360000.0,420000.0,1.0,13.0
Kelantan,Tumpat,2024Q3,semi_detached,12.0,4390000.0,365833.33,345000.0,325000.0,361000.0,1.0,11.0
Kelantan,Tumpat,2024Q3,terrace,10.0,2317000.0,231700.0,228500.0,212500.0,248750.0,10.0,10.0
Kelantan,Tumpat,2024Q4,all,43.0,16823000.0,391232.56,400000.0,300000.0,479000.0,12.0,39.0
Kelantan,Tumpat,2024Q4,detached,16.0,7182000.0,448875.0,454000.0,381250.0,485000.0,0.0,14.0
Kelantan,Tumpat,2024Q4,semi_detached,11.0,4530000.0,411818.18,400000.0,341000.0,440000.0,1.0,10.0
Kelantan,Tumpat,2024Q4,terrace,16.0,5111000.0,319437.5,270000.0,238750.0,420000.0,11.0,15.0
Kelantan,Tumpat,2025Q1,all,23.0,8579000.0,373000.0,380000.0,310000.0,469000.0,6.0,22.0
Kelantan,Tumpat,2025Q1,detached,7.0,2877000.0,411000.0,395000.0,376000.0,440000.0,0.0,7.0
Kelantan,Tumpat,2025Q1,semi_detached,5.0,1940000.0,388000.0,380000.0,350000.0,390000.0,0.0,5.0
Kelantan,Tumpat,2025Q1,terrace,11.0,3762000.0,342000.0,300000.0,222500.0,488000.0,6.0,10.0
Kelantan,Tumpat,2025Q2,all,36.0,12932000.0,359222.22,352500.0,288750.0,450000.0,14.0,33.0
Kelantan,Tumpat,2025Q2,detached,9.0,3648000.0,405333.33,380000.0,363000.0,450000.0,2.0,7.0
Kelantan,Tumpat,2025Q2,semi_detached,10.0,3768000.0,376800.0,360000.0,337500.0,412500.0,2.0,10.0
Kelantan,Tumpat,2025Q2,terrace,17.0,5516000.0,324470.59,300000.0,248000.0,430000.0,10.0,16.0
Kelantan,Tumpat,2025Q3,all,38.0,13101000.0,344763.16,354500.0,268500.0,400000.0,13.0,36.0
Kelantan,Tumpat,2025Q3,detached,13.0,5697000.0,438230.77,400000.0,380000.0,500000.0,0.0,11.0
Kelantan,Tumpat,2025Q3,low_cost_house,3.0,493000.0,164333.33,170000.0,160000.0,171500.0,3.0,3.0
Kelantan,Tumpat,2025Q3,semi_detached,11.0,3903000.0,354818.18,350000.0,327500.0,380000.0,1.0,11.0
Kelantan,Tumpat,2025Q3,terrace,11.0,3008000.0,273454.55,250000.0,230000.0,295000.0,9.0,11.0
Kelantan,Tumpat,2025Q4,all,33.0,12065000.0,365606.06,380000.0,310000.0,440000.0,8.0,31.0
Kelantan,Tumpat,2025Q4,detached,11.0,4860000.0,441818.18,450000.0,415000.0,477500.0,0.0,10.0
Kelantan,Tumpat,2025Q4,low_cost_house,1.0,30000.0,30000.0,30000.0,30000.0,30000.0,1.0,1.0
Kelantan,Tumpat,2025Q4,semi_detached,12.0,4629000.0,385750.0,370000.0,343750.0,402500.0,1.0,11.0
Kelantan,Tumpat,2025Q4,terrace,9.0,2546000.0,282888.89,270000.0,260000.0,330000.0,6.0,9.0
Kelantan,Tumpat,2026Q1,all,13.0,6416000.0,493538.46,500000.0,350000.0,561000.0,2.0,8.0
Kelantan,Tumpat,2026Q1,detached,8.0,4851000.0,606375.0,555500.0,472500.0,662500.0,0.0,3.0
Kelantan,Tumpat,2026Q1,low_cost_house,1.0,170000.0,170000.0,170000.0,170000.0,170000.0,1.0,1.0
Kelantan,Tumpat,2026Q1,semi_detached,3.0,1180000.0,393333.33,360000.0,340000.0,430000.0,0.0,3.0
Kelantan,Tumpat,2026Q1,terrace,1.0,215000.0,215000.0,215000.0,215000.0,215000.0,1.0,1.0
Kelantan,Tumpat,2026Q2,all,24.0,9330000.0,388750.0,430000.0,315000.0,480000.0,6.0,22.0
Kelantan,Tumpat,2026Q2,detached,16.0,7185000.0,449062.5,460000.0,440000.0,492500.0,1.0,14.0
Kelantan,Tumpat,2026Q2,low_cost_house,1.0,30000.0,30000.0,30000.0,30000.0,30000.0,1.0,1.0
Kelantan,Tumpat,2026Q2,semi_detached,2.0,680000.0,340000.0,340000.0,330000.0,350000.0,0.0,2.0
Kelantan,Tumpat,2026Q2,terrace,5.0,1435000.0,287000.0,300000.0,265000.0,300000.0,4.0,5.0
Melaka,Alor Gajah,2024Q1,all,211.0,60153000.0,285085.31,265000.0,180500.0,360000.0,139.0,201.0
Melaka,Alor Gajah,2024Q1,cluster,1.0,500000.0,500000.0,500000.0,500000.0,500000.0,0.0,1.0
Melaka,Alor Gajah,2024Q1,detached,10.0,5054000.0,505400.0,472500.0,415250.0,509750.0,1.0,7.0
Melaka,Alor Gajah,2024Q1,low_cost_flat,1.0,120000.0,120000.0,120000.0,120000.0,120000.0,1.0,1.0
Melaka,Alor Gajah,2024Q1,low_cost_house,41.0,5876000.0,143317.07,135000.0,123000.0,160000.0,41.0,41.0
Melaka,Alor Gajah,2024Q1,semi_detached,27.0,12213000.0,452333.33,430000.0,390000.0,485000.0,1.0,22.0
Melaka,Alor Gajah,2024Q1,terrace,128.0,35960000.0,280937.5,269000.0,223750.0,311000.0,92.0,126.0
Melaka,Alor Gajah,2024Q1,townhouse,3.0,430000.0,143333.33,120000.0,117500.0,157500.0,3.0,3.0
Melaka,Alor Gajah,2024Q2,all,237.0,76541000.0,322957.81,289000.0,220000.0,399000.0,140.0,216.0
Melaka,Alor Gajah,2024Q2,cluster,3.0,1325000.0,441666.67,465000.0,412500.0,482500.0,0.0,3.0
Melaka,Alor Gajah,2024Q2,condo,2.0,161000.0,80500.0,80500.0,75750.0,85250.0,2.0,2.0
Melaka,Alor Gajah,2024Q2,detached,19.0,12676000.0,667157.89,500000.0,440000.0,575000.0,1.0,10.0
Melaka,Alor Gajah,2024Q2,low_cost_house,29.0,4686000.0,161586.21,155000.0,150000.0,170000.0,29.0,29.0
Melaka,Alor Gajah,2024Q2,semi_detached,29.0,14491000.0,499689.66,422000.0,410000.0,600000.0,1.0,18.0
Melaka,Alor Gajah,2024Q2,terrace,150.0,42327000.0,282180.0,270000.0,231250.0,325000.0,102.0,149.0
Melaka,Alor Gajah,2024Q2,townhouse,5.0,875000.0,175000.0,170000.0,157000.0,210000.0,5.0,5.0
Melaka,Alor Gajah,2024Q3,all,238.0,65130000.0,273655.46,250000.0,165000.0,339000.0,161.0,223.0
Melaka,Alor Gajah,2024Q3,cluster,3.0,1330000.0,443333.33,500000.0,415000.0,500000.0,0.0,3.0
Melaka,Alor Gajah,2024Q3,condo,3.0,438000.0,146000.0,150000.0,119000.0,175000.0,3.0,3.0
Melaka,Alor Gajah,2024Q3,detached,7.0,4179000.0,597000.0,500000.0,460000.0,605500.0,0.0,4.0
Melaka,Alor Gajah,2024Q3,flat,1.0,85000.0,85000.0,85000.0,85000.0,85000.0,1.0,1.0
Melaka,Alor Gajah,2024Q3,low_cost_flat,3.0,295000.0,98333.33,95000.0,92500.0,102500.0,3.0,3.0
Melaka,Alor Gajah,2024Q3,low_cost_house,36.0,4843000.0,134527.78,138000.0,107500.0,162500.0,36.0,36.0
Melaka,Alor Gajah,2024Q3,semi_detached,29.0,13828000.0,476827.59,440000.0,400000.0,536000.0,2.0,21.0
Melaka,Alor Gajah,2024Q3,terrace,149.0,39217000.0,263201.34,260000.0,200000.0,320000.0,109.0,145.0
Melaka,Alor Gajah,2024Q3,townhouse,7.0,915000.0,130714.29,120000.0,112500.0,147500.0,7.0,7.0
Melaka,Alor Gajah,2024Q4,all,71.0,18906000.0,266281.69,220000.0,162000.0,325000.0,51.0,67.0
Melaka,Alor Gajah,2024Q4,cluster,1.0,529000.0,529000.0,529000.0,529000.0,529000.0,0.0,0.0
Melaka,Alor Gajah,2024Q4,detached,4.0,3178000.0,794500.0,719000.0,425250.0,1088250.0,0.0,2.0
Melaka,Alor Gajah,2024Q4,low_cost_flat,1.0,110000.0,110000.0,110000.0,110000.0,110000.0,1.0,1.0
Melaka,Alor Gajah,2024Q4,low_cost_house,15.0,1950000.0,130000.0,150000.0,71500.0,174500.0,15.0,15.0
Melaka,Alor Gajah,2024Q4,semi_detached,7.0,2968000.0,424000.0,410000.0,403500.0,413000.0,0.0,6.0
Melaka,Alor Gajah,2024Q4,terrace,42.0,9986000.0,237761.9,230000.0,168250.0,280000.0,34.0,42.0
Melaka,Alor Gajah,2024Q4,townhouse,1.0,185000.0,185000.0,185000.0,185000.0,185000.0,1.0,1.0
Melaka,Alor Gajah,2025Q1,all,59.0,14185000.0,240423.73,220000.0,161000.0,300000.0,44.0,59.0
Melaka,Alor Gajah,2025Q1,condo,3.0,324000.0,108000.0,66000.0,63000.0,132000.0,3.0,3.0
Melaka,Alor Gajah,2025Q1,low_cost_house,11.0,1618000.0,147090.91,150000.0,136500.0,165000.0,11.0,11.0
Melaka,Alor Gajah,2025Q1,semi_detached,3.0,1305000.0,435000.0,437000.0,422500.0,448500.0,0.0,3.0
Melaka,Alor Gajah,2025Q1,terrace,41.0,10788000.0,263121.95,265000.0,200000.0,310000.0,29.0,41.0
Melaka,Alor Gajah,2025Q1,townhouse,1.0,150000.0,150000.0,150000.0,150000.0,150000.0,1.0,1.0
Melaka,Alor Gajah,2025Q2,all,40.0,10628000.0,265700.0,245000.0,177500.0,329000.0,28.0,39.0
Melaka,Alor Gajah,2025Q2,low_cost_house,8.0,1340000.0,167500.0,165000.0,142500.0,195000.0,8.0,8.0
Melaka,Alor Gajah,2025Q2,semi_detached,4.0,1924000.0,481000.0,456000.0,444500.0,492500.0,0.0,3.0
Melaka,Alor Gajah,2025Q2,terrace,28.0,7364000.0,263000.0,255000.0,222250.0,321500.0,20.0,28.0
Melaka,Alor Gajah,2025Q3,all,94.0,27586000.0,293468.09,260500.0,192500.0,378000.0,56.0,92.0
Melaka,Alor Gajah,2025Q3,condo,1.0,205000.0,205000.0,205000.0,205000.0,205000.0,1.0,1.0
Melaka,Alor Gajah,2025Q3,detached,4.0,2430000.0,607500.0,467500.0,387500.0,687500.0,1.0,3.0
Melaka,Alor Gajah,2025Q3,low_cost_flat,1.0,130000.0,130000.0,130000.0,130000.0,130000.0,1.0,1.0
Melaka,Alor Gajah,2025Q3,low_cost_house,9.0,1413000.0,157000.0,187000.0,135000.0,190000.0,9.0,9.0
Melaka,Alor Gajah,2025Q3,semi_detached,10.0,4178000.0,417800.0,454500.0,393250.0,480750.0,1.0,10.0
Melaka,Alor Gajah,2025Q3,terrace,68.0,19100000.0,280882.35,265000.0,201000.0,329250.0,42.0,67.0
Melaka,Alor Gajah,2025Q3,townhouse,1.0,130000.0,130000.0,130000.0,130000.0,130000.0,1.0,1.0
Melaka,Alor Gajah,2025Q4,all,87.0,25866000.0,297310.34,289000.0,212500.0,354500.0,46.0,82.0
Melaka,Alor Gajah,2025Q4,cluster,2.0,1002000.0,501000.0,501000.0,495500.0,506500.0,0.0,1.0
Melaka,Alor Gajah,2025Q4,condo,1.0,93000.0,93000.0,93000.0,93000.0,93000.0,1.0,1.0
Melaka,Alor Gajah,2025Q4,detached,2.0,890000.0,445000.0,445000.0,427500.0,462500.0,0.0,2.0
Melaka,Alor Gajah,2025Q4,low_cost_house,9.0,1495000.0,166111.11,155000.0,150000.0,200000.0,9.0,9.0
Melaka,Alor Gajah,2025Q4,semi_detached,11.0,5160000.0,469090.91,456000.0,437500.0,509000.0,0.0,7.0
Melaka,Alor Gajah,2025Q4,terrace,62.0,17226000.0,277838.71,284500.0,222500.0,329750.0,36.0,62.0
Melaka,Alor Gajah,2026Q1,all,43.0,13586000.0,315953.49,300000.0,247500.0,400000.0,23.0,42.0
Melaka,Alor Gajah,2026Q1,cluster,1.0,515000.0,515000.0,515000.0,515000.0,515000.0,0.0,0.0
Melaka,Alor Gajah,2026Q1,condo,1.0,80000.0,80000.0,80000.0,80000.0,80000.0,1.0,1.0
Melaka,Alor Gajah,2026Q1,detached,3.0,1330000.0,443333.33,500000.0,415000.0,500000.0,0.0,3.0
Melaka,Alor Gajah,2026Q1,low_cost_house,4.0,640000.0,160000.0,155000.0,146250.0,168750.0,4.0,4.0
Melaka,Alor Gajah,2026Q1,semi_detached,7.0,3008000.0,429714.29,410000.0,392500.0,469500.0,0.0,7.0
Melaka,Alor Gajah,2026Q1,terrace,26.0,7853000.0,302038.46,289000.0,260000.0,329750.0,17.0,26.0
Melaka,Alor Gajah,2026Q1,townhouse,1.0,160000.0,160000.0,160000.0,160000.0,160000.0,1.0,1.0
Melaka,Alor Gajah,2026Q2,all,70.0,20026000.0,286085.71,270000.0,182500.0,360000.0,46.0,66.0
Melaka,Alor Gajah,2026Q2,cluster,1.0,678000.0,678000.0,678000.0,678000.0,678000.0,0.0,0.0
Melaka,Alor Gajah,2026Q2,condo,3.0,542000.0,180666.67,205000.0,166500.0,207000.0,3.0,3.0
Melaka,Alor Gajah,2026Q2,detached,2.0,480000.0,240000.0,240000.0,170000.0,310000.0,1.0,2.0
Melaka,Alor Gajah,2026Q2,low_cost_house,14.0,2185000.0,156071.43,165000.0,123750.0,178750.0,14.0,14.0
Melaka,Alor Gajah,2026Q2,semi_detached,4.0,1919000.0,479750.0,412000.0,390000.0,501750.0,0.0,3.0
Melaka,Alor Gajah,2026Q2,terrace,43.0,13546000.0,315023.26,292000.0,232000.0,362500.0,25.0,41.0
Melaka,Alor Gajah,2026Q2,townhouse,3.0,676000.0,225333.33,278000.0,190500.0,286500.0,3.0,3.0
Melaka,Jasin,2024Q1,all,313.0,82335000.0,263051.12,235000.0,180000.0,312000.0,228.0,294.0
Melaka,Jasin,2024Q1,cluster,16.0,7196000.0,449750.0,432000.0,390750.0,487000.0,0.0,12.0
Melaka,Jasin,2024Q1,detached,7.0,4277000.0,611000.0,626000.0,544000.0,741500.0,1.0,2.0
Melaka,Jasin,2024Q1,low_cost_house,45.0,5435000.0,120777.78,120000.0,90000.0,140000.0,45.0,45.0
Melaka,Jasin,2024Q1,semi_detached,15.0,7363000.0,490866.67,436000.0,368500.0,490000.0,1.0,12.0
Melaka,Jasin,2024Q1,terrace,229.0,57984000.0,253205.24,240000.0,180000.0,289000.0,180.0,222.0
Melaka,Jasin,2024Q1,townhouse,1.0,80000.0,80000.0,80000.0,80000.0,80000.0,1.0,1.0
Melaka,Jasin,2024Q2,all,335.0,96391000.0,287734.33,270000.0,180000.0,360000.0,211.0,314.0
Melaka,Jasin,2024Q2,cluster,19.0,8018000.0,422000.0,423000.0,380000.0,444000.0,0.0,18.0
Melaka,Jasin,2024Q2,detached,13.0,7522000.0,578615.38,629000.0,563000.0,673000.0,2.0,3.0
Melaka,Jasin,2024Q2,low_cost_house,42.0,5535000.0,131785.71,134000.0,107250.0,158750.0,42.0,42.0
Melaka,Jasin,2024Q2,semi_detached,28.0,11759000.0,419964.29,378500.0,360000.0,430250.0,0.0,25.0
Melaka,Jasin,2024Q2,terrace,233.0,63557000.0,272776.82,263000.0,189000.0,304000.0,167.0,226.0
Melaka,Jasin,2024Q3,all,307.0,96170000.0,313257.33,280000.0,182000.0,389500.0,178.0,270.0
Melaka,Jasin,2024Q3,cluster,29.0,12348000.0,425793.1,418000.0,390000.0,455000.0,1.0,26.0
Melaka,Jasin,2024Q3,detached,29.0,19129000.0,659620.69,632000.0,543000.0,783000.0,1.0,2.0
Melaka,Jasin,2024Q3,low_cost_house,39.0,5293000.0,135717.95,140000.0,119000.0,150000.0,39.0,39.0
Melaka,Jasin,2024Q3,semi_detached,15.0,6796000.0,453066.67,413000.0,384500.0,458500.0,0.0,13.0
Melaka,Jasin,2024Q3,terrace,194.0,52494000.0,270587.63,266000.0,200000.0,304000.0,136.0,189.0
Melaka,Jasin,2024Q3,townhouse,1.0,110000.0,110000.0,110000.0,110000.0,110000.0,1.0,1.0
Melaka,Jasin,2024Q4,all,131.0,42777000.0,326541.98,290000.0,200000.0,398500.0,68.0,114.0
Melaka,Jasin,2024Q4,cluster,8.0,3108000.0,388500.0,394500.0,367000.0,403750.0,0.0,8.0
Melaka,Jasin,2024Q4,detached,6.0,4262000.0,710333.33,677500.0,632000.0,726750.0,0.0,0.0
Melaka,Jasin,2024Q4,low_cost_house,14.0,2156000.0,154000.0,152500.0,141250.0,176250.0,14.0,14.0
Melaka,Jasin,2024Q4,semi_detached,12.0,5510000.0,459166.67,410000.0,396750.0,422000.0,0.0,11.0
Melaka,Jasin,2024Q4,terrace,91.0,27741000.0,304846.15,266000.0,204000.0,342000.0,54.0,81.0
Melaka,Jasin,2025Q1,all,100.0,32415000.0,324150.0,304000.0,190000.0,401250.0,48.0,90.0
Melaka,Jasin,2025Q1,cluster,7.0,3044000.0,434857.14,435000.0,405500.0,457500.0,0.0,6.0
Melaka,Jasin,2025Q1,detached,6.0,3629000.0,604833.33,620500.0,540000.0,699500.0,1.0,1.0
Melaka,Jasin,2025Q1,low_cost_house,6.0,1025000.0,170833.33,165000.0,120000.0,210000.0,6.0,6.0
Melaka,Jasin,2025Q1,semi_detached,16.0,7390000.0,461875.0,411500.0,401500.0,471750.0,0.0,13.0
Melaka,Jasin,2025Q1,terrace,65.0,17327000.0,266569.23,260000.0,182000.0,322000.0,41.0,64.0
Melaka,Jasin,2025Q2,all,86.0,25511000.0,296639.53,273500.0,188250.0,380250.0,49.0,80.0
Melaka,Jasin,2025Q2,cluster,3.0,1320000.0,440000.0,448000.0,429000.0,455000.0,0.0,3.0
Melaka,Jasin,2025Q2,detached,4.0,2285000.0,571250.0,626500.0,536250.0,661500.0,0.0,1.0
Melaka,Jasin,2025Q2,low_cost_house,8.0,1353000.0,169125.0,172500.0,147500.0,190000.0,8.0,8.0
Melaka,Jasin,2025Q2,semi_detached,6.0,2722000.0,453666.67,400000.0,397000.0,405250.0,0.0,5.0
Melaka,Jasin,2025Q2,terrace,65.0,17831000.0,274323.08,257000.0,189000.0,318000.0,41.0,63.0
Melaka,Jasin,2025Q3,all,190.0,58564000.0,308231.58,301500.0,182000.0,375000.0,95.0,172.0
Melaka,Jasin,2025Q3,cluster,11.0,5154000.0,468545.45,459000.0,423500.0,509000.0,0.0,8.0
Melaka,Jasin,2025Q3,detached,4.0,2360000.0,590000.0,610000.0,545750.0,654250.0,0.0,1.0
Melaka,Jasin,2025Q3,low_cost_house,14.0,2231000.0,159357.14,150000.0,132500.0,180000.0,14.0,14.0
Melaka,Jasin,2025Q3,semi_detached,21.0,9411000.0,448142.86,408000.0,377000.0,436000.0,1.0,18.0
Melaka,Jasin,2025Q3,terrace,140.0,39408000.0,281485.71,285000.0,180750.0,337500.0,80.0,131.0
Melaka,Jasin,2025Q4,all,132.0,42825000.0,324431.82,314500.0,207500.0,355500.0,61.0,118.0
Melaka,Jasin,2025Q4,cluster,3.0,1366000.0,455333.33,459000.0,453500.0,459000.0,0.0,3.0
Melaka,Jasin,2025Q4,detached,9.0,5455000.0,606111.11,660000.0,543000.0,683000.0,1.0,2.0
Melaka,Jasin,2025Q4,low_cost_house,7.0,1050000.0,150000.0,140000.0,115000.0,170000.0,7.0,7.0
Melaka,Jasin,2025Q4,semi_detached,11.0,6301000.0,572818.18,462000.0,431000.0,521000.0,0.0,7.0
Melaka,Jasin,2025Q4,terrace,102.0,28653000.0,280911.76,291500.0,205250.0,337000.0,53.0,99.0
Melaka,Jasin,2026Q1,all,46.0,15587000.0,338847.83,314500.0,252500.0,372500.0,22.0,40.0
Melaka,Jasin,2026Q1,cluster,1.0,524000.0,524000.0,524000.0,524000.0,524000.0,0.0,0.0
Melaka,Jasin,2026Q1,detached,5.0,3293000.0,658600.0,772000.0,520000.0,799000.0,1.0,1.0
Melaka,Jasin,2026Q1,low_cost_house,6.0,1090000.0,181666.67,170000.0,162500.0,177500.0,6.0,6.0
Melaka,Jasin,2026Q1,semi_detached,7.0,2854000.0,407714.29,400000.0,372500.0,443000.0,0.0,7.0
Melaka,Jasin,2026Q1,terrace,27.0,7826000.0,289851.85,289000.0,256500.0,337000.0,15.0,26.0
Melaka,Jasin,2026Q2,all,82.0,27562000.0,336121.95,292500.0,231250.0,433750.0,42.0,71.0
Melaka,Jasin,2026Q2,cluster,5.0,2346000.0,469200.0,448000.0,448000.0,478000.0,0.0,4.0
Melaka,Jasin,2026Q2,condo,1.0,118000.0,118000.0,118000.0,118000.0,118000.0,1.0,1.0
Melaka,Jasin,2026Q2,detached,2.0,1717000.0,858500.0,858500.0,815250.0,901750.0,0.0,0.0
Melaka,Jasin,2026Q2,low_cost_house,11.0,1921000.0,174636.36,200000.0,145000.0,222500.0,11.0,11.0
Melaka,Jasin,2026Q2,semi_detached,11.0,5140000.0,467272.73,450000.0,425500.0,510500.0,0.0,8.0
Melaka,Jasin,2026Q2,terrace,51.0,16200000.0,317647.06,283000.0,248500.0,341000.0,29.0,46.0
Melaka,Jasin,2026Q2,townhouse,1.0,120000.0,120000.0,120000.0,120000.0,120000.0,1.0,1.0
Melaka,Melaka Tengah,2024Q1,all,702.0,256323000.0,365132.48,300000.0,235000.0,428750.0,367.0,601.0
Melaka,Melaka Tengah,2024Q1,cluster,12.0,4685000.0,390416.67,453000.0,287750.0,467250.0,3.0,9.0
Melaka,Melaka Tengah,2024Q1,condo,68.0,18039000.0,265279.41,252000.0,160000.0,312500.0,50.0,65.0
Melaka,Melaka Tengah,2024Q1,detached,28.0,34648000.0,1237428.57,707500.0,530000.0,1187500.0,1.0,6.0
Melaka,Melaka Tengah,2024Q1,flat,16.0,2283000.0,142687.5,130000.0,123750.0,171250.0,16.0,16.0
Melaka,Melaka Tengah,2024Q1,low_cost_flat,23.0,2127000.0,92478.26,85000.0,71500.0,118000.0,23.0,23.0
Melaka,Melaka Tengah,2024Q1,low_cost_house,38.0,6957000.0,183078.95,185000.0,150000.0,220000.0,38.0,38.0
Melaka,Melaka Tengah,2024Q1,semi_detached,64.0,37250000.0,582031.25,545000.0,398750.0,674250.0,0.0,26.0
Melaka,Melaka Tengah,2024Q1,terrace,433.0,146699000.0,338796.77,300000.0,260000.0,400000.0,219.0,398.0
Melaka,Melaka Tengah,2024Q1,townhouse,20.0,3635000.0,181750.0,157500.0,138750.0,180000.0,17.0,20.0
Melaka,Melaka Tengah,2024Q2,all,697.0,245652000.0,352441.89,305000.0,230000.0,435000.0,343.0,591.0
Melaka,Melaka Tengah,2024Q2,cluster,14.0,6406000.0,457571.43,453000.0,401250.0,477500.0,0.0,11.0
Melaka,Melaka Tengah,2024Q2,condo,93.0,23321000.0,250763.44,230000.0,160000.0,330000.0,67.0,91.0
Melaka,Melaka Tengah,2024Q2,detached,30.0,21889000.0,729633.33,707500.0,570750.0,850000.0,1.0,5.0
Melaka,Melaka Tengah,2024Q2,flat,8.0,1243000.0,155375.0,149000.0,118750.0,200000.0,8.0,8.0
Melaka,Melaka Tengah,2024Q2,low_cost_flat,30.0,2480000.0,82666.67,82500.0,60500.0,110000.0,30.0,30.0
Melaka,Melaka Tengah,2024Q2,low_cost_house,49.0,9399000.0,191816.33,180000.0,160000.0,215000.0,46.0,49.0
Melaka,Melaka Tengah,2024Q2,semi_detached,59.0,33816000.0,573152.54,500000.0,422000.0,664500.0,2.0,30.0
Melaka,Melaka Tengah,2024Q2,terrace,399.0,144393000.0,361887.22,320000.0,270000.0,417000.0,175.0,352.0
Melaka,Melaka Tengah,2024Q2,townhouse,15.0,2705000.0,180333.33,160000.0,145000.0,170000.0,14.0,15.0
Melaka,Melaka Tengah,2024Q3,all,627.0,217801000.0,347370.02,300000.0,234500.0,430000.0,314.0,545.0
Melaka,Melaka Tengah,2024Q3,cluster,24.0,10804000.0,450166.67,453000.0,398750.0,468000.0,0.0,20.0
Melaka,Melaka Tengah,2024Q3,condo,58.0,14213000.0,245051.72,200000.0,156250.0,337250.0,39.0,58.0
Melaka,Melaka Tengah,2024Q3,detached,24.0,17225000.0,717708.33,622500.0,545000.0,835000.0,1.0,6.0
Melaka,Melaka Tengah,2024Q3,flat,16.0,2452000.0,153250.0,160000.0,130000.0,176250.0,16.0,16.0
Melaka,Melaka Tengah,2024Q3,low_cost_flat,19.0,1428000.0,75157.89,70000.0,47000.0,94500.0,19.0,19.0
Melaka,Melaka Tengah,2024Q3,low_cost_house,50.0,9435000.0,188700.0,180000.0,150000.0,220000.0,50.0,50.0
Melaka,Melaka Tengah,2024Q3,semi_detached,60.0,35880000.0,598000.0,490000.0,421500.0,676250.0,1.0,32.0
Melaka,Melaka Tengah,2024Q3,terrace,355.0,122887000.0,346160.56,310000.0,270000.0,406000.0,167.0,323.0
Melaka,Melaka Tengah,2024Q3,townhouse,21.0,3477000.0,165571.43,165000.0,150000.0,190000.0,21.0,21.0
Melaka,Melaka Tengah,2024Q4,all,259.0,100526000.0,388131.27,323000.0,250000.0,452500.0,112.0,223.0
Melaka,Melaka Tengah,2024Q4,cluster,8.0,3800000.0,475000.0,468000.0,437250.0,481500.0,0.0,7.0
Melaka,Melaka Tengah,2024Q4,condo,23.0,5903000.0,256652.17,240000.0,158500.0,366500.0,16.0,23.0
Melaka,Melaka Tengah,2024Q4,detached,12.0,12076000.0,1006333.33,902500.0,595000.0,1350000.0,2.0,2.0
Melaka,Melaka Tengah,2024Q4,flat,1.0,162000.0,162000.0,162000.0,162000.0,162000.0,1.0,1.0
Melaka,Melaka Tengah,2024Q4,low_cost_flat,7.0,877000.0,125285.71,118000.0,106000.0,142500.0,7.0,7.0
Melaka,Melaka Tengah,2024Q4,low_cost_house,22.0,4169000.0,189500.0,189000.0,170000.0,213750.0,22.0,22.0
Melaka,Melaka Tengah,2024Q4,semi_detached,35.0,19421000.0,554885.71,450000.0,416000.0,535000.0,1.0,25.0
Melaka,Melaka Tengah,2024Q4,terrace,142.0,52037000.0,366457.75,320000.0,274250.0,439000.0,56.0,127.0
Melaka,Melaka Tengah,2024Q4,townhouse,9.0,2081000.0,231222.22,218000.0,140000.0,290000.0,7.0,9.0
Melaka,Melaka Tengah,2025Q1,all,178.0,61465000.0,345308.99,300000.0,250000.0,439000.0,92.0,158.0
Melaka,Melaka Tengah,2025Q1,cluster,3.0,1283000.0,427666.67,468000.0,407500.0,468000.0,0.0,3.0
Melaka,Melaka Tengah,2025Q1,condo,22.0,5786000.0,263000.0,272500.0,176250.0,350000.0,14.0,22.0
Melaka,Melaka Tengah,2025Q1,detached,9.0,5484000.0,609333.33,500000.0,495000.0,650000.0,1.0,6.0
Melaka,Melaka Tengah,2025Q1,flat,4.0,380000.0,95000.0,80000.0,66250.0,108750.0,4.0,4.0
Melaka,Melaka Tengah,2025Q1,low_cost_flat,2.0,185000.0,92500.0,92500.0,67250.0,117750.0,2.0,2.0
Melaka,Melaka Tengah,2025Q1,low_cost_house,9.0,1910000.0,212222.22,210000.0,190000.0,240000.0,9.0,9.0
Melaka,Melaka Tengah,2025Q1,semi_detached,15.0,7586000.0,505733.33,450000.0,390000.0,525000.0,1.0,11.0
Melaka,Melaka Tengah,2025Q1,terrace,109.0,37901000.0,347715.6,300000.0,260000.0,420000.0,57.0,96.0
Melaka,Melaka Tengah,2025Q1,townhouse,5.0,950000.0,190000.0,160000.0,130000.0,180000.0,4.0,5.0
Melaka,Melaka Tengah,2025Q2,all,211.0,77013000.0,364990.52,318000.0,264000.0,445000.0,96.0,178.0
Melaka,Melaka Tengah,2025Q2,cluster,7.0,3280000.0,468571.43,453000.0,451500.0,507000.0,0.0,5.0
Melaka,Melaka Tengah,2025Q2,condo,21.0,5799000.0,276142.86,280000.0,182000.0,350000.0,13.0,21.0
Melaka,Melaka Tengah,2025Q2,detached,5.0,3430000.0,686000.0,450000.0,390000.0,980000.0,0.0,3.0
Melaka,Melaka Tengah,2025Q2,flat,6.0,975000.0,162500.0,145000.0,132500.0,191250.0,6.0,6.0
Melaka,Melaka Tengah,2025Q2,low_cost_flat,1.0,220000.0,220000.0,220000.0,220000.0,220000.0,1.0,1.0
Melaka,Melaka Tengah,2025Q2,low_cost_house,13.0,2659000.0,204538.46,200000.0,170000.0,240000.0,13.0,13.0
Melaka,Melaka Tengah,2025Q2,semi_detached,21.0,12391000.0,590047.62,531000.0,430000.0,616000.0,0.0,10.0
Melaka,Melaka Tengah,2025Q2,terrace,131.0,47059000.0,359229.01,315000.0,280000.0,404000.0,58.0,113.0
Melaka,Melaka Tengah,2025Q2,townhouse,6.0,1200000.0,200000.0,170000.0,152500.0,232500.0,5.0,6.0
Melaka,Melaka Tengah,2025Q3,all,241.0,91179000.0,378336.1,360000.0,270000.0,480000.0,87.0,201.0
Melaka,Melaka Tengah,2025Q3,cluster,13.0,5804000.0,446461.54,448000.0,415000.0,468000.0,0.0,12.0
Melaka,Melaka Tengah,2025Q3,condo,21.0,6204000.0,295428.57,295000.0,200000.0,360000.0,12.0,20.0
Melaka,Melaka Tengah,2025Q3,detached,9.0,5340000.0,593333.33,510000.0,480000.0,650000.0,1.0,4.0
Melaka,Melaka Tengah,2025Q3,flat,2.0,205000.0,102500.0,102500.0,93750.0,111250.0,2.0,2.0
Melaka,Melaka Tengah,2025Q3,low_cost_flat,7.0,291000.0,41571.43,34000.0,28000.0,42000.0,7.0,7.0
Melaka,Melaka Tengah,2025Q3,low_cost_house,13.0,2735000.0,210384.62,200000.0,190000.0,230000.0,12.0,13.0
Melaka,Melaka Tengah,2025Q3,semi_detached,27.0,16403000.0,607518.52,535000.0,470000.0,650000.0,1.0,12.0
Melaka,Melaka Tengah,2025Q3,terrace,141.0,52942000.0,375475.18,355000.0,280000.0,460000.0,44.0,123.0
Melaka,Melaka Tengah,2025Q3,townhouse,8.0,1255000.0,156875.0,147500.0,137500.0,166250.0,8.0,8.0
Melaka,Melaka Tengah,2025Q4,all,255.0,92252000.0,361772.55,325000.0,260000.0,416500.0,113.0,230.0
Melaka,Melaka Tengah,2025Q4,cluster,10.0,3878000.0,387800.0,410000.0,373000.0,454750.0,1.0,10.0
Melaka,Melaka Tengah,2025Q4,condo,34.0,9745000.0,286617.65,321000.0,180000.0,345500.0,15.0,34.0
Melaka,Melaka Tengah,2025Q4,detached,8.0,6700000.0,837500.0,642500.0,537500.0,1225000.0,0.0,2.0
Melaka,Melaka Tengah,2025Q4,flat,2.0,395000.0,197500.0,197500.0,166250.0,228750.0,2.0,2.0
Melaka,Melaka Tengah,2025Q4,low_cost_flat,4.0,650000.0,162500.0,160000.0,160000.0,162500.0,4.0,4.0
Melaka,Melaka Tengah,2025Q4,low_cost_house,13.0,2700000.0,207692.31,220000.0,170000.0,250000.0,13.0,13.0
Melaka,Melaka Tengah,2025Q4,semi_detached,11.0,7595000.0,690454.55,420000.0,376000.0,672500.0,0.0,7.0
Melaka,Melaka Tengah,2025Q4,terrace,165.0,59239000.0,359024.24,325000.0,280000.0,422000.0,70.0,150.0
Melaka,Melaka Tengah,2025Q4,townhouse,8.0,1350000.0,168750.0,160000.0,150000.0,181250.0,8.0,8.0
Melaka,Melaka Tengah,2026Q1,all,159.0,54101000.0,340257.86,308000.0,204000.0,422500.0,74.0,136.0
Melaka,Melaka Tengah,2026Q1,cluster,4.0,1575000.0,393750.0,400000.0,386250.0,407500.0,0.0,4.0
Melaka,Melaka Tengah,2026Q1,condo,17.0,4048000.0,238117.65,175000.0,150000.0,350000.0,12.0,17.0
Melaka,Melaka Tengah,2026Q1,detached,6.0,4125000.0,687500.0,637500.0,533750.0,760000.0,0.0,1.0
Melaka,Melaka Tengah,2026Q1,flat,5.0,665000.0,133000.0,105000.0,100000.0,170000.0,5.0,5.0
Melaka,Melaka Tengah,2026Q1,low_cost_flat,6.0,391000.0,65166.67,53500.0,42000.0,76250.0,6.0,6.0
Melaka,Melaka Tengah,2026Q1,low_cost_house,10.0,2035000.0,203500.0,185000.0,180000.0,200000.0,9.0,10.0
Melaka,Melaka Tengah,2026Q1,semi_detached,14.0,8334000.0,595285.71,575000.0,490500.0,737000.0,0.0,5.0
Melaka,Melaka Tengah,2026Q1,terrace,91.0,32183000.0,353659.34,312000.0,290000.0,420000.0,36.0,82.0
Melaka,Melaka Tengah,2026Q1,townhouse,6.0,745000.0,124166.67,127500.0,100500.0,146250.0,6.0,6.0
Melaka,Melaka Tengah,2026Q2,all,225.0,79153000.0,351791.11,320000.0,230000.0,431000.0,97.0,189.0
Melaka,Melaka Tengah,2026Q2,cluster,8.0,3539000.0,442375.0,441500.0,400000.0,468000.0,0.0,7.0
Melaka,Melaka Tengah,2026Q2,condo,26.0,6694000.0,257461.54,251500.0,161250.0,336500.0,14.0,26.0
Melaka,Melaka Tengah,2026Q2,detached,8.0,5760000.0,720000.0,565000.0,427500.0,775000.0,2.0,4.0
Melaka,Melaka Tengah,2026Q2,flat,4.0,411000.0,102750.0,111500.0,84500.0,129750.0,4.0,4.0
Melaka,Melaka Tengah,2026Q2,low_cost_flat,17.0,1556000.0,91529.41,90000.0,42000.0,140000.0,17.0,17.0
Melaka,Melaka Tengah,2026Q2,low_cost_house,17.0,3965000.0,233235.29,230000.0,185000.0,250000.0,14.0,17.0
Melaka,Melaka Tengah,2026Q2,semi_detached,20.0,11495000.0,574750.0,500000.0,450000.0,710000.0,0.0,11.0
Melaka,Melaka Tengah,2026Q2,terrace,114.0,44151000.0,387289.47,336500.0,299250.0,430250.0,35.0,92.0
Melaka,Melaka Tengah,2026Q2,townhouse,11.0,1582000.0,143818.18,160000.0,124500.0,170000.0,11.0,11.0
Negeri Sembilan,Jelebu,2024Q1,all,11.0,2274000.0,206727.27,237000.0,100000.0,285000.0,9.0,11.0
Negeri Sembilan,Jelebu,2024Q1,detached,3.0,600000.0,200000.0,190000.0,150000.0,245000.0,3.0,3.0
Negeri Sembilan,Jelebu,2024Q1,low_cost_house,1.0,74000.0,74000.0,74000.0,74000.0,74000.0,1.0,1.0
Negeri Sembilan,Jelebu,2024Q1,semi_detached,2.0,680000.0,340000.0,340000.0,335000.0,345000.0,0.0,2.0
Negeri Sembilan,Jelebu,2024Q1,terrace,5.0,920000.0,184000.0,237000.0,90000.0,243000.0,5.0,5.0
Negeri Sembilan,Jelebu,2024Q2,all,16.0,2821000.0,176312.5,178500.0,90000.0,247250.0,15.0,16.0
Negeri Sembilan,Jelebu,2024Q2,detached,2.0,630000.0,315000.0,315000.0,287500.0,342500.0,1.0,2.0
Negeri Sembilan,Jelebu,2024Q2,low_cost_house,4.0,615000.0,153750.0,128500.0,82500.0,199750.0,4.0,4.0
Negeri Sembilan,Jelebu,2024Q2,terrace,10.0,1576000.0,157600.0,140000.0,90000.0,229750.0,10.0,10.0
Negeri Sembilan,Jelebu,2024Q3,all,21.0,3923000.0,186809.52,180000.0,120000.0,243000.0,19.0,21.0
Negeri Sembilan,Jelebu,2024Q3,detached,3.0,850000.0,283333.33,310000.0,245000.0,335000.0,1.0,3.0
Negeri Sembilan,Jelebu,2024Q3,low_cost_house,7.0,1014000.0,144857.14,149000.0,115000.0,165000.0,7.0,7.0
Negeri Sembilan,Jelebu,2024Q3,terrace,11.0,2059000.0,187181.82,180000.0,122500.0,246500.0,11.0,11.0
Negeri Sembilan,Jelebu,2024Q4,all,3.0,510000.0,170000.0,150000.0,130000.0,200000.0,3.0,3.0
Negeri Sembilan,Jelebu,2024Q4,detached,1.0,150000.0,150000.0,150000.0,150000.0,150000.0,1.0,1.0
Negeri Sembilan,Jelebu,2024Q4,low_cost_house,2.0,360000.0,180000.0,180000.0,145000.0,215000.0,2.0,2.0
Negeri Sembilan,Jelebu,2025Q1,all,8.0,2179000.0,272375.0,275000.0,222500.0,310000.0,6.0,8.0
Negeri Sembilan,Jelebu,2025Q1,detached,2.0,600000.0,300000.0,300000.0,300000.0,300000.0,2.0,2.0
Negeri Sembilan,Jelebu,2025Q1,low_cost_house,2.0,340000.0,170000.0,170000.0,155000.0,185000.0,2.0,2.0
Negeri Sembilan,Jelebu,2025Q1,semi_detached,2.0,759000.0,379500.0,379500.0,359750.0,399250.0,0.0,2.0
Negeri Sembilan,Jelebu,2025Q1,terrace,2.0,480000.0,240000.0,240000.0,235000.0,245000.0,2.0,2.0
Negeri Sembilan,Jelebu,2025Q2,all,8.0,1630000.0,203750.0,175000.0,120000.0,262500.0,6.0,8.0
Negeri Sembilan,Jelebu,2025Q2,low_cost_house,1.0,150000.0,150000.0,150000.0,150000.0,150000.0,1.0,1.0
Negeri Sembilan,Jelebu,2025Q2,semi_detached,1.0,400000.0,400000.0,400000.0,400000.0,400000.0,0.0,1.0
Negeri Sembilan,Jelebu,2025Q2,terrace,6.0,1080000.0,180000.0,165000.0,100000.0,230000.0,5.0,6.0
Negeri Sembilan,Jelebu,2025Q3,all,4.0,770000.0,192500.0,172500.0,155000.0,210000.0,4.0,4.0
Negeri Sembilan,Jelebu,2025Q3,detached,1.0,185000.0,185000.0,185000.0,185000.0,185000.0,1.0,1.0
Negeri Sembilan,Jelebu,2025Q3,low_cost_house,2.0,300000.0,150000.0,150000.0,145000.0,155000.0,2.0,2.0
Negeri Sembilan,Jelebu,2025Q3,terrace,1.0,285000.0,285000.0,285000.0,285000.0,285000.0,1.0,1.0
Negeri Sembilan,Jelebu,2025Q4,all,8.0,1560000.0,195000.0,145000.0,120000.0,287500.0,6.0,8.0
Negeri Sembilan,Jelebu,2025Q4,detached,1.0,90000.0,90000.0,90000.0,90000.0,90000.0,1.0,1.0
Negeri Sembilan,Jelebu,2025Q4,low_cost_house,4.0,510000.0,127500.0,135000.0,120000.0,142500.0,4.0,4.0
Negeri Sembilan,Jelebu,2025Q4,terrace,3.0,960000.0,320000.0,340000.0,305000.0,345000.0,1.0,3.0
Negeri Sembilan,Jelebu,2026Q1,all,1.0,125000.0,125000.0,125000.0,125000.0,125000.0,1.0,1.0
Negeri Sembilan,Jelebu,2026Q1,low_cost_house,1.0,125000.0,125000.0,125000.0,125000.0,125000.0,1.0,1.0
Negeri Sembilan,Jelebu,2026Q2,all,7.0,1090000.0,155714.29,95000.0,90000.0,217500.0,7.0,7.0
Negeri Sembilan,Jelebu,2026Q2,detached,1.0,95000.0,95000.0,95000.0,95000.0,95000.0,1.0,1.0
Negeri Sembilan,Jelebu,2026Q2,terrace,6.0,995000.0,165833.33,132500.0,90000.0,238750.0,6.0,6.0
Negeri Sembilan,Jempol,2024Q1,all,64.0,19033000.0,297390.62,251500.0,191250.0,344500.0,42.0,57.0
Negeri Sembilan,Jempol,2024Q1,detached,3.0,1610000.0,536666.67,250000.0,205000.0,725000.0,2.0,2.0
Negeri Sembilan,Jempol,2024Q1,low_cost_flat,3.0,195000.0,65000.0,70000.0,57500.0,75000.0,3.0,3.0
Negeri Sembilan,Jempol,2024Q1,low_cost_house,9.0,1195000.0,132777.78,130000.0,80000.0,180000.0,9.0,9.0
Negeri Sembilan,Jempol,2024Q1,semi_detached,12.0,5203000.0,433583.33,384000.0,359500.0,492500.0,0.0,10.0
Negeri Sembilan,Jempol,2024Q1,terrace,37.0,10830000.0,292702.7,253000.0,237000.0,300000.0,28.0,33.0
Negeri Sembilan,Jempol,2024Q2,all,75.0,21984000.0,293120.0,249000.0,200000.0,335000.0,54.0,66.0
Negeri Sembilan,Jempol,2024Q2,detached,1.0,130000.0,130000.0,130000.0,130000.0,130000.0,1.0,1.0
Negeri Sembilan,Jempol,2024Q2,low_cost_flat,2.0,165000.0,82500.0,82500.0,81250.0,83750.0,2.0,2.0
Negeri Sembilan,Jempol,2024Q2,low_cost_house,8.0,1035000.0,129375.0,150000.0,91250.0,165000.0,8.0,8.0
Negeri Sembilan,Jempol,2024Q2,semi_detached,11.0,5058000.0,459818.18,470000.0,379000.0,570500.0,2.0,6.0
Negeri Sembilan,Jempol,2024Q2,terrace,53.0,15596000.0,294264.15,249000.0,224000.0,300000.0,41.0,49.0
Negeri Sembilan,Jempol,2024Q3,all,64.0,17335000.0,270859.38,249000.0,182250.0,310500.0,46.0,59.0
Negeri Sembilan,Jempol,2024Q3,detached,1.0,150000.0,150000.0,150000.0,150000.0,150000.0,1.0,1.0
Negeri Sembilan,Jempol,2024Q3,low_cost_flat,5.0,408000.0,81600.0,70000.0,60000.0,70000.0,5.0,5.0
Negeri Sembilan,Jempol,2024Q3,low_cost_house,12.0,2010000.0,167500.0,180000.0,139500.0,195500.0,12.0,12.0
Negeri Sembilan,Jempol,2024Q3,semi_detached,6.0,2578000.0,429666.67,419000.0,389500.0,465000.0,0.0,5.0
Negeri Sembilan,Jempol,2024Q3,terrace,40.0,12189000.0,304725.0,260000.0,239250.0,310500.0,28.0,36.0
Negeri Sembilan,Jempol,2024Q4,all,29.0,7653000.0,263896.55,250000.0,237000.0,300000.0,22.0,28.0
Negeri Sembilan,Jempol,2024Q4,detached,1.0,150000.0,150000.0,150000.0,150000.0,150000.0,1.0,1.0
Negeri Sembilan,Jempol,2024Q4,low_cost_flat,3.0,253000.0,84333.33,88000.0,79000.0,91500.0,3.0,3.0
Negeri Sembilan,Jempol,2024Q4,low_cost_house,2.0,225000.0,112500.0,112500.0,91250.0,133750.0,2.0,2.0
Negeri Sembilan,Jempol,2024Q4,semi_detached,3.0,1505000.0,501666.67,499000.0,439500.0,562500.0,0.0,2.0
Negeri Sembilan,Jempol,2024Q4,terrace,20.0,5520000.0,276000.0,250000.0,246750.0,300000.0,16.0,20.0
Negeri Sembilan,Jempol,2025Q1,all,38.0,12006000.0,315947.37,267500.0,200000.0,370000.0,23.0,32.0
Negeri Sembilan,Jempol,2025Q1,cluster,1.0,101000.0,101000.0,101000.0,101000.0,101000.0,1.0,1.0
Negeri Sembilan,Jempol,2025Q1,detached,2.0,1490000.0,745000.0,745000.0,477500.0,1012500.0,1.0,1.0
Negeri Sembilan,Jempol,2025Q1,low_cost_flat,1.0,63000.0,63000.0,63000.0,63000.0,63000.0,1.0,1.0
Negeri Sembilan,Jempol,2025Q1,low_cost_house,6.0,752000.0,125333.33,90000.0,80000.0,142750.0,6.0,6.0
Negeri Sembilan,Jempol,2025Q1,semi_detached,9.0,4762000.0,529111.11,540000.0,420000.0,620000.0,0.0,4.0
Negeri Sembilan,Jempol,2025Q1,terrace,19.0,4838000.0,254631.58,250000.0,230500.0,305000.0,14.0,19.0
Negeri Sembilan,Jempol,2025Q2,all,21.0,5707000.0,271761.9,230000.0,155000.0,350000.0,13.0,19.0
Negeri Sembilan,Jempol,2025Q2,detached,1.0,720000.0,720000.0,720000.0,720000.0,720000.0,0.0,0.0
Negeri Sembilan,Jempol,2025Q2,low_cost_house,4.0,635000.0,158750.0,152500.0,147500.0,163750.0,4.0,4.0
Negeri Sembilan,Jempol,2025Q2,semi_detached,2.0,720000.0,360000.0,360000.0,360000.0,360000.0,0.0,2.0
Negeri Sembilan,Jempol,2025Q2,terrace,14.0,3632000.0,259428.57,250000.0,187500.0,309750.0,9.0,13.0
Negeri Sembilan,Jempol,2025Q3,all,30.0,8399000.0,279966.67,250000.0,172500.0,346250.0,19.0,28.0
Negeri Sembilan,Jempol,2025Q3,low_cost_house,9.0,1349000.0,149888.89,157000.0,150000.0,167000.0,9.0,9.0
Negeri Sembilan,Jempol,2025Q3,semi_detached,4.0,2240000.0,560000.0,565000.0,397500.0,727500.0,0.0,2.0
Negeri Sembilan,Jempol,2025Q3,terrace,17.0,4810000.0,282941.18,255000.0,230000.0,335000.0,10.0,17.0
Negeri Sembilan,Jempol,2025Q4,all,32.0,9173000.0,286656.25,300000.0,223000.0,322500.0,18.0,30.0
Negeri Sembilan,Jempol,2025Q4,low_cost_house,3.0,506000.0,168666.67,166000.0,143000.0,193000.0,3.0,3.0
Negeri Sembilan,Jempol,2025Q4,semi_detached,5.0,1806000.0,361200.0,389000.0,350000.0,400000.0,1.0,4.0
Negeri Sembilan,Jempol,2025Q4,terrace,24.0,6861000.0,285875.0,300000.0,241250.0,319000.0,14.0,23.0
Negeri Sembilan,Jempol,2026Q1,all,10.0,3634000.0,363400.0,370000.0,232500.0,482500.0,4.0,8.0
Negeri Sembilan,Jempol,2026Q1,detached,1.0,240000.0,240000.0,240000.0,240000.0,240000.0,1.0,1.0
Negeri Sembilan,Jempol,2026Q1,low_cost_flat,1.0,80000.0,80000.0,80000.0,80000.0,80000.0,1.0,1.0
Negeri Sembilan,Jempol,2026Q1,semi_detached,4.0,2120000.0,530000.0,525000.0,482500.0,572500.0,0.0,2.0
Negeri Sembilan,Jempol,2026Q1,terrace,4.0,1194000.0,298500.0,285000.0,228500.0,355000.0,2.0,4.0
Negeri Sembilan,Jempol,2026Q2,all,23.0,6754000.0,293652.17,250000.0,231000.0,297500.0,18.0,21.0
Negeri Sembilan,Jempol,2026Q2,detached,1.0,939000.0,939000.0,939000.0,939000.0,939000.0,0.0,0.0
Negeri Sembilan,Jempol,2026Q2,low_cost_house,5.0,1180000.0,236000.0,160000.0,100000.0,420000.0,3.0,5.0
Negeri Sembilan,Jempol,2026Q2,terrace,17.0,4635000.0,272647.06,250000.0,237000.0,280000.0,15.0,16.0
Negeri Sembilan,Kuala Pilah,2024Q1,all,74.0,21253000.0,287202.7,251500.0,181250.0,398000.0,43.0,70.0
Negeri Sembilan,Kuala Pilah,2024Q1,condo,1.0,90000.0,90000.0,90000.0,90000.0,90000.0,1.0,1.0
Negeri Sembilan,Kuala Pilah,2024Q1,detached,5.0,1930000.0,386000.0,455000.0,400000.0,500000.0,1.0,4.0
Negeri Sembilan,Kuala Pilah,2024Q1,flat,2.0,147000.0,73500.0,73500.0,60250.0,86750.0,2.0,2.0
Negeri Sembilan,Kuala Pilah,2024Q1,low_cost_house,6.0,559000.0,93166.67,93500.0,82500.0,99250.0,6.0,6.0
Negeri Sembilan,Kuala Pilah,2024Q1,semi_detached,8.0,3994000.0,499250.0,454000.0,432750.0,619750.0,0.0,5.0
Negeri Sembilan,Kuala Pilah,2024Q1,terrace,52.0,14533000.0,279480.77,250000.0,218750.0,350500.0,33.0,52.0
Negeri Sembilan,Kuala Pilah,2024Q2,all,59.0,17496000.0,296542.37,270000.0,199500.0,377000.0,36.0,55.0
Negeri Sembilan,Kuala Pilah,2024Q2,condo,1.0,100000.0,100000.0,100000.0,100000.0,100000.0,1.0,1.0
Negeri Sembilan,Kuala Pilah,2024Q2,detached,4.0,1786000.0,446500.0,440500.0,419500.0,467500.0,0.0,3.0
Negeri Sembilan,Kuala Pilah,2024Q2,flat,1.0,100000.0,100000.0,100000.0,100000.0,100000.0,1.0,1.0
Negeri Sembilan,Kuala Pilah,2024Q2,low_cost_house,4.0,539000.0,134750.0,145000.0,123750.0,156000.0,4.0,4.0
Negeri Sembilan,Kuala Pilah,2024Q2,semi_detached,6.0,2964000.0,494000.0,468000.0,383500.0,605750.0,0.0,4.0
Negeri Sembilan,Kuala Pilah,2024Q2,terrace,43.0,12007000.0,279232.56,259000.0,237000.0,314000.0,30.0,42.0
Negeri Sembilan,Kuala Pilah,2024Q3,all,53.0,12134000.0,228943.4,250000.0,99000.0,312000.0,38.0,52.0
Negeri Sembilan,Kuala Pilah,2024Q3,detached,2.0,938000.0,469000.0,469000.0,444500.0,493500.0,0.0,1.0
Negeri Sembilan,Kuala Pilah,2024Q3,low_cost_house,6.0,752000.0,125333.33,126000.0,121250.0,136750.0,6.0,6.0
Negeri Sembilan,Kuala Pilah,2024Q3,semi_detached,5.0,2154000.0,430800.0,440000.0,389000.0,463000.0,0.0,5.0
Negeri Sembilan,Kuala Pilah,2024Q3,terrace,40.0,8290000.0,207250.0,250000.0,87500.0,284500.0,32.0,40.0
Negeri Sembilan,Kuala Pilah,2024Q4,all,17.0,5245000.0,308529.41,310000.0,190000.0,398000.0,8.0,15.0
Negeri Sembilan,Kuala Pilah,2024Q4,low_cost_house,4.0,530000.0,132500.0,130000.0,80000.0,182500.0,4.0,4.0
Negeri Sembilan,Kuala Pilah,2024Q4,semi_detached,2.0,1073000.0,536500.0,536500.0,492250.0,580750.0,0.0,1.0
Negeri Sembilan,Kuala Pilah,2024Q4,terrace,11.0,3642000.0,331090.91,332000.0,274000.0,398000.0,4.0,10.0
Negeri Sembilan,Kuala Pilah,2025Q1,all,19.0,4535000.0,238684.21,265000.0,127500.0,302000.0,14.0,19.0
Negeri Sembilan,Kuala Pilah,2025Q1,cluster,1.0,306000.0,306000.0,306000.0,306000.0,306000.0,0.0,1.0
Negeri Sembilan,Kuala Pilah,2025Q1,detached,1.0,200000.0,200000.0,200000.0,200000.0,200000.0,1.0,1.0
Negeri Sembilan,Kuala Pilah,2025Q1,low_cost_flat,2.0,180000.0,90000.0,90000.0,90000.0,90000.0,2.0,2.0
Negeri Sembilan,Kuala Pilah,2025Q1,low_cost_house,1.0,110000.0,110000.0,110000.0,110000.0,110000.0,1.0,1.0
Negeri Sembilan,Kuala Pilah,2025Q1,terrace,14.0,3739000.0,267071.43,269000.0,244750.0,323500.0,10.0,14.0
Negeri Sembilan,Kuala Pilah,2025Q2,all,12.0,3689000.0,307416.67,275000.0,210000.0,350750.0,8.0,10.0
Negeri Sembilan,Kuala Pilah,2025Q2,low_cost_house,1.0,130000.0,130000.0,130000.0,130000.0,130000.0,1.0,1.0
Negeri Sembilan,Kuala Pilah,2025Q2,semi_detached,2.0,1241000.0,620500.0,620500.0,620250.0,620750.0,0.0,0.0
Negeri Sembilan,Kuala Pilah,2025Q2,terrace,9.0,2318000.0,257555.56,270000.0,230000.0,300000.0,7.0,9.0
Negeri Sembilan,Kuala Pilah,2025Q3,all,21.0,4240000.0,201904.76,170000.0,110000.0,268000.0,18.0,21.0
Negeri Sembilan,Kuala Pilah,2025Q3,condo,1.0,110000.0,110000.0,110000.0,110000.0,110000.0,1.0,1.0
Negeri Sembilan,Kuala Pilah,2025Q3,low_cost_house,6.0,608000.0,101333.33,80000.0,80000.0,123500.0,6.0,6.0
Negeri Sembilan,Kuala Pilah,2025Q3,terrace,14.0,3522000.0,251571.43,257500.0,182500.0,295000.0,11.0,14.0
Negeri Sembilan,Kuala Pilah,2025Q4,all,18.0,4820000.0,267777.78,247000.0,116250.0,375750.0,13.0,16.0
Negeri Sembilan,Kuala Pilah,2025Q4,detached,2.0,1010000.0,505000.0,505000.0,482500.0,527500.0,0.0,1.0
Negeri Sembilan,Kuala Pilah,2025Q4,low_cost_house,4.0,390000.0,97500.0,95000.0,80000.0,112500.0,4.0,4.0
Negeri Sembilan,Kuala Pilah,2025Q4,terrace,12.0,3420000.0,285000.0,264000.0,218750.0,325250.0,9.0,11.0
Negeri Sembilan,Kuala Pilah,2026Q1,all,12.0,3974000.0,331166.67,389500.0,231250.0,444500.0,5.0,12.0
Negeri Sembilan,Kuala Pilah,2026Q1,condo,1.0,110000.0,110000.0,110000.0,110000.0,110000.0,1.0,1.0
Negeri Sembilan,Kuala Pilah,2026Q1,detached,2.0,899000.0,449500.0,449500.0,449250.0,449750.0,0.0,2.0
Negeri Sembilan,Kuala Pilah,2026Q1,semi_detached,1.0,389000.0,389000.0,389000.0,389000.0,389000.0,0.0,1.0
Negeri Sembilan,Kuala Pilah,2026Q1,terrace,8.0,2576000.0,322000.0,327000.0,231250.0,404750.0,4.0,8.0
Negeri Sembilan,Kuala Pilah,2026Q2,all,14.0,3448000.0,246285.71,262500.0,133000.0,317750.0,10.0,14.0
Negeri Sembilan,Kuala Pilah,2026Q2,detached,1.0,450000.0,450000.0,450000.0,450000.0,450000.0,0.0,1.0
Negeri Sembilan,Kuala Pilah,2026Q2,low_cost_flat,1.0,110000.0,110000.0,110000.0,110000.0,110000.0,1.0,1.0
Negeri Sembilan,Kuala Pilah,2026Q2,low_cost_house,2.0,274000.0,137000.0,137000.0,133000.0,141000.0,2.0,2.0
Negeri Sembilan,Kuala Pilah,2026Q2,semi_detached,1.0,389000.0,389000.0,389000.0,389000.0,389000.0,0.0,1.0
Negeri Sembilan,Kuala Pilah,2026Q2,terrace,9.0,2225000.0,247222.22,275000.0,185000.0,275000.0,7.0,9.0
Negeri Sembilan,Port Dickson,2024Q1,all,281.0,94196000.0,335217.08,260000.0,200000.0,390000.0,177.0,227.0
Negeri Sembilan,Port Dickson,2024Q1,condo,44.0,8185000.0,186022.73,162500.0,111250.0,237500.0,37.0,44.0
Negeri Sembilan,Port Dickson,2024Q1,detached,6.0,3045000.0,507500.0,490000.0,362500.0,655000.0,1.0,3.0
Negeri Sembilan,Port Dickson,2024Q1,low_cost_flat,1.0,60000.0,60000.0,60000.0,60000.0,60000.0,1.0,1.0
Negeri Sembilan,Port Dickson,2024Q1,low_cost_house,12.0,1391000.0,115916.67,106500.0,80000.0,125000.0,12.0,12.0
Negeri Sembilan,Port Dickson,2024Q1,semi_detached,10.0,6397000.0,639700.0,665000.0,538750.0,760000.0,0.0,2.0
Negeri Sembilan,Port Dickson,2024Q1,terrace,208.0,75118000.0,361144.23,274000.0,230000.0,419250.0,126.0,165.0
Negeri Sembilan,Port Dickson,2024Q2,all,286.0,91520000.0,320000.0,257000.0,200000.0,374750.0,178.0,241.0
Negeri Sembilan,Port Dickson,2024Q2,condo,42.0,6524000.0,155333.33,132500.0,90250.0,178750.0,37.0,42.0
Negeri Sembilan,Port Dickson,2024Q2,detached,3.0,1455000.0,485000.0,280000.0,247500.0,620000.0,2.0,2.0
Negeri Sembilan,Port Dickson,2024Q2,low_cost_house,16.0,2256000.0,141000.0,154000.0,80000.0,200000.0,16.0,16.0
Negeri Sembilan,Port Dickson,2024Q2,semi_detached,5.0,2728000.0,545600.0,498000.0,400000.0,630000.0,1.0,3.0
Negeri Sembilan,Port Dickson,2024Q2,terrace,220.0,78557000.0,357077.27,280000.0,239750.0,417250.0,122.0,178.0
Negeri Sembilan,Port Dickson,2024Q3,all,268.0,84943000.0,316951.49,253000.0,195000.0,400000.0,170.0,228.0
Negeri Sembilan,Port Dickson,2024Q3,condo,45.0,6429000.0,142866.67,123000.0,90000.0,180000.0,45.0,45.0
Negeri Sembilan,Port Dickson,2024Q3,detached,10.0,5055000.0,505500.0,500000.0,453750.0,612500.0,2.0,7.0
Negeri Sembilan,Port Dickson,2024Q3,low_cost_house,9.0,1510000.0,167777.78,160000.0,130000.0,180000.0,8.0,9.0
Negeri Sembilan,Port Dickson,2024Q3,semi_detached,9.0,5329000.0,592111.11,560000.0,409000.0,760000.0,2.0,4.0
Negeri Sembilan,Port Dickson,2024Q3,terrace,195.0,66620000.0,341641.03,260000.0,220000.0,400000.0,113.0,163.0
Negeri Sembilan,Port Dickson,2024Q4,all,76.0,21699000.0,285513.16,232500.0,150000.0,396750.0,52.0,66.0
Negeri Sembilan,Port Dickson,2024Q4,condo,22.0,3252000.0,147818.18,145000.0,97000.0,170000.0,21.0,22.0
Negeri Sembilan,Port Dickson,2024Q4,detached,3.0,2135000.0,711666.67,705000.0,642500.0,777500.0,0.0,0.0
Negeri Sembilan,Port Dickson,2024Q4,low_cost_house,4.0,515000.0,128750.0,120000.0,118750.0,130000.0,4.0,4.0
Negeri Sembilan,Port Dickson,2024Q4,semi_detached,4.0,2343000.0,585750.0,580000.0,542500.0,623250.0,0.0,1.0
Negeri Sembilan,Port Dickson,2024Q4,terrace,43.0,13454000.0,312883.72,260000.0,214000.0,405500.0,27.0,39.0
Negeri Sembilan,Port Dickson,2025Q1,all,62.0,16413000.0,264725.81,235000.0,191250.0,274750.0,47.0,57.0
Negeri Sembilan,Port Dickson,2025Q1,condo,12.0,2381000.0,198416.67,147500.0,124750.0,177000.0,11.0,11.0
Negeri Sembilan,Port Dickson,2025Q1,low_cost_house,4.0,774000.0,193500.0,184500.0,175000.0,203000.0,4.0,4.0
Negeri Sembilan,Port Dickson,2025Q1,terrace,46.0,13258000.0,288217.39,250000.0,220000.0,335000.0,32.0,42.0
Negeri Sembilan,Port Dickson,2025Q2,all,63.0,18860000.0,299365.08,259000.0,200000.0,371000.0,38.0,59.0
Negeri Sembilan,Port Dickson,2025Q2,condo,8.0,1371000.0,171375.0,135000.0,125250.0,200500.0,7.0,8.0
Negeri Sembilan,Port Dickson,2025Q2,detached,1.0,259000.0,259000.0,259000.0,259000.0,259000.0,1.0,1.0
Negeri Sembilan,Port Dickson,2025Q2,low_cost_house,3.0,510000.0,170000.0,170000.0,140000.0,200000.0,3.0,3.0
Negeri Sembilan,Port Dickson,2025Q2,semi_detached,3.0,1629000.0,543000.0,570000.0,464500.0,635000.0,0.0,1.0
Negeri Sembilan,Port Dickson,2025Q2,terrace,47.0,14991000.0,318957.45,280000.0,235000.0,410500.0,26.0,45.0
Negeri Sembilan,Port Dickson,2025Q2,townhouse,1.0,100000.0,100000.0,100000.0,100000.0,100000.0,1.0,1.0
Negeri Sembilan,Port Dickson,2025Q3,all,75.0,25014000.0,333520.0,300000.0,200000.0,400000.0,38.0,63.0
Negeri Sembilan,Port Dickson,2025Q3,condo,11.0,1825000.0,165909.09,125000.0,110000.0,202500.0,10.0,11.0
Negeri Sembilan,Port Dickson,2025Q3,detached,2.0,1045000.0,522500.0,522500.0,511250.0,533750.0,0.0,1.0
Negeri Sembilan,Port Dickson,2025Q3,low_cost_house,5.0,860000.0,172000.0,170000.0,150000.0,210000.0,5.0,5.0
Negeri Sembilan,Port Dickson,2025Q3,semi_detached,6.0,3071000.0,511833.33,481500.0,416250.0,642000.0,1.0,4.0
Negeri Sembilan,Port Dickson,2025Q3,terrace,51.0,18213000.0,357117.65,340000.0,220000.0,394500.0,22.0,42.0
Negeri Sembilan,Port Dickson,2025Q4,all,68.0,21408000.0,314823.53,272500.0,207500.0,394750.0,38.0,62.0
Negeri Sembilan,Port Dickson,2025Q4,condo,7.0,998000.0,142571.43,158000.0,90000.0,170000.0,7.0,7.0
Negeri Sembilan,Port Dickson,2025Q4,detached,3.0,1168000.0,389333.33,450000.0,344000.0,465000.0,1.0,3.0
Negeri Sembilan,Port Dickson,2025Q4,low_cost_house,3.0,325000.0,108333.33,80000.0,80000.0,122500.0,3.0,3.0
Negeri Sembilan,Port Dickson,2025Q4,semi_detached,4.0,2909000.0,727250.0,667000.0,633000.0,761250.0,0.0,0.0
Negeri Sembilan,Port Dickson,2025Q4,terrace,51.0,16008000.0,313882.35,280000.0,225000.0,376500.0,27.0,49.0
Negeri Sembilan,Port Dickson,2026Q1,all,45.0,12178000.0,270622.22,250000.0,220000.0,330000.0,30.0,43.0
Negeri Sembilan,Port Dickson,2026Q1,condo,4.0,584000.0,146000.0,140000.0,78500.0,207500.0,4.0,4.0
Negeri Sembilan,Port Dickson,2026Q1,low_cost_house,2.0,335000.0,167500.0,167500.0,158750.0,176250.0,2.0,2.0
Negeri Sembilan,Port Dickson,2026Q1,semi_detached,2.0,910000.0,455000.0,455000.0,377500.0,532500.0,1.0,1.0
Negeri Sembilan,Port Dickson,2026Q1,terrace,36.0,10249000.0,284694.44,258000.0,228750.0,342500.0,22.0,35.0
Negeri Sembilan,Port Dickson,2026Q1,townhouse,1.0,100000.0,100000.0,100000.0,100000.0,100000.0,1.0,1.0
Negeri Sembilan,Port Dickson,2026Q2,all,80.0,24391000.0,304887.5,303000.0,232500.0,380250.0,40.0,78.0
Negeri Sembilan,Port Dickson,2026Q2,condo,3.0,630000.0,210000.0,200000.0,175000.0,240000.0,3.0,3.0
Negeri Sembilan,Port Dickson,2026Q2,detached,3.0,1600000.0,533333.33,450000.0,425000.0,600000.0,0.0,2.0
Negeri Sembilan,Port Dickson,2026Q2,low_cost_house,4.0,430000.0,107500.0,90000.0,80000.0,117500.0,4.0,4.0
Negeri Sembilan,Port Dickson,2026Q2,semi_detached,1.0,498000.0,498000.0,498000.0,498000.0,498000.0,0.0,1.0
Negeri Sembilan,Port Dickson,2026Q2,terrace,69.0,21233000.0,307724.64,306000.0,250000.0,372000.0,33.0,68.0
Negeri Sembilan,Rembau,2024Q1,all,23.0,6011000.0,261347.83,240000.0,190000.0,300000.0,18.0,23.0
Negeri Sembilan,Rembau,2024Q1,low_cost_house,5.0,725000.0,145000.0,150000.0,120000.0,155000.0,5.0,5.0
Negeri Sembilan,Rembau,2024Q1,semi_detached,4.0,1401000.0,350250.0,365000.0,282500.0,432750.0,2.0,4.0
Negeri Sembilan,Rembau,2024Q1,terrace,14.0,3885000.0,277500.0,265000.0,220000.0,300000.0,11.0,14.0
Negeri Sembilan,Rembau,2024Q2,all,45.0,11498000.0,255511.11,247000.0,228000.0,300000.0,34.0,45.0
Negeri Sembilan,Rembau,2024Q2,low_cost_house,5.0,568000.0,113600.0,100000.0,80000.0,120000.0,5.0,5.0
Negeri Sembilan,Rembau,2024Q2,semi_detached,3.0,1170000.0,390000.0,360000.0,360000.0,405000.0,0.0,3.0
Negeri Sembilan,Rembau,2024Q2,terrace,37.0,9760000.0,263783.78,247000.0,234000.0,300000.0,29.0,37.0
Negeri Sembilan,Rembau,2024Q3,all,28.0,6853000.0,244750.0,234000.0,175000.0,252500.0,25.0,27.0
Negeri Sembilan,Rembau,2024Q3,detached,2.0,1310000.0,655000.0,655000.0,547500.0,762500.0,0.0,1.0
Negeri Sembilan,Rembau,2024Q3,low_cost_house,7.0,878000.0,125428.57,128000.0,92500.0,160000.0,7.0,7.0
Negeri Sembilan,Rembau,2024Q3,semi_detached,2.0,610000.0,305000.0,305000.0,252500.0,357500.0,1.0,2.0
Negeri Sembilan,Rembau,2024Q3,terrace,17.0,4055000.0,238529.41,237000.0,230000.0,250000.0,17.0,17.0
Negeri Sembilan,Rembau,2024Q4,all,9.0,2711000.0,301222.22,215000.0,175000.0,249000.0,7.0,8.0
Negeri Sembilan,Rembau,2024Q4,cluster,1.0,200000.0,200000.0,200000.0,200000.0,200000.0,1.0,1.0
Negeri Sembilan,Rembau,2024Q4,detached,1.0,1082000.0,1082000.0,1082000.0,1082000.0,1082000.0,0.0,0.0
Negeri Sembilan,Rembau,2024Q4,low_cost_house,2.0,245000.0,122500.0,122500.0,96250.0,148750.0,2.0,2.0
Negeri Sembilan,Rembau,2024Q4,terrace,5.0,1184000.0,236800.0,240000.0,215000.0,249000.0,4.0,5.0
Negeri Sembilan,Rembau,2025Q1,all,15.0,3242000.0,216133.33,250000.0,155000.0,250500.0,13.0,15.0
Negeri Sembilan,Rembau,2025Q1,low_cost_house,1.0,69000.0,69000.0,69000.0,69000.0,69000.0,1.0,1.0
Negeri Sembilan,Rembau,2025Q1,terrace,14.0,3173000.0,226642.86,250000.0,215000.0,250750.0,12.0,14.0
Negeri Sembilan,Rembau,2025Q2,all,14.0,2382000.0,170142.86,147000.0,85000.0,249750.0,13.0,14.0
Negeri Sembilan,Rembau,2025Q2,detached,1.0,140000.0,140000.0,140000.0,140000.0,140000.0,1.0,1.0
Negeri Sembilan,Rembau,2025Q2,low_cost_house,1.0,120000.0,120000.0,120000.0,120000.0,120000.0,1.0,1.0
Negeri Sembilan,Rembau,2025Q2,terrace,12.0,2122000.0,176833.33,156500.0,80000.0,250000.0,11.0,12.0
Negeri Sembilan,Rembau,2025Q3,all,27.0,6333000.0,234555.56,238000.0,175500.0,250000.0,22.0,27.0
Negeri Sembilan,Rembau,2025Q3,cluster,1.0,200000.0,200000.0,200000.0,200000.0,200000.0,1.0,1.0
Negeri Sembilan,Rembau,2025Q3,low_cost_house,3.0,352000.0,117333.33,122000.0,111000.0,126000.0,3.0,3.0
Negeri Sembilan,Rembau,2025Q3,semi_detached,2.0,892000.0,446000.0,446000.0,438500.0,453500.0,0.0,2.0
Negeri Sembilan,Rembau,2025Q3,terrace,21.0,4889000.0,232809.52,238000.0,225000.0,250000.0,18.0,21.0
Negeri Sembilan,Rembau,2025Q4,all,49.0,14545000.0,296836.73,250000.0,238000.0,320000.0,36.0,47.0
Negeri Sembilan,Rembau,2025Q4,detached,1.0,1035000.0,1035000.0,1035000.0,1035000.0,1035000.0,0.0,0.0
Negeri Sembilan,Rembau,2025Q4,terrace,48.0,13510000.0,281458.33,250000.0,238000.0,305000.0,36.0,47.0
Negeri Sembilan,Rembau,2026Q1,all,22.0,5853000.0,266045.45,250000.0,238250.0,283750.0,17.0,21.0
Negeri Sembilan,Rembau,2026Q1,detached,2.0,874000.0,437000.0,437000.0,343500.0,530500.0,1.0,1.0
Negeri Sembilan,Rembau,2026Q1,semi_detached,1.0,370000.0,370000.0,370000.0,370000.0,370000.0,0.0,1.0
Negeri Sembilan,Rembau,2026Q1,terrace,19.0,4609000.0,242578.95,249000.0,231500.0,261500.0,16.0,19.0
Negeri Sembilan,Rembau,2026Q2,all,24.0,6648000.0,277000.0,257000.0,237000.0,322750.0,16.0,24.0
Negeri Sembilan,Rembau,2026Q2,detached,1.0,450000.0,450000.0,450000.0,450000.0,450000.0,0.0,1.0
Negeri Sembilan,Rembau,2026Q2,semi_detached,1.0,446000.0,446000.0,446000.0,446000.0,446000.0,0.0,1.0
Negeri Sembilan,Rembau,2026Q2,terrace,22.0,5752000.0,261454.55,250000.0,235000.0,308000.0,16.0,22.0
Negeri Sembilan,Seremban,2024Q1,all,1133.0,514238000.0,453872.9,400000.0,265000.0,538000.0,391.0,805.0
Negeri Sembilan,Seremban,2024Q1,cluster,10.0,3066000.0,306600.0,235000.0,162250.0,430000.0,6.0,8.0
Negeri Sembilan,Seremban,2024Q1,condo,35.0,8169000.0,233400.0,206000.0,165000.0,285000.0,31.0,33.0
Negeri Sembilan,Seremban,2024Q1,detached,72.0,76998000.0,1069416.67,610000.0,409750.0,827500.0,8.0,30.0
Negeri Sembilan,Seremban,2024Q1,flat,14.0,2460000.0,175714.29,172500.0,142500.0,185000.0,14.0,14.0
Negeri Sembilan,Seremban,2024Q1,low_cost_flat,33.0,3230000.0,97878.79,100000.0,73000.0,120000.0,33.0,33.0
Negeri Sembilan,Seremban,2024Q1,low_cost_house,73.0,15153000.0,207575.34,220000.0,170000.0,260000.0,70.0,73.0
Negeri Sembilan,Seremban,2024Q1,semi_detached,56.0,38214000.0,682392.86,522500.0,415500.0,730000.0,4.0,26.0
Negeri Sembilan,Seremban,2024Q1,terrace,816.0,361908000.0,443514.71,405500.0,300000.0,540500.0,205.0,564.0
Negeri Sembilan,Seremban,2024Q1,townhouse,24.0,5040000.0,210000.0,208500.0,100000.0,276250.0,20.0,24.0
Negeri Sembilan,Seremban,2024Q2,all,1081.0,470033000.0,434813.14,396000.0,270000.0,545000.0,365.0,767.0
Negeri Sembilan,Seremban,2024Q2,cluster,7.0,2275000.0,325000.0,250000.0,195000.0,507500.0,4.0,5.0
Negeri Sembilan,Seremban,2024Q2,condo,35.0,8116000.0,231885.71,200000.0,150000.0,285500.0,30.0,33.0
Negeri Sembilan,Seremban,2024Q2,detached,73.0,56005000.0,767191.78,630000.0,450000.0,800000.0,5.0,28.0
Negeri Sembilan,Seremban,2024Q2,flat,20.0,2831000.0,141550.0,140000.0,103750.0,172500.0,20.0,20.0
Negeri Sembilan,Seremban,2024Q2,low_cost_flat,45.0,4068000.0,90400.0,81000.0,70000.0,120000.0,45.0,45.0
Negeri Sembilan,Seremban,2024Q2,low_cost_house,68.0,13808000.0,203058.82,200000.0,150000.0,251250.0,66.0,68.0
Negeri Sembilan,Seremban,2024Q2,semi_detached,67.0,52723000.0,786910.45,700000.0,535000.0,1000000.0,1.0,13.0
Negeri Sembilan,Seremban,2024Q2,terrace,754.0,327069000.0,433778.51,400000.0,309250.0,531500.0,186.0,543.0
Negeri Sembilan,Seremban,2024Q2,townhouse,12.0,3138000.0,261500.0,235000.0,152000.0,359750.0,8.0,12.0
Negeri Sembilan,Seremban,2024Q3,all,973.0,394274000.0,405214.8,359000.0,240000.0,500000.0,392.0,737.0
Negeri Sembilan,Seremban,2024Q3,cluster,8.0,2440000.0,305000.0,220000.0,170000.0,437500.0,5.0,6.0
Negeri Sembilan,Seremban,2024Q3,condo,49.0,11380000.0,232244.9,225000.0,160000.0,294000.0,38.0,49.0
Negeri Sembilan,Seremban,2024Q3,detached,53.0,37644000.0,710264.15,650000.0,495000.0,800000.0,0.0,18.0
Negeri Sembilan,Seremban,2024Q3,flat,24.0,3430000.0,142916.67,137500.0,118250.0,172500.0,24.0,24.0
Negeri Sembilan,Seremban,2024Q3,low_cost_flat,31.0,2756000.0,88903.23,78000.0,65000.0,115500.0,31.0,31.0
Negeri Sembilan,Seremban,2024Q3,low_cost_house,55.0,11671000.0,212200.0,220000.0,177500.0,252500.0,52.0,55.0
Negeri Sembilan,Seremban,2024Q3,semi_detached,62.0,50622000.0,816483.87,655000.0,534500.0,929750.0,1.0,12.0
Negeri Sembilan,Seremban,2024Q3,terrace,671.0,270333000.0,402880.77,370000.0,270000.0,499000.0,225.0,522.0
Negeri Sembilan,Seremban,2024Q3,townhouse,20.0,3998000.0,199900.0,130000.0,98250.0,285000.0,16.0,20.0
Negeri Sembilan,Seremban,2024Q4,all,344.0,130308000.0,378802.33,320000.0,230000.0,466000.0,162.0,274.0
Negeri Sembilan,Seremban,2024Q4,cluster,8.0,2904000.0,363000.0,250000.0,189500.0,432000.0,5.0,6.0
Negeri Sembilan,Seremban,2024Q4,condo,15.0,2987000.0,199133.33,180000.0,136500.0,232500.0,14.0,14.0
Negeri Sembilan,Seremban,2024Q4,detached,25.0,19104000.0,764160.0,585000.0,445000.0,750000.0,3.0,11.0
Negeri Sembilan,Seremban,2024Q4,flat,4.0,621000.0,155250.0,139500.0,106250.0,188500.0,4.0,4.0
Negeri Sembilan,Seremban,2024Q4,low_cost_flat,15.0,1134000.0,75600.0,70000.0,62500.0,82500.0,15.0,15.0
Negeri Sembilan,Seremban,2024Q4,low_cost_house,27.0,5600000.0,207407.41,200000.0,165000.0,250000.0,25.0,27.0
Negeri Sembilan,Seremban,2024Q4,semi_detached,18.0,10982000.0,610111.11,462500.0,402000.0,688000.0,1.0,10.0
Negeri Sembilan,Seremban,2024Q4,terrace,229.0,86246000.0,376620.09,340000.0,265000.0,464000.0,93.0,184.0
Negeri Sembilan,Seremban,2024Q4,townhouse,3.0,730000.0,243333.33,245000.0,205000.0,282500.0,2.0,3.0
Negeri Sembilan,Seremban,2025Q1,all,305.0,121396000.0,398019.67,359000.0,240000.0,500000.0,128.0,230.0
Negeri Sembilan,Seremban,2025Q1,condo,10.0,2526000.0,252600.0,275000.0,141000.0,330750.0,5.0,10.0
Negeri Sembilan,Seremban,2025Q1,detached,15.0,12029000.0,801933.33,700000.0,614000.0,815000.0,1.0,3.0
Negeri Sembilan,Seremban,2025Q1,flat,8.0,1285000.0,160625.0,155000.0,145000.0,182500.0,8.0,8.0
Negeri Sembilan,Seremban,2025Q1,low_cost_flat,14.0,1285000.0,91785.71,82500.0,68500.0,113250.0,14.0,14.0
Negeri Sembilan,Seremban,2025Q1,low_cost_house,26.0,5786000.0,222538.46,232500.0,182500.0,260000.0,25.0,26.0
Negeri Sembilan,Seremban,2025Q1,semi_detached,13.0,9290000.0,714615.38,550000.0,535000.0,850000.0,1.0,3.0
Negeri Sembilan,Seremban,2025Q1,terrace,211.0,86054000.0,407838.86,388000.0,290000.0,499500.0,72.0,159.0
Negeri Sembilan,Seremban,2025Q1,townhouse,8.0,3141000.0,392625.0,471000.0,363500.0,493000.0,2.0,7.0
Negeri Sembilan,Seremban,2025Q2,all,293.0,115641000.0,394679.18,350000.0,238000.0,550000.0,125.0,211.0
Negeri Sembilan,Seremban,2025Q2,cluster,1.0,631000.0,631000.0,631000.0,631000.0,631000.0,0.0,0.0
Negeri Sembilan,Seremban,2025Q2,condo,15.0,3709000.0,247266.67,263000.0,185000.0,304500.0,11.0,15.0
Negeri Sembilan,Seremban,2025Q2,detached,9.0,7003000.0,778111.11,650000.0,600000.0,905000.0,0.0,1.0
Negeri Sembilan,Seremban,2025Q2,flat,6.0,838000.0,139666.67,122500.0,112500.0,158750.0,6.0,6.0
Negeri Sembilan,Seremban,2025Q2,low_cost_flat,12.0,1048000.0,87333.33,87500.0,74750.0,102500.0,12.0,12.0
Negeri Sembilan,Seremban,2025Q2,low_cost_house,29.0,5333000.0,183896.55,180000.0,110000.0,231000.0,27.0,29.0
Negeri Sembilan,Seremban,2025Q2,semi_detached,21.0,14126000.0,672666.67,630000.0,500000.0,750000.0,1.0,7.0
Negeri Sembilan,Seremban,2025Q2,terrace,191.0,82036000.0,429507.85,400000.0,290000.0,560000.0,59.0,132.0
Negeri Sembilan,Seremban,2025Q2,townhouse,9.0,917000.0,101888.89,85000.0,75000.0,137000.0,9.0,9.0
Negeri Sembilan,Seremban,2025Q3,all,354.0,133096000.0,375977.4,340000.0,230000.0,485750.0,150.0,278.0
Negeri Sembilan,Seremban,2025Q3,cluster,1.0,550000.0,550000.0,550000.0,550000.0,550000.0,0.0,0.0
Negeri Sembilan,Seremban,2025Q3,condo,10.0,2881000.0,288100.0,263000.0,196000.0,375250.0,6.0,10.0
Negeri Sembilan,Seremban,2025Q3,detached,18.0,9741000.0,541166.67,482500.0,431250.0,640000.0,2.0,12.0
Negeri Sembilan,Seremban,2025Q3,flat,8.0,1079000.0,134875.0,138500.0,130000.0,148250.0,8.0,8.0
Negeri Sembilan,Seremban,2025Q3,low_cost_flat,21.0,1933000.0,92047.62,95000.0,70000.0,105000.0,21.0,21.0
Negeri Sembilan,Seremban,2025Q3,low_cost_house,33.0,6552000.0,198545.45,210000.0,120000.0,250000.0,29.0,33.0
Negeri Sembilan,Seremban,2025Q3,semi_detached,11.0,6209000.0,564454.55,495000.0,389500.0,637500.0,1.0,6.0
Negeri Sembilan,Seremban,2025Q3,terrace,246.0,103358000.0,420154.47,375000.0,280000.0,520000.0,78.0,182.0
Negeri Sembilan,Seremban,2025Q3,townhouse,6.0,793000.0,132166.67,80000.0,75000.0,133750.0,5.0,6.0
Negeri Sembilan,Seremban,2025Q4,all,353.0,146554000.0,415167.14,348000.0,245000.0,506000.0,151.0,263.0
Negeri Sembilan,Seremban,2025Q4,cluster,3.0,790000.0,263333.33,180000.0,165000.0,320000.0,2.0,3.0
Negeri Sembilan,Seremban,2025Q4,condo,25.0,6127000.0,245080.0,259000.0,165000.0,348000.0,16.0,25.0
Negeri Sembilan,Seremban,2025Q4,detached,22.0,15143000.0,688318.18,565000.0,428750.0,690000.0,3.0,10.0
Negeri Sembilan,Seremban,2025Q4,flat,4.0,625000.0,156250.0,167500.0,137500.0,186250.0,4.0,4.0
Negeri Sembilan,Seremban,2025Q4,low_cost_flat,7.0,810000.0,115714.29,120000.0,95000.0,142500.0,7.0,7.0
Negeri Sembilan,Seremban,2025Q4,low_cost_house,42.0,7691000.0,183119.05,189500.0,110000.0,248750.0,41.0,42.0
Negeri Sembilan,Seremban,2025Q4,semi_detached,15.0,12000000.0,800000.0,630000.0,460000.0,975000.0,0.0,6.0
Negeri Sembilan,Seremban,2025Q4,terrace,232.0,102958000.0,443784.48,371500.0,284250.0,540000.0,75.0,163.0
Negeri Sembilan,Seremban,2025Q4,townhouse,3.0,410000.0,136666.67,75000.0,75000.0,167500.0,3.0,3.0
Negeri Sembilan,Seremban,2026Q1,all,193.0,75904000.0,393284.97,338000.0,220000.0,506000.0,84.0,142.0
Negeri Sembilan,Seremban,2026Q1,cluster,2.0,880000.0,440000.0,440000.0,395000.0,485000.0,0.0,1.0
Negeri Sembilan,Seremban,2026Q1,condo,11.0,2355000.0,214090.91,180000.0,119000.0,348000.0,7.0,11.0
Negeri Sembilan,Seremban,2026Q1,detached,16.0,9233000.0,577062.5,514000.0,435000.0,647500.0,2.0,8.0
Negeri Sembilan,Seremban,2026Q1,flat,3.0,412000.0,137333.33,100000.0,100000.0,156000.0,3.0,3.0
Negeri Sembilan,Seremban,2026Q1,low_cost_flat,7.0,901000.0,128714.29,128000.0,121500.0,135000.0,7.0,7.0
Negeri Sembilan,Seremban,2026Q1,low_cost_house,26.0,4688000.0,180307.69,175000.0,117500.0,245000.0,26.0,26.0
Negeri Sembilan,Seremban,2026Q1,semi_detached,9.0,8717000.0,968555.56,850000.0,650000.0,900000.0,0.0,0.0
Negeri Sembilan,Seremban,2026Q1,terrace,117.0,48072000.0,410871.79,350000.0,280000.0,526000.0,38.0,84.0
Negeri Sembilan,Seremban,2026Q1,townhouse,2.0,646000.0,323000.0,323000.0,296500.0,349500.0,1.0,2.0
Negeri Sembilan,Seremban,2026Q2,all,290.0,111071000.0,383003.45,342000.0,231250.0,506000.0,122.0,216.0
Negeri Sembilan,Seremban,2026Q2,cluster,4.0,1313000.0,328250.0,294000.0,172250.0,450000.0,2.0,3.0
Negeri Sembilan,Seremban,2026Q2,condo,23.0,5287000.0,229869.57,273000.0,150000.0,310000.0,16.0,23.0
Negeri Sembilan,Seremban,2026Q2,detached,15.0,11934000.0,795600.0,735000.0,569000.0,959000.0,2.0,2.0
Negeri Sembilan,Seremban,2026Q2,low_cost_flat,13.0,1264000.0,97230.77,90000.0,60000.0,120000.0,13.0,13.0
Negeri Sembilan,Seremban,2026Q2,low_cost_house,39.0,6316000.0,161948.72,139000.0,80000.0,226500.0,38.0,39.0
Negeri Sembilan,Seremban,2026Q2,semi_detached,13.0,8487000.0,652846.15,650000.0,500000.0,710000.0,1.0,4.0
Negeri Sembilan,Seremban,2026Q2,terrace,180.0,75880000.0,421555.56,392500.0,300000.0,511000.0,47.0,129.0
Negeri Sembilan,Seremban,2026Q2,townhouse,3.0,590000.0,196666.67,210000.0,180000.0,220000.0,3.0,3.0
Negeri Sembilan,Tampin,2024Q1,all,75.0,22328000.0,297706.67,290000.0,202500.0,382500.0,45.0,69.0
Negeri Sembilan,Tampin,2024Q1,cluster,1.0,800000.0,800000.0,800000.0,800000.0,800000.0,0.0,0.0
Negeri Sembilan,Tampin,2024Q1,detached,1.0,500000.0,500000.0,500000.0,500000.0,500000.0,0.0,1.0
Negeri Sembilan,Tampin,2024Q1,low_cost_house,13.0,1775000.0,136538.46,150000.0,103000.0,180000.0,13.0,13.0
Negeri Sembilan,Tampin,2024Q1,semi_detached,14.0,5914000.0,422428.57,411500.0,390250.0,432000.0,0.0,13.0
Negeri Sembilan,Tampin,2024Q1,terrace,46.0,13339000.0,289978.26,280000.0,225000.0,321500.0,32.0,42.0
Negeri Sembilan,Tampin,2024Q2,all,57.0,16297000.0,285912.28,250000.0,180000.0,403000.0,34.0,52.0
Negeri Sembilan,Tampin,2024Q2,cluster,1.0,338000.0,338000.0,338000.0,338000.0,338000.0,0.0,1.0
Negeri Sembilan,Tampin,2024Q2,detached,1.0,490000.0,490000.0,490000.0,490000.0,490000.0,0.0,1.0
Negeri Sembilan,Tampin,2024Q2,low_cost_house,9.0,1460000.0,162222.22,150000.0,140000.0,180000.0,9.0,9.0
Negeri Sembilan,Tampin,2024Q2,semi_detached,11.0,4633000.0,421181.82,432000.0,396500.0,432000.0,0.0,10.0
Negeri Sembilan,Tampin,2024Q2,terrace,35.0,9376000.0,267885.71,230000.0,195000.0,339500.0,25.0,31.0
Negeri Sembilan,Tampin,2024Q3,all,66.0,18033000.0,273227.27,250000.0,182500.0,367500.0,42.0,64.0
Negeri Sembilan,Tampin,2024Q3,detached,6.0,2509000.0,418166.67,450000.0,375000.0,457500.0,1.0,6.0
Negeri Sembilan,Tampin,2024Q3,low_cost_house,13.0,1605000.0,123461.54,120000.0,80000.0,150000.0,13.0,13.0
Negeri Sembilan,Tampin,2024Q3,semi_detached,6.0,2886000.0,481000.0,422500.0,404000.0,567000.0,0.0,4.0
Negeri Sembilan,Tampin,2024Q3,terrace,41.0,11033000.0,269097.56,250000.0,200000.0,340000.0,28.0,41.0
Negeri Sembilan,Tampin,2024Q4,all,16.0,4096000.0,256000.0,227500.0,143750.0,326750.0,11.0,15.0
Negeri Sembilan,Tampin,2024Q4,low_cost_house,5.0,625000.0,125000.0,130000.0,130000.0,140000.0,5.0,5.0
Negeri Sembilan,Tampin,2024Q4,semi_detached,2.0,950000.0,475000.0,475000.0,437500.0,512500.0,0.0,1.0
Negeri Sembilan,Tampin,2024Q4,terrace,9.0,2521000.0,280111.11,250000.0,225000.0,309000.0,6.0,9.0
Negeri Sembilan,Tampin,2025Q1,all,29.0,8399000.0,289620.69,275000.0,185000.0,320000.0,20.0,27.0
Negeri Sembilan,Tampin,2025Q1,detached,3.0,1640000.0,546666.67,340000.0,320000.0,670000.0,1.0,2.0
Negeri Sembilan,Tampin,2025Q1,low_cost_house,5.0,728000.0,145600.0,120000.0,100000.0,148000.0,5.0,5.0
Negeri Sembilan,Tampin,2025Q1,semi_detached,2.0,1108000.0,554000.0,554000.0,481000.0,627000.0,0.0,1.0
Negeri Sembilan,Tampin,2025Q1,terrace,19.0,4923000.0,259105.26,275000.0,217500.0,294000.0,14.0,19.0
Negeri Sembilan,Tampin,2025Q2,all,25.0,6886000.0,275440.0,270000.0,235000.0,320000.0,16.0,25.0
Negeri Sembilan,Tampin,2025Q2,detached,2.0,670000.0,335000.0,335000.0,327500.0,342500.0,0.0,2.0
Negeri Sembilan,Tampin,2025Q2,low_cost_house,3.0,725000.0,241666.67,200000.0,190000.0,272500.0,2.0,3.0
Negeri Sembilan,Tampin,2025Q2,semi_detached,3.0,1133000.0,377666.67,360000.0,355000.0,391500.0,0.0,3.0
Negeri Sembilan,Tampin,2025Q2,terrace,17.0,4358000.0,256352.94,250000.0,235000.0,275000.0,14.0,17.0
Negeri Sembilan,Tampin,2025Q3,all,27.0,6915000.0,256111.11,250000.0,218500.0,300000.0,21.0,26.0
Negeri Sembilan,Tampin,2025Q3,detached,1.0,264000.0,264000.0,264000.0,264000.0,264000.0,1.0,1.0
Negeri Sembilan,Tampin,2025Q3,low_cost_house,6.0,1080000.0,180000.0,160000.0,85000.0,280000.0,5.0,6.0
Negeri Sembilan,Tampin,2025Q3,semi_detached,3.0,1031000.0,343666.67,343000.0,304000.0,383000.0,1.0,3.0
Negeri Sembilan,Tampin,2025Q3,terrace,17.0,4540000.0,267058.82,235000.0,235000.0,260000.0,14.0,16.0
Negeri Sembilan,Tampin,2025Q4,all,23.0,5957000.0,259000.0,235000.0,195000.0,315000.0,16.0,22.0
Negeri Sembilan,Tampin,2025Q4,detached,1.0,70000.0,70000.0,70000.0,70000.0,70000.0,1.0,1.0
Negeri Sembilan,Tampin,2025Q4,low_cost_house,5.0,885000.0,177000.0,190000.0,150000.0,200000.0,5.0,5.0
Negeri Sembilan,Tampin,2025Q4,semi_detached,3.0,1185000.0,395000.0,420000.0,367500.0,435000.0,0.0,3.0
Negeri Sembilan,Tampin,2025Q4,terrace,14.0,3817000.0,272642.86,242500.0,215000.0,311250.0,10.0,13.0
Negeri Sembilan,Tampin,2026Q1,all,15.0,3805000.0,253666.67,200000.0,151500.0,285000.0,11.0,14.0
Negeri Sembilan,Tampin,2026Q1,low_cost_house,5.0,716000.0,143200.0,147000.0,135000.0,156000.0,5.0,5.0
Negeri Sembilan,Tampin,2026Q1,semi_detached,2.0,705000.0,352500.0,352500.0,331250.0,373750.0,0.0,2.0
Negeri Sembilan,Tampin,2026Q1,terrace,8.0,2384000.0,298000.0,232500.0,192500.0,294750.0,6.0,7.0
Negeri Sembilan,Tampin,2026Q2,all,24.0,5266000.0,219416.67,235000.0,188750.0,250000.0,23.0,24.0
Negeri Sembilan,Tampin,2026Q2,low_cost_house,6.0,966000.0,161000.0,144000.0,130750.0,188750.0,6.0,6.0
Negeri Sembilan,Tampin,2026Q2,terrace,18.0,4300000.0,238888.89,235000.0,235000.0,250000.0,17.0,18.0
Pahang,Bentong,2024Q1,all,83.0,27413000.0,330277.11,265000.0,160000.0,400000.0,52.0,70.0
Pahang,Bentong,2024Q1,cluster,1.0,435000.0,435000.0,435000.0,435000.0,435000.0,0.0,1.0
Pahang,Bentong,2024Q1,condo,16.0,10260000.0,641250.0,430000.0,270000.0,1001000.0,5.0,9.0
Pahang,Bentong,2024Q1,detached,8.0,1489000.0,186125.0,147500.0,136000.0,192500.0,7.0,8.0
Pahang,Bentong,2024Q1,flat,2.0,360000.0,180000.0,180000.0,180000.0,180000.0,2.0,2.0
Pahang,Bentong,2024Q1,low_cost_flat,4.0,298000.0,74500.0,54000.0,47500.0,81000.0,4.0,4.0
Pahang,Bentong,2024Q1,low_cost_house,18.0,1813000.0,100722.22,35000.0,35000.0,170000.0,18.0,18.0
Pahang,Bentong,2024Q1,semi_detached,3.0,1465000.0,488333.33,625000.0,417500.0,627500.0,1.0,1.0
Pahang,Bentong,2024Q1,terrace,31.0,11293000.0,364290.32,330000.0,265000.0,400000.0,15.0,27.0
Pahang,Bentong,2024Q2,all,69.0,27263000.0,395115.94,285000.0,180000.0,468000.0,37.0,55.0
Pahang,Bentong,2024Q2,condo,19.0,8168000.0,429894.74,385000.0,211500.0,515000.0,7.0,14.0
Pahang,Bentong,2024Q2,detached,9.0,5648000.0,627555.56,180000.0,130000.0,1030000.0,5.0,6.0
Pahang,Bentong,2024Q2,flat,5.0,903000.0,180600.0,160000.0,145000.0,193000.0,5.0,5.0
Pahang,Bentong,2024Q2,low_cost_house,8.0,680000.0,85000.0,42500.0,35000.0,107500.0,8.0,8.0
Pahang,Bentong,2024Q2,semi_detached,4.0,2105000.0,526250.0,558500.0,457250.0,627500.0,0.0,2.0
Pahang,Bentong,2024Q2,terrace,24.0,9759000.0,406625.0,314000.0,250000.0,468000.0,12.0,20.0
Pahang,Bentong,2024Q3,all,79.0,26508000.0,335544.3,300000.0,180000.0,457500.0,41.0,65.0
Pahang,Bentong,2024Q3,condo,22.0,8331000.0,378681.82,267500.0,165000.0,607250.0,11.0,14.0
Pahang,Bentong,2024Q3,detached,3.0,988000.0,329333.33,238000.0,204000.0,409000.0,2.0,2.0
Pahang,Bentong,2024Q3,flat,3.0,565000.0,188333.33,175000.0,157500.0,212500.0,3.0,3.0
Pahang,Bentong,2024Q3,low_cost_flat,1.0,135000.0,135000.0,135000.0,135000.0,135000.0,1.0,1.0
Pahang,Bentong,2024Q3,low_cost_house,13.0,2515000.0,193461.54,200000.0,160000.0,250000.0,13.0,13.0
Pahang,Bentong,2024Q3,semi_detached,3.0,915000.0,305000.0,250000.0,225000.0,357500.0,2.0,3.0
Pahang,Bentong,2024Q3,terrace,34.0,13059000.0,384088.24,338000.0,305000.0,466000.0,9.0,29.0
Pahang,Bentong,2024Q4,all,33.0,17503000.0,530393.94,300000.0,165000.0,560000.0,17.0,22.0
Pahang,Bentong,2024Q4,cluster,1.0,1080000.0,1080000.0,1080000.0,1080000.0,1080000.0,0.0,0.0
Pahang,Bentong,2024Q4,condo,8.0,2810000.0,351250.0,255000.0,168750.0,545000.0,4.0,5.0
Pahang,Bentong,2024Q4,detached,3.0,7100000.0,2366666.67,110000.0,95000.0,3510000.0,2.0,2.0
Pahang,Bentong,2024Q4,low_cost_flat,3.0,282000.0,94000.0,80000.0,71500.0,109500.0,3.0,3.0
Pahang,Bentong,2024Q4,low_cost_house,5.0,481000.0,96200.0,35000.0,35000.0,180000.0,5.0,5.0
Pahang,Bentong,2024Q4,terrace,13.0,5750000.0,442307.69,380000.0,305000.0,598000.0,3.0,7.0
Pahang,Bentong,2025Q1,all,33.0,11396000.0,345333.33,339000.0,210000.0,470000.0,16.0,25.0
Pahang,Bentong,2025Q1,condo,9.0,3816000.0,424000.0,375000.0,370000.0,550000.0,2.0,5.0
Pahang,Bentong,2025Q1,detached,1.0,50000.0,50000.0,50000.0,50000.0,50000.0,1.0,1.0
Pahang,Bentong,2025Q1,flat,2.0,246000.0,123000.0,123000.0,101000.0,145000.0,2.0,2.0
Pahang,Bentong,2025Q1,low_cost_house,5.0,1060000.0,212000.0,210000.0,200000.0,230000.0,5.0,5.0
Pahang,Bentong,2025Q1,terrace,16.0,6224000.0,389000.0,395000.0,276250.0,482500.0,6.0,12.0
Pahang,Bentong,2025Q2,all,18.0,7590000.0,421666.67,347500.0,197500.0,548500.0,7.0,13.0
Pahang,Bentong,2025Q2,condo,5.0,3815000.0,763000.0,610000.0,400000.0,645000.0,0.0,2.0
Pahang,Bentong,2025Q2,detached,1.0,50000.0,50000.0,50000.0,50000.0,50000.0,1.0,1.0
Pahang,Bentong,2025Q2,flat,1.0,120000.0,120000.0,120000.0,120000.0,120000.0,1.0,1.0
Pahang,Bentong,2025Q2,low_cost_flat,1.0,38000.0,38000.0,38000.0,38000.0,38000.0,1.0,1.0
Pahang,Bentong,2025Q2,low_cost_house,3.0,621000.0,207000.0,180000.0,110500.0,290000.0,2.0,3.0
Pahang,Bentong,2025Q2,terrace,7.0,2946000.0,420857.14,345000.0,314000.0,474000.0,2.0,5.0
Pahang,Bentong,2025Q3,all,34.0,12420000.0,365294.12,322500.0,286250.0,386250.0,13.0,31.0
Pahang,Bentong,2025Q3,condo,11.0,5423000.0,493000.0,340000.0,307500.0,624000.0,3.0,8.0
Pahang,Bentong,2025Q3,detached,4.0,800000.0,200000.0,195000.0,92500.0,302500.0,3.0,4.0
Pahang,Bentong,2025Q3,low_cost_house,3.0,568000.0,189333.33,250000.0,149000.0,260000.0,3.0,3.0
Pahang,Bentong,2025Q3,terrace,16.0,5629000.0,351812.5,330000.0,307500.0,392500.0,4.0,16.0
Pahang,Bentong,2025Q4,all,31.0,10964000.0,353677.42,320000.0,235000.0,468000.0,15.0,26.0
Pahang,Bentong,2025Q4,cluster,1.0,750000.0,750000.0,750000.0,750000.0,750000.0,0.0,0.0
Pahang,Bentong,2025Q4,condo,11.0,3846000.0,349636.36,340000.0,270000.0,389000.0,5.0,10.0
Pahang,Bentong,2025Q4,detached,2.0,408000.0,204000.0,204000.0,191000.0,217000.0,2.0,2.0
Pahang,Bentong,2025Q4,flat,1.0,42000.0,42000.0,42000.0,42000.0,42000.0,1.0,1.0
Pahang,Bentong,2025Q4,low_cost_house,4.0,800000.0,200000.0,205000.0,137500.0,267500.0,3.0,4.0
Pahang,Bentong,2025Q4,semi_detached,3.0,1339000.0,446333.33,499000.0,374500.0,544500.0,1.0,2.0
Pahang,Bentong,2025Q4,terrace,9.0,3779000.0,419888.89,468000.0,300000.0,468000.0,3.0,7.0
Pahang,Bentong,2026Q1,all,10.0,4709000.0,470900.0,475000.0,339250.0,565000.0,2.0,6.0
Pahang,Bentong,2026Q1,condo,3.0,1900000.0,633333.33,650000.0,575000.0,700000.0,0.0,1.0
Pahang,Bentong,2026Q1,low_cost_house,1.0,340000.0,340000.0,340000.0,340000.0,340000.0,0.0,1.0
Pahang,Bentong,2026Q1,terrace,6.0,2469000.0,411500.0,394500.0,309750.0,525000.0,2.0,4.0
Pahang,Bentong,2026Q2,all,35.0,11187000.0,319628.57,280000.0,190000.0,427000.0,21.0,30.0
Pahang,Bentong,2026Q2,condo,8.0,2375000.0,296875.0,262500.0,167500.0,352500.0,5.0,7.0
Pahang,Bentong,2026Q2,detached,2.0,208000.0,104000.0,104000.0,77000.0,131000.0,2.0,2.0
Pahang,Bentong,2026Q2,low_cost_flat,2.0,208000.0,104000.0,104000.0,77000.0,131000.0,2.0,2.0
Pahang,Bentong,2026Q2,low_cost_house,4.0,900000.0,225000.0,227500.0,207500.0,245000.0,4.0,4.0
Pahang,Bentong,2026Q2,semi_detached,4.0,1996000.0,499000.0,451000.0,396500.0,553500.0,0.0,3.0
Pahang,Bentong,2026Q2,terrace,15.0,5500000.0,366666.67,300000.0,245000.0,490000.0,8.0,12.0
Pahang,Bera,2024Q1,all,40.0,10313000.0,257825.0,248000.0,186500.0,306250.0,30.0,38.0
Pahang,Bera,2024Q1,detached,3.0,1546000.0,515333.33,557000.0,453500.0,598000.0,0.0,1.0
Pahang,Bera,2024Q1,low_cost_flat,1.0,23000.0,23000.0,23000.0,23000.0,23000.0,1.0,1.0
Pahang,Bera,2024Q1,low_cost_house,7.0,836000.0,119428.57,120000.0,105000.0,135000.0,7.0,7.0
Pahang,Bera,2024Q1,semi_detached,5.0,1734000.0,346800.0,325000.0,260000.0,444000.0,2.0,5.0
Pahang,Bera,2024Q1,terrace,24.0,6174000.0,257250.0,248000.0,227500.0,273000.0,20.0,24.0
Pahang,Bera,2024Q2,all,28.0,6975000.0,249107.14,256000.0,127500.0,330500.0,19.0,25.0
Pahang,Bera,2024Q2,detached,3.0,937000.0,312333.33,350000.0,199500.0,444000.0,1.0,2.0
Pahang,Bera,2024Q2,low_cost_house,9.0,1005000.0,111666.67,100000.0,90000.0,135000.0,9.0,9.0
Pahang,Bera,2024Q2,semi_detached,3.0,1200000.0,400000.0,530000.0,325000.0,540000.0,1.0,1.0
Pahang,Bera,2024Q2,terrace,13.0,3833000.0,294846.15,300000.0,262000.0,328000.0,8.0,13.0
Pahang,Bera,2024Q3,all,36.0,9435000.0,262083.33,248000.0,179500.0,293750.0,27.0,35.0
Pahang,Bera,2024Q3,detached,2.0,197000.0,98500.0,98500.0,72750.0,124250.0,2.0,2.0
Pahang,Bera,2024Q3,low_cost_house,6.0,753000.0,125500.0,132500.0,111250.0,150000.0,6.0,6.0
Pahang,Bera,2024Q3,semi_detached,10.0,4007000.0,400700.0,431500.0,317500.0,444000.0,3.0,9.0
Pahang,Bera,2024Q3,terrace,18.0,4478000.0,248777.78,243000.0,205000.0,261250.0,16.0,18.0
Pahang,Bera,2024Q4,all,18.0,4606000.0,255888.89,249000.0,165000.0,347500.0,13.0,18.0
Pahang,Bera,2024Q4,detached,1.0,120000.0,120000.0,120000.0,120000.0,120000.0,1.0,1.0
Pahang,Bera,2024Q4,low_cost_house,5.0,665000.0,133000.0,135000.0,120000.0,160000.0,5.0,5.0
Pahang,Bera,2024Q4,semi_detached,2.0,795000.0,397500.0,397500.0,396250.0,398750.0,0.0,2.0
Pahang,Bera,2024Q4,terrace,10.0,3026000.0,302600.0,265000.0,248500.0,347500.0,7.0,10.0
Pahang,Bera,2025Q1,all,22.0,6444000.0,292909.09,255000.0,162500.0,394500.0,13.0,21.0
Pahang,Bera,2025Q1,detached,1.0,435000.0,435000.0,435000.0,435000.0,435000.0,0.0,1.0
Pahang,Bera,2025Q1,low_cost_house,7.0,1038000.0,148285.71,150000.0,144000.0,150000.0,7.0,7.0
Pahang,Bera,2025Q1,semi_detached,4.0,1587000.0,396750.0,359500.0,262000.0,494250.0,2.0,3.0
Pahang,Bera,2025Q1,terrace,10.0,3384000.0,338400.0,339000.0,252500.0,394500.0,4.0,10.0
Pahang,Bera,2025Q2,all,36.0,10299000.0,286083.33,246500.0,209750.0,355000.0,25.0,35.0
Pahang,Bera,2025Q2,low_cost_house,4.0,555000.0,138750.0,135000.0,111250.0,162500.0,4.0,4.0
Pahang,Bera,2025Q2,semi_detached,4.0,1611000.0,402750.0,405500.0,365000.0,443250.0,0.0,4.0
Pahang,Bera,2025Q2,terrace,28.0,8133000.0,290464.29,246500.0,217500.0,300750.0,21.0,27.0
Pahang,Bera,2025Q3,all,24.0,6244000.0,260166.67,270000.0,177500.0,352250.0,15.0,24.0
Pahang,Bera,2025Q3,detached,2.0,549000.0,274500.0,274500.0,162250.0,386750.0,1.0,2.0
Pahang,Bera,2025Q3,low_cost_flat,1.0,25000.0,25000.0,25000.0,25000.0,25000.0,1.0,1.0
Pahang,Bera,2025Q3,low_cost_house,6.0,987000.0,164500.0,160000.0,150000.0,177500.0,6.0,6.0
Pahang,Bera,2025Q3,semi_detached,4.0,1410000.0,352500.0,362500.0,330000.0,385000.0,1.0,4.0
Pahang,Bera,2025Q3,terrace,11.0,3273000.0,297545.45,297000.0,255000.0,341000.0,6.0,11.0
Pahang,Bera,2025Q4,all,28.0,8335000.0,297678.57,267500.0,228750.0,337750.0,19.0,27.0
Pahang,Bera,2025Q4,cluster,1.0,620000.0,620000.0,620000.0,620000.0,620000.0,0.0,0.0
Pahang,Bera,2025Q4,low_cost_house,4.0,660000.0,165000.0,160000.0,137500.0,187500.0,4.0,4.0
Pahang,Bera,2025Q4,semi_detached,3.0,1135000.0,378333.33,400000.0,355000.0,412500.0,0.0,3.0
Pahang,Bera,2025Q4,terrace,20.0,5920000.0,296000.0,267500.0,250000.0,301500.0,15.0,20.0
Pahang,Bera,2026Q1,all,11.0,3318000.0,301636.36,225000.0,130000.0,295000.0,8.0,9.0
Pahang,Bera,2026Q1,detached,1.0,613000.0,613000.0,613000.0,613000.0,613000.0,0.0,0.0
Pahang,Bera,2026Q1,low_cost_house,3.0,320000.0,106666.67,120000.0,90000.0,130000.0,3.0,3.0
Pahang,Bera,2026Q1,semi_detached,1.0,280000.0,280000.0,280000.0,280000.0,280000.0,1.0,1.0
Pahang,Bera,2026Q1,terrace,6.0,2105000.0,350833.33,230000.0,221250.0,291250.0,4.0,5.0
Pahang,Bera,2026Q2,all,13.0,3941000.0,303153.85,280000.0,215000.0,394000.0,8.0,12.0
Pahang,Bera,2026Q2,detached,1.0,680000.0,680000.0,680000.0,680000.0,680000.0,0.0,0.0
Pahang,Bera,2026Q2,low_cost_flat,1.0,24000.0,24000.0,24000.0,24000.0,24000.0,1.0,1.0
Pahang,Bera,2026Q2,low_cost_house,2.0,220000.0,110000.0,110000.0,85000.0,135000.0,2.0,2.0
Pahang,Bera,2026Q2,semi_detached,2.0,733000.0,366500.0,366500.0,323250.0,409750.0,1.0,2.0
Pahang,Bera,2026Q2,terrace,7.0,2284000.0,326285.71,298000.0,268500.0,387000.0,4.0,7.0
Pahang,Cameron Highland,2024Q1,all,21.0,8906000.0,424095.24,346000.0,280000.0,460000.0,8.0,19.0
Pahang,Cameron Highland,2024Q1,condo,19.0,6256000.0,329263.16,330000.0,265000.0,380000.0,8.0,19.0
Pahang,Cameron Highland,2024Q1,semi_detached,1.0,1750000.0,1750000.0,1750000.0,1750000.0,1750000.0,0.0,0.0
Pahang,Cameron Highland,2024Q1,terrace,1.0,900000.0,900000.0,900000.0,900000.0,900000.0,0.0,0.0
Pahang,Cameron Highland,2024Q2,all,16.0,9144000.0,571500.0,477500.0,307500.0,646000.0,4.0,9.0
Pahang,Cameron Highland,2024Q2,condo,13.0,5364000.0,412615.38,350000.0,270000.0,506000.0,4.0,9.0
Pahang,Cameron Highland,2024Q2,semi_detached,1.0,2050000.0,2050000.0,2050000.0,2050000.0,2050000.0,0.0,0.0
Pahang,Cameron Highland,2024Q2,terrace,2.0,1730000.0,865000.0,865000.0,832500.0,897500.0,0.0,0.0
Pahang,Cameron Highland,2024Q3,all,18.0,9223000.0,512388.89,397000.0,321000.0,561500.0,3.0,13.0
Pahang,Cameron Highland,2024Q3,condo,12.0,4263000.0,355250.0,324000.0,307500.0,401500.0,3.0,11.0
Pahang,Cameron Highland,2024Q3,detached,1.0,600000.0,600000.0,600000.0,600000.0,600000.0,0.0,0.0
Pahang,Cameron Highland,2024Q3,semi_detached,2.0,2800000.0,1400000.0,1400000.0,1400000.0,1400000.0,0.0,0.0
Pahang,Cameron Highland,2024Q3,terrace,3.0,1560000.0,520000.0,500000.0,450000.0,580000.0,0.0,2.0
Pahang,Cameron Highland,2024Q4,all,10.0,3765000.0,376500.0,363500.0,256250.0,452500.0,4.0,9.0
Pahang,Cameron Highland,2024Q4,condo,7.0,2615000.0,373571.43,327000.0,262500.0,435000.0,3.0,6.0
Pahang,Cameron Highland,2024Q4,detached,1.0,500000.0,500000.0,500000.0,500000.0,500000.0,0.0,1.0
Pahang,Cameron Highland,2024Q4,low_cost_house,1.0,250000.0,250000.0,250000.0,250000.0,250000.0,1.0,1.0
Pahang,Cameron Highland,2024Q4,terrace,1.0,400000.0,400000.0,400000.0,400000.0,400000.0,0.0,1.0
Pahang,Cameron Highland,2025Q1,all,5.0,1831000.0,366200.0,320000.0,315000.0,378000.0,1.0,4.0
Pahang,Cameron Highland,2025Q1,condo,4.0,1631000.0,407750.0,349000.0,318750.0,438000.0,0.0,3.0
Pahang,Cameron Highland,2025Q1,low_cost_flat,1.0,200000.0,200000.0,200000.0,200000.0,200000.0,1.0,1.0
Pahang,Cameron Highland,2025Q2,all,12.0,6825000.0,568750.0,425000.0,366000.0,528250.0,2.0,9.0
Pahang,Cameron Highland,2025Q2,condo,10.0,4575000.0,457500.0,390000.0,358000.0,477000.0,2.0,8.0
Pahang,Cameron Highland,2025Q2,semi_detached,1.0,1800000.0,1800000.0,1800000.0,1800000.0,1800000.0,0.0,0.0
Pahang,Cameron Highland,2025Q2,terrace,1.0,450000.0,450000.0,450000.0,450000.0,450000.0,0.0,1.0
Pahang,Cameron Highland,2025Q3,all,2.0,1453000.0,726500.0,726500.0,614750.0,838250.0,0.0,0.0
Pahang,Cameron Highland,2025Q3,condo,1.0,503000.0,503000.0,503000.0,503000.0,503000.0,0.0,0.0
Pahang,Cameron Highland,2025Q3,terrace,1.0,950000.0,950000.0,950000.0,950000.0,950000.0,0.0,0.0
Pahang,Cameron Highland,2025Q4,all,14.0,5854000.0,418142.86,360000.0,348750.0,419250.0,1.0,13.0
Pahang,Cameron Highland,2025Q4,condo,13.0,4754000.0,365692.31,360000.0,345000.0,417000.0,1.0,13.0
Pahang,Cameron Highland,2025Q4,terrace,1.0,1100000.0,1100000.0,1100000.0,1100000.0,1100000.0,0.0,0.0
Pahang,Cameron Highland,2026Q1,all,8.0,3092000.0,386500.0,394500.0,346000.0,453750.0,2.0,8.0
Pahang,Cameron Highland,2026Q1,condo,8.0,3092000.0,386500.0,394500.0,346000.0,453750.0,2.0,8.0
Pahang,Cameron Highland,2026Q2,all,5.0,2408000.0,481600.0,500000.0,419000.0,563000.0,1.0,3.0
Pahang,Cameron Highland,2026Q2,condo,4.0,1658000.0,414500.0,459500.0,358250.0,515750.0,1.0,3.0
Pahang,Cameron Highland,2026Q2,terrace,1.0,750000.0,750000.0,750000.0,750000.0,750000.0,0.0,0.0
Pahang,Daerah Kecil Muadzam Shah,2025Q3,all,1.0,238000.0,238000.0,238000.0,238000.0,238000.0,1.0,1.0
Pahang,Daerah Kecil Muadzam Shah,2025Q3,terrace,1.0,238000.0,238000.0,238000.0,238000.0,238000.0,1.0,1.0
Pahang,Daerah Kecil Muadzam Shah,2025Q4,all,6.0,1584000.0,264000.0,245500.0,245000.0,263250.0,5.0,6.0
Pahang,Daerah Kecil Muadzam Shah,2025Q4,terrace,6.0,1584000.0,264000.0,245500.0,245000.0,263250.0,5.0,6.0
Pahang,Daerah Kecil Muadzam Shah,2026Q1,all,1.0,245000.0,245000.0,245000.0,245000.0,245000.0,1.0,1.0
Pahang,Daerah Kecil Muadzam Shah,2026Q1,terrace,1.0,245000.0,245000.0,245000.0,245000.0,245000.0,1.0,1.0
Pahang,Jerantut,2024Q1,all,65.0,15735000.0,242076.92,250000.0,160000.0,306000.0,48.0,65.0
Pahang,Jerantut,2024Q1,detached,2.0,357000.0,178500.0,178500.0,126750.0,230250.0,2.0,2.0
Pahang,Jerantut,2024Q1,low_cost_house,13.0,1912000.0,147076.92,160000.0,120000.0,160000.0,13.0,13.0
Pahang,Jerantut,2024Q1,semi_detached,26.0,7092000.0,272769.23,292000.0,165750.0,329250.0,15.0,26.0
Pahang,Jerantut,2024Q1,terrace,24.0,6374000.0,265583.33,268000.0,219250.0,305000.0,18.0,24.0
Pahang,Jerantut,2024Q2,all,62.0,16155000.0,260564.52,255000.0,171000.0,317500.0,44.0,60.0
Pahang,Jerantut,2024Q2,detached,6.0,1720000.0,286666.67,190000.0,68750.0,356250.0,4.0,5.0
Pahang,Jerantut,2024Q2,low_cost_house,10.0,1755000.0,175500.0,170000.0,138750.0,185000.0,10.0,10.0
Pahang,Jerantut,2024Q2,semi_detached,17.0,4848000.0,285176.47,299000.0,174000.0,356000.0,9.0,16.0
Pahang,Jerantut,2024Q2,terrace,29.0,7832000.0,270068.97,270000.0,240000.0,310000.0,21.0,29.0
Pahang,Jerantut,2024Q3,all,76.0,20404000.0,268473.68,280000.0,170000.0,344250.0,47.0,75.0
Pahang,Jerantut,2024Q3,detached,1.0,400000.0,400000.0,400000.0,400000.0,400000.0,0.0,1.0
Pahang,Jerantut,2024Q3,low_cost_house,8.0,1205000.0,150625.0,160000.0,137500.0,180000.0,8.0,8.0
Pahang,Jerantut,2024Q3,semi_detached,37.0,11010000.0,297567.57,330000.0,168000.0,370000.0,14.0,36.0
Pahang,Jerantut,2024Q3,terrace,30.0,7789000.0,259633.33,275000.0,231250.0,287000.0,25.0,30.0
Pahang,Jerantut,2024Q4,all,27.0,7739000.0,286629.63,295000.0,230000.0,326500.0,16.0,27.0
Pahang,Jerantut,2024Q4,low_cost_house,1.0,160000.0,160000.0,160000.0,160000.0,160000.0,1.0,1.0
Pahang,Jerantut,2024Q4,semi_detached,16.0,4982000.0,311375.0,321500.0,285000.0,358000.0,6.0,16.0
Pahang,Jerantut,2024Q4,terrace,10.0,2597000.0,259700.0,245000.0,230000.0,261000.0,9.0,10.0
Pahang,Jerantut,2025Q1,all,14.0,3081000.0,220071.43,197500.0,172500.0,280000.0,13.0,14.0
Pahang,Jerantut,2025Q1,low_cost_house,6.0,954000.0,159000.0,162500.0,150500.0,177500.0,6.0,6.0
Pahang,Jerantut,2025Q1,terrace,8.0,2127000.0,265875.0,280000.0,248750.0,286500.0,7.0,8.0
Pahang,Jerantut,2025Q2,all,20.0,5343000.0,267150.0,265000.0,150000.0,354500.0,13.0,19.0
Pahang,Jerantut,2025Q2,detached,1.0,285000.0,285000.0,285000.0,285000.0,285000.0,1.0,1.0
Pahang,Jerantut,2025Q2,low_cost_house,6.0,805000.0,134166.67,150000.0,112500.0,150000.0,6.0,6.0
Pahang,Jerantut,2025Q2,semi_detached,7.0,2463000.0,351857.14,387000.0,294000.0,394000.0,2.0,6.0
Pahang,Jerantut,2025Q2,terrace,6.0,1790000.0,298333.33,278500.0,262500.0,334250.0,4.0,6.0
Pahang,Jerantut,2025Q3,all,19.0,5388000.0,283578.95,288000.0,250000.0,323500.0,12.0,19.0
Pahang,Jerantut,2025Q3,low_cost_house,2.0,400000.0,200000.0,200000.0,190000.0,210000.0,2.0,2.0
Pahang,Jerantut,2025Q3,semi_detached,7.0,1860000.0,265714.29,288000.0,248500.0,299000.0,5.0,7.0
Pahang,Jerantut,2025Q3,terrace,10.0,3128000.0,312800.0,309000.0,269000.0,351250.0,5.0,10.0
Pahang,Jerantut,2025Q4,all,21.0,6124000.0,291619.05,282000.0,258000.0,330000.0,15.0,21.0
Pahang,Jerantut,2025Q4,low_cost_house,1.0,150000.0,150000.0,150000.0,150000.0,150000.0,1.0,1.0
Pahang,Jerantut,2025Q4,semi_detached,6.0,1592000.0,265333.33,273000.0,249750.0,295500.0,5.0,6.0
Pahang,Jerantut,2025Q4,terrace,14.0,4382000.0,313000.0,284500.0,263000.0,367500.0,9.0,14.0
Pahang,Jerantut,2026Q1,all,12.0,3367000.0,280583.33,284000.0,258000.0,312500.0,9.0,12.0
Pahang,Jerantut,2026Q1,low_cost_house,2.0,300000.0,150000.0,150000.0,145000.0,155000.0,2.0,2.0
Pahang,Jerantut,2026Q1,semi_detached,1.0,350000.0,350000.0,350000.0,350000.0,350000.0,0.0,1.0
Pahang,Jerantut,2026Q1,terrace,9.0,2717000.0,301888.89,286000.0,270000.0,300000.0,7.0,9.0
Pahang,Jerantut,2026Q2,all,23.0,6656000.0,289391.3,260000.0,225000.0,341000.0,16.0,23.0
Pahang,Jerantut,2026Q2,low_cost_house,3.0,560000.0,186666.67,190000.0,170000.0,205000.0,3.0,3.0
Pahang,Jerantut,2026Q2,semi_detached,1.0,420000.0,420000.0,420000.0,420000.0,420000.0,0.0,1.0
Pahang,Jerantut,2026Q2,terrace,19.0,5676000.0,298736.84,267000.0,258000.0,341000.0,13.0,19.0
Pahang,Kuantan,2024Q1,all,672.0,217031000.0,322962.8,292000.0,245000.0,378000.0,364.0,624.0
Pahang,Kuantan,2024Q1,cluster,1.0,100000.0,100000.0,100000.0,100000.0,100000.0,1.0,1.0
Pahang,Kuantan,2024Q1,condo,24.0,7060000.0,294166.67,301000.0,291500.0,308000.0,11.0,24.0
Pahang,Kuantan,2024Q1,detached,20.0,10661000.0,533050.0,296500.0,200000.0,545000.0,10.0,15.0
Pahang,Kuantan,2024Q1,low_cost_house,57.0,10230000.0,179473.68,180000.0,155000.0,190000.0,57.0,57.0
Pahang,Kuantan,2024Q1,semi_detached,95.0,37551000.0,395273.68,370000.0,260000.0,423500.0,29.0,82.0
Pahang,Kuantan,2024Q1,terrace,475.0,151429000.0,318797.89,293000.0,255000.0,370000.0,256.0,445.0
Pahang,Kuantan,2024Q2,all,664.0,221331000.0,333329.82,300000.0,240000.0,388000.0,353.0,598.0
Pahang,Kuantan,2024Q2,condo,17.0,4972000.0,292470.59,300000.0,292000.0,303000.0,9.0,17.0
Pahang,Kuantan,2024Q2,detached,20.0,9302000.0,465100.0,372500.0,195000.0,512500.0,9.0,15.0
Pahang,Kuantan,2024Q2,low_cost_flat,3.0,288000.0,96000.0,75000.0,69000.0,112500.0,3.0,3.0
Pahang,Kuantan,2024Q2,low_cost_house,50.0,8684000.0,173680.0,170000.0,156250.0,197500.0,50.0,50.0
Pahang,Kuantan,2024Q2,semi_detached,104.0,41339000.0,397490.38,366000.0,283750.0,417000.0,31.0,90.0
Pahang,Kuantan,2024Q2,terrace,470.0,156746000.0,333502.13,300000.0,256500.0,387250.0,251.0,423.0
Pahang,Kuantan,2024Q3,all,672.0,212335000.0,315974.7,290000.0,230000.0,383500.0,374.0,627.0
Pahang,Kuantan,2024Q3,cluster,3.0,360000.0,120000.0,120000.0,115000.0,125000.0,3.0,3.0
Pahang,Kuantan,2024Q3,condo,16.0,5206000.0,325375.0,295000.0,289750.0,309250.0,10.0,15.0
Pahang,Kuantan,2024Q3,detached,13.0,4966000.0,382000.0,350000.0,250000.0,485000.0,6.0,11.0
Pahang,Kuantan,2024Q3,low_cost_flat,4.0,336000.0,84000.0,82500.0,80250.0,86250.0,4.0,4.0
Pahang,Kuantan,2024Q3,low_cost_house,71.0,12906000.0,181774.65,180000.0,157500.0,210000.0,71.0,71.0
Pahang,Kuantan,2024Q3,semi_detached,124.0,49113000.0,396072.58,386000.0,270000.0,430000.0,35.0,104.0
Pahang,Kuantan,2024Q3,terrace,441.0,139448000.0,316208.62,295000.0,250000.0,363000.0,245.0,419.0
Pahang,Kuantan,2024Q4,all,316.0,112308000.0,355405.06,325000.0,250000.0,403000.0,137.0,290.0
Pahang,Kuantan,2024Q4,cluster,1.0,500000.0,500000.0,500000.0,500000.0,500000.0,0.0,1.0
Pahang,Kuantan,2024Q4,condo,5.0,1268000.0,253600.0,175000.0,128000.0,305000.0,3.0,4.0
Pahang,Kuantan,2024Q4,detached,11.0,8005000.0,727727.27,450000.0,210000.0,640000.0,4.0,8.0
Pahang,Kuantan,2024Q4,low_cost_house,32.0,5941000.0,185656.25,180000.0,169000.0,191250.0,32.0,32.0
Pahang,Kuantan,2024Q4,semi_detached,64.0,27716000.0,433062.5,404000.0,361500.0,440500.0,8.0,55.0
Pahang,Kuantan,2024Q4,terrace,203.0,68878000.0,339300.49,320000.0,270000.0,380000.0,90.0,190.0
Pahang,Kuantan,2025Q1,all,242.0,89793000.0,371045.45,320000.0,270000.0,406500.0,101.0,212.0
Pahang,Kuantan,2025Q1,condo,6.0,1810000.0,301666.67,300000.0,293250.0,348000.0,4.0,6.0
Pahang,Kuantan,2025Q1,detached,6.0,5320000.0,886666.67,735000.0,487500.0,1320000.0,1.0,2.0
Pahang,Kuantan,2025Q1,low_cost_flat,1.0,100000.0,100000.0,100000.0,100000.0,100000.0,1.0,1.0
Pahang,Kuantan,2025Q1,low_cost_house,28.0,4900000.0,175000.0,180000.0,150000.0,200000.0,28.0,28.0
Pahang,Kuantan,2025Q1,semi_detached,39.0,20854000.0,534717.95,450000.0,380000.0,692500.0,2.0,26.0
Pahang,Kuantan,2025Q1,terrace,162.0,56809000.0,350672.84,320000.0,280000.0,380000.0,65.0,149.0
Pahang,Kuantan,2025Q2,all,177.0,62121000.0,350966.1,332000.0,268000.0,420000.0,74.0,164.0
Pahang,Kuantan,2025Q2,cluster,1.0,650000.0,650000.0,650000.0,650000.0,650000.0,0.0,0.0
Pahang,Kuantan,2025Q2,condo,2.0,1000000.0,500000.0,500000.0,500000.0,500000.0,0.0,2.0
Pahang,Kuantan,2025Q2,detached,2.0,1511000.0,755500.0,755500.0,643250.0,867750.0,0.0,0.0
Pahang,Kuantan,2025Q2,low_cost_flat,1.0,103000.0,103000.0,103000.0,103000.0,103000.0,1.0,1.0
Pahang,Kuantan,2025Q2,low_cost_house,17.0,3242000.0,190705.88,185000.0,165000.0,210000.0,17.0,17.0
Pahang,Kuantan,2025Q2,semi_detached,42.0,17310000.0,412142.86,407500.0,370500.0,476250.0,8.0,40.0
Pahang,Kuantan,2025Q2,terrace,112.0,38305000.0,342008.93,326500.0,288000.0,388000.0,48.0,104.0
Pahang,Kuantan,2025Q3,all,264.0,88855000.0,336571.97,319000.0,249500.0,410000.0,124.0,242.0
Pahang,Kuantan,2025Q3,condo,6.0,1240000.0,206666.67,190000.0,180000.0,252500.0,5.0,6.0
Pahang,Kuantan,2025Q3,detached,5.0,2910000.0,582000.0,300000.0,230000.0,900000.0,3.0,3.0
Pahang,Kuantan,2025Q3,low_cost_flat,3.0,270000.0,90000.0,73000.0,72500.0,99000.0,3.0,3.0
Pahang,Kuantan,2025Q3,low_cost_house,12.0,2490000.0,207500.0,220000.0,192500.0,240000.0,12.0,12.0
Pahang,Kuantan,2025Q3,semi_detached,70.0,23919000.0,341700.0,386500.0,164000.0,437000.0,27.0,62.0
Pahang,Kuantan,2025Q3,terrace,168.0,58026000.0,345392.86,319500.0,270000.0,400000.0,74.0,156.0
Pahang,Kuantan,2025Q4,all,270.0,90264000.0,334311.11,310000.0,260000.0,400000.0,125.0,244.0
Pahang,Kuantan,2025Q4,condo,5.0,1670000.0,334000.0,310000.0,310000.0,400000.0,1.0,5.0
Pahang,Kuantan,2025Q4,detached,2.0,810000.0,405000.0,405000.0,292500.0,517500.0,1.0,1.0
Pahang,Kuantan,2025Q4,low_cost_flat,2.0,150000.0,75000.0,75000.0,67500.0,82500.0,2.0,2.0
Pahang,Kuantan,2025Q4,low_cost_house,20.0,3682000.0,184100.0,185000.0,161250.0,210000.0,20.0,20.0
Pahang,Kuantan,2025Q4,semi_detached,58.0,21424000.0,369379.31,400000.0,154000.0,465000.0,21.0,49.0
Pahang,Kuantan,2025Q4,terrace,183.0,62528000.0,341683.06,317000.0,273000.0,375500.0,80.0,167.0
Pahang,Kuantan,2026Q1,all,147.0,56222000.0,382462.59,345000.0,276500.0,436000.0,56.0,126.0
Pahang,Kuantan,2026Q1,condo,4.0,1269000.0,317250.0,252000.0,180500.0,388750.0,2.0,3.0
Pahang,Kuantan,2026Q1,detached,3.0,2140000.0,713333.33,340000.0,270000.0,970000.0,1.0,2.0
Pahang,Kuantan,2026Q1,low_cost_flat,1.0,90000.0,90000.0,90000.0,90000.0,90000.0,1.0,1.0
Pahang,Kuantan,2026Q1,low_cost_house,8.0,1520000.0,190000.0,190000.0,170000.0,200000.0,8.0,8.0
Pahang,Kuantan,2026Q1,semi_detached,36.0,16212000.0,450333.33,429000.0,378500.0,450000.0,6.0,33.0
Pahang,Kuantan,2026Q1,terrace,95.0,34991000.0,368326.32,326000.0,280000.0,421000.0,38.0,79.0
Pahang,Kuantan,2026Q2,all,175.0,56261000.0,321491.43,300000.0,240000.0,380000.0,91.0,157.0
Pahang,Kuantan,2026Q2,condo,7.0,1804000.0,257714.29,310000.0,224500.0,310000.0,3.0,7.0
Pahang,Kuantan,2026Q2,detached,2.0,410000.0,205000.0,205000.0,182500.0,227500.0,2.0,2.0
Pahang,Kuantan,2026Q2,low_cost_house,22.0,3225000.0,146590.91,170000.0,45000.0,200000.0,22.0,22.0
Pahang,Kuantan,2026Q2,semi_detached,27.0,12359000.0,457740.74,410000.0,380000.0,488000.0,3.0,21.0
Pahang,Kuantan,2026Q2,terrace,117.0,38463000.0,328743.59,300000.0,270000.0,359000.0,61.0,105.0
Pahang,Lipis,2024Q1,all,31.0,7172000.0,231354.84,252000.0,151500.0,277000.0,27.0,30.0
Pahang,Lipis,2024Q1,detached,2.0,1107000.0,553500.0,553500.0,441750.0,665250.0,0.0,1.0
Pahang,Lipis,2024Q1,low_cost_house,3.0,280000.0,93333.33,100000.0,65000.0,125000.0,3.0,3.0
Pahang,Lipis,2024Q1,terrace,26.0,5785000.0,222500.0,252000.0,180000.0,272500.0,24.0,26.0
Pahang,Lipis,2024Q2,all,34.0,8620000.0,253529.41,275000.0,255000.0,289000.0,28.0,34.0
Pahang,Lipis,2024Q2,low_cost_house,2.0,245000.0,122500.0,122500.0,108750.0,136250.0,2.0,2.0
Pahang,Lipis,2024Q2,semi_detached,2.0,787000.0,393500.0,393500.0,385750.0,401250.0,0.0,2.0
Pahang,Lipis,2024Q2,terrace,30.0,7588000.0,252933.33,275000.0,255000.0,288750.0,26.0,30.0
Pahang,Lipis,2024Q3,all,36.0,9150000.0,254166.67,277000.0,156000.0,306250.0,26.0,35.0
Pahang,Lipis,2024Q3,low_cost_house,1.0,160000.0,160000.0,160000.0,160000.0,160000.0,1.0,1.0
Pahang,Lipis,2024Q3,semi_detached,15.0,3817000.0,254466.67,158000.0,150000.0,378000.0,9.0,14.0
Pahang,Lipis,2024Q3,terrace,20.0,5173000.0,258650.0,289000.0,238750.0,299250.0,16.0,20.0
Pahang,Lipis,2024Q4,all,27.0,5526000.0,204666.67,190000.0,110000.0,275000.0,24.0,26.0
Pahang,Lipis,2024Q4,detached,1.0,700000.0,700000.0,700000.0,700000.0,700000.0,0.0,0.0
Pahang,Lipis,2024Q4,low_cost_flat,1.0,23000.0,23000.0,23000.0,23000.0,23000.0,1.0,1.0
Pahang,Lipis,2024Q4,low_cost_house,2.0,275000.0,137500.0,137500.0,111250.0,163750.0,2.0,2.0
Pahang,Lipis,2024Q4,semi_detached,5.0,725000.0,145000.0,150000.0,135000.0,150000.0,5.0,5.0
Pahang,Lipis,2024Q4,terrace,18.0,3803000.0,211277.78,252500.0,105000.0,275000.0,16.0,18.0
Pahang,Lipis,2025Q1,all,8.0,1825000.0,228125.0,210000.0,161250.0,312500.0,6.0,8.0
Pahang,Lipis,2025Q1,detached,1.0,50000.0,50000.0,50000.0,50000.0,50000.0,1.0,1.0
Pahang,Lipis,2025Q1,semi_detached,1.0,300000.0,300000.0,300000.0,300000.0,300000.0,1.0,1.0
Pahang,Lipis,2025Q1,terrace,6.0,1475000.0,245833.33,210000.0,168750.0,322500.0,4.0,6.0
Pahang,Lipis,2025Q2,all,18.0,4717000.0,262055.56,270500.0,174500.0,286250.0,16.0,17.0
Pahang,Lipis,2025Q2,low_cost_house,1.0,150000.0,150000.0,150000.0,150000.0,150000.0,1.0,1.0
Pahang,Lipis,2025Q2,semi_detached,7.0,1845000.0,263571.43,150000.0,142500.0,330000.0,5.0,6.0
Pahang,Lipis,2025Q2,terrace,10.0,2722000.0,272200.0,275000.0,263000.0,275000.0,10.0,10.0
Pahang,Lipis,2025Q3,all,20.0,4941000.0,247050.0,252500.0,206250.0,278500.0,17.0,20.0
Pahang,Lipis,2025Q3,low_cost_house,2.0,345000.0,172500.0,172500.0,148750.0,196250.0,2.0,2.0
Pahang,Lipis,2025Q3,semi_detached,4.0,1140000.0,285000.0,273500.0,168500.0,390000.0,2.0,4.0
Pahang,Lipis,2025Q3,terrace,14.0,3456000.0,246857.14,255000.0,211500.0,270000.0,13.0,14.0
Pahang,Lipis,2025Q4,all,18.0,4080000.0,226666.67,255000.0,150000.0,298000.0,14.0,18.0
Pahang,Lipis,2025Q4,low_cost_house,3.0,471000.0,157000.0,96000.0,60500.0,223000.0,2.0,3.0
Pahang,Lipis,2025Q4,semi_detached,7.0,1549000.0,221285.71,155000.0,150000.0,277000.0,5.0,7.0
Pahang,Lipis,2025Q4,terrace,8.0,2060000.0,257500.0,255000.0,255000.0,296000.0,7.0,8.0
Pahang,Lipis,2026Q1,all,10.0,2975000.0,297500.0,287500.0,255000.0,345000.0,7.0,10.0
Pahang,Lipis,2026Q1,detached,1.0,480000.0,480000.0,480000.0,480000.0,480000.0,0.0,1.0
Pahang,Lipis,2026Q1,semi_detached,2.0,715000.0,357500.0,357500.0,328750.0,386250.0,1.0,2.0
Pahang,Lipis,2026Q1,terrace,7.0,1780000.0,254285.71,255000.0,217500.0,287500.0,6.0,7.0
Pahang,Lipis,2026Q2,all,19.0,4758000.0,250421.05,255000.0,192500.0,273000.0,16.0,18.0
Pahang,Lipis,2026Q2,detached,1.0,100000.0,100000.0,100000.0,100000.0,100000.0,1.0,1.0
Pahang,Lipis,2026Q2,semi_detached,4.0,1163000.0,290750.0,224500.0,157250.0,358000.0,3.0,3.0
Pahang,Lipis,2026Q2,terrace,14.0,3495000.0,249642.86,255000.0,248750.0,266000.0,12.0,14.0
Pahang,Maran,2024Q1,all,28.0,6741000.0,240750.0,244000.0,183750.0,305000.0,21.0,28.0
Pahang,Maran,2024Q1,detached,3.0,625000.0,208333.33,260000.0,162500.0,280000.0,3.0,3.0
Pahang,Maran,2024Q1,low_cost_house,5.0,635000.0,127000.0,135000.0,120000.0,150000.0,5.0,5.0
Pahang,Maran,2024Q1,semi_detached,4.0,1348000.0,337000.0,339000.0,313500.0,362500.0,1.0,4.0
Pahang,Maran,2024Q1,terrace,16.0,4133000.0,258312.5,244000.0,243000.0,305000.0,12.0,16.0
Pahang,Maran,2024Q2,all,17.0,4574000.0,269058.82,258000.0,180000.0,320000.0,12.0,17.0
Pahang,Maran,2024Q2,low_cost_house,4.0,583000.0,145750.0,156500.0,131250.0,171000.0,4.0,4.0
Pahang,Maran,2024Q2,semi_detached,7.0,2555000.0,365000.0,360000.0,295000.0,412500.0,3.0,7.0
Pahang,Maran,2024Q2,terrace,6.0,1436000.0,239333.33,249000.0,211000.0,257000.0,5.0,6.0
Pahang,Maran,2024Q3,all,15.0,3688000.0,245866.67,250000.0,134500.0,320000.0,10.0,15.0
Pahang,Maran,2024Q3,detached,2.0,834000.0,417000.0,417000.0,395500.0,438500.0,0.0,2.0
Pahang,Maran,2024Q3,low_cost_house,3.0,466000.0,155333.33,130000.0,130000.0,168000.0,3.0,3.0
Pahang,Maran,2024Q3,semi_detached,2.0,590000.0,295000.0,295000.0,282500.0,307500.0,1.0,2.0
Pahang,Maran,2024Q3,terrace,8.0,1798000.0,224750.0,225000.0,134750.0,267500.0,6.0,8.0
Pahang,Maran,2024Q4,all,6.0,1465000.0,244166.67,267500.0,167500.0,311250.0,4.0,6.0
Pahang,Maran,2024Q4,detached,1.0,100000.0,100000.0,100000.0,100000.0,100000.0,1.0,1.0
Pahang,Maran,2024Q4,low_cost_house,1.0,140000.0,140000.0,140000.0,140000.0,140000.0,1.0,1.0
Pahang,Maran,2024Q4,semi_detached,2.0,690000.0,345000.0,345000.0,332500.0,357500.0,0.0,2.0
Pahang,Maran,2024Q4,terrace,2.0,535000.0,267500.0,267500.0,258750.0,276250.0,2.0,2.0
Pahang,Maran,2025Q1,all,4.0,702000.0,175500.0,151000.0,121500.0,205000.0,4.0,4.0
Pahang,Maran,2025Q1,low_cost_house,1.0,120000.0,120000.0,120000.0,120000.0,120000.0,1.0,1.0
Pahang,Maran,2025Q1,terrace,3.0,582000.0,194000.0,180000.0,151000.0,230000.0,3.0,3.0
Pahang,Maran,2025Q2,all,8.0,1794000.0,224250.0,212500.0,122000.0,289500.0,6.0,8.0
Pahang,Maran,2025Q2,semi_detached,2.0,723000.0,361500.0,361500.0,339750.0,383250.0,0.0,2.0
Pahang,Maran,2025Q2,terrace,6.0,1071000.0,178500.0,141000.0,122000.0,238750.0,6.0,6.0
Pahang,Maran,2025Q3,all,8.0,1517000.0,189625.0,136000.0,106500.0,299500.0,6.0,8.0
Pahang,Maran,2025Q3,detached,2.0,100000.0,50000.0,50000.0,45000.0,55000.0,2.0,2.0
Pahang,Maran,2025Q3,semi_detached,2.0,733000.0,366500.0,366500.0,347250.0,385750.0,0.0,2.0
Pahang,Maran,2025Q3,terrace,4.0,684000.0,171000.0,136000.0,122000.0,185000.0,4.0,4.0
Pahang,Maran,2025Q4,all,10.0,2437000.0,243700.0,214000.0,163500.0,287500.0,8.0,10.0
Pahang,Maran,2025Q4,low_cost_house,3.0,568000.0,189333.33,180000.0,169000.0,205000.0,3.0,3.0
Pahang,Maran,2025Q4,semi_detached,1.0,400000.0,400000.0,400000.0,400000.0,400000.0,0.0,1.0
Pahang,Maran,2025Q4,terrace,6.0,1469000.0,244833.33,240500.0,149250.0,287500.0,5.0,6.0
Pahang,Maran,2026Q1,all,4.0,689000.0,172250.0,174000.0,161750.0,184500.0,4.0,4.0
Pahang,Maran,2026Q1,low_cost_house,1.0,143000.0,143000.0,143000.0,143000.0,143000.0,1.0,1.0
Pahang,Maran,2026Q1,terrace,3.0,546000.0,182000.0,180000.0,174000.0,189000.0,3.0,3.0
Pahang,Maran,2026Q2,all,8.0,925000.0,115625.0,50000.0,45000.0,117500.0,6.0,8.0
Pahang,Maran,2026Q2,low_cost_house,6.0,290000.0,48333.33,45000.0,45000.0,52500.0,6.0,6.0
Pahang,Maran,2026Q2,semi_detached,1.0,330000.0,330000.0,330000.0,330000.0,330000.0,0.0,1.0
Pahang,Maran,2026Q2,terrace,1.0,305000.0,305000.0,305000.0,305000.0,305000.0,0.0,1.0
Pahang,Pekan,2024Q1,all,43.0,11050000.0,256976.74,258000.0,185000.0,300000.0,33.0,41.0
Pahang,Pekan,2024Q1,detached,6.0,1938000.0,323000.0,321000.0,195000.0,483000.0,3.0,4.0
Pahang,Pekan,2024Q1,low_cost_house,9.0,1366000.0,151777.78,160000.0,138000.0,170000.0,9.0,9.0
Pahang,Pekan,2024Q1,semi_detached,10.0,3197000.0,319700.0,330000.0,300000.0,354750.0,4.0,10.0
Pahang,Pekan,2024Q1,terrace,18.0,4549000.0,252722.22,258500.0,225000.0,268250.0,17.0,18.0
Pahang,Pekan,2024Q2,all,27.0,6921000.0,256333.33,259000.0,177500.0,325000.0,19.0,27.0
Pahang,Pekan,2024Q2,detached,2.0,650000.0,325000.0,325000.0,262500.0,387500.0,1.0,2.0
Pahang,Pekan,2024Q2,low_cost_house,6.0,838000.0,139666.67,150000.0,112500.0,159750.0,6.0,6.0
Pahang,Pekan,2024Q2,semi_detached,10.0,2890000.0,289000.0,325000.0,192500.0,347500.0,4.0,10.0
Pahang,Pekan,2024Q2,terrace,9.0,2543000.0,282555.56,288000.0,259000.0,289000.0,8.0,9.0
Pahang,Pekan,2024Q3,all,37.0,10533000.0,284675.68,280000.0,205000.0,310000.0,26.0,35.0
Pahang,Pekan,2024Q3,detached,7.0,2708000.0,386857.14,480000.0,234000.0,540000.0,2.0,5.0
Pahang,Pekan,2024Q3,low_cost_house,4.0,620000.0,155000.0,155000.0,142500.0,167500.0,4.0,4.0
Pahang,Pekan,2024Q3,semi_detached,8.0,2440000.0,305000.0,305000.0,290000.0,342500.0,4.0,8.0
Pahang,Pekan,2024Q3,terrace,18.0,4765000.0,264722.22,271500.0,241250.0,288750.0,16.0,18.0
Pahang,Pekan,2024Q4,all,15.0,3667000.0,244466.67,245000.0,152500.0,263000.0,12.0,14.0
Pahang,Pekan,2024Q4,detached,5.0,1617000.0,323400.0,322000.0,155000.0,500000.0,2.0,4.0
Pahang,Pekan,2024Q4,low_cost_house,5.0,760000.0,152000.0,150000.0,140000.0,180000.0,5.0,5.0
Pahang,Pekan,2024Q4,terrace,5.0,1290000.0,258000.0,260000.0,259000.0,263000.0,5.0,5.0
Pahang,Pekan,2025Q1,all,19.0,5101000.0,268473.68,263000.0,207500.0,297500.0,14.0,18.0
Pahang,Pekan,2025Q1,detached,2.0,718000.0,359000.0,359000.0,263500.0,454500.0,1.0,1.0
Pahang,Pekan,2025Q1,low_cost_house,3.0,386000.0,128666.67,130000.0,108000.0,150000.0,3.0,3.0
Pahang,Pekan,2025Q1,semi_detached,5.0,1775000.0,355000.0,351000.0,315000.0,400000.0,1.0,5.0
Pahang,Pekan,2025Q1,terrace,9.0,2222000.0,246888.89,263000.0,258000.0,263000.0,9.0,9.0
Pahang,Pekan,2025Q2,all,10.0,2176000.0,217600.0,165000.0,142500.0,297500.0,7.0,10.0
Pahang,Pekan,2025Q2,detached,4.0,1256000.0,314000.0,345000.0,264250.0,394750.0,1.0,4.0
Pahang,Pekan,2025Q2,low_cost_house,5.0,720000.0,144000.0,150000.0,140000.0,160000.0,5.0,5.0
Pahang,Pekan,2025Q2,terrace,1.0,200000.0,200000.0,200000.0,200000.0,200000.0,1.0,1.0
Pahang,Pekan,2025Q3,all,14.0,4126000.0,294714.29,259000.0,228500.0,339750.0,10.0,13.0
Pahang,Pekan,2025Q3,detached,1.0,557000.0,557000.0,557000.0,557000.0,557000.0,0.0,0.0
Pahang,Pekan,2025Q3,low_cost_house,1.0,190000.0,190000.0,190000.0,190000.0,190000.0,1.0,1.0
Pahang,Pekan,2025Q3,semi_detached,3.0,1053000.0,351000.0,353000.0,326500.0,376500.0,1.0,3.0
Pahang,Pekan,2025Q3,terrace,9.0,2326000.0,258444.44,230000.0,228000.0,268000.0,8.0,9.0
Pahang,Pekan,2025Q4,all,18.0,5189000.0,288277.78,277500.0,241250.0,330000.0,13.0,18.0
Pahang,Pekan,2025Q4,detached,3.0,885000.0,295000.0,275000.0,272500.0,307500.0,2.0,3.0
Pahang,Pekan,2025Q4,semi_detached,6.0,1988000.0,331333.33,325000.0,300000.0,363500.0,3.0,6.0
Pahang,Pekan,2025Q4,terrace,9.0,2316000.0,257333.33,240000.0,228000.0,268000.0,8.0,9.0
Pahang,Pekan,2026Q1,all,16.0,4573000.0,285812.5,300000.0,229750.0,322500.0,10.0,15.0
Pahang,Pekan,2026Q1,detached,1.0,680000.0,680000.0,680000.0,680000.0,680000.0,0.0,0.0
Pahang,Pekan,2026Q1,low_cost_house,3.0,355000.0,118333.33,120000.0,110000.0,127500.0,3.0,3.0
Pahang,Pekan,2026Q1,semi_detached,6.0,1924000.0,320666.67,310000.0,300000.0,341000.0,3.0,6.0
Pahang,Pekan,2026Q1,terrace,6.0,1614000.0,269000.0,269500.0,244750.0,306250.0,4.0,6.0
Pahang,Pekan,2026Q2,all,18.0,5268000.0,292666.67,304000.0,261250.0,350000.0,9.0,18.0
Pahang,Pekan,2026Q2,detached,3.0,650000.0,216666.67,120000.0,100000.0,285000.0,2.0,3.0
Pahang,Pekan,2026Q2,low_cost_house,1.0,100000.0,100000.0,100000.0,100000.0,100000.0,1.0,1.0
Pahang,Pekan,2026Q2,semi_detached,9.0,3110000.0,345555.56,350000.0,340000.0,368000.0,2.0,9.0
Pahang,Pekan,2026Q2,terrace,5.0,1408000.0,281600.0,280000.0,267000.0,288000.0,4.0,5.0
Pahang,Raub,2024Q1,all,61.0,22746000.0,372885.25,420000.0,225000.0,470000.0,23.0,53.0
Pahang,Raub,2024Q1,condo,2.0,540000.0,270000.0,270000.0,260000.0,280000.0,2.0,2.0
Pahang,Raub,2024Q1,detached,5.0,1532000.0,306400.0,232000.0,200000.0,440000.0,3.0,5.0
Pahang,Raub,2024Q1,low_cost_house,11.0,1766000.0,160545.45,160000.0,150500.0,170000.0,11.0,11.0
Pahang,Raub,2024Q1,semi_detached,16.0,7813000.0,488312.5,439000.0,420000.0,541250.0,0.0,11.0
Pahang,Raub,2024Q1,terrace,27.0,11095000.0,410925.93,420000.0,311500.0,475500.0,7.0,24.0
Pahang,Raub,2024Q2,all,52.0,18822000.0,361961.54,300000.0,249500.0,427000.0,27.0,44.0
Pahang,Raub,2024Q2,condo,1.0,350000.0,350000.0,350000.0,350000.0,350000.0,0.0,1.0
Pahang,Raub,2024Q2,detached,5.0,1988000.0,397600.0,350000.0,230000.0,400000.0,2.0,4.0
Pahang,Raub,2024Q2,low_cost_house,9.0,1480000.0,164444.44,170000.0,148000.0,190000.0,9.0,9.0
Pahang,Raub,2024Q2,semi_detached,5.0,3350000.0,670000.0,570000.0,360000.0,820000.0,1.0,2.0
Pahang,Raub,2024Q2,terrace,32.0,11654000.0,364187.5,319000.0,284000.0,448500.0,15.0,28.0
Pahang,Raub,2024Q3,all,42.0,15100000.0,359523.81,297500.0,252500.0,465000.0,23.0,34.0
Pahang,Raub,2024Q3,detached,4.0,1385000.0,346250.0,210000.0,142500.0,413750.0,3.0,3.0
Pahang,Raub,2024Q3,low_cost_house,7.0,1388000.0,198285.71,170000.0,150000.0,220000.0,6.0,7.0
Pahang,Raub,2024Q3,semi_detached,4.0,2352000.0,588000.0,630000.0,568500.0,649500.0,0.0,1.0
Pahang,Raub,2024Q3,terrace,27.0,9975000.0,369444.44,298000.0,267000.0,460000.0,14.0,23.0
Pahang,Raub,2024Q4,all,29.0,9499000.0,327551.72,280000.0,200000.0,480000.0,17.0,24.0
Pahang,Raub,2024Q4,low_cost_house,9.0,1380000.0,153333.33,150000.0,120000.0,170000.0,9.0,9.0
Pahang,Raub,2024Q4,semi_detached,2.0,1035000.0,517500.0,517500.0,501250.0,533750.0,0.0,1.0
Pahang,Raub,2024Q4,terrace,18.0,7084000.0,393555.56,401500.0,272500.0,495000.0,8.0,14.0
Pahang,Raub,2025Q1,all,15.0,4803000.0,320200.0,300000.0,224000.0,400000.0,8.0,13.0
Pahang,Raub,2025Q1,condo,1.0,350000.0,350000.0,350000.0,350000.0,350000.0,0.0,1.0
Pahang,Raub,2025Q1,low_cost_house,4.0,658000.0,164500.0,184000.0,127500.0,221000.0,4.0,4.0
Pahang,Raub,2025Q1,semi_detached,1.0,300000.0,300000.0,300000.0,300000.0,300000.0,1.0,1.0
Pahang,Raub,2025Q1,terrace,9.0,3495000.0,388333.33,330000.0,285000.0,460000.0,3.0,7.0
Pahang,Raub,2025Q2,all,15.0,6414000.0,427600.0,400000.0,268500.0,560000.0,5.0,10.0
Pahang,Raub,2025Q2,condo,1.0,380000.0,380000.0,380000.0,380000.0,380000.0,0.0,1.0
Pahang,Raub,2025Q2,detached,2.0,950000.0,475000.0,475000.0,327500.0,622500.0,1.0,1.0
Pahang,Raub,2025Q2,low_cost_house,1.0,205000.0,205000.0,205000.0,205000.0,205000.0,1.0,1.0
Pahang,Raub,2025Q2,semi_detached,1.0,570000.0,570000.0,570000.0,570000.0,570000.0,0.0,0.0
Pahang,Raub,2025Q2,terrace,10.0,4309000.0,430900.0,444000.0,302500.0,537000.0,3.0,7.0
Pahang,Raub,2025Q3,all,13.0,5845000.0,449615.38,428000.0,320000.0,598000.0,3.0,8.0
Pahang,Raub,2025Q3,low_cost_house,2.0,295000.0,147500.0,147500.0,146250.0,148750.0,2.0,2.0
Pahang,Raub,2025Q3,semi_detached,3.0,1562000.0,520666.67,420000.0,397000.0,594000.0,0.0,2.0
Pahang,Raub,2025Q3,terrace,8.0,3988000.0,498500.0,482500.0,401000.0,622500.0,1.0,4.0
Pahang,Raub,2025Q4,all,13.0,5479000.0,421461.54,360000.0,220000.0,500000.0,6.0,10.0
Pahang,Raub,2025Q4,condo,1.0,220000.0,220000.0,220000.0,220000.0,220000.0,1.0,1.0
Pahang,Raub,2025Q4,detached,1.0,360000.0,360000.0,360000.0,360000.0,360000.0,0.0,1.0
Pahang,Raub,2025Q4,semi_detached,2.0,965000.0,482500.0,482500.0,473750.0,491250.0,0.0,2.0
Pahang,Raub,2025Q4,terrace,9.0,3934000.0,437111.11,300000.0,200000.0,696000.0,5.0,6.0
Pahang,Raub,2026Q1,all,4.0,1190000.0,297500.0,225000.0,200000.0,322500.0,3.0,3.0
Pahang,Raub,2026Q1,low_cost_house,2.0,370000.0,185000.0,185000.0,162500.0,207500.0,2.0,2.0
Pahang,Raub,2026Q1,terrace,2.0,820000.0,410000.0,410000.0,315000.0,505000.0,1.0,1.0
Pahang,Raub,2026Q2,all,22.0,12942000.0,588272.73,460500.0,276250.0,539500.0,6.0,13.0
Pahang,Raub,2026Q2,detached,2.0,3850000.0,1925000.0,1925000.0,987500.0,2862500.0,1.0,1.0
Pahang,Raub,2026Q2,low_cost_house,2.0,285000.0,142500.0,142500.0,136250.0,148750.0,2.0,2.0
Pahang,Raub,2026Q2,semi_detached,4.0,2548000.0,637000.0,736500.0,623500.0,750000.0,0.0,1.0
Pahang,Raub,2026Q2,terrace,14.0,6259000.0,447071.43,460500.0,421250.0,538000.0,3.0,9.0
Pahang,Rompin,2024Q1,all,104.0,16778000.0,161326.92,137500.0,90000.0,180750.0,97.0,104.0
Pahang,Rompin,2024Q1,detached,1.0,100000.0,100000.0,100000.0,100000.0,100000.0,1.0,1.0
Pahang,Rompin,2024Q1,low_cost_house,5.0,450000.0,90000.0,90000.0,55000.0,135000.0,5.0,5.0
Pahang,Rompin,2024Q1,semi_detached,20.0,3546000.0,177300.0,150000.0,148500.0,160250.0,18.0,20.0
Pahang,Rompin,2024Q1,terrace,78.0,12682000.0,162589.74,108000.0,90000.0,197500.0,73.0,78.0
Pahang,Rompin,2024Q2,all,106.0,15420000.0,145471.7,95000.0,90000.0,165000.0,100.0,103.0
Pahang,Rompin,2024Q2,detached,4.0,1405000.0,351250.0,372500.0,91250.0,632500.0,2.0,2.0
Pahang,Rompin,2024Q2,low_cost_house,2.0,166000.0,83000.0,83000.0,54500.0,111500.0,2.0,2.0
Pahang,Rompin,2024Q2,semi_detached,11.0,2541000.0,231000.0,150000.0,145000.0,255500.0,8.0,10.0
Pahang,Rompin,2024Q2,terrace,89.0,11308000.0,127056.18,90000.0,90000.0,150000.0,88.0,89.0
Pahang,Rompin,2024Q3,all,83.0,13627000.0,164180.72,120000.0,90000.0,189500.0,71.0,83.0
Pahang,Rompin,2024Q3,detached,6.0,1050000.0,175000.0,180000.0,106250.0,235000.0,5.0,6.0
Pahang,Rompin,2024Q3,low_cost_house,6.0,685000.0,114166.67,132500.0,76250.0,140000.0,6.0,6.0
Pahang,Rompin,2024Q3,semi_detached,11.0,2432000.0,221090.91,150000.0,136000.0,267500.0,8.0,11.0
Pahang,Rompin,2024Q3,terrace,60.0,9460000.0,157666.67,95000.0,90000.0,194250.0,52.0,60.0
Pahang,Rompin,2024Q4,all,24.0,5134000.0,213916.67,163500.0,150000.0,222000.0,20.0,24.0
Pahang,Rompin,2024Q4,semi_detached,13.0,2872000.0,220923.08,150000.0,150000.0,162000.0,10.0,13.0
Pahang,Rompin,2024Q4,terrace,11.0,2262000.0,205636.36,210000.0,166500.0,234000.0,10.0,11.0
Pahang,Rompin,2025Q1,all,22.0,6025000.0,273863.64,250000.0,151750.0,297000.0,17.0,18.0
Pahang,Rompin,2025Q1,low_cost_house,1.0,90000.0,90000.0,90000.0,90000.0,90000.0,1.0,1.0
Pahang,Rompin,2025Q1,semi_detached,8.0,1994000.0,249250.0,152500.0,150000.0,253000.0,6.0,6.0
Pahang,Rompin,2025Q1,terrace,13.0,3941000.0,303153.85,275000.0,240000.0,300000.0,10.0,11.0
Pahang,Rompin,2025Q2,all,30.0,5961000.0,198700.0,101500.0,90000.0,251750.0,24.0,27.0
Pahang,Rompin,2025Q2,detached,1.0,68000.0,68000.0,68000.0,68000.0,68000.0,1.0,1.0
Pahang,Rompin,2025Q2,low_cost_house,1.0,140000.0,140000.0,140000.0,140000.0,140000.0,1.0,1.0
Pahang,Rompin,2025Q2,semi_detached,9.0,3215000.0,357222.22,450000.0,150000.0,548000.0,4.0,6.0
Pahang,Rompin,2025Q2,terrace,19.0,2538000.0,133578.95,90000.0,90000.0,101500.0,18.0,19.0
Pahang,Rompin,2025Q3,all,25.0,4082000.0,163280.0,135000.0,90000.0,206000.0,22.0,25.0
Pahang,Rompin,2025Q3,low_cost_house,2.0,290000.0,145000.0,145000.0,117500.0,172500.0,2.0,2.0
Pahang,Rompin,2025Q3,semi_detached,8.0,1724000.0,215500.0,180000.0,150000.0,239250.0,6.0,8.0
Pahang,Rompin,2025Q3,terrace,15.0,2068000.0,137866.67,90000.0,90000.0,131500.0,14.0,15.0
Pahang,Rompin,2025Q4,all,21.0,5116000.0,243619.05,268000.0,90000.0,358000.0,14.0,20.0
Pahang,Rompin,2025Q4,low_cost_house,2.0,170000.0,85000.0,85000.0,72500.0,97500.0,2.0,2.0
Pahang,Rompin,2025Q4,semi_detached,8.0,3002000.0,375250.0,454000.0,270000.0,465500.0,2.0,7.0
Pahang,Rompin,2025Q4,terrace,11.0,1944000.0,176727.27,90000.0,90000.0,274500.0,10.0,11.0
Pahang,Rompin,2026Q1,all,23.0,3584000.0,155826.09,90000.0,90000.0,165000.0,20.0,23.0
Pahang,Rompin,2026Q1,low_cost_house,2.0,255000.0,127500.0,127500.0,116250.0,138750.0,2.0,2.0
Pahang,Rompin,2026Q1,semi_detached,4.0,1315000.0,328750.0,372500.0,311250.0,390000.0,1.0,4.0
Pahang,Rompin,2026Q1,terrace,17.0,2014000.0,118470.59,90000.0,90000.0,90000.0,17.0,17.0
Pahang,Rompin,2026Q2,all,19.0,3733000.0,196473.68,140000.0,90000.0,274000.0,16.0,18.0
Pahang,Rompin,2026Q2,detached,2.0,760000.0,380000.0,380000.0,290000.0,470000.0,1.0,1.0
Pahang,Rompin,2026Q2,low_cost_house,1.0,140000.0,140000.0,140000.0,140000.0,140000.0,1.0,1.0
Pahang,Rompin,2026Q2,terrace,16.0,2833000.0,177062.5,92500.0,90000.0,271000.0,14.0,16.0
Pahang,Temerloh,2024Q1,all,143.0,38727000.0,270818.18,258000.0,198000.0,329000.0,95.0,140.0
Pahang,Temerloh,2024Q1,condo,2.0,218000.0,109000.0,109000.0,97000.0,121000.0,2.0,2.0
Pahang,Temerloh,2024Q1,detached,7.0,1803000.0,257571.43,245000.0,160000.0,315000.0,5.0,7.0
Pahang,Temerloh,2024Q1,low_cost_house,18.0,2845000.0,158055.56,160000.0,150000.0,183750.0,18.0,18.0
Pahang,Temerloh,2024Q1,semi_detached,44.0,14860000.0,337727.27,331000.0,269750.0,379000.0,16.0,42.0
Pahang,Temerloh,2024Q1,terrace,72.0,19001000.0,263902.78,257000.0,210000.0,301250.0,54.0,71.0
Pahang,Temerloh,2024Q2,all,120.0,31521000.0,262675.0,240000.0,180000.0,320000.0,86.0,115.0
Pahang,Temerloh,2024Q2,condo,2.0,230000.0,115000.0,115000.0,97500.0,132500.0,2.0,2.0
Pahang,Temerloh,2024Q2,detached,6.0,1712000.0,285333.33,246500.0,202500.0,340750.0,4.0,6.0
Pahang,Temerloh,2024Q2,low_cost_house,22.0,3710000.0,168636.36,160000.0,146250.0,194500.0,22.0,22.0
Pahang,Temerloh,2024Q2,semi_detached,26.0,10010000.0,385000.0,363500.0,300000.0,405250.0,8.0,22.0
Pahang,Temerloh,2024Q2,terrace,63.0,15739000.0,249825.4,230000.0,193000.0,300000.0,49.0,62.0
Pahang,Temerloh,2024Q2,townhouse,1.0,120000.0,120000.0,120000.0,120000.0,120000.0,1.0,1.0
Pahang,Temerloh,2024Q3,all,139.0,41259000.0,296827.34,280000.0,219000.0,365000.0,81.0,131.0
Pahang,Temerloh,2024Q3,condo,2.0,318000.0,159000.0,159000.0,143500.0,174500.0,2.0,2.0
Pahang,Temerloh,2024Q3,detached,4.0,1473000.0,368250.0,336500.0,249750.0,455000.0,2.0,3.0
Pahang,Temerloh,2024Q3,low_cost_flat,1.0,25000.0,25000.0,25000.0,25000.0,25000.0,1.0,1.0
Pahang,Temerloh,2024Q3,low_cost_house,16.0,2610000.0,163125.0,167500.0,130000.0,192500.0,16.0,16.0
Pahang,Temerloh,2024Q3,semi_detached,29.0,12150000.0,418965.52,372000.0,345000.0,447000.0,4.0,23.0
Pahang,Temerloh,2024Q3,terrace,87.0,24683000.0,283712.64,264000.0,220000.0,327500.0,56.0,86.0
Pahang,Temerloh,2024Q4,all,77.0,24101000.0,313000.0,289000.0,221000.0,365000.0,41.0,71.0
Pahang,Temerloh,2024Q4,condo,2.0,247000.0,123500.0,123500.0,102750.0,144250.0,2.0,2.0
Pahang,Temerloh,2024Q4,detached,4.0,1933000.0,483250.0,510000.0,186250.0,807000.0,2.0,2.0
Pahang,Temerloh,2024Q4,low_cost_flat,3.0,90000.0,30000.0,25000.0,25000.0,32500.0,3.0,3.0
Pahang,Temerloh,2024Q4,low_cost_house,9.0,1810000.0,201111.11,210000.0,180000.0,210000.0,9.0,9.0
Pahang,Temerloh,2024Q4,semi_detached,25.0,9435000.0,377400.0,350000.0,315000.0,400000.0,5.0,22.0
Pahang,Temerloh,2024Q4,terrace,34.0,10586000.0,311352.94,279500.0,261000.0,360000.0,20.0,33.0
Pahang,Temerloh,2025Q1,all,61.0,18355000.0,300901.64,278000.0,220000.0,378000.0,37.0,58.0
Pahang,Temerloh,2025Q1,condo,1.0,81000.0,81000.0,81000.0,81000.0,81000.0,1.0,1.0
Pahang,Temerloh,2025Q1,detached,3.0,1450000.0,483333.33,460000.0,360000.0,595000.0,1.0,2.0
Pahang,Temerloh,2025Q1,low_cost_house,6.0,898000.0,149666.67,157500.0,136250.0,167500.0,6.0,6.0
Pahang,Temerloh,2025Q1,semi_detached,14.0,5556000.0,396857.14,378500.0,342500.0,428250.0,2.0,12.0
Pahang,Temerloh,2025Q1,terrace,37.0,10370000.0,280270.27,260000.0,220000.0,310000.0,27.0,37.0
Pahang,Temerloh,2025Q2,all,52.0,16700000.0,321153.85,294000.0,212500.0,415000.0,31.0,48.0
Pahang,Temerloh,2025Q2,detached,2.0,928000.0,464000.0,464000.0,447000.0,481000.0,0.0,2.0
Pahang,Temerloh,2025Q2,low_cost_house,6.0,1105000.0,184166.67,200000.0,166250.0,200000.0,6.0,6.0
Pahang,Temerloh,2025Q2,semi_detached,9.0,4370000.0,485555.56,500000.0,395000.0,580000.0,1.0,6.0
Pahang,Temerloh,2025Q2,terrace,35.0,10297000.0,294200.0,280000.0,222500.0,335000.0,24.0,34.0
Pahang,Temerloh,2025Q3,all,46.0,14023000.0,304847.83,305000.0,255000.0,350000.0,23.0,45.0
Pahang,Temerloh,2025Q3,detached,3.0,680000.0,226666.67,280000.0,180000.0,300000.0,2.0,3.0
Pahang,Temerloh,2025Q3,low_cost_house,3.0,590000.0,196666.67,180000.0,170000.0,215000.0,3.0,3.0
Pahang,Temerloh,2025Q3,semi_detached,9.0,3513000.0,390333.33,350000.0,330000.0,400000.0,0.0,8.0
Pahang,Temerloh,2025Q3,terrace,31.0,9240000.0,298064.52,285000.0,255000.0,339000.0,18.0,31.0
Pahang,Temerloh,2025Q4,all,62.0,22712000.0,366322.58,310000.0,240000.0,389500.0,30.0,55.0
Pahang,Temerloh,2025Q4,detached,6.0,4061000.0,676833.33,651500.0,427500.0,891250.0,0.0,3.0
Pahang,Temerloh,2025Q4,low_cost_house,2.0,440000.0,220000.0,220000.0,200000.0,240000.0,2.0,2.0
Pahang,Temerloh,2025Q4,semi_detached,14.0,7340000.0,524285.71,450000.0,367250.0,612500.0,0.0,10.0
Pahang,Temerloh,2025Q4,terrace,40.0,10871000.0,271775.0,268000.0,214750.0,315750.0,28.0,40.0
Pahang,Temerloh,2026Q1,all,30.0,9474000.0,315800.0,282500.0,251750.0,346250.0,18.0,27.0
Pahang,Temerloh,2026Q1,low_cost_house,2.0,310000.0,155000.0,155000.0,147500.0,162500.0,2.0,2.0
Pahang,Temerloh,2026Q1,semi_detached,8.0,3751000.0,468875.0,499500.0,369750.0,535000.0,0.0,5.0
Pahang,Temerloh,2026Q1,terrace,20.0,5413000.0,270650.0,261000.0,250000.0,292500.0,16.0,20.0
Pahang,Temerloh,2026Q2,all,69.0,22049000.0,319550.72,298000.0,226000.0,375000.0,39.0,60.0
Pahang,Temerloh,2026Q2,low_cost_house,16.0,2885000.0,180312.5,172000.0,165000.0,195000.0,16.0,16.0
Pahang,Temerloh,2026Q2,semi_detached,25.0,10475000.0,419000.0,375000.0,331000.0,539000.0,4.0,18.0
Pahang,Temerloh,2026Q2,terrace,28.0,8689000.0,310321.43,280000.0,262500.0,330000.0,19.0,26.0
Perak,Bagan Datuk,2024Q1,all,20.0,5598000.0,279900.0,281500.0,200000.0,344250.0,12.0,20.0
Perak,Bagan Datuk,2024Q1,detached,1.0,450000.0,450000.0,450000.0,450000.0,450000.0,0.0,1.0
Perak,Bagan Datuk,2024Q1,low_cost_house,3.0,310000.0,103333.33,100000.0,85000.0,120000.0,3.0,3.0
Perak,Bagan Datuk,2024Q1,semi_detached,5.0,1964000.0,392800.0,348000.0,343000.0,450000.0,0.0,5.0
Perak,Bagan Datuk,2024Q1,terrace,11.0,2874000.0,261272.73,253000.0,210000.0,298500.0,9.0,11.0
Perak,Bagan Datuk,2024Q2,all,33.0,11790000.0,357272.73,318000.0,298000.0,478000.0,15.0,32.0
Perak,Bagan Datuk,2024Q2,detached,1.0,700000.0,700000.0,700000.0,700000.0,700000.0,0.0,0.0
Perak,Bagan Datuk,2024Q2,low_cost_house,2.0,315000.0,157500.0,157500.0,151250.0,163750.0,2.0,2.0
Perak,Bagan Datuk,2024Q2,semi_detached,12.0,5332000.0,444333.33,478500.0,393750.0,479000.0,0.0,12.0
Perak,Bagan Datuk,2024Q2,terrace,18.0,5443000.0,302388.89,299000.0,288500.0,303750.0,13.0,18.0
Perak,Bagan Datuk,2024Q3,all,22.0,7073000.0,321500.0,299000.0,250000.0,417500.0,13.0,21.0
Perak,Bagan Datuk,2024Q3,detached,2.0,1048000.0,524000.0,524000.0,472000.0,576000.0,0.0,1.0
Perak,Bagan Datuk,2024Q3,low_cost_house,3.0,290000.0,96666.67,100000.0,85000.0,110000.0,3.0,3.0
Perak,Bagan Datuk,2024Q3,semi_detached,5.0,2192000.0,438400.0,426000.0,405000.0,479000.0,0.0,5.0
Perak,Bagan Datuk,2024Q3,terrace,12.0,3543000.0,295250.0,298000.0,270000.0,299250.0,10.0,12.0
Perak,Bagan Datuk,2024Q4,all,8.0,1428000.0,178500.0,180000.0,126000.0,227500.0,8.0,8.0
Perak,Bagan Datuk,2024Q4,low_cost_house,3.0,343000.0,114333.33,120000.0,107500.0,124000.0,3.0,3.0
Perak,Bagan Datuk,2024Q4,terrace,5.0,1085000.0,217000.0,220000.0,200000.0,250000.0,5.0,5.0
Perak,Bagan Datuk,2025Q1,all,8.0,2562000.0,320250.0,264500.0,157500.0,479000.0,5.0,7.0
Perak,Bagan Datuk,2025Q1,low_cost_house,1.0,160000.0,160000.0,160000.0,160000.0,160000.0,1.0,1.0
Perak,Bagan Datuk,2025Q1,semi_detached,2.0,958000.0,479000.0,479000.0,479000.0,479000.0,0.0,2.0
Perak,Bagan Datuk,2025Q1,terrace,5.0,1444000.0,288800.0,230000.0,150000.0,299000.0,4.0,4.0
Perak,Bagan Datuk,2025Q2,all,16.0,6030000.0,376875.0,392500.0,203750.0,481500.0,6.0,14.0
Perak,Bagan Datuk,2025Q2,low_cost_house,1.0,180000.0,180000.0,180000.0,180000.0,180000.0,1.0,1.0
Perak,Bagan Datuk,2025Q2,semi_detached,7.0,3679000.0,525571.43,489000.0,474000.0,514500.0,0.0,5.0
Perak,Bagan Datuk,2025Q2,terrace,8.0,2171000.0,271375.0,252000.0,200000.0,329000.0,5.0,8.0
Perak,Bagan Datuk,2025Q3,all,13.0,4266000.0,328153.85,331000.0,250000.0,420000.0,5.0,12.0
Perak,Bagan Datuk,2025Q3,detached,1.0,420000.0,420000.0,420000.0,420000.0,420000.0,0.0,1.0
Perak,Bagan Datuk,2025Q3,low_cost_house,1.0,70000.0,70000.0,70000.0,70000.0,70000.0,1.0,1.0
Perak,Bagan Datuk,2025Q3,semi_detached,2.0,1060000.0,530000.0,530000.0,480000.0,580000.0,0.0,1.0
Perak,Bagan Datuk,2025Q3,terrace,9.0,2716000.0,301777.78,321000.0,250000.0,331000.0,4.0,9.0
Perak,Bagan Datuk,2025Q4,all,11.0,3392000.0,308363.64,255000.0,235000.0,294000.0,9.0,10.0
Perak,Bagan Datuk,2025Q4,low_cost_house,1.0,120000.0,120000.0,120000.0,120000.0,120000.0,1.0,1.0
Perak,Bagan Datuk,2025Q4,semi_detached,3.0,1537000.0,512333.33,500000.0,394000.0,624500.0,1.0,2.0
Perak,Bagan Datuk,2025Q4,terrace,7.0,1735000.0,247857.14,250000.0,235000.0,257500.0,7.0,7.0
Perak,Bagan Datuk,2026Q1,all,7.0,1980000.0,282857.14,270000.0,135000.0,445000.0,4.0,7.0
Perak,Bagan Datuk,2026Q1,low_cost_house,2.0,200000.0,100000.0,100000.0,100000.0,100000.0,2.0,2.0
Perak,Bagan Datuk,2026Q1,semi_detached,3.0,1340000.0,446666.67,450000.0,445000.0,450000.0,0.0,3.0
Perak,Bagan Datuk,2026Q1,terrace,2.0,440000.0,220000.0,220000.0,195000.0,245000.0,2.0,2.0
Perak,Bagan Datuk,2026Q2,all,13.0,4181000.0,321615.38,220000.0,180000.0,309000.0,9.0,11.0
Perak,Bagan Datuk,2026Q2,low_cost_house,4.0,570000.0,142500.0,175000.0,136250.0,181250.0,4.0,4.0
Perak,Bagan Datuk,2026Q2,semi_detached,3.0,2137000.0,712333.33,749000.0,614500.0,828500.0,0.0,1.0
Perak,Bagan Datuk,2026Q2,terrace,6.0,1474000.0,245666.67,247500.0,205000.0,293750.0,5.0,6.0
Perak,Batang Padang,2024Q1,all,180.0,42344000.0,235244.44,232000.0,179750.0,253500.0,151.0,179.0
Perak,Batang Padang,2024Q1,cluster,17.0,4441000.0,261235.29,240000.0,230000.0,293000.0,15.0,17.0
Perak,Batang Padang,2024Q1,detached,8.0,1675000.0,209375.0,195000.0,136250.0,278750.0,6.0,8.0
Perak,Batang Padang,2024Q1,low_cost_house,11.0,1013000.0,92090.91,90000.0,81500.0,90000.0,11.0,11.0
Perak,Batang Padang,2024Q1,semi_detached,5.0,1278000.0,255600.0,150000.0,60000.0,478000.0,3.0,4.0
Perak,Batang Padang,2024Q1,terrace,139.0,33937000.0,244151.08,234000.0,219000.0,252500.0,116.0,139.0
Perak,Batang Padang,2024Q2,all,218.0,57319000.0,262931.19,240000.0,219000.0,304000.0,162.0,211.0
Perak,Batang Padang,2024Q2,cluster,25.0,8736000.0,349440.0,304000.0,278000.0,399000.0,12.0,23.0
Perak,Batang Padang,2024Q2,detached,10.0,2407000.0,240700.0,255000.0,62000.0,337500.0,7.0,9.0
Perak,Batang Padang,2024Q2,low_cost_house,8.0,870000.0,108750.0,90000.0,90000.0,112500.0,8.0,8.0
Perak,Batang Padang,2024Q2,semi_detached,13.0,6008000.0,462153.85,454000.0,400000.0,550000.0,1.0,9.0
Perak,Batang Padang,2024Q2,terrace,162.0,39298000.0,242580.25,233500.0,219000.0,270000.0,134.0,162.0
Perak,Batang Padang,2024Q3,all,225.0,58468000.0,259857.78,240000.0,224000.0,300000.0,169.0,221.0
Perak,Batang Padang,2024Q3,cluster,9.0,2764000.0,307111.11,240000.0,240000.0,399000.0,6.0,9.0
Perak,Batang Padang,2024Q3,detached,10.0,2710000.0,271000.0,139000.0,87500.0,269250.0,7.0,8.0
Perak,Batang Padang,2024Q3,low_cost_house,7.0,742000.0,106000.0,90000.0,83500.0,125000.0,7.0,7.0
Perak,Batang Padang,2024Q3,semi_detached,4.0,1982000.0,495500.0,517000.0,405500.0,607000.0,1.0,2.0
Perak,Batang Padang,2024Q3,terrace,195.0,50270000.0,257794.87,241000.0,226000.0,299000.0,148.0,195.0
Perak,Batang Padang,2024Q4,all,94.0,23470000.0,249680.85,238500.0,219250.0,284500.0,79.0,93.0
Perak,Batang Padang,2024Q4,cluster,4.0,1325000.0,331250.0,343000.0,275250.0,399000.0,2.0,4.0
Perak,Batang Padang,2024Q4,detached,5.0,618000.0,123600.0,120000.0,70000.0,128000.0,5.0,5.0
Perak,Batang Padang,2024Q4,semi_detached,3.0,1484000.0,494666.67,420000.0,417000.0,535000.0,0.0,2.0
Perak,Batang Padang,2024Q4,terrace,82.0,20043000.0,244426.83,236500.0,220000.0,270750.0,72.0,82.0
Perak,Batang Padang,2025Q1,all,62.0,15318000.0,247064.52,239000.0,220000.0,265000.0,51.0,61.0
Perak,Batang Padang,2025Q1,cluster,3.0,1049000.0,349666.67,399000.0,319500.0,404500.0,1.0,3.0
Perak,Batang Padang,2025Q1,detached,3.0,293000.0,97666.67,75000.0,67500.0,116500.0,3.0,3.0
Perak,Batang Padang,2025Q1,low_cost_house,2.0,200000.0,100000.0,100000.0,90000.0,110000.0,2.0,2.0
Perak,Batang Padang,2025Q1,terrace,54.0,13776000.0,255111.11,239000.0,231000.0,265000.0,45.0,53.0
Perak,Batang Padang,2025Q2,all,59.0,15159000.0,256932.2,239000.0,219000.0,309000.0,44.0,58.0
Perak,Batang Padang,2025Q2,cluster,1.0,550000.0,550000.0,550000.0,550000.0,550000.0,0.0,0.0
Perak,Batang Padang,2025Q2,detached,12.0,2873000.0,239416.67,235000.0,103750.0,361250.0,7.0,12.0
Perak,Batang Padang,2025Q2,low_cost_house,1.0,210000.0,210000.0,210000.0,210000.0,210000.0,1.0,1.0
Perak,Batang Padang,2025Q2,semi_detached,1.0,454000.0,454000.0,454000.0,454000.0,454000.0,0.0,1.0
Perak,Batang Padang,2025Q2,terrace,44.0,11072000.0,251636.36,239000.0,220000.0,254250.0,36.0,44.0
Perak,Batang Padang,2025Q3,all,53.0,13717000.0,258811.32,239000.0,219000.0,319000.0,38.0,53.0
Perak,Batang Padang,2025Q3,cluster,1.0,464000.0,464000.0,464000.0,464000.0,464000.0,0.0,1.0
Perak,Batang Padang,2025Q3,detached,8.0,1866000.0,233250.0,275000.0,138750.0,314250.0,5.0,8.0
Perak,Batang Padang,2025Q3,low_cost_house,1.0,90000.0,90000.0,90000.0,90000.0,90000.0,1.0,1.0
Perak,Batang Padang,2025Q3,semi_detached,5.0,1987000.0,397400.0,454000.0,325000.0,454000.0,1.0,5.0
Perak,Batang Padang,2025Q3,terrace,38.0,9310000.0,245000.0,239000.0,219000.0,259750.0,31.0,38.0
Perak,Batang Padang,2025Q4,all,48.0,13031000.0,271479.17,241000.0,220000.0,350750.0,32.0,48.0
Perak,Batang Padang,2025Q4,cluster,3.0,1274000.0,424666.67,432000.0,421000.0,432000.0,0.0,3.0
Perak,Batang Padang,2025Q4,detached,4.0,750000.0,187500.0,152500.0,68750.0,271250.0,3.0,4.0
Perak,Batang Padang,2025Q4,low_cost_house,1.0,165000.0,165000.0,165000.0,165000.0,165000.0,1.0,1.0
Perak,Batang Padang,2025Q4,semi_detached,2.0,790000.0,395000.0,395000.0,342500.0,447500.0,1.0,2.0
Perak,Batang Padang,2025Q4,terrace,38.0,10052000.0,264526.32,241000.0,220000.0,313500.0,27.0,38.0
Perak,Batang Padang,2026Q1,all,23.0,5048000.0,219478.26,236000.0,187500.0,261500.0,21.0,23.0
Perak,Batang Padang,2026Q1,detached,3.0,183000.0,61000.0,60000.0,57500.0,64000.0,3.0,3.0
Perak,Batang Padang,2026Q1,low_cost_house,2.0,265000.0,132500.0,132500.0,98750.0,166250.0,2.0,2.0
Perak,Batang Padang,2026Q1,terrace,18.0,4600000.0,255555.56,241500.0,216250.0,281500.0,16.0,18.0
Perak,Batang Padang,2026Q2,all,39.0,10493000.0,269051.28,253000.0,227500.0,332000.0,25.0,38.0
Perak,Batang Padang,2026Q2,cluster,1.0,410000.0,410000.0,410000.0,410000.0,410000.0,0.0,1.0
Perak,Batang Padang,2026Q2,detached,4.0,270000.0,67500.0,61500.0,49250.0,79750.0,4.0,4.0
Perak,Batang Padang,2026Q2,semi_detached,2.0,1083000.0,541500.0,541500.0,497250.0,585750.0,0.0,1.0
Perak,Batang Padang,2026Q2,terrace,32.0,8730000.0,272812.5,254500.0,238000.0,326250.0,21.0,32.0
Perak,Hilir Perak,2024Q1,all,180.0,52379000.0,290994.44,250000.0,222500.0,318250.0,128.0,164.0
Perak,Hilir Perak,2024Q1,cluster,40.0,9795000.0,244875.0,237000.0,235000.0,247000.0,37.0,40.0
Perak,Hilir Perak,2024Q1,detached,9.0,3470000.0,385555.56,400000.0,215000.0,500000.0,4.0,7.0
Perak,Hilir Perak,2024Q1,flat,1.0,90000.0,90000.0,90000.0,90000.0,90000.0,1.0,1.0
Perak,Hilir Perak,2024Q1,low_cost_flat,1.0,90000.0,90000.0,90000.0,90000.0,90000.0,1.0,1.0
Perak,Hilir Perak,2024Q1,low_cost_house,6.0,958000.0,159666.67,176500.0,139250.0,180000.0,6.0,6.0
Perak,Hilir Perak,2024Q1,semi_detached,20.0,9423000.0,471150.0,419000.0,387250.0,469750.0,1.0,15.0
Perak,Hilir Perak,2024Q1,terrace,103.0,28553000.0,277213.59,250000.0,180000.0,299500.0,78.0,94.0
Perak,Hilir Perak,2024Q2,all,137.0,44577000.0,325379.56,270000.0,237000.0,350000.0,86.0,124.0
Perak,Hilir Perak,2024Q2,cluster,22.0,5527000.0,251227.27,247000.0,237000.0,247000.0,20.0,22.0
Perak,Hilir Perak,2024Q2,detached,10.0,6230000.0,623000.0,490000.0,356500.0,687500.0,1.0,5.0
Perak,Hilir Perak,2024Q2,low_cost_house,3.0,580000.0,193333.33,200000.0,190000.0,200000.0,3.0,3.0
Perak,Hilir Perak,2024Q2,semi_detached,18.0,8905000.0,494722.22,399000.0,366250.0,532500.0,2.0,13.0
Perak,Hilir Perak,2024Q2,terrace,84.0,23335000.0,277797.62,250000.0,197500.0,321250.0,60.0,81.0
Perak,Hilir Perak,2024Q3,all,130.0,44681000.0,343700.0,294000.0,237000.0,400000.0,70.0,109.0
Perak,Hilir Perak,2024Q3,cluster,25.0,6454000.0,258160.0,247000.0,237000.0,250000.0,22.0,25.0
Perak,Hilir Perak,2024Q3,detached,6.0,3410000.0,568333.33,550000.0,470000.0,675000.0,1.0,3.0
Perak,Hilir Perak,2024Q3,low_cost_flat,1.0,65000.0,65000.0,65000.0,65000.0,65000.0,1.0,1.0
Perak,Hilir Perak,2024Q3,low_cost_house,2.0,320000.0,160000.0,160000.0,140000.0,180000.0,2.0,2.0
Perak,Hilir Perak,2024Q3,semi_detached,18.0,8945000.0,496944.44,407500.0,375000.0,580000.0,2.0,11.0
Perak,Hilir Perak,2024Q3,terrace,78.0,25487000.0,326756.41,299500.0,220000.0,389000.0,42.0,67.0
Perak,Hilir Perak,2024Q4,all,55.0,15995000.0,290818.18,250000.0,180000.0,384000.0,35.0,53.0
Perak,Hilir Perak,2024Q4,cluster,8.0,2102000.0,262750.0,250000.0,237000.0,250000.0,7.0,8.0
Perak,Hilir Perak,2024Q4,detached,6.0,2065000.0,344166.67,85000.0,57500.0,397500.0,4.0,5.0
Perak,Hilir Perak,2024Q4,low_cost_house,4.0,499000.0,124750.0,135000.0,105000.0,154750.0,4.0,4.0
Perak,Hilir Perak,2024Q4,semi_detached,7.0,2843000.0,406142.86,420000.0,346500.0,450000.0,0.0,7.0
Perak,Hilir Perak,2024Q4,terrace,30.0,8486000.0,282866.67,250000.0,180000.0,378500.0,20.0,29.0
Perak,Hilir Perak,2025Q1,all,47.0,15655000.0,333085.11,330000.0,210000.0,400000.0,22.0,43.0
Perak,Hilir Perak,2025Q1,cluster,1.0,250000.0,250000.0,250000.0,250000.0,250000.0,1.0,1.0
Perak,Hilir Perak,2025Q1,detached,1.0,140000.0,140000.0,140000.0,140000.0,140000.0,1.0,1.0
Perak,Hilir Perak,2025Q1,low_cost_flat,1.0,100000.0,100000.0,100000.0,100000.0,100000.0,1.0,1.0
Perak,Hilir Perak,2025Q1,low_cost_house,1.0,150000.0,150000.0,150000.0,150000.0,150000.0,1.0,1.0
Perak,Hilir Perak,2025Q1,semi_detached,14.0,7113000.0,508071.43,432500.0,400000.0,532500.0,0.0,10.0
Perak,Hilir Perak,2025Q1,terrace,29.0,7902000.0,272482.76,264000.0,180000.0,333000.0,18.0,29.0
Perak,Hilir Perak,2025Q2,all,54.0,15951000.0,295388.89,250000.0,182500.0,365000.0,33.0,52.0
Perak,Hilir Perak,2025Q2,cluster,14.0,3568000.0,254857.14,248500.0,247000.0,250000.0,13.0,14.0
Perak,Hilir Perak,2025Q2,detached,3.0,775000.0,258333.33,180000.0,142500.0,335000.0,2.0,3.0
Perak,Hilir Perak,2025Q2,low_cost_house,1.0,35000.0,35000.0,35000.0,35000.0,35000.0,1.0,1.0
Perak,Hilir Perak,2025Q2,semi_detached,12.0,5132000.0,427666.67,404500.0,365000.0,450000.0,0.0,11.0
Perak,Hilir Perak,2025Q2,terrace,24.0,6441000.0,268375.0,210000.0,180000.0,332000.0,17.0,23.0
Perak,Hilir Perak,2025Q3,all,57.0,18174000.0,318842.11,250000.0,247000.0,399000.0,35.0,53.0
Perak,Hilir Perak,2025Q3,cluster,12.0,2982000.0,248500.0,248500.0,247000.0,250000.0,12.0,12.0
Perak,Hilir Perak,2025Q3,detached,2.0,1380000.0,690000.0,690000.0,670000.0,710000.0,0.0,0.0
Perak,Hilir Perak,2025Q3,low_cost_flat,1.0,106000.0,106000.0,106000.0,106000.0,106000.0,1.0,1.0
Perak,Hilir Perak,2025Q3,semi_detached,14.0,5926000.0,423285.71,429500.0,398250.0,457500.0,0.0,13.0
Perak,Hilir Perak,2025Q3,terrace,28.0,7780000.0,277857.14,250000.0,217500.0,292500.0,22.0,27.0
Perak,Hilir Perak,2025Q4,all,47.0,15292000.0,325361.7,250000.0,237000.0,360000.0,28.0,41.0
Perak,Hilir Perak,2025Q4,cluster,14.0,3443000.0,245928.57,247000.0,247000.0,250000.0,14.0,14.0
Perak,Hilir Perak,2025Q4,detached,4.0,2425000.0,606250.0,695000.0,543750.0,757500.0,1.0,1.0
Perak,Hilir Perak,2025Q4,low_cost_flat,1.0,75000.0,75000.0,75000.0,75000.0,75000.0,1.0,1.0
Perak,Hilir Perak,2025Q4,low_cost_house,1.0,150000.0,150000.0,150000.0,150000.0,150000.0,1.0,1.0
Perak,Hilir Perak,2025Q4,semi_detached,8.0,3678000.0,459750.0,450000.0,335000.0,617000.0,1.0,5.0
Perak,Hilir Perak,2025Q4,terrace,19.0,5521000.0,290578.95,286000.0,180000.0,344500.0,10.0,19.0
Perak,Hilir Perak,2026Q1,all,22.0,7907000.0,359409.09,270000.0,247000.0,344500.0,14.0,20.0
Perak,Hilir Perak,2026Q1,cluster,4.0,988000.0,247000.0,247000.0,247000.0,247000.0,4.0,4.0
Perak,Hilir Perak,2026Q1,detached,1.0,1650000.0,1650000.0,1650000.0,1650000.0,1650000.0,0.0,0.0
Perak,Hilir Perak,2026Q1,semi_detached,5.0,1988000.0,397600.0,350000.0,328000.0,450000.0,1.0,4.0
Perak,Hilir Perak,2026Q1,terrace,12.0,3281000.0,273416.67,260000.0,232500.0,304500.0,9.0,12.0
Perak,Hilir Perak,2026Q2,all,36.0,12273000.0,340916.67,309500.0,254500.0,380000.0,17.0,32.0
Perak,Hilir Perak,2026Q2,cluster,2.0,564000.0,282000.0,282000.0,264500.0,299500.0,1.0,2.0
Perak,Hilir Perak,2026Q2,detached,1.0,420000.0,420000.0,420000.0,420000.0,420000.0,0.0,1.0
Perak,Hilir Perak,2026Q2,low_cost_house,1.0,150000.0,150000.0,150000.0,150000.0,150000.0,1.0,1.0
Perak,Hilir Perak,2026Q2,semi_detached,7.0,3248000.0,464000.0,436000.0,327500.0,589500.0,0.0,4.0
Perak,Hilir Perak,2026Q2,terrace,25.0,7891000.0,315640.0,299000.0,250000.0,350000.0,15.0,24.0
Perak,Hulu Perak,2024Q1,all,32.0,7413000.0,231656.25,215000.0,186000.0,265000.0,27.0,31.0
Perak,Hulu Perak,2024Q1,detached,3.0,505000.0,168333.33,180000.0,122500.0,220000.0,3.0,3.0
Perak,Hulu Perak,2024Q1,low_cost_house,9.0,1522000.0,169111.11,158000.0,140000.0,188000.0,9.0,9.0
Perak,Hulu Perak,2024Q1,semi_detached,3.0,1311000.0,437000.0,361000.0,361000.0,475000.0,0.0,2.0
Perak,Hulu Perak,2024Q1,terrace,17.0,4075000.0,239705.88,236000.0,188000.0,265000.0,15.0,17.0
Perak,Hulu Perak,2024Q2,all,34.0,8333000.0,245088.24,239500.0,192500.0,274000.0,27.0,33.0
Perak,Hulu Perak,2024Q2,detached,1.0,90000.0,90000.0,90000.0,90000.0,90000.0,1.0,1.0
Perak,Hulu Perak,2024Q2,low_cost_house,7.0,1135000.0,162142.86,150000.0,137500.0,195000.0,7.0,7.0
Perak,Hulu Perak,2024Q2,semi_detached,3.0,1209000.0,403000.0,380000.0,345000.0,449500.0,0.0,2.0
Perak,Hulu Perak,2024Q2,terrace,23.0,5899000.0,256478.26,242000.0,227500.0,274000.0,19.0,23.0
Perak,Hulu Perak,2024Q3,all,44.0,11703000.0,265977.27,269000.0,235750.0,321250.0,28.0,44.0
Perak,Hulu Perak,2024Q3,detached,3.0,515000.0,171666.67,130000.0,107500.0,215000.0,3.0,3.0
Perak,Hulu Perak,2024Q3,low_cost_house,6.0,807000.0,134500.0,128500.0,97500.0,154250.0,6.0,6.0
Perak,Hulu Perak,2024Q3,semi_detached,4.0,1336000.0,334000.0,328000.0,326500.0,335500.0,0.0,4.0
Perak,Hulu Perak,2024Q3,terrace,31.0,9045000.0,291774.19,270000.0,250000.0,318500.0,19.0,31.0
Perak,Hulu Perak,2024Q4,all,8.0,2088000.0,261000.0,269500.0,230000.0,302250.0,6.0,8.0
Perak,Hulu Perak,2024Q4,low_cost_house,1.0,110000.0,110000.0,110000.0,110000.0,110000.0,1.0,1.0
Perak,Hulu Perak,2024Q4,semi_detached,1.0,390000.0,390000.0,390000.0,390000.0,390000.0,0.0,1.0
Perak,Hulu Perak,2024Q4,terrace,6.0,1588000.0,264666.67,269500.0,246250.0,293500.0,5.0,6.0
Perak,Hulu Perak,2025Q1,all,13.0,2765000.0,212692.31,236000.0,178000.0,268000.0,12.0,13.0
Perak,Hulu Perak,2025Q1,detached,2.0,178000.0,89000.0,89000.0,84500.0,93500.0,2.0,2.0
Perak,Hulu Perak,2025Q1,low_cost_house,1.0,85000.0,85000.0,85000.0,85000.0,85000.0,1.0,1.0
Perak,Hulu Perak,2025Q1,terrace,10.0,2502000.0,250200.0,250000.0,236000.0,268750.0,9.0,10.0
Perak,Hulu Perak,2025Q2,all,21.0,4060000.0,193333.33,200000.0,100000.0,269000.0,18.0,21.0
Perak,Hulu Perak,2025Q2,detached,5.0,323000.0,64600.0,85000.0,28000.0,90000.0,5.0,5.0
Perak,Hulu Perak,2025Q2,low_cost_house,4.0,520000.0,130000.0,140000.0,117500.0,152500.0,4.0,4.0
Perak,Hulu Perak,2025Q2,terrace,12.0,3217000.0,268083.33,264500.0,228250.0,296750.0,9.0,12.0
Perak,Hulu Perak,2025Q3,all,16.0,3986000.0,249125.0,249500.0,217250.0,271000.0,14.0,16.0
Perak,Hulu Perak,2025Q3,semi_detached,1.0,370000.0,370000.0,370000.0,370000.0,370000.0,0.0,1.0
Perak,Hulu Perak,2025Q3,terrace,15.0,3616000.0,241066.67,247000.0,211500.0,269500.0,14.0,15.0
Perak,Hulu Perak,2025Q4,all,19.0,4404000.0,231789.47,248000.0,203500.0,270500.0,18.0,19.0
Perak,Hulu Perak,2025Q4,detached,2.0,155000.0,77500.0,77500.0,76250.0,78750.0,2.0,2.0
Perak,Hulu Perak,2025Q4,low_cost_house,1.0,170000.0,170000.0,170000.0,170000.0,170000.0,1.0,1.0
Perak,Hulu Perak,2025Q4,terrace,16.0,4079000.0,254937.5,257500.0,232750.0,273250.0,15.0,16.0
Perak,Hulu Perak,2026Q1,all,6.0,1368000.0,228000.0,242000.0,200000.0,248000.0,6.0,6.0
Perak,Hulu Perak,2026Q1,terrace,6.0,1368000.0,228000.0,242000.0,200000.0,248000.0,6.0,6.0
Perak,Hulu Perak,2026Q2,all,12.0,2566000.0,213833.33,243000.0,152500.0,264750.0,11.0,12.0
Perak,Hulu Perak,2026Q2,detached,2.0,260000.0,130000.0,130000.0,107500.0,152500.0,2.0,2.0
Perak,Hulu Perak,2026Q2,low_cost_house,2.0,152000.0,76000.0,76000.0,73000.0,79000.0,2.0,2.0
Perak,Hulu Perak,2026Q2,terrace,8.0,2154000.0,269250.0,260500.0,246500.0,277500.0,7.0,8.0
Perak,Kampar,2024Q1,all,127.0,35367000.0,278480.31,269000.0,205000.0,320000.0,87.0,119.0
Perak,Kampar,2024Q1,cluster,2.0,700000.0,350000.0,350000.0,340000.0,360000.0,0.0,2.0
Perak,Kampar,2024Q1,condo,6.0,2118000.0,353000.0,389000.0,295500.0,439000.0,2.0,5.0
Perak,Kampar,2024Q1,detached,9.0,1951000.0,216777.78,200000.0,53000.0,315000.0,6.0,9.0
Perak,Kampar,2024Q1,flat,3.0,233000.0,77666.67,78000.0,71500.0,84000.0,3.0,3.0
Perak,Kampar,2024Q1,low_cost_house,10.0,1428000.0,142800.0,121500.0,105000.0,165000.0,10.0,10.0
Perak,Kampar,2024Q1,semi_detached,11.0,4038000.0,367090.91,338000.0,319000.0,391500.0,3.0,10.0
Perak,Kampar,2024Q1,terrace,84.0,24470000.0,291309.52,272000.0,247500.0,307000.0,61.0,78.0
Perak,Kampar,2024Q1,townhouse,2.0,429000.0,214500.0,214500.0,202250.0,226750.0,2.0,2.0
Perak,Kampar,2024Q2,all,140.0,41680000.0,297714.29,299000.0,220000.0,376000.0,77.0,135.0
Perak,Kampar,2024Q2,cluster,3.0,1165000.0,388333.33,270000.0,242500.0,475000.0,2.0,2.0
Perak,Kampar,2024Q2,condo,13.0,4943000.0,380230.77,388000.0,384000.0,391000.0,1.0,13.0
Perak,Kampar,2024Q2,detached,8.0,2075000.0,259375.0,282500.0,142750.0,357500.0,4.0,8.0
Perak,Kampar,2024Q2,flat,4.0,367000.0,91750.0,91000.0,80250.0,102500.0,4.0,4.0
Perak,Kampar,2024Q2,low_cost_flat,4.0,627000.0,156750.0,114000.0,75750.0,195000.0,3.0,4.0
Perak,Kampar,2024Q2,low_cost_house,4.0,780000.0,195000.0,185000.0,180000.0,200000.0,4.0,4.0
Perak,Kampar,2024Q2,semi_detached,16.0,5950000.0,371875.0,376000.0,328750.0,379500.0,2.0,15.0
Perak,Kampar,2024Q2,terrace,85.0,25092000.0,295200.0,278000.0,240000.0,324000.0,54.0,82.0
Perak,Kampar,2024Q2,townhouse,3.0,681000.0,227000.0,203000.0,191500.0,250500.0,3.0,3.0
Perak,Kampar,2024Q3,all,141.0,39078000.0,277148.94,285000.0,220000.0,338000.0,90.0,139.0
Perak,Kampar,2024Q3,cluster,2.0,738000.0,369000.0,369000.0,328500.0,409500.0,1.0,2.0
Perak,Kampar,2024Q3,condo,6.0,2403000.0,400500.0,393000.0,393000.0,395250.0,0.0,6.0
Perak,Kampar,2024Q3,detached,9.0,2159000.0,239888.89,315000.0,180000.0,340000.0,4.0,9.0
Perak,Kampar,2024Q3,flat,5.0,472000.0,94400.0,95000.0,75000.0,99000.0,5.0,5.0
Perak,Kampar,2024Q3,low_cost_flat,2.0,168000.0,84000.0,84000.0,81000.0,87000.0,2.0,2.0
Perak,Kampar,2024Q3,low_cost_house,5.0,747000.0,149400.0,150000.0,118000.0,180000.0,5.0,5.0
Perak,Kampar,2024Q3,semi_detached,6.0,2084000.0,347333.33,372000.0,345500.0,376000.0,1.0,6.0
Perak,Kampar,2024Q3,terrace,104.0,29667000.0,285259.62,281500.0,253750.0,311750.0,71.0,102.0
Perak,Kampar,2024Q3,townhouse,2.0,640000.0,320000.0,320000.0,310000.0,330000.0,1.0,2.0
Perak,Kampar,2024Q4,all,32.0,8762000.0,273812.5,299000.0,185000.0,350000.0,19.0,31.0
Perak,Kampar,2024Q4,condo,2.0,1012000.0,506000.0,506000.0,485000.0,527000.0,0.0,1.0
Perak,Kampar,2024Q4,flat,1.0,120000.0,120000.0,120000.0,120000.0,120000.0,1.0,1.0
Perak,Kampar,2024Q4,low_cost_flat,2.0,148000.0,74000.0,74000.0,67000.0,81000.0,2.0,2.0
Perak,Kampar,2024Q4,low_cost_house,4.0,665000.0,166250.0,162500.0,153750.0,175000.0,4.0,4.0
Perak,Kampar,2024Q4,semi_detached,3.0,1054000.0,351333.33,358000.0,328000.0,378000.0,1.0,3.0
Perak,Kampar,2024Q4,terrace,19.0,5545000.0,291842.11,300000.0,253000.0,342000.0,10.0,19.0
Perak,Kampar,2024Q4,townhouse,1.0,218000.0,218000.0,218000.0,218000.0,218000.0,1.0,1.0
Perak,Kampar,2025Q1,all,55.0,16309000.0,296527.27,288000.0,200000.0,370000.0,32.0,49.0
Perak,Kampar,2025Q1,condo,7.0,3587000.0,512428.57,551000.0,495000.0,553000.0,0.0,2.0
Perak,Kampar,2025Q1,detached,4.0,783000.0,195750.0,171500.0,62250.0,305000.0,3.0,4.0
Perak,Kampar,2025Q1,flat,1.0,60000.0,60000.0,60000.0,60000.0,60000.0,1.0,1.0
Perak,Kampar,2025Q1,low_cost_flat,1.0,38000.0,38000.0,38000.0,38000.0,38000.0,1.0,1.0
Perak,Kampar,2025Q1,low_cost_house,5.0,828000.0,165600.0,180000.0,168000.0,200000.0,5.0,5.0
Perak,Kampar,2025Q1,semi_detached,2.0,752000.0,376000.0,376000.0,376000.0,376000.0,0.0,2.0
Perak,Kampar,2025Q1,terrace,35.0,10261000.0,293171.43,288000.0,235000.0,329000.0,22.0,34.0
Perak,Kampar,2025Q2,all,35.0,9880000.0,282285.71,298000.0,172000.0,346000.0,19.0,33.0
Perak,Kampar,2025Q2,condo,2.0,783000.0,391500.0,391500.0,386250.0,396750.0,0.0,2.0
Perak,Kampar,2025Q2,detached,1.0,110000.0,110000.0,110000.0,110000.0,110000.0,1.0,1.0
Perak,Kampar,2025Q2,flat,2.0,131000.0,65500.0,65500.0,50750.0,80250.0,2.0,2.0
Perak,Kampar,2025Q2,low_cost_house,2.0,250000.0,125000.0,125000.0,112500.0,137500.0,2.0,2.0
Perak,Kampar,2025Q2,semi_detached,3.0,1902000.0,634000.0,757000.0,543500.0,786000.0,0.0,1.0
Perak,Kampar,2025Q2,terrace,24.0,6496000.0,270666.67,299000.0,195000.0,341000.0,13.0,24.0
Perak,Kampar,2025Q2,townhouse,1.0,208000.0,208000.0,208000.0,208000.0,208000.0,1.0,1.0
Perak,Kampar,2025Q3,all,52.0,17019000.0,327288.46,293000.0,160000.0,405000.0,29.0,43.0
Perak,Kampar,2025Q3,cluster,1.0,630000.0,630000.0,630000.0,630000.0,630000.0,0.0,0.0
Perak,Kampar,2025Q3,condo,1.0,560000.0,560000.0,560000.0,560000.0,560000.0,0.0,0.0
Perak,Kampar,2025Q3,detached,4.0,655000.0,163750.0,165000.0,68750.0,260000.0,4.0,4.0
Perak,Kampar,2025Q3,flat,1.0,75000.0,75000.0,75000.0,75000.0,75000.0,1.0,1.0
Perak,Kampar,2025Q3,low_cost_flat,1.0,40000.0,40000.0,40000.0,40000.0,40000.0,1.0,1.0
Perak,Kampar,2025Q3,low_cost_house,5.0,725000.0,145000.0,160000.0,100000.0,200000.0,5.0,5.0
Perak,Kampar,2025Q3,semi_detached,5.0,3359000.0,671800.0,812000.0,808000.0,814000.0,1.0,1.0
Perak,Kampar,2025Q3,terrace,33.0,10675000.0,323484.85,332000.0,245000.0,388000.0,16.0,30.0
Perak,Kampar,2025Q3,townhouse,1.0,300000.0,300000.0,300000.0,300000.0,300000.0,1.0,1.0
Perak,Kampar,2025Q4,all,37.0,9327000.0,252081.08,260000.0,160000.0,330000.0,27.0,36.0
Perak,Kampar,2025Q4,detached,7.0,1356000.0,193714.29,190000.0,100000.0,265000.0,5.0,7.0
Perak,Kampar,2025Q4,flat,1.0,135000.0,135000.0,135000.0,135000.0,135000.0,1.0,1.0
Perak,Kampar,2025Q4,low_cost_house,3.0,480000.0,160000.0,130000.0,125000.0,180000.0,3.0,3.0
Perak,Kampar,2025Q4,semi_detached,2.0,585000.0,292500.0,292500.0,271250.0,313750.0,1.0,2.0
Perak,Kampar,2025Q4,terrace,24.0,6771000.0,282125.0,283000.0,160000.0,350750.0,17.0,23.0
Perak,Kampar,2026Q1,all,29.0,8000000.0,275862.07,265000.0,144000.0,300000.0,22.0,25.0
Perak,Kampar,2026Q1,condo,3.0,1509000.0,503000.0,519000.0,494500.0,519500.0,0.0,1.0
Perak,Kampar,2026Q1,detached,4.0,570000.0,142500.0,142500.0,76250.0,208750.0,4.0,4.0
Perak,Kampar,2026Q1,flat,1.0,175000.0,175000.0,175000.0,175000.0,175000.0,1.0,1.0
Perak,Kampar,2026Q1,low_cost_flat,2.0,183000.0,91500.0,91500.0,88250.0,94750.0,2.0,2.0
Perak,Kampar,2026Q1,low_cost_house,1.0,85000.0,85000.0,85000.0,85000.0,85000.0,1.0,1.0
Perak,Kampar,2026Q1,semi_detached,2.0,1240000.0,620000.0,620000.0,550000.0,690000.0,0.0,1.0
Perak,Kampar,2026Q1,terrace,15.0,3938000.0,262533.33,270000.0,189000.0,300000.0,13.0,14.0
Perak,Kampar,2026Q1,townhouse,1.0,300000.0,300000.0,300000.0,300000.0,300000.0,1.0,1.0
Perak,Kampar,2026Q2,all,44.0,13276000.0,301727.27,296000.0,233750.0,376250.0,27.0,42.0
Perak,Kampar,2026Q2,condo,3.0,1462000.0,487333.33,470000.0,469500.0,496500.0,0.0,2.0
Perak,Kampar,2026Q2,detached,6.0,1588000.0,264666.67,282500.0,121250.0,395000.0,3.0,6.0
Perak,Kampar,2026Q2,low_cost_flat,2.0,163000.0,81500.0,81500.0,69750.0,93250.0,2.0,2.0
Perak,Kampar,2026Q2,low_cost_house,1.0,188000.0,188000.0,188000.0,188000.0,188000.0,1.0,1.0
Perak,Kampar,2026Q2,semi_detached,1.0,465000.0,465000.0,465000.0,465000.0,465000.0,0.0,1.0
Perak,Kampar,2026Q2,terrace,30.0,9135000.0,304500.0,296000.0,238000.0,354000.0,20.0,29.0
Perak,Kampar,2026Q2,townhouse,1.0,275000.0,275000.0,275000.0,275000.0,275000.0,1.0,1.0
Perak,Kerian,2024Q1,all,79.0,21073000.0,266746.84,278000.0,180000.0,350000.0,50.0,78.0
Perak,Kerian,2024Q1,condo,1.0,135000.0,135000.0,135000.0,135000.0,135000.0,1.0,1.0
Perak,Kerian,2024Q1,detached,3.0,1108000.0,369333.33,310000.0,290000.0,419000.0,1.0,2.0
Perak,Kerian,2024Q1,low_cost_house,13.0,2088000.0,160615.38,160000.0,130000.0,180000.0,13.0,13.0
Perak,Kerian,2024Q1,semi_detached,14.0,5129000.0,366357.14,352500.0,311250.0,395000.0,4.0,14.0
Perak,Kerian,2024Q1,terrace,48.0,12613000.0,262770.83,274000.0,200000.0,334250.0,31.0,48.0
Perak,Kerian,2024Q2,all,104.0,37571000.0,361259.62,367500.0,307250.0,430750.0,26.0,94.0
Perak,Kerian,2024Q2,condo,3.0,285000.0,95000.0,95000.0,95000.0,95000.0,3.0,3.0
Perak,Kerian,2024Q2,detached,3.0,1620000.0,540000.0,510000.0,510000.0,555000.0,0.0,0.0
Perak,Kerian,2024Q2,low_cost_flat,1.0,90000.0,90000.0,90000.0,90000.0,90000.0,1.0,1.0
Perak,Kerian,2024Q2,low_cost_house,11.0,1735000.0,157727.27,140000.0,120000.0,180000.0,10.0,11.0
Perak,Kerian,2024Q2,semi_detached,11.0,4919000.0,447181.82,403000.0,361000.0,509500.0,1.0,8.0
Perak,Kerian,2024Q2,terrace,75.0,28922000.0,385626.67,369000.0,336000.0,439000.0,11.0,71.0
Perak,Kerian,2024Q3,all,119.0,47018000.0,395109.24,343000.0,278000.0,459000.0,40.0,96.0
Perak,Kerian,2024Q3,condo,1.0,160000.0,160000.0,160000.0,160000.0,160000.0,1.0,1.0
Perak,Kerian,2024Q3,detached,5.0,2402000.0,480400.0,510000.0,500000.0,511000.0,0.0,2.0
Perak,Kerian,2024Q3,low_cost_house,8.0,1265000.0,158125.0,157500.0,117500.0,185000.0,8.0,8.0
Perak,Kerian,2024Q3,semi_detached,14.0,7170000.0,512142.86,424500.0,355250.0,488500.0,2.0,11.0
Perak,Kerian,2024Q3,terrace,91.0,36021000.0,395835.16,343000.0,278500.0,441500.0,29.0,74.0
Perak,Kerian,2024Q4,all,57.0,22667000.0,397666.67,355000.0,300000.0,420000.0,15.0,49.0
Perak,Kerian,2024Q4,detached,1.0,511000.0,511000.0,511000.0,511000.0,511000.0,0.0,0.0
Perak,Kerian,2024Q4,semi_detached,10.0,3629000.0,362900.0,359500.0,332500.0,407500.0,2.0,10.0
Perak,Kerian,2024Q4,terrace,46.0,18527000.0,402760.87,345500.0,298500.0,423250.0,13.0,39.0
Perak,Kerian,2025Q1,all,43.0,15310000.0,356046.51,343000.0,285000.0,399000.0,14.0,37.0
Perak,Kerian,2025Q1,condo,2.0,190000.0,95000.0,95000.0,95000.0,95000.0,2.0,2.0
Perak,Kerian,2025Q1,detached,5.0,2059000.0,411800.0,430000.0,408000.0,430000.0,1.0,4.0
Perak,Kerian,2025Q1,low_cost_house,4.0,630000.0,157500.0,170000.0,142500.0,185000.0,4.0,4.0
Perak,Kerian,2025Q1,semi_detached,5.0,2215000.0,443000.0,380000.0,375000.0,410000.0,0.0,4.0
Perak,Kerian,2025Q1,terrace,27.0,10216000.0,378370.37,334000.0,309500.0,374000.0,7.0,23.0
Perak,Kerian,2025Q2,all,35.0,12016000.0,343314.29,329000.0,275000.0,398500.0,15.0,34.0
Perak,Kerian,2025Q2,condo,1.0,170000.0,170000.0,170000.0,170000.0,170000.0,1.0,1.0
Perak,Kerian,2025Q2,semi_detached,6.0,2047000.0,341166.67,335000.0,307500.0,377500.0,2.0,6.0
Perak,Kerian,2025Q2,terrace,28.0,9799000.0,349964.29,329000.0,269000.0,438250.0,12.0,27.0
Perak,Kerian,2025Q3,all,34.0,11627000.0,341970.59,329500.0,262500.0,401750.0,14.0,32.0
Perak,Kerian,2025Q3,detached,3.0,580000.0,193333.33,80000.0,75000.0,255000.0,2.0,3.0
Perak,Kerian,2025Q3,semi_detached,4.0,2057000.0,514250.0,480000.0,447250.0,547000.0,0.0,3.0
Perak,Kerian,2025Q3,terrace,27.0,8990000.0,332962.96,329000.0,265000.0,371000.0,12.0,26.0
Perak,Kerian,2025Q4,all,42.0,15171000.0,361214.29,329000.0,314500.0,379000.0,9.0,38.0
Perak,Kerian,2025Q4,detached,1.0,360000.0,360000.0,360000.0,360000.0,360000.0,0.0,1.0
Perak,Kerian,2025Q4,low_cost_house,1.0,175000.0,175000.0,175000.0,175000.0,175000.0,1.0,1.0
Perak,Kerian,2025Q4,semi_detached,3.0,1213000.0,404333.33,400000.0,382500.0,424000.0,0.0,3.0
Perak,Kerian,2025Q4,terrace,37.0,13423000.0,362783.78,329000.0,310000.0,379000.0,8.0,33.0
Perak,Kerian,2026Q1,all,13.0,4203000.0,323307.69,329000.0,305000.0,370000.0,3.0,13.0
Perak,Kerian,2026Q1,terrace,13.0,4203000.0,323307.69,329000.0,305000.0,370000.0,3.0,13.0
Perak,Kerian,2026Q2,all,36.0,12385000.0,344027.78,342500.0,264750.0,399250.0,14.0,34.0
Perak,Kerian,2026Q2,detached,1.0,555000.0,555000.0,555000.0,555000.0,555000.0,0.0,0.0
Perak,Kerian,2026Q2,low_cost_house,4.0,657000.0,164250.0,145000.0,136250.0,173000.0,4.0,4.0
Perak,Kerian,2026Q2,semi_detached,5.0,2159000.0,431800.0,440000.0,409000.0,450000.0,0.0,5.0
Perak,Kerian,2026Q2,terrace,26.0,9014000.0,346692.31,341000.0,271750.0,377500.0,10.0,25.0
Perak,Kinta,2024Q1,all,1191.0,463857000.0,389468.51,320000.0,250000.0,460000.0,556.0,980.0
Perak,Kinta,2024Q1,cluster,37.0,18057000.0,488027.03,499000.0,329000.0,620000.0,6.0,19.0
Perak,Kinta,2024Q1,condo,83.0,24226000.0,291879.52,265000.0,220000.0,320500.0,60.0,77.0
Perak,Kinta,2024Q1,detached,93.0,61189000.0,657946.24,375000.0,250000.0,730000.0,41.0,61.0
Perak,Kinta,2024Q1,low_cost_flat,14.0,1132000.0,80857.14,69000.0,50750.0,96250.0,14.0,14.0
Perak,Kinta,2024Q1,low_cost_house,101.0,18365000.0,181831.68,185000.0,160000.0,210000.0,101.0,101.0
Perak,Kinta,2024Q1,semi_detached,90.0,60492000.0,672133.33,572000.0,400000.0,788000.0,8.0,39.0
Perak,Kinta,2024Q1,terrace,770.0,278778000.0,362049.35,330000.0,265750.0,448000.0,326.0,668.0
Perak,Kinta,2024Q1,townhouse,3.0,1618000.0,539333.33,575000.0,449000.0,647500.0,0.0,1.0
Perak,Kinta,2024Q2,all,1322.0,491164000.0,371531.01,320000.0,240000.0,450000.0,608.0,1117.0
Perak,Kinta,2024Q2,cluster,38.0,18552000.0,488210.53,489000.0,338000.0,569000.0,6.0,22.0
Perak,Kinta,2024Q2,condo,78.0,22629000.0,290115.38,259500.0,210750.0,340000.0,51.0,72.0
Perak,Kinta,2024Q2,detached,87.0,52497000.0,603413.79,360000.0,255000.0,500000.0,31.0,66.0
Perak,Kinta,2024Q2,low_cost_flat,11.0,1025000.0,93181.82,82000.0,67500.0,105500.0,11.0,11.0
Perak,Kinta,2024Q2,low_cost_house,132.0,23281000.0,176371.21,185000.0,150000.0,210000.0,131.0,132.0
Perak,Kinta,2024Q2,semi_detached,89.0,50984000.0,572853.93,490000.0,358000.0,715000.0,13.0,51.0
Perak,Kinta,2024Q2,terrace,885.0,321518000.0,363297.18,330000.0,260000.0,449000.0,364.0,761.0
Perak,Kinta,2024Q2,townhouse,2.0,678000.0,339000.0,339000.0,259500.0,418500.0,1.0,2.0
Perak,Kinta,2024Q3,all,1252.0,476737000.0,380780.35,328000.0,250000.0,453500.0,550.0,1032.0
Perak,Kinta,2024Q3,cluster,51.0,29016000.0,568941.18,569000.0,347000.0,674000.0,2.0,23.0
Perak,Kinta,2024Q3,condo,84.0,24241000.0,288583.33,271500.0,233750.0,320000.0,62.0,82.0
Perak,Kinta,2024Q3,detached,67.0,39362000.0,587492.54,430000.0,230000.0,725000.0,26.0,44.0
Perak,Kinta,2024Q3,flat,3.0,410000.0,136666.67,150000.0,130000.0,150000.0,3.0,3.0
Perak,Kinta,2024Q3,low_cost_flat,9.0,768000.0,85333.33,77000.0,68000.0,90000.0,9.0,9.0
Perak,Kinta,2024Q3,low_cost_house,111.0,21928000.0,197549.55,200000.0,180000.0,221500.0,109.0,111.0
Perak,Kinta,2024Q3,semi_detached,119.0,69690000.0,585630.25,480000.0,384500.0,690000.0,10.0,66.0
Perak,Kinta,2024Q3,terrace,801.0,287518000.0,358948.81,330000.0,260000.0,439000.0,329.0,691.0
Perak,Kinta,2024Q3,townhouse,7.0,3804000.0,543428.57,520000.0,323000.0,640000.0,0.0,3.0
Perak,Kinta,2024Q4,all,384.0,143266000.0,373088.54,320000.0,250000.0,440000.0,175.0,329.0
Perak,Kinta,2024Q4,cluster,21.0,10110000.0,481428.57,440000.0,400000.0,565000.0,3.0,15.0
Perak,Kinta,2024Q4,condo,31.0,10010000.0,322903.23,275000.0,240000.0,346500.0,19.0,28.0
Perak,Kinta,2024Q4,detached,32.0,19025000.0,594531.25,375000.0,137500.0,736250.0,14.0,22.0
Perak,Kinta,2024Q4,low_cost_flat,2.0,135000.0,67500.0,67500.0,61250.0,73750.0,2.0,2.0
Perak,Kinta,2024Q4,low_cost_house,15.0,2570000.0,171333.33,170000.0,142500.0,205000.0,15.0,15.0
Perak,Kinta,2024Q4,semi_detached,25.0,14129000.0,565160.0,540000.0,440000.0,650000.0,1.0,10.0
Perak,Kinta,2024Q4,terrace,258.0,87287000.0,338321.71,310000.0,265250.0,409250.0,121.0,237.0
Perak,Kinta,2025Q1,all,353.0,133769000.0,378949.01,319000.0,247000.0,454000.0,160.0,290.0
Perak,Kinta,2025Q1,cluster,24.0,13233000.0,551375.0,619000.0,432750.0,652000.0,2.0,9.0
Perak,Kinta,2025Q1,condo,21.0,5824000.0,277333.33,275000.0,180000.0,320000.0,14.0,20.0
Perak,Kinta,2025Q1,detached,29.0,14129000.0,487206.9,330000.0,150000.0,500000.0,13.0,22.0
Perak,Kinta,2025Q1,flat,1.0,120000.0,120000.0,120000.0,120000.0,120000.0,1.0,1.0
Perak,Kinta,2025Q1,low_cost_flat,1.0,80000.0,80000.0,80000.0,80000.0,80000.0,1.0,1.0
Perak,Kinta,2025Q1,low_cost_house,22.0,4491000.0,204136.36,200000.0,181250.0,227500.0,22.0,22.0
Perak,Kinta,2025Q1,semi_detached,36.0,21531000.0,598083.33,554000.0,399500.0,709500.0,2.0,17.0
Perak,Kinta,2025Q1,terrace,216.0,73160000.0,338703.7,305000.0,250000.0,412750.0,105.0,196.0
Perak,Kinta,2025Q1,townhouse,3.0,1201000.0,400333.33,323000.0,315500.0,446500.0,0.0,2.0
Perak,Kinta,2025Q2,all,384.0,140775000.0,366601.56,305000.0,238000.0,420000.0,191.0,332.0
Perak,Kinta,2025Q2,cluster,10.0,5250000.0,525000.0,509500.0,449250.0,631000.0,1.0,5.0
Perak,Kinta,2025Q2,condo,26.0,7380000.0,283846.15,237000.0,208500.0,315000.0,19.0,22.0
Perak,Kinta,2025Q2,detached,47.0,24591000.0,523212.77,310000.0,155000.0,565000.0,23.0,35.0
Perak,Kinta,2025Q2,low_cost_flat,1.0,80000.0,80000.0,80000.0,80000.0,80000.0,1.0,1.0
Perak,Kinta,2025Q2,low_cost_house,23.0,4730000.0,205652.17,200000.0,180000.0,235000.0,23.0,23.0
Perak,Kinta,2025Q2,semi_detached,21.0,12658000.0,602761.9,550000.0,420000.0,780000.0,1.0,9.0
Perak,Kinta,2025Q2,terrace,255.0,85656000.0,335905.88,308000.0,255000.0,390000.0,123.0,236.0
Perak,Kinta,2025Q2,townhouse,1.0,430000.0,430000.0,430000.0,430000.0,430000.0,0.0,1.0
Perak,Kinta,2025Q3,all,435.0,160665000.0,369344.83,327000.0,250000.0,432500.0,199.0,367.0
Perak,Kinta,2025Q3,cluster,16.0,6544000.0,409000.0,402500.0,277750.0,525000.0,6.0,12.0
Perak,Kinta,2025Q3,condo,34.0,15439000.0,454088.24,270000.0,222000.0,630000.0,19.0,21.0
Perak,Kinta,2025Q3,detached,40.0,17805000.0,445125.0,350000.0,208750.0,500000.0,16.0,32.0
Perak,Kinta,2025Q3,flat,2.0,226000.0,113000.0,113000.0,91500.0,134500.0,2.0,2.0
Perak,Kinta,2025Q3,low_cost_flat,3.0,261000.0,87000.0,105000.0,65500.0,117500.0,3.0,3.0
Perak,Kinta,2025Q3,low_cost_house,33.0,6383000.0,193424.24,200000.0,168000.0,220000.0,33.0,33.0
Perak,Kinta,2025Q3,semi_detached,26.0,14574000.0,560538.46,483000.0,374500.0,724750.0,2.0,15.0
Perak,Kinta,2025Q3,terrace,281.0,99433000.0,353854.09,330000.0,270000.0,406000.0,118.0,249.0
Perak,Kinta,2025Q4,all,412.0,159487000.0,387104.37,330000.0,260000.0,438250.0,173.0,346.0
Perak,Kinta,2025Q4,cluster,14.0,5976000.0,426857.14,341500.0,282000.0,593250.0,5.0,10.0
Perak,Kinta,2025Q4,condo,27.0,8369000.0,309962.96,265000.0,221000.0,410000.0,16.0,25.0
Perak,Kinta,2025Q4,detached,35.0,20507000.0,585914.29,330000.0,195000.0,620000.0,15.0,26.0
Perak,Kinta,2025Q4,flat,1.0,138000.0,138000.0,138000.0,138000.0,138000.0,1.0,1.0
Perak,Kinta,2025Q4,low_cost_flat,5.0,262000.0,52400.0,50000.0,50000.0,60000.0,5.0,5.0
Perak,Kinta,2025Q4,low_cost_house,27.0,4913000.0,181962.96,190000.0,165000.0,220000.0,26.0,27.0
Perak,Kinta,2025Q4,semi_detached,30.0,20987000.0,699566.67,615000.0,438750.0,914250.0,1.0,12.0
Perak,Kinta,2025Q4,terrace,271.0,97412000.0,359453.87,333000.0,280000.0,419000.0,104.0,239.0
Perak,Kinta,2025Q4,townhouse,2.0,923000.0,461500.0,461500.0,392250.0,530750.0,0.0,1.0
Perak,Kinta,2026Q1,all,207.0,74257000.0,358729.47,320000.0,250000.0,428500.0,95.0,185.0
Perak,Kinta,2026Q1,cluster,8.0,4017000.0,502125.0,441000.0,401500.0,518250.0,1.0,6.0
Perak,Kinta,2026Q1,condo,12.0,3333000.0,277750.0,250000.0,206250.0,327500.0,9.0,12.0
Perak,Kinta,2026Q1,detached,10.0,2165000.0,216500.0,187500.0,90000.0,302500.0,7.0,10.0
Perak,Kinta,2026Q1,low_cost_flat,1.0,120000.0,120000.0,120000.0,120000.0,120000.0,1.0,1.0
Perak,Kinta,2026Q1,low_cost_house,10.0,1982000.0,198200.0,190000.0,160000.0,219250.0,10.0,10.0
Perak,Kinta,2026Q1,semi_detached,24.0,15344000.0,639333.33,500000.0,395000.0,625000.0,2.0,14.0
Perak,Kinta,2026Q1,terrace,142.0,47296000.0,333070.42,320000.0,260000.0,374000.0,65.0,132.0
Perak,Kinta,2026Q2,all,402.0,153441000.0,381694.03,340000.0,255250.0,458000.0,174.0,328.0
Perak,Kinta,2026Q2,cluster,15.0,7161000.0,477400.0,430000.0,300000.0,692500.0,5.0,10.0
Perak,Kinta,2026Q2,condo,22.0,6674000.0,303363.64,248000.0,210000.0,367500.0,15.0,20.0
Perak,Kinta,2026Q2,detached,31.0,11587000.0,373774.19,300000.0,165000.0,447500.0,16.0,26.0
Perak,Kinta,2026Q2,flat,3.0,440000.0,146666.67,150000.0,140000.0,155000.0,3.0,3.0
Perak,Kinta,2026Q2,low_cost_flat,4.0,235000.0,58750.0,60000.0,53250.0,65500.0,4.0,4.0
Perak,Kinta,2026Q2,low_cost_house,19.0,3988000.0,209894.74,220000.0,180000.0,240000.0,19.0,19.0
Perak,Kinta,2026Q2,semi_detached,38.0,23235000.0,611447.37,545000.0,417000.0,715000.0,3.0,16.0
Perak,Kinta,2026Q2,terrace,269.0,99521000.0,369966.54,340000.0,270000.0,439000.0,109.0,230.0
Perak,Kinta,2026Q2,townhouse,1.0,600000.0,600000.0,600000.0,600000.0,600000.0,0.0,0.0
Perak,Kuala Kangsar,2024Q1,all,101.0,26173000.0,259138.61,240000.0,185000.0,318000.0,69.0,100.0
Perak,Kuala Kangsar,2024Q1,detached,7.0,1843000.0,263285.71,180000.0,142500.0,434000.0,4.0,7.0
Perak,Kuala Kangsar,2024Q1,flat,1.0,95000.0,95000.0,95000.0,95000.0,95000.0,1.0,1.0
Perak,Kuala Kangsar,2024Q1,low_cost_house,9.0,1350000.0,150000.0,130000.0,120000.0,160000.0,9.0,9.0
Perak,Kuala Kangsar,2024Q1,semi_detached,11.0,3235000.0,294090.91,300000.0,234000.0,339500.0,6.0,10.0
Perak,Kuala Kangsar,2024Q1,terrace,73.0,19650000.0,269178.08,260000.0,200000.0,318000.0,49.0,73.0
Perak,Kuala Kangsar,2024Q2,all,109.0,30781000.0,282394.5,270000.0,200000.0,325000.0,68.0,103.0
Perak,Kuala Kangsar,2024Q2,detached,8.0,2042000.0,255250.0,295000.0,186250.0,329000.0,4.0,8.0
Perak,Kuala Kangsar,2024Q2,low_cost_house,13.0,1828000.0,140615.38,150000.0,100000.0,170000.0,13.0,13.0
Perak,Kuala Kangsar,2024Q2,semi_detached,11.0,5412000.0,492000.0,450000.0,354000.0,592000.0,1.0,6.0
Perak,Kuala Kangsar,2024Q2,terrace,77.0,21499000.0,279207.79,270000.0,210000.0,318000.0,50.0,76.0
Perak,Kuala Kangsar,2024Q3,all,98.0,26101000.0,266336.73,258500.0,198000.0,325500.0,71.0,96.0
Perak,Kuala Kangsar,2024Q3,detached,10.0,2705000.0,270500.0,279000.0,193750.0,352500.0,7.0,10.0
Perak,Kuala Kangsar,2024Q3,low_cost_house,10.0,1387000.0,138700.0,140000.0,122500.0,167500.0,10.0,10.0
Perak,Kuala Kangsar,2024Q3,semi_detached,12.0,4674000.0,389500.0,391500.0,344250.0,412500.0,1.0,11.0
Perak,Kuala Kangsar,2024Q3,terrace,66.0,17335000.0,262651.52,250000.0,209000.0,290000.0,53.0,65.0
Perak,Kuala Kangsar,2024Q4,all,37.0,10543000.0,284945.95,250000.0,190000.0,417000.0,25.0,34.0
Perak,Kuala Kangsar,2024Q4,detached,1.0,120000.0,120000.0,120000.0,120000.0,120000.0,1.0,1.0
Perak,Kuala Kangsar,2024Q4,low_cost_house,5.0,550000.0,110000.0,90000.0,90000.0,90000.0,5.0,5.0
Perak,Kuala Kangsar,2024Q4,semi_detached,4.0,1302000.0,325500.0,376000.0,257500.0,444000.0,1.0,4.0
Perak,Kuala Kangsar,2024Q4,terrace,27.0,8571000.0,317444.44,268000.0,215000.0,418500.0,18.0,24.0
Perak,Kuala Kangsar,2025Q1,all,29.0,7568000.0,260965.52,268000.0,180000.0,300000.0,22.0,28.0
Perak,Kuala Kangsar,2025Q1,condo,1.0,95000.0,95000.0,95000.0,95000.0,95000.0,1.0,1.0
Perak,Kuala Kangsar,2025Q1,detached,3.0,628000.0,209333.33,120000.0,105000.0,269000.0,2.0,3.0
Perak,Kuala Kangsar,2025Q1,low_cost_house,1.0,240000.0,240000.0,240000.0,240000.0,240000.0,1.0,1.0
Perak,Kuala Kangsar,2025Q1,semi_detached,2.0,658000.0,329000.0,329000.0,229500.0,428500.0,1.0,1.0
Perak,Kuala Kangsar,2025Q1,terrace,22.0,5947000.0,270318.18,284000.0,227500.0,297500.0,17.0,22.0
Perak,Kuala Kangsar,2025Q2,all,33.0,9021000.0,273363.64,267000.0,200000.0,340000.0,22.0,33.0
Perak,Kuala Kangsar,2025Q2,detached,2.0,180000.0,90000.0,90000.0,85000.0,95000.0,2.0,2.0
Perak,Kuala Kangsar,2025Q2,low_cost_house,1.0,155000.0,155000.0,155000.0,155000.0,155000.0,1.0,1.0
Perak,Kuala Kangsar,2025Q2,semi_detached,3.0,1150000.0,383333.33,360000.0,350000.0,405000.0,0.0,3.0
Perak,Kuala Kangsar,2025Q2,terrace,26.0,7156000.0,275230.77,257500.0,205000.0,322500.0,19.0,26.0
Perak,Kuala Kangsar,2025Q2,townhouse,1.0,380000.0,380000.0,380000.0,380000.0,380000.0,0.0,1.0
Perak,Kuala Kangsar,2025Q3,all,39.0,11303000.0,289820.51,248000.0,199000.0,294000.0,30.0,36.0
Perak,Kuala Kangsar,2025Q3,detached,6.0,2345000.0,390833.33,255000.0,212500.0,282500.0,5.0,5.0
Perak,Kuala Kangsar,2025Q3,low_cost_house,3.0,390000.0,130000.0,140000.0,115000.0,150000.0,3.0,3.0
Perak,Kuala Kangsar,2025Q3,semi_detached,2.0,1130000.0,565000.0,565000.0,527500.0,602500.0,0.0,1.0
Perak,Kuala Kangsar,2025Q3,terrace,28.0,7438000.0,265642.86,246500.0,207500.0,292000.0,22.0,27.0
Perak,Kuala Kangsar,2025Q4,all,30.0,8146000.0,271533.33,261500.0,192000.0,378500.0,20.0,30.0
Perak,Kuala Kangsar,2025Q4,detached,7.0,996000.0,142285.71,130000.0,68000.0,215000.0,7.0,7.0
Perak,Kuala Kangsar,2025Q4,low_cost_house,2.0,260000.0,130000.0,130000.0,110000.0,150000.0,2.0,2.0
Perak,Kuala Kangsar,2025Q4,semi_detached,2.0,752000.0,376000.0,376000.0,360500.0,391500.0,0.0,2.0
Perak,Kuala Kangsar,2025Q4,terrace,19.0,6138000.0,323052.63,280000.0,259000.0,394000.0,11.0,19.0
Perak,Kuala Kangsar,2026Q1,all,16.0,4630000.0,289375.0,247500.0,187500.0,349750.0,10.0,15.0
Perak,Kuala Kangsar,2026Q1,detached,1.0,450000.0,450000.0,450000.0,450000.0,450000.0,0.0,1.0
Perak,Kuala Kangsar,2026Q1,low_cost_house,1.0,139000.0,139000.0,139000.0,139000.0,139000.0,1.0,1.0
Perak,Kuala Kangsar,2026Q1,semi_detached,1.0,615000.0,615000.0,615000.0,615000.0,615000.0,0.0,0.0
Perak,Kuala Kangsar,2026Q1,terrace,13.0,3426000.0,263538.46,245000.0,190000.0,318000.0,9.0,13.0
Perak,Kuala Kangsar,2026Q2,all,38.0,10458000.0,275210.53,264000.0,191000.0,343750.0,27.0,36.0
Perak,Kuala Kangsar,2026Q2,detached,5.0,930000.0,186000.0,160000.0,100000.0,300000.0,5.0,5.0
Perak,Kuala Kangsar,2026Q2,low_cost_house,4.0,570000.0,142500.0,150000.0,135000.0,157500.0,4.0,4.0
Perak,Kuala Kangsar,2026Q2,semi_detached,3.0,1649000.0,549666.67,650000.0,465000.0,684500.0,1.0,1.0
Perak,Kuala Kangsar,2026Q2,terrace,26.0,7309000.0,281115.38,278000.0,230000.0,350000.0,17.0,26.0
Perak,Larut Matang,2024Q1,all,252.0,74960000.0,297460.32,270000.0,220000.0,350000.0,154.0,234.0
Perak,Larut Matang,2024Q1,cluster,3.0,1017000.0,339000.0,358000.0,329000.0,358500.0,1.0,3.0
Perak,Larut Matang,2024Q1,condo,6.0,2022000.0,337000.0,325000.0,314000.0,345000.0,1.0,6.0
Perak,Larut Matang,2024Q1,detached,19.0,7008000.0,368842.11,350000.0,250000.0,557500.0,8.0,13.0
Perak,Larut Matang,2024Q1,low_cost_flat,1.0,42000.0,42000.0,42000.0,42000.0,42000.0,1.0,1.0
Perak,Larut Matang,2024Q1,low_cost_house,30.0,5295000.0,176500.0,170000.0,150000.0,200000.0,30.0,30.0
Perak,Larut Matang,2024Q1,semi_detached,18.0,8479000.0,471055.56,405000.0,356000.0,579250.0,2.0,12.0
Perak,Larut Matang,2024Q1,terrace,175.0,51097000.0,291982.86,270000.0,230000.0,332500.0,111.0,169.0
Perak,Larut Matang,2024Q2,all,236.0,76850000.0,325635.59,288000.0,230000.0,400000.0,134.0,211.0
Perak,Larut Matang,2024Q2,cluster,1.0,438000.0,438000.0,438000.0,438000.0,438000.0,0.0,1.0
Perak,Larut Matang,2024Q2,condo,3.0,962000.0,320666.67,300000.0,290000.0,341000.0,2.0,3.0
Perak,Larut Matang,2024Q2,detached,19.0,5620000.0,295789.47,250000.0,180000.0,390000.0,13.0,17.0
Perak,Larut Matang,2024Q2,flat,1.0,330000.0,330000.0,330000.0,330000.0,330000.0,0.0,1.0
Perak,Larut Matang,2024Q2,low_cost_flat,1.0,35000.0,35000.0,35000.0,35000.0,35000.0,1.0,1.0
Perak,Larut Matang,2024Q2,low_cost_house,29.0,5767000.0,198862.07,180000.0,170000.0,215000.0,28.0,29.0
Perak,Larut Matang,2024Q2,semi_detached,20.0,11393000.0,569650.0,510000.0,373500.0,728000.0,2.0,10.0
Perak,Larut Matang,2024Q2,terrace,161.0,52090000.0,323540.37,299000.0,249000.0,400000.0,87.0,148.0
Perak,Larut Matang,2024Q2,townhouse,1.0,215000.0,215000.0,215000.0,215000.0,215000.0,1.0,1.0
Perak,Larut Matang,2024Q3,all,233.0,73690000.0,316266.09,280000.0,225000.0,380000.0,141.0,216.0
Perak,Larut Matang,2024Q3,cluster,3.0,1095000.0,365000.0,359000.0,359000.0,368000.0,0.0,3.0
Perak,Larut Matang,2024Q3,condo,5.0,1696000.0,339200.0,338000.0,300000.0,340000.0,2.0,5.0
Perak,Larut Matang,2024Q3,detached,15.0,7690000.0,512666.67,478000.0,350000.0,524000.0,4.0,10.0
Perak,Larut Matang,2024Q3,low_cost_house,24.0,4219000.0,175791.67,179000.0,156250.0,200000.0,24.0,24.0
Perak,Larut Matang,2024Q3,semi_detached,18.0,9214000.0,511888.89,479500.0,393750.0,623250.0,1.0,11.0
Perak,Larut Matang,2024Q3,terrace,167.0,49686000.0,297520.96,275000.0,230000.0,342500.0,109.0,162.0
Perak,Larut Matang,2024Q3,townhouse,1.0,90000.0,90000.0,90000.0,90000.0,90000.0,1.0,1.0
Perak,Larut Matang,2024Q4,all,86.0,26997000.0,313918.6,280000.0,236000.0,359250.0,47.0,80.0
Perak,Larut Matang,2024Q4,cluster,2.0,987000.0,493500.0,493500.0,490750.0,496250.0,0.0,2.0
Perak,Larut Matang,2024Q4,condo,2.0,598000.0,299000.0,299000.0,289500.0,308500.0,1.0,2.0
Perak,Larut Matang,2024Q4,detached,15.0,5233000.0,348866.67,350000.0,200000.0,451500.0,6.0,13.0
Perak,Larut Matang,2024Q4,low_cost_house,7.0,1390000.0,198571.43,230000.0,180000.0,232500.0,7.0,7.0
Perak,Larut Matang,2024Q4,semi_detached,5.0,1722000.0,344400.0,356000.0,339000.0,357000.0,0.0,5.0
Perak,Larut Matang,2024Q4,terrace,55.0,17067000.0,310309.09,274000.0,244500.0,335000.0,33.0,51.0
Perak,Larut Matang,2025Q1,all,69.0,22727000.0,329376.81,283000.0,230000.0,400000.0,39.0,65.0
Perak,Larut Matang,2025Q1,cluster,2.0,743000.0,371500.0,371500.0,345750.0,397250.0,0.0,2.0
Perak,Larut Matang,2025Q1,condo,1.0,278000.0,278000.0,278000.0,278000.0,278000.0,1.0,1.0
Perak,Larut Matang,2025Q1,detached,7.0,2993000.0,427571.43,345000.0,179000.0,450000.0,3.0,6.0
Perak,Larut Matang,2025Q1,flat,1.0,150000.0,150000.0,150000.0,150000.0,150000.0,1.0,1.0
Perak,Larut Matang,2025Q1,low_cost_house,4.0,753000.0,188250.0,194000.0,177250.0,205000.0,4.0,4.0
Perak,Larut Matang,2025Q1,semi_detached,2.0,820000.0,410000.0,410000.0,395000.0,425000.0,0.0,2.0
Perak,Larut Matang,2025Q1,terrace,52.0,16990000.0,326730.77,283500.0,243750.0,398500.0,30.0,49.0
Perak,Larut Matang,2025Q2,all,111.0,35943000.0,323810.81,289000.0,240000.0,353500.0,64.0,104.0
Perak,Larut Matang,2025Q2,cluster,1.0,377000.0,377000.0,377000.0,377000.0,377000.0,0.0,1.0
Perak,Larut Matang,2025Q2,condo,2.0,635000.0,317500.0,317500.0,311250.0,323750.0,0.0,2.0
Perak,Larut Matang,2025Q2,detached,7.0,2578000.0,368285.71,255000.0,217500.0,425000.0,4.0,5.0
Perak,Larut Matang,2025Q2,flat,1.0,350000.0,350000.0,350000.0,350000.0,350000.0,0.0,1.0
Perak,Larut Matang,2025Q2,low_cost_house,7.0,1430000.0,204285.71,225000.0,182500.0,235000.0,7.0,7.0
Perak,Larut Matang,2025Q2,semi_detached,12.0,5538000.0,461500.0,400000.0,348750.0,463750.0,2.0,10.0
Perak,Larut Matang,2025Q2,terrace,81.0,25035000.0,309074.07,288000.0,240000.0,350000.0,51.0,78.0
Perak,Larut Matang,2025Q3,all,107.0,34418000.0,321663.55,295000.0,250000.0,377000.0,61.0,101.0
Perak,Larut Matang,2025Q3,cluster,1.0,380000.0,380000.0,380000.0,380000.0,380000.0,0.0,1.0
Perak,Larut Matang,2025Q3,condo,2.0,680000.0,340000.0,340000.0,330000.0,350000.0,0.0,2.0
Perak,Larut Matang,2025Q3,detached,10.0,3872000.0,387200.0,385000.0,270000.0,522500.0,3.0,7.0
Perak,Larut Matang,2025Q3,low_cost_house,7.0,1318000.0,188285.71,170000.0,161500.0,223500.0,7.0,7.0
Perak,Larut Matang,2025Q3,semi_detached,8.0,3334000.0,416750.0,375000.0,325500.0,480500.0,1.0,7.0
Perak,Larut Matang,2025Q3,terrace,79.0,24834000.0,314354.43,290000.0,250000.0,350000.0,50.0,77.0
Perak,Larut Matang,2025Q4,all,78.0,26220000.0,336153.85,305000.0,249250.0,396250.0,39.0,70.0
Perak,Larut Matang,2025Q4,condo,1.0,300000.0,300000.0,300000.0,300000.0,300000.0,1.0,1.0
Perak,Larut Matang,2025Q4,detached,5.0,1773000.0,354600.0,400000.0,230000.0,450000.0,2.0,4.0
Perak,Larut Matang,2025Q4,flat,1.0,315000.0,315000.0,315000.0,315000.0,315000.0,0.0,1.0
Perak,Larut Matang,2025Q4,low_cost_house,5.0,1050000.0,210000.0,220000.0,170000.0,240000.0,5.0,5.0
Perak,Larut Matang,2025Q4,semi_detached,7.0,4073000.0,581857.14,550000.0,405000.0,737500.0,0.0,3.0
Perak,Larut Matang,2025Q4,terrace,59.0,18709000.0,317101.69,298000.0,250000.0,372500.0,31.0,56.0
Perak,Larut Matang,2026Q1,all,43.0,12821000.0,298162.79,280000.0,222500.0,377500.0,28.0,40.0
Perak,Larut Matang,2026Q1,detached,7.0,2173000.0,310428.57,295000.0,209000.0,410000.0,4.0,6.0
Perak,Larut Matang,2026Q1,low_cost_house,5.0,655000.0,131000.0,110000.0,100000.0,150000.0,5.0,5.0
Perak,Larut Matang,2026Q1,semi_detached,5.0,2529000.0,505800.0,430000.0,380000.0,680000.0,0.0,3.0
Perak,Larut Matang,2026Q1,terrace,26.0,7464000.0,287076.92,258500.0,238500.0,337500.0,19.0,26.0
Perak,Larut Matang,2026Q2,all,77.0,26549000.0,344792.21,300000.0,240000.0,400000.0,42.0,68.0
Perak,Larut Matang,2026Q2,condo,1.0,320000.0,320000.0,320000.0,320000.0,320000.0,0.0,1.0
Perak,Larut Matang,2026Q2,detached,6.0,3880000.0,646666.67,552500.0,437500.0,660000.0,1.0,2.0
Perak,Larut Matang,2026Q2,low_cost_flat,1.0,50000.0,50000.0,50000.0,50000.0,50000.0,1.0,1.0
Perak,Larut Matang,2026Q2,low_cost_house,7.0,1430000.0,204285.71,200000.0,185000.0,225000.0,7.0,7.0
Perak,Larut Matang,2026Q2,semi_detached,5.0,1979000.0,395800.0,395000.0,380000.0,435000.0,1.0,5.0
Perak,Larut Matang,2026Q2,terrace,57.0,18890000.0,331403.51,300000.0,240000.0,388000.0,32.0,52.0
Perak,Manjung,2024Q1,all,417.0,131419000.0,315153.48,271000.0,239000.0,399000.0,246.0,385.0
Perak,Manjung,2024Q1,cluster,38.0,9489000.0,249710.53,248000.0,245000.0,250000.0,36.0,38.0
Perak,Manjung,2024Q1,condo,10.0,2279000.0,227900.0,211000.0,166250.0,233250.0,8.0,10.0
Perak,Manjung,2024Q1,detached,11.0,6640000.0,603636.36,480000.0,425000.0,700000.0,2.0,6.0
Perak,Manjung,2024Q1,low_cost_flat,2.0,178000.0,89000.0,89000.0,83500.0,94500.0,2.0,2.0
Perak,Manjung,2024Q1,low_cost_house,21.0,2972000.0,141523.81,117000.0,70000.0,180000.0,20.0,21.0
Perak,Manjung,2024Q1,semi_detached,65.0,30777000.0,473492.31,470000.0,400000.0,560000.0,5.0,47.0
Perak,Manjung,2024Q1,terrace,270.0,79084000.0,292903.7,271000.0,237250.0,350000.0,173.0,261.0
Perak,Manjung,2024Q2,all,427.0,131481000.0,307918.03,281000.0,240500.0,379000.0,256.0,405.0
Perak,Manjung,2024Q2,cluster,37.0,10195000.0,275540.54,250000.0,248000.0,328000.0,24.0,37.0
Perak,Manjung,2024Q2,condo,20.0,4256000.0,212800.0,221000.0,150000.0,232500.0,17.0,20.0
Perak,Manjung,2024Q2,detached,11.0,4026000.0,366000.0,399000.0,290000.0,417500.0,3.0,10.0
Perak,Manjung,2024Q2,low_cost_house,24.0,3094000.0,128916.67,110000.0,77500.0,172000.0,24.0,24.0
Perak,Manjung,2024Q2,semi_detached,57.0,27324000.0,479368.42,480000.0,400000.0,525000.0,1.0,41.0
Perak,Manjung,2024Q2,terrace,278.0,82586000.0,297071.94,277500.0,245250.0,336750.0,187.0,273.0
Perak,Manjung,2024Q3,all,368.0,114347000.0,310725.54,289000.0,240000.0,379000.0,213.0,347.0
Perak,Manjung,2024Q3,cluster,29.0,8774000.0,302551.72,250000.0,249000.0,328000.0,20.0,28.0
Perak,Manjung,2024Q3,condo,22.0,4719000.0,214500.0,224000.0,202250.0,232750.0,22.0,22.0
Perak,Manjung,2024Q3,detached,11.0,4008000.0,364363.64,399000.0,245000.0,462000.0,3.0,9.0
Perak,Manjung,2024Q3,low_cost_house,26.0,3722000.0,143153.85,130000.0,72500.0,210000.0,26.0,26.0
Perak,Manjung,2024Q3,semi_detached,39.0,17915000.0,459358.97,440000.0,388000.0,499500.0,4.0,30.0
Perak,Manjung,2024Q3,terrace,241.0,75209000.0,312070.54,297000.0,250000.0,360000.0,138.0,232.0
Perak,Manjung,2024Q4,all,148.0,49146000.0,332067.57,304000.0,250000.0,419250.0,74.0,137.0
Perak,Manjung,2024Q4,cluster,2.0,494000.0,247000.0,247000.0,246000.0,248000.0,2.0,2.0
Perak,Manjung,2024Q4,condo,5.0,1274000.0,254800.0,250000.0,235000.0,319000.0,3.0,5.0
Perak,Manjung,2024Q4,detached,11.0,4923000.0,447545.45,450000.0,295000.0,580000.0,3.0,7.0
Perak,Manjung,2024Q4,low_cost_flat,1.0,45000.0,45000.0,45000.0,45000.0,45000.0,1.0,1.0
Perak,Manjung,2024Q4,low_cost_house,7.0,1305000.0,186428.57,188000.0,152500.0,235000.0,7.0,7.0
Perak,Manjung,2024Q4,semi_detached,21.0,9786000.0,466000.0,430000.0,419000.0,500000.0,0.0,17.0
Perak,Manjung,2024Q4,terrace,101.0,31319000.0,310089.11,290000.0,250000.0,359000.0,58.0,98.0
Perak,Manjung,2025Q1,all,172.0,56937000.0,331029.07,324000.0,248000.0,419000.0,74.0,165.0
Perak,Manjung,2025Q1,cluster,11.0,3488000.0,317090.91,249000.0,248000.0,371500.0,7.0,11.0
Perak,Manjung,2025Q1,condo,22.0,4670000.0,212272.73,170000.0,170000.0,224500.0,18.0,22.0
Perak,Manjung,2025Q1,detached,10.0,4119000.0,411900.0,400000.0,200000.0,499750.0,4.0,8.0
Perak,Manjung,2025Q1,flat,2.0,150000.0,75000.0,75000.0,75000.0,75000.0,2.0,2.0
Perak,Manjung,2025Q1,low_cost_house,4.0,615000.0,153750.0,142500.0,131250.0,165000.0,4.0,4.0
Perak,Manjung,2025Q1,semi_detached,29.0,12650000.0,436206.9,428000.0,419000.0,449000.0,0.0,27.0
Perak,Manjung,2025Q1,terrace,92.0,30722000.0,333934.78,319000.0,258750.0,400000.0,38.0,89.0
Perak,Manjung,2025Q1,townhouse,2.0,523000.0,261500.0,261500.0,237750.0,285250.0,1.0,2.0
Perak,Manjung,2025Q2,all,125.0,44384000.0,355072.0,330000.0,250000.0,408000.0,53.0,114.0
Perak,Manjung,2025Q2,cluster,2.0,498000.0,249000.0,249000.0,249000.0,249000.0,2.0,2.0
Perak,Manjung,2025Q2,condo,6.0,1226000.0,204333.33,163000.0,121500.0,289250.0,4.0,6.0
Perak,Manjung,2025Q2,detached,6.0,3909000.0,651500.0,425000.0,325000.0,936750.0,2.0,4.0
Perak,Manjung,2025Q2,flat,1.0,95000.0,95000.0,95000.0,95000.0,95000.0,1.0,1.0
Perak,Manjung,2025Q2,low_cost_house,5.0,975000.0,195000.0,180000.0,167000.0,210000.0,4.0,5.0
Perak,Manjung,2025Q2,semi_detached,24.0,10832000.0,451333.33,400000.0,397500.0,499000.0,1.0,20.0
Perak,Manjung,2025Q2,terrace,81.0,26849000.0,331469.14,310000.0,250000.0,400000.0,39.0,76.0
Perak,Manjung,2025Q3,all,178.0,62495000.0,351095.51,330000.0,270250.0,419000.0,73.0,162.0
Perak,Manjung,2025Q3,cluster,7.0,2755000.0,393571.43,430000.0,274500.0,463000.0,3.0,6.0
Perak,Manjung,2025Q3,condo,5.0,1390000.0,278000.0,250000.0,230000.0,340000.0,3.0,5.0
Perak,Manjung,2025Q3,detached,7.0,2670000.0,381428.57,380000.0,179000.0,500000.0,3.0,5.0
Perak,Manjung,2025Q3,low_cost_house,7.0,1420000.0,202857.14,180000.0,152500.0,255000.0,7.0,7.0
Perak,Manjung,2025Q3,semi_detached,41.0,19186000.0,467951.22,438000.0,399000.0,500000.0,2.0,31.0
Perak,Manjung,2025Q3,terrace,111.0,35074000.0,315981.98,309000.0,267500.0,361500.0,55.0,108.0
Perak,Manjung,2025Q4,all,135.0,46815000.0,346777.78,300000.0,267000.0,420000.0,70.0,122.0
Perak,Manjung,2025Q4,cluster,5.0,2098000.0,419600.0,488000.0,323000.0,488000.0,1.0,5.0
Perak,Manjung,2025Q4,condo,5.0,1410000.0,282000.0,293000.0,222000.0,325000.0,3.0,5.0
Perak,Manjung,2025Q4,detached,3.0,780000.0,260000.0,200000.0,140000.0,350000.0,2.0,3.0
Perak,Manjung,2025Q4,low_cost_house,6.0,1120000.0,186666.67,200000.0,196250.0,207500.0,6.0,6.0
Perak,Manjung,2025Q4,semi_detached,29.0,14235000.0,490862.07,495000.0,400000.0,629000.0,3.0,20.0
Perak,Manjung,2025Q4,terrace,87.0,27172000.0,312321.84,295000.0,259500.0,342000.0,55.0,83.0
Perak,Manjung,2026Q1,all,85.0,27546000.0,324070.59,302000.0,250000.0,410000.0,42.0,81.0
Perak,Manjung,2026Q1,cluster,2.0,678000.0,339000.0,339000.0,264500.0,413500.0,1.0,2.0
Perak,Manjung,2026Q1,condo,5.0,907000.0,181400.0,160000.0,160000.0,178000.0,4.0,5.0
Perak,Manjung,2026Q1,detached,5.0,2170000.0,434000.0,430000.0,390000.0,480000.0,0.0,4.0
Perak,Manjung,2026Q1,low_cost_house,3.0,330000.0,110000.0,80000.0,75000.0,130000.0,3.0,3.0
Perak,Manjung,2026Q1,semi_detached,18.0,7927000.0,440388.89,412500.0,384000.0,486000.0,1.0,15.0
Perak,Manjung,2026Q1,terrace,52.0,15534000.0,298730.77,299000.0,248750.0,334250.0,33.0,52.0
Perak,Manjung,2026Q2,all,128.0,44320000.0,346250.0,303500.0,250000.0,439000.0,64.0,115.0
Perak,Manjung,2026Q2,cluster,5.0,1525000.0,305000.0,249000.0,249000.0,250000.0,4.0,4.0
Perak,Manjung,2026Q2,condo,6.0,1349000.0,224833.33,202000.0,176000.0,273750.0,5.0,6.0
Perak,Manjung,2026Q2,detached,6.0,2910000.0,485000.0,450000.0,210000.0,600000.0,2.0,4.0
Perak,Manjung,2026Q2,low_cost_house,4.0,805000.0,201250.0,220000.0,143750.0,277500.0,4.0,4.0
Perak,Manjung,2026Q2,semi_detached,32.0,15911000.0,497218.75,494500.0,419000.0,550000.0,0.0,22.0
Perak,Manjung,2026Q2,terrace,75.0,21820000.0,290933.33,289000.0,247000.0,330500.0,49.0,75.0
Perak,Muallim,2024Q1,all,67.0,20467000.0,305477.61,265000.0,187500.0,403500.0,36.0,62.0
Perak,Muallim,2024Q1,cluster,4.0,2037000.0,509250.0,508500.0,415000.0,602750.0,0.0,2.0
Perak,Muallim,2024Q1,condo,6.0,948000.0,158000.0,161500.0,145000.0,168250.0,6.0,6.0
Perak,Muallim,2024Q1,detached,3.0,1540000.0,513333.33,500000.0,440000.0,580000.0,0.0,2.0
Perak,Muallim,2024Q1,low_cost_house,10.0,1603000.0,160300.0,164000.0,126250.0,195000.0,10.0,10.0
Perak,Muallim,2024Q1,semi_detached,3.0,1581000.0,527000.0,513000.0,446500.0,600500.0,0.0,1.0
Perak,Muallim,2024Q1,terrace,41.0,12758000.0,311170.73,320000.0,250000.0,399000.0,20.0,41.0
Perak,Muallim,2024Q2,all,67.0,21557000.0,321746.27,350000.0,212500.0,408000.0,32.0,64.0
Perak,Muallim,2024Q2,cluster,6.0,2602000.0,433666.67,433500.0,417000.0,461250.0,0.0,6.0
Perak,Muallim,2024Q2,condo,4.0,714000.0,178500.0,180000.0,177250.0,181250.0,4.0,4.0
Perak,Muallim,2024Q2,detached,4.0,1220000.0,305000.0,275000.0,97500.0,482500.0,2.0,3.0
Perak,Muallim,2024Q2,flat,1.0,79000.0,79000.0,79000.0,79000.0,79000.0,1.0,1.0
Perak,Muallim,2024Q2,low_cost_house,6.0,997000.0,166166.67,160000.0,150000.0,177500.0,6.0,6.0
Perak,Muallim,2024Q2,semi_detached,2.0,670000.0,335000.0,335000.0,257500.0,412500.0,1.0,2.0
Perak,Muallim,2024Q2,terrace,44.0,15275000.0,347159.09,370000.0,250000.0,405000.0,18.0,42.0
Perak,Muallim,2024Q3,all,61.0,19460000.0,319016.39,340000.0,190000.0,408000.0,29.0,54.0
Perak,Muallim,2024Q3,cluster,1.0,348000.0,348000.0,348000.0,348000.0,348000.0,0.0,1.0
Perak,Muallim,2024Q3,condo,7.0,1185000.0,169285.71,175000.0,165000.0,177500.0,7.0,7.0
Perak,Muallim,2024Q3,detached,7.0,2401000.0,343000.0,380000.0,190000.0,515000.0,3.0,5.0
Perak,Muallim,2024Q3,low_cost_house,4.0,630000.0,157500.0,160000.0,135000.0,182500.0,4.0,4.0
Perak,Muallim,2024Q3,semi_detached,2.0,1193000.0,596500.0,596500.0,574750.0,618250.0,0.0,0.0
Perak,Muallim,2024Q3,terrace,40.0,13703000.0,342575.0,350000.0,252250.0,412000.0,15.0,37.0
Perak,Muallim,2024Q4,all,26.0,7967000.0,306423.08,279500.0,168750.0,408750.0,14.0,23.0
Perak,Muallim,2024Q4,condo,2.0,290000.0,145000.0,145000.0,137500.0,152500.0,2.0,2.0
Perak,Muallim,2024Q4,detached,6.0,2000000.0,333333.33,290000.0,185000.0,417500.0,3.0,5.0
Perak,Muallim,2024Q4,low_cost_house,2.0,263000.0,131500.0,131500.0,122250.0,140750.0,2.0,2.0
Perak,Muallim,2024Q4,terrace,16.0,5414000.0,338375.0,335000.0,241250.0,412750.0,7.0,14.0
Perak,Muallim,2025Q1,all,24.0,6933000.0,288875.0,265000.0,220000.0,346250.0,16.0,24.0
Perak,Muallim,2025Q1,cluster,4.0,1765000.0,441250.0,485000.0,441250.0,485000.0,0.0,4.0
Perak,Muallim,2025Q1,detached,2.0,730000.0,365000.0,365000.0,297500.0,432500.0,1.0,2.0
Perak,Muallim,2025Q1,low_cost_house,4.0,590000.0,147500.0,150000.0,131250.0,166250.0,4.0,4.0
Perak,Muallim,2025Q1,terrace,14.0,3848000.0,274857.14,265000.0,236250.0,287500.0,11.0,14.0
Perak,Muallim,2025Q2,all,19.0,7145000.0,376052.63,360000.0,269000.0,457000.0,7.0,16.0
Perak,Muallim,2025Q2,cluster,1.0,485000.0,485000.0,485000.0,485000.0,485000.0,0.0,1.0
Perak,Muallim,2025Q2,detached,1.0,670000.0,670000.0,670000.0,670000.0,670000.0,0.0,0.0
Perak,Muallim,2025Q2,low_cost_house,2.0,350000.0,175000.0,175000.0,147500.0,202500.0,2.0,2.0
Perak,Muallim,2025Q2,semi_detached,2.0,1088000.0,544000.0,544000.0,452000.0,636000.0,0.0,1.0
Perak,Muallim,2025Q2,terrace,13.0,4552000.0,350153.85,315000.0,288000.0,424000.0,5.0,12.0
Perak,Muallim,2025Q3,all,20.0,6313000.0,315650.0,320000.0,190000.0,428250.0,10.0,18.0
Perak,Muallim,2025Q3,detached,4.0,1170000.0,292500.0,285000.0,150000.0,427500.0,2.0,4.0
Perak,Muallim,2025Q3,low_cost_flat,1.0,45000.0,45000.0,45000.0,45000.0,45000.0,1.0,1.0
Perak,Muallim,2025Q3,low_cost_house,3.0,500000.0,166666.67,160000.0,150000.0,180000.0,3.0,3.0
Perak,Muallim,2025Q3,semi_detached,1.0,360000.0,360000.0,360000.0,360000.0,360000.0,0.0,1.0
Perak,Muallim,2025Q3,terrace,11.0,4238000.0,385272.73,373000.0,275000.0,444500.0,4.0,9.0
Perak,Muallim,2025Q4,all,20.0,7782000.0,389100.0,350000.0,300000.0,460000.0,7.0,16.0
Perak,Muallim,2025Q4,condo,1.0,175000.0,175000.0,175000.0,175000.0,175000.0,1.0,1.0
Perak,Muallim,2025Q4,detached,2.0,1105000.0,552500.0,552500.0,451250.0,653750.0,0.0,1.0
Perak,Muallim,2025Q4,semi_detached,4.0,2134000.0,533500.0,548000.0,508500.0,573000.0,0.0,1.0
Perak,Muallim,2025Q4,terrace,13.0,4368000.0,336000.0,330000.0,300000.0,360000.0,6.0,13.0
Perak,Muallim,2026Q1,all,15.0,6182000.0,412133.33,360000.0,262500.0,556500.0,5.0,10.0
Perak,Muallim,2026Q1,cluster,1.0,538000.0,538000.0,538000.0,538000.0,538000.0,0.0,0.0
Perak,Muallim,2026Q1,detached,1.0,450000.0,450000.0,450000.0,450000.0,450000.0,0.0,1.0
Perak,Muallim,2026Q1,low_cost_flat,1.0,85000.0,85000.0,85000.0,85000.0,85000.0,1.0,1.0
Perak,Muallim,2026Q1,low_cost_house,1.0,250000.0,250000.0,250000.0,250000.0,250000.0,1.0,1.0
Perak,Muallim,2026Q1,semi_detached,3.0,1828000.0,609333.33,700000.0,550000.0,714000.0,0.0,1.0
Perak,Muallim,2026Q1,terrace,8.0,3031000.0,378875.0,342500.0,263750.0,413750.0,3.0,6.0
Perak,Muallim,2026Q2,all,26.0,10220000.0,393076.92,352500.0,251250.0,480000.0,10.0,20.0
Perak,Muallim,2026Q2,cluster,1.0,760000.0,760000.0,760000.0,760000.0,760000.0,0.0,0.0
Perak,Muallim,2026Q2,condo,1.0,165000.0,165000.0,165000.0,165000.0,165000.0,1.0,1.0
Perak,Muallim,2026Q2,detached,2.0,1088000.0,544000.0,544000.0,416000.0,672000.0,1.0,1.0
Perak,Muallim,2026Q2,low_cost_house,3.0,390000.0,130000.0,120000.0,115000.0,140000.0,3.0,3.0
Perak,Muallim,2026Q2,semi_detached,4.0,2594000.0,648500.0,728000.0,641000.0,735500.0,0.0,1.0
Perak,Muallim,2026Q2,terrace,15.0,5223000.0,348200.0,330000.0,269000.0,400000.0,5.0,14.0
Perak,Perak Tengah,2024Q1,all,103.0,25075000.0,243446.6,238000.0,184500.0,289000.0,79.0,103.0
Perak,Perak Tengah,2024Q1,cluster,11.0,3159000.0,287181.82,317000.0,277500.0,320500.0,4.0,11.0
Perak,Perak Tengah,2024Q1,detached,8.0,1544000.0,193000.0,178000.0,150750.0,249250.0,7.0,8.0
Perak,Perak Tengah,2024Q1,low_cost_house,4.0,535000.0,133750.0,110000.0,86250.0,157500.0,4.0,4.0
Perak,Perak Tengah,2024Q1,semi_detached,13.0,4389000.0,337615.38,370000.0,340000.0,380000.0,3.0,13.0
Perak,Perak Tengah,2024Q1,terrace,67.0,15448000.0,230567.16,235000.0,204000.0,250000.0,61.0,67.0
Perak,Perak Tengah,2024Q2,all,88.0,21312000.0,242181.82,241000.0,169750.0,266500.0,68.0,87.0
Perak,Perak Tengah,2024Q2,cluster,2.0,605000.0,302500.0,302500.0,291750.0,313250.0,1.0,2.0
Perak,Perak Tengah,2024Q2,detached,5.0,1429000.0,285800.0,260000.0,150000.0,390000.0,3.0,5.0
Perak,Perak Tengah,2024Q2,flat,1.0,113000.0,113000.0,113000.0,113000.0,113000.0,1.0,1.0
Perak,Perak Tengah,2024Q2,low_cost_house,7.0,880000.0,125714.29,140000.0,87500.0,152500.0,7.0,7.0
Perak,Perak Tengah,2024Q2,semi_detached,3.0,1193000.0,397666.67,390000.0,384000.0,407500.0,0.0,3.0
Perak,Perak Tengah,2024Q2,terrace,70.0,17092000.0,244171.43,241000.0,200000.0,250000.0,56.0,69.0
Perak,Perak Tengah,2024Q3,all,70.0,16046000.0,229228.57,230500.0,169250.0,257500.0,59.0,69.0
Perak,Perak Tengah,2024Q3,cluster,2.0,606000.0,303000.0,303000.0,292500.0,313500.0,1.0,2.0
Perak,Perak Tengah,2024Q3,detached,4.0,650000.0,162500.0,132500.0,60000.0,235000.0,3.0,4.0
Perak,Perak Tengah,2024Q3,low_cost_house,5.0,755000.0,151000.0,160000.0,160000.0,175000.0,5.0,5.0
Perak,Perak Tengah,2024Q3,semi_detached,3.0,1358000.0,452666.67,450000.0,414000.0,490000.0,0.0,2.0
Perak,Perak Tengah,2024Q3,terrace,56.0,12677000.0,226375.0,231000.0,177500.0,250000.0,50.0,56.0
Perak,Perak Tengah,2024Q4,all,18.0,4308000.0,239333.33,245500.0,192500.0,291250.0,15.0,18.0
Perak,Perak Tengah,2024Q4,cluster,2.0,672000.0,336000.0,336000.0,329000.0,343000.0,0.0,2.0
Perak,Perak Tengah,2024Q4,detached,1.0,129000.0,129000.0,129000.0,129000.0,129000.0,1.0,1.0
Perak,Perak Tengah,2024Q4,low_cost_house,1.0,100000.0,100000.0,100000.0,100000.0,100000.0,1.0,1.0
Perak,Perak Tengah,2024Q4,semi_detached,5.0,1210000.0,242000.0,230000.0,180000.0,300000.0,4.0,5.0
Perak,Perak Tengah,2024Q4,terrace,9.0,2197000.0,244111.11,250000.0,235000.0,250000.0,9.0,9.0
Perak,Perak Tengah,2025Q1,all,14.0,3164000.0,226000.0,220000.0,174250.0,280000.0,13.0,14.0
Perak,Perak Tengah,2025Q1,low_cost_house,2.0,340000.0,170000.0,170000.0,155000.0,185000.0,2.0,2.0
Perak,Perak Tengah,2025Q1,semi_detached,1.0,295000.0,295000.0,295000.0,295000.0,295000.0,1.0,1.0
Perak,Perak Tengah,2025Q1,terrace,11.0,2529000.0,229909.09,225000.0,179500.0,270000.0,10.0,11.0
Perak,Perak Tengah,2025Q2,all,9.0,2386000.0,265111.11,250000.0,250000.0,280000.0,7.0,9.0
Perak,Perak Tengah,2025Q2,cluster,1.0,371000.0,371000.0,371000.0,371000.0,371000.0,0.0,1.0
Perak,Perak Tengah,2025Q2,detached,1.0,265000.0,265000.0,265000.0,265000.0,265000.0,1.0,1.0
Perak,Perak Tengah,2025Q2,terrace,7.0,1750000.0,250000.0,250000.0,250000.0,265000.0,6.0,7.0
Perak,Perak Tengah,2025Q3,all,14.0,3749000.0,267785.71,197500.0,180000.0,228750.0,13.0,13.0
Perak,Perak Tengah,2025Q3,detached,4.0,1708000.0,427000.0,115000.0,47000.0,495000.0,3.0,3.0
Perak,Perak Tengah,2025Q3,low_cost_house,1.0,50000.0,50000.0,50000.0,50000.0,50000.0,1.0,1.0
Perak,Perak Tengah,2025Q3,semi_detached,1.0,195000.0,195000.0,195000.0,195000.0,195000.0,1.0,1.0
Perak,Perak Tengah,2025Q3,terrace,8.0,1796000.0,224500.0,209000.0,196250.0,245750.0,8.0,8.0
Perak,Perak Tengah,2025Q4,all,5.0,1203000.0,240600.0,189000.0,157000.0,278000.0,4.0,5.0
Perak,Perak Tengah,2025Q4,detached,3.0,475000.0,158333.33,157000.0,143000.0,173000.0,3.0,3.0
Perak,Perak Tengah,2025Q4,terrace,2.0,728000.0,364000.0,364000.0,321000.0,407000.0,1.0,2.0
Perak,Perak Tengah,2026Q1,all,18.0,4099000.0,227722.22,242500.0,161750.0,261250.0,15.0,18.0
Perak,Perak Tengah,2026Q1,condo,1.0,167000.0,167000.0,167000.0,167000.0,167000.0,1.0,1.0
Perak,Perak Tengah,2026Q1,detached,5.0,639000.0,127800.0,129000.0,100000.0,160000.0,5.0,5.0
Perak,Perak Tengah,2026Q1,semi_detached,2.0,818000.0,409000.0,409000.0,364500.0,453500.0,0.0,2.0
Perak,Perak Tengah,2026Q1,terrace,10.0,2475000.0,247500.0,247500.0,241250.0,261250.0,9.0,10.0
Perak,Perak Tengah,2026Q2,all,11.0,3356000.0,305090.91,349000.0,198000.0,399000.0,5.0,11.0
Perak,Perak Tengah,2026Q2,cluster,3.0,1289000.0,429666.67,399000.0,399000.0,445000.0,0.0,3.0
Perak,Perak Tengah,2026Q2,condo,1.0,180000.0,180000.0,180000.0,180000.0,180000.0,1.0,1.0
Perak,Perak Tengah,2026Q2,detached,2.0,377000.0,188500.0,188500.0,172750.0,204250.0,2.0,2.0
Perak,Perak Tengah,2026Q2,terrace,5.0,1510000.0,302000.0,349000.0,198000.0,360000.0,2.0,5.0
Perak,Selama,2024Q1,all,5.0,1195000.0,239000.0,200000.0,105000.0,380000.0,3.0,5.0
Perak,Selama,2024Q1,low_cost_house,2.0,204000.0,102000.0,102000.0,100500.0,103500.0,2.0,2.0
Perak,Selama,2024Q1,semi_detached,2.0,791000.0,395500.0,395500.0,387750.0,403250.0,0.0,2.0
Perak,Selama,2024Q1,terrace,1.0,200000.0,200000.0,200000.0,200000.0,200000.0,1.0,1.0
Perak,Selama,2024Q2,all,12.0,3189000.0,265750.0,230000.0,137500.0,359500.0,7.0,10.0
Perak,Selama,2024Q2,detached,5.0,1396000.0,279200.0,150000.0,80000.0,534000.0,3.0,3.0
Perak,Selama,2024Q2,low_cost_house,1.0,100000.0,100000.0,100000.0,100000.0,100000.0,1.0,1.0
Perak,Selama,2024Q2,semi_detached,3.0,1058000.0,352666.67,345000.0,327500.0,374000.0,0.0,3.0
Perak,Selama,2024Q2,terrace,3.0,635000.0,211666.67,210000.0,192500.0,230000.0,3.0,3.0
Perak,Selama,2024Q3,all,8.0,1810000.0,226250.0,187500.0,117500.0,302500.0,6.0,7.0
Perak,Selama,2024Q3,detached,2.0,595000.0,297500.0,297500.0,181250.0,413750.0,1.0,1.0
Perak,Selama,2024Q3,low_cost_house,3.0,360000.0,120000.0,120000.0,115000.0,125000.0,3.0,3.0
Perak,Selama,2024Q3,semi_detached,1.0,310000.0,310000.0,310000.0,310000.0,310000.0,0.0,1.0
Perak,Selama,2024Q3,terrace,2.0,545000.0,272500.0,272500.0,258750.0,286250.0,2.0,2.0
Perak,Selama,2024Q4,all,4.0,1533000.0,383250.0,405000.0,345000.0,443250.0,1.0,4.0
Perak,Selama,2024Q4,detached,2.0,670000.0,335000.0,335000.0,287500.0,382500.0,1.0,2.0
Perak,Selama,2024Q4,semi_detached,2.0,863000.0,431500.0,431500.0,405750.0,457250.0,0.0,2.0
Perak,Selama,2025Q1,all,6.0,2083000.0,347166.67,317500.0,236250.0,399500.0,3.0,5.0
Perak,Selama,2025Q1,detached,1.0,612000.0,612000.0,612000.0,612000.0,612000.0,0.0,0.0
Perak,Selama,2025Q1,semi_detached,3.0,1051000.0,350333.33,350000.0,317500.0,383000.0,1.0,3.0
Perak,Selama,2025Q1,terrace,2.0,420000.0,210000.0,210000.0,205000.0,215000.0,2.0,2.0
Perak,Selama,2025Q2,all,1.0,68000.0,68000.0,68000.0,68000.0,68000.0,1.0,1.0
Perak,Selama,2025Q2,low_cost_house,1.0,68000.0,68000.0,68000.0,68000.0,68000.0,1.0,1.0
Perak,Selama,2025Q3,all,3.0,815000.0,271666.67,287000.0,193500.0,357500.0,2.0,3.0
Perak,Selama,2025Q3,detached,1.0,428000.0,428000.0,428000.0,428000.0,428000.0,0.0,1.0
Perak,Selama,2025Q3,low_cost_house,1.0,100000.0,100000.0,100000.0,100000.0,100000.0,1.0,1.0
Perak,Selama,2025Q3,terrace,1.0,287000.0,287000.0,287000.0,287000.0,287000.0,1.0,1.0
Perak,Selama,2025Q4,all,12.0,4125000.0,343750.0,405500.0,254250.0,460000.0,4.0,12.0
Perak,Selama,2025Q4,detached,1.0,147000.0,147000.0,147000.0,147000.0,147000.0,1.0,1.0
Perak,Selama,2025Q4,low_cost_house,2.0,225000.0,112500.0,112500.0,99750.0,125250.0,2.0,2.0
Perak,Selama,2025Q4,semi_detached,8.0,3463000.0,432875.0,433000.0,405750.0,460000.0,0.0,8.0
Perak,Selama,2025Q4,terrace,1.0,290000.0,290000.0,290000.0,290000.0,290000.0,1.0,1.0
Perak,Selama,2026Q1,all,9.0,2823000.0,313666.67,256000.0,254000.0,400000.0,6.0,8.0
Perak,Selama,2026Q1,detached,1.0,650000.0,650000.0,650000.0,650000.0,650000.0,0.0,0.0
Perak,Selama,2026Q1,low_cost_house,2.0,266000.0,133000.0,133000.0,126500.0,139500.0,2.0,2.0
Perak,Selama,2026Q1,semi_detached,2.0,880000.0,440000.0,440000.0,420000.0,460000.0,0.0,2.0
Perak,Selama,2026Q1,terrace,4.0,1027000.0,256750.0,255500.0,254750.0,257500.0,4.0,4.0
Perak,Selama,2026Q2,all,4.0,1250000.0,312500.0,302500.0,200000.0,415000.0,2.0,4.0
Perak,Selama,2026Q2,semi_detached,2.0,860000.0,430000.0,430000.0,415000.0,445000.0,0.0,2.0
Perak,Selama,2026Q2,terrace,2.0,390000.0,195000.0,195000.0,190000.0,200000.0,2.0,2.0
Perlis,Perlis,2024Q1,all,151.0,42485000.0,281357.62,260000.0,177500.0,390000.0,91.0,142.0
Perlis,Perlis,2024Q1,cluster,3.0,200000.0,66666.67,25000.0,25000.0,87500.0,3.0,3.0
Perlis,Perlis,2024Q1,condo,1.0,221000.0,221000.0,221000.0,221000.0,221000.0,1.0,1.0
Perlis,Perlis,2024Q1,detached,9.0,5058000.0,562000.0,538000.0,470000.0,680000.0,0.0,4.0
Perlis,Perlis,2024Q1,low_cost_house,48.0,6720000.0,140000.0,130000.0,81500.0,200000.0,48.0,48.0
Perlis,Perlis,2024Q1,semi_detached,31.0,13209000.0,426096.77,398000.0,357000.0,445000.0,1.0,29.0
Perlis,Perlis,2024Q1,terrace,59.0,17077000.0,289440.68,270000.0,204500.0,330000.0,38.0,57.0
Perlis,Perlis,2024Q2,all,151.0,35884000.0,237642.38,200000.0,117000.0,349500.0,104.0,143.0
Perlis,Perlis,2024Q2,cluster,14.0,801000.0,57214.29,36000.0,36000.0,37500.0,14.0,14.0
Perlis,Perlis,2024Q2,detached,2.0,1049000.0,524500.0,524500.0,492250.0,556750.0,0.0,1.0
Perlis,Perlis,2024Q2,low_cost_house,55.0,7128000.0,129600.0,120000.0,80000.0,170000.0,54.0,55.0
Perlis,Perlis,2024Q2,semi_detached,28.0,12179000.0,434964.29,424500.0,363750.0,492250.0,2.0,21.0
Perlis,Perlis,2024Q2,terrace,52.0,14727000.0,283211.54,265000.0,230000.0,325500.0,34.0,52.0
Perlis,Perlis,2024Q3,all,125.0,35523000.0,284184.0,280000.0,200000.0,368000.0,75.0,118.0
Perlis,Perlis,2024Q3,cluster,1.0,150000.0,150000.0,150000.0,150000.0,150000.0,1.0,1.0
Perlis,Perlis,2024Q3,condo,1.0,233000.0,233000.0,233000.0,233000.0,233000.0,1.0,1.0
Perlis,Perlis,2024Q3,detached,2.0,1479000.0,739500.0,739500.0,709750.0,769250.0,0.0,0.0
Perlis,Perlis,2024Q3,low_cost_house,26.0,3163000.0,121653.85,109500.0,80000.0,160250.0,26.0,26.0
Perlis,Perlis,2024Q3,semi_detached,29.0,12504000.0,431172.41,408000.0,370000.0,450000.0,0.0,24.0
Perlis,Perlis,2024Q3,terrace,66.0,17994000.0,272636.36,275000.0,230000.0,308000.0,47.0,66.0
Perlis,Perlis,2024Q4,all,42.0,11423000.0,271976.19,250000.0,196250.0,357500.0,28.0,42.0
Perlis,Perlis,2024Q4,detached,1.0,440000.0,440000.0,440000.0,440000.0,440000.0,0.0,1.0
Perlis,Perlis,2024Q4,low_cost_house,9.0,1315000.0,146111.11,100000.0,80000.0,185000.0,9.0,9.0
Perlis,Perlis,2024Q4,semi_detached,9.0,3828000.0,425333.33,430000.0,390000.0,450000.0,0.0,9.0
Perlis,Perlis,2024Q4,terrace,23.0,5840000.0,253913.04,250000.0,202500.0,298000.0,19.0,23.0
Perlis,Perlis,2025Q1,all,44.0,13644000.0,310090.91,298000.0,227500.0,390250.0,25.0,43.0
Perlis,Perlis,2025Q1,detached,1.0,350000.0,350000.0,350000.0,350000.0,350000.0,0.0,1.0
Perlis,Perlis,2025Q1,low_cost_house,7.0,1160000.0,165714.29,190000.0,137500.0,202500.0,7.0,7.0
Perlis,Perlis,2025Q1,semi_detached,13.0,5685000.0,437307.69,430000.0,390000.0,480000.0,0.0,12.0
Perlis,Perlis,2025Q1,terrace,23.0,6449000.0,280391.3,280000.0,235000.0,299000.0,18.0,23.0
Perlis,Perlis,2025Q2,all,37.0,12173000.0,329000.0,300000.0,200000.0,430000.0,19.0,31.0
Perlis,Perlis,2025Q2,detached,3.0,1540000.0,513333.33,580000.0,480000.0,580000.0,0.0,1.0
Perlis,Perlis,2025Q2,low_cost_house,5.0,671000.0,134200.0,160000.0,40000.0,190000.0,5.0,5.0
Perlis,Perlis,2025Q2,semi_detached,11.0,4575000.0,415909.09,425000.0,369000.0,441500.0,0.0,9.0
Perlis,Perlis,2025Q2,terrace,18.0,5387000.0,299277.78,275000.0,200000.0,299500.0,14.0,16.0
Perlis,Perlis,2025Q3,all,45.0,12776000.0,283911.11,290000.0,200000.0,368000.0,27.0,43.0
Perlis,Perlis,2025Q3,detached,2.0,1159000.0,579500.0,579500.0,499750.0,659250.0,0.0,1.0
Perlis,Perlis,2025Q3,low_cost_house,13.0,1540000.0,118461.54,90000.0,70000.0,180000.0,13.0,13.0
Perlis,Perlis,2025Q3,semi_detached,10.0,4296000.0,429600.0,441000.0,397750.0,474000.0,1.0,9.0
Perlis,Perlis,2025Q3,terrace,20.0,5781000.0,289050.0,292500.0,268750.0,312000.0,13.0,20.0
Perlis,Perlis,2025Q4,all,34.0,10203000.0,300088.24,262500.0,220000.0,381250.0,19.0,32.0
Perlis,Perlis,2025Q4,detached,1.0,440000.0,440000.0,440000.0,440000.0,440000.0,0.0,1.0
Perlis,Perlis,2025Q4,low_cost_house,10.0,1679000.0,167900.0,189000.0,150000.0,203750.0,10.0,10.0
Perlis,Perlis,2025Q4,semi_detached,9.0,4041000.0,449000.0,398000.0,370000.0,500000.0,0.0,7.0
Perlis,Perlis,2025Q4,terrace,14.0,4043000.0,288785.71,262500.0,235000.0,325500.0,9.0,14.0
Perlis,Perlis,2026Q1,all,33.0,9658000.0,292666.67,260000.0,200000.0,350000.0,20.0,31.0
Perlis,Perlis,2026Q1,detached,1.0,615000.0,615000.0,615000.0,615000.0,615000.0,0.0,0.0
Perlis,Perlis,2026Q1,low_cost_house,10.0,1594000.0,159400.0,179000.0,135000.0,206250.0,10.0,10.0
Perlis,Perlis,2026Q1,semi_detached,10.0,4372000.0,437200.0,419000.0,359750.0,450000.0,0.0,9.0
Perlis,Perlis,2026Q1,terrace,12.0,3077000.0,256416.67,254000.0,230000.0,280000.0,10.0,12.0
Perlis,Perlis,2026Q2,all,33.0,10393000.0,314939.39,315000.0,230000.0,386000.0,16.0,32.0
Perlis,Perlis,2026Q2,detached,1.0,450000.0,450000.0,450000.0,450000.0,450000.0,0.0,1.0
Perlis,Perlis,2026Q2,low_cost_house,7.0,1140000.0,162857.14,180000.0,115000.0,205000.0,7.0,7.0
Perlis,Perlis,2026Q2,semi_detached,9.0,3446000.0,382888.89,386000.0,350000.0,419000.0,0.0,9.0
Perlis,Perlis,2026Q2,terrace,16.0,5357000.0,334812.5,287500.0,249500.0,366500.0,9.0,15.0
Pulau Pinang,Barat Daya,2024Q1,all,333.0,176375000.0,529654.65,470000.0,270000.0,596000.0,100.0,195.0
Pulau Pinang,Barat Daya,2024Q1,cluster,5.0,1430000.0,286000.0,290000.0,270000.0,300000.0,4.0,5.0
Pulau Pinang,Barat Daya,2024Q1,condo,155.0,90526000.0,584038.71,530000.0,470000.0,595500.0,3.0,66.0
Pulau Pinang,Barat Daya,2024Q1,detached,4.0,5858000.0,1464500.0,1244000.0,1183500.0,1525000.0,0.0,0.0
Pulau Pinang,Barat Daya,2024Q1,flat,41.0,11215000.0,273536.59,275000.0,200000.0,340000.0,26.0,41.0
Pulau Pinang,Barat Daya,2024Q1,low_cost_flat,72.0,14625000.0,203125.0,201500.0,163000.0,250000.0,66.0,72.0
Pulau Pinang,Barat Daya,2024Q1,low_cost_house,3.0,920000.0,306666.67,350000.0,285000.0,350000.0,1.0,3.0
Pulau Pinang,Barat Daya,2024Q1,semi_detached,13.0,18081000.0,1390846.15,1500000.0,800000.0,1565000.0,0.0,1.0
Pulau Pinang,Barat Daya,2024Q1,terrace,39.0,33320000.0,854358.97,780000.0,575000.0,1027000.0,0.0,6.0
Pulau Pinang,Barat Daya,2024Q1,townhouse,1.0,400000.0,400000.0,400000.0,400000.0,400000.0,0.0,1.0
Pulau Pinang,Barat Daya,2024Q2,all,280.0,170253000.0,608046.43,492500.0,320000.0,712000.0,64.0,147.0
Pulau Pinang,Barat Daya,2024Q2,cluster,6.0,1685000.0,280833.33,290000.0,263750.0,297500.0,5.0,6.0
Pulau Pinang,Barat Daya,2024Q2,condo,120.0,69868000.0,582233.33,530500.0,410000.0,642000.0,5.0,57.0
Pulau Pinang,Barat Daya,2024Q2,detached,6.0,8547000.0,1424500.0,1308500.0,774250.0,1875000.0,1.0,1.0
Pulau Pinang,Barat Daya,2024Q2,flat,36.0,10678000.0,296611.11,307500.0,260000.0,350000.0,17.0,36.0
Pulau Pinang,Barat Daya,2024Q2,low_cost_flat,38.0,8283000.0,217973.68,220000.0,172500.0,250000.0,34.0,38.0
Pulau Pinang,Barat Daya,2024Q2,low_cost_house,1.0,310000.0,310000.0,310000.0,310000.0,310000.0,0.0,1.0
Pulau Pinang,Barat Daya,2024Q2,semi_detached,10.0,16257000.0,1625700.0,1615000.0,1230000.0,1979250.0,0.0,0.0
Pulau Pinang,Barat Daya,2024Q2,terrace,62.0,54060000.0,871935.48,817500.0,596250.0,1037500.0,2.0,8.0
Pulau Pinang,Barat Daya,2024Q2,townhouse,1.0,565000.0,565000.0,565000.0,565000.0,565000.0,0.0,0.0
Pulau Pinang,Barat Daya,2024Q3,all,287.0,151604000.0,528236.93,470000.0,290000.0,663000.0,77.0,163.0
Pulau Pinang,Barat Daya,2024Q3,cluster,7.0,3376000.0,482285.71,365000.0,335000.0,610000.0,0.0,4.0
Pulau Pinang,Barat Daya,2024Q3,condo,131.0,79165000.0,604312.98,546000.0,469000.0,685000.0,2.0,52.0
Pulau Pinang,Barat Daya,2024Q3,detached,3.0,3140000.0,1046666.67,1150000.0,970000.0,1175000.0,0.0,0.0
Pulau Pinang,Barat Daya,2024Q3,flat,42.0,13618000.0,324238.1,330000.0,271250.0,357500.0,15.0,42.0
Pulau Pinang,Barat Daya,2024Q3,low_cost_flat,61.0,12132000.0,198885.25,195000.0,160000.0,220000.0,59.0,61.0
Pulau Pinang,Barat Daya,2024Q3,low_cost_house,1.0,400000.0,400000.0,400000.0,400000.0,400000.0,0.0,1.0
Pulau Pinang,Barat Daya,2024Q3,semi_detached,9.0,10120000.0,1124444.44,1000000.0,650000.0,1470000.0,1.0,2.0
Pulau Pinang,Barat Daya,2024Q3,terrace,32.0,29113000.0,909781.25,817500.0,695000.0,1050000.0,0.0,1.0
Pulau Pinang,Barat Daya,2024Q3,townhouse,1.0,540000.0,540000.0,540000.0,540000.0,540000.0,0.0,0.0
Pulau Pinang,Barat Daya,2024Q4,all,126.0,58084000.0,460984.13,374000.0,241250.0,550000.0,46.0,81.0
Pulau Pinang,Barat Daya,2024Q4,cluster,1.0,200000.0,200000.0,200000.0,200000.0,200000.0,1.0,1.0
Pulau Pinang,Barat Daya,2024Q4,condo,50.0,27226000.0,544520.0,539500.0,470000.0,577500.0,1.0,20.0
Pulau Pinang,Barat Daya,2024Q4,detached,2.0,3500000.0,1750000.0,1750000.0,1275000.0,2225000.0,0.0,0.0
Pulau Pinang,Barat Daya,2024Q4,flat,19.0,6461000.0,340052.63,355000.0,290000.0,357500.0,6.0,19.0
Pulau Pinang,Barat Daya,2024Q4,low_cost_flat,39.0,7965000.0,204230.77,200000.0,160000.0,245000.0,37.0,39.0
Pulau Pinang,Barat Daya,2024Q4,low_cost_house,1.0,290000.0,290000.0,290000.0,290000.0,290000.0,1.0,1.0
Pulau Pinang,Barat Daya,2024Q4,semi_detached,3.0,4680000.0,1560000.0,1850000.0,1215000.0,2050000.0,0.0,0.0
Pulau Pinang,Barat Daya,2024Q4,terrace,10.0,7082000.0,708200.0,715000.0,557500.0,829250.0,0.0,1.0
Pulau Pinang,Barat Daya,2024Q4,townhouse,1.0,680000.0,680000.0,680000.0,680000.0,680000.0,0.0,0.0
Pulau Pinang,Barat Daya,2025Q1,all,107.0,58447000.0,546233.64,410000.0,244500.0,668000.0,36.0,66.0
Pulau Pinang,Barat Daya,2025Q1,cluster,1.0,1630000.0,1630000.0,1630000.0,1630000.0,1630000.0,0.0,0.0
Pulau Pinang,Barat Daya,2025Q1,condo,37.0,21495000.0,580945.95,495000.0,420000.0,618000.0,0.0,19.0
Pulau Pinang,Barat Daya,2025Q1,detached,2.0,2680000.0,1340000.0,1340000.0,1310000.0,1370000.0,0.0,0.0
Pulau Pinang,Barat Daya,2025Q1,flat,13.0,3850000.0,296153.85,300000.0,275000.0,330000.0,7.0,13.0
Pulau Pinang,Barat Daya,2025Q1,low_cost_flat,32.0,5991000.0,187218.75,175000.0,151500.0,220000.0,29.0,32.0
Pulau Pinang,Barat Daya,2025Q1,semi_detached,12.0,16055000.0,1337916.67,1096500.0,975000.0,1214250.0,0.0,0.0
Pulau Pinang,Barat Daya,2025Q1,terrace,10.0,6746000.0,674600.0,665000.0,557500.0,810000.0,0.0,2.0
Pulau Pinang,Barat Daya,2025Q2,all,111.0,65423000.0,589396.4,488000.0,275000.0,705000.0,38.0,59.0
Pulau Pinang,Barat Daya,2025Q2,cluster,1.0,300000.0,300000.0,300000.0,300000.0,300000.0,1.0,1.0
Pulau Pinang,Barat Daya,2025Q2,condo,37.0,19932000.0,538702.7,525000.0,455000.0,598000.0,2.0,16.0
Pulau Pinang,Barat Daya,2025Q2,detached,2.0,9705000.0,4852500.0,4852500.0,4838750.0,4866250.0,0.0,0.0
Pulau Pinang,Barat Daya,2025Q2,flat,14.0,3868000.0,276285.71,280000.0,209500.0,320000.0,9.0,14.0
Pulau Pinang,Barat Daya,2025Q2,low_cost_flat,27.0,5618000.0,208074.07,200000.0,177000.0,260000.0,26.0,27.0
Pulau Pinang,Barat Daya,2025Q2,semi_detached,7.0,7557000.0,1079571.43,1150000.0,845000.0,1223500.0,0.0,0.0
Pulau Pinang,Barat Daya,2025Q2,terrace,22.0,17743000.0,806500.0,772500.0,593750.0,983750.0,0.0,1.0
Pulau Pinang,Barat Daya,2025Q2,townhouse,1.0,700000.0,700000.0,700000.0,700000.0,700000.0,0.0,0.0
Pulau Pinang,Barat Daya,2025Q3,all,125.0,56766000.0,454128.0,360000.0,270000.0,510000.0,48.0,92.0
Pulau Pinang,Barat Daya,2025Q3,cluster,2.0,600000.0,300000.0,300000.0,300000.0,300000.0,2.0,2.0
Pulau Pinang,Barat Daya,2025Q3,condo,38.0,18252000.0,480315.79,466500.0,420000.0,540000.0,3.0,27.0
Pulau Pinang,Barat Daya,2025Q3,detached,3.0,3230000.0,1076666.67,930000.0,875000.0,1205000.0,0.0,0.0
Pulau Pinang,Barat Daya,2025Q3,flat,23.0,7300000.0,317391.3,320000.0,282500.0,355000.0,10.0,23.0
Pulau Pinang,Barat Daya,2025Q3,low_cost_flat,34.0,7303000.0,214794.12,217500.0,166250.0,267500.0,33.0,34.0
Pulau Pinang,Barat Daya,2025Q3,low_cost_house,1.0,350000.0,350000.0,350000.0,350000.0,350000.0,0.0,1.0
Pulau Pinang,Barat Daya,2025Q3,semi_detached,3.0,3065000.0,1021666.67,595000.0,592500.0,1237500.0,0.0,0.0
Pulau Pinang,Barat Daya,2025Q3,terrace,21.0,16666000.0,793619.05,750000.0,510000.0,940000.0,0.0,5.0
Pulau Pinang,Barat Daya,2025Q4,all,147.0,75598000.0,514272.11,393000.0,257500.0,600000.0,53.0,98.0
Pulau Pinang,Barat Daya,2025Q4,cluster,2.0,600000.0,300000.0,300000.0,285000.0,315000.0,1.0,2.0
Pulau Pinang,Barat Daya,2025Q4,condo,39.0,20926000.0,536564.1,495000.0,435000.0,620000.0,1.0,22.0
Pulau Pinang,Barat Daya,2025Q4,detached,3.0,5901000.0,1967000.0,1000000.0,506500.0,2944000.0,1.0,1.0
Pulau Pinang,Barat Daya,2025Q4,flat,32.0,9523000.0,297593.75,320000.0,253750.0,342500.0,14.0,32.0
Pulau Pinang,Barat Daya,2025Q4,low_cost_flat,35.0,7355000.0,210142.86,210000.0,177500.0,245000.0,35.0,35.0
Pulau Pinang,Barat Daya,2025Q4,low_cost_house,1.0,285000.0,285000.0,285000.0,285000.0,285000.0,1.0,1.0
Pulau Pinang,Barat Daya,2025Q4,semi_detached,11.0,11295000.0,1026818.18,1130000.0,625000.0,1300000.0,0.0,2.0
Pulau Pinang,Barat Daya,2025Q4,terrace,24.0,19713000.0,821375.0,779000.0,588750.0,1025000.0,0.0,3.0
Pulau Pinang,Barat Daya,2026Q1,all,72.0,32633000.0,453236.11,362500.0,228750.0,581250.0,28.0,48.0
Pulau Pinang,Barat Daya,2026Q1,condo,19.0,10776000.0,567157.89,557000.0,469000.0,620000.0,0.0,7.0
Pulau Pinang,Barat Daya,2026Q1,flat,10.0,3386000.0,338600.0,325000.0,301500.0,380000.0,3.0,10.0
Pulau Pinang,Barat Daya,2026Q1,low_cost_flat,29.0,6514000.0,224620.69,220000.0,170000.0,250000.0,25.0,29.0
Pulau Pinang,Barat Daya,2026Q1,semi_detached,3.0,3580000.0,1193333.33,1250000.0,950000.0,1465000.0,0.0,0.0
Pulau Pinang,Barat Daya,2026Q1,terrace,11.0,8377000.0,761545.45,670000.0,555000.0,875000.0,0.0,2.0
Pulau Pinang,Barat Daya,2026Q2,all,81.0,41514000.0,512518.52,393000.0,240000.0,595000.0,29.0,52.0
Pulau Pinang,Barat Daya,2026Q2,cluster,1.0,310000.0,310000.0,310000.0,310000.0,310000.0,0.0,1.0
Pulau Pinang,Barat Daya,2026Q2,condo,28.0,15129000.0,540321.43,500000.0,393000.0,565000.0,1.0,15.0
Pulau Pinang,Barat Daya,2026Q2,detached,2.0,1250000.0,625000.0,625000.0,337500.0,912500.0,1.0,1.0
Pulau Pinang,Barat Daya,2026Q2,flat,11.0,3207000.0,291545.45,280000.0,255000.0,342500.0,7.0,11.0
Pulau Pinang,Barat Daya,2026Q2,low_cost_flat,19.0,4020000.0,211578.95,200000.0,190000.0,240000.0,19.0,19.0
Pulau Pinang,Barat Daya,2026Q2,low_cost_house,3.0,2468000.0,822666.67,938000.0,559000.0,1144000.0,1.0,1.0
Pulau Pinang,Barat Daya,2026Q2,semi_detached,4.0,6408000.0,1602000.0,1409000.0,1097500.0,1913500.0,0.0,0.0
Pulau Pinang,Barat Daya,2026Q2,terrace,13.0,8722000.0,670923.08,620000.0,500000.0,750000.0,0.0,4.0
Pulau Pinang,Seberang Perai Selatan,2024Q1,all,312.0,141058000.0,452108.97,420000.0,287750.0,626000.0,91.0,185.0
Pulau Pinang,Seberang Perai Selatan,2024Q1,cluster,8.0,5583000.0,697875.0,922500.0,350000.0,945750.0,1.0,3.0
Pulau Pinang,Seberang Perai Selatan,2024Q1,condo,9.0,3951000.0,439000.0,450000.0,330000.0,508000.0,1.0,5.0
Pulau Pinang,Seberang Perai Selatan,2024Q1,detached,13.0,11179000.0,859923.08,950000.0,610000.0,1100000.0,0.0,1.0
Pulau Pinang,Seberang Perai Selatan,2024Q1,low_cost_flat,39.0,3013000.0,77256.41,75000.0,52500.0,90000.0,39.0,39.0
Pulau Pinang,Seberang Perai Selatan,2024Q1,low_cost_house,21.0,4793000.0,228238.1,223000.0,180000.0,260000.0,18.0,21.0
Pulau Pinang,Seberang Perai Selatan,2024Q1,semi_detached,63.0,41332000.0,656063.49,675000.0,535000.0,749500.0,2.0,11.0
Pulau Pinang,Seberang Perai Selatan,2024Q1,terrace,151.0,69407000.0,459649.01,420000.0,339500.0,580000.0,24.0,97.0
Pulau Pinang,Seberang Perai Selatan,2024Q1,townhouse,8.0,1800000.0,225000.0,177500.0,137500.0,257500.0,6.0,8.0
Pulau Pinang,Seberang Perai Selatan,2024Q2,all,313.0,152735000.0,487971.25,450000.0,300000.0,650000.0,82.0,186.0
Pulau Pinang,Seberang Perai Selatan,2024Q2,cluster,13.0,10688000.0,822153.85,925000.0,920000.0,925000.0,0.0,2.0
Pulau Pinang,Seberang Perai Selatan,2024Q2,condo,6.0,4325000.0,720833.33,480000.0,362500.0,653750.0,0.0,3.0
Pulau Pinang,Seberang Perai Selatan,2024Q2,detached,5.0,4885000.0,977000.0,490000.0,335000.0,1500000.0,1.0,3.0
Pulau Pinang,Seberang Perai Selatan,2024Q2,low_cost_flat,38.0,3111000.0,81868.42,81000.0,55000.0,109500.0,38.0,38.0
Pulau Pinang,Seberang Perai Selatan,2024Q2,low_cost_house,20.0,4955000.0,247750.0,245000.0,200000.0,285000.0,17.0,20.0
Pulau Pinang,Seberang Perai Selatan,2024Q2,semi_detached,73.0,48929000.0,670260.27,675000.0,520000.0,800000.0,1.0,17.0
Pulau Pinang,Seberang Perai Selatan,2024Q2,terrace,153.0,74259000.0,485352.94,455000.0,350000.0,575000.0,22.0,100.0
Pulau Pinang,Seberang Perai Selatan,2024Q2,townhouse,5.0,1583000.0,316600.0,170000.0,150000.0,523000.0,3.0,3.0
Pulau Pinang,Seberang Perai Selatan,2024Q3,all,266.0,126206000.0,474458.65,440000.0,290000.0,650000.0,78.0,158.0
Pulau Pinang,Seberang Perai Selatan,2024Q3,cluster,4.0,3035000.0,758750.0,760000.0,500000.0,1018750.0,1.0,1.0
Pulau Pinang,Seberang Perai Selatan,2024Q3,condo,11.0,4315000.0,392272.73,350000.0,340000.0,492500.0,2.0,8.0
Pulau Pinang,Seberang Perai Selatan,2024Q3,detached,8.0,7702000.0,962750.0,960000.0,730500.0,1309750.0,1.0,1.0
Pulau Pinang,Seberang Perai Selatan,2024Q3,low_cost_flat,33.0,2353000.0,71303.03,63000.0,45000.0,90000.0,33.0,33.0
Pulau Pinang,Seberang Perai Selatan,2024Q3,low_cost_house,14.0,3488000.0,249142.86,239000.0,202500.0,292500.0,11.0,14.0
Pulau Pinang,Seberang Perai Selatan,2024Q3,semi_detached,58.0,39970000.0,689137.93,680000.0,522500.0,806750.0,0.0,12.0
Pulau Pinang,Seberang Perai Selatan,2024Q3,terrace,130.0,62938000.0,484138.46,425000.0,330000.0,575000.0,25.0,84.0
Pulau Pinang,Seberang Perai Selatan,2024Q3,townhouse,8.0,2405000.0,300625.0,162500.0,145500.0,539000.0,5.0,5.0
Pulau Pinang,Seberang Perai Selatan,2024Q4,all,117.0,49730000.0,425042.74,350000.0,280000.0,550000.0,40.0,84.0
Pulau Pinang,Seberang Perai Selatan,2024Q4,cluster,4.0,3705000.0,926250.0,922500.0,920000.0,928750.0,0.0,0.0
Pulau Pinang,Seberang Perai Selatan,2024Q4,condo,2.0,610000.0,305000.0,305000.0,302500.0,307500.0,1.0,2.0
Pulau Pinang,Seberang Perai Selatan,2024Q4,detached,2.0,2600000.0,1300000.0,1300000.0,1200000.0,1400000.0,0.0,0.0
Pulau Pinang,Seberang Perai Selatan,2024Q4,flat,1.0,90000.0,90000.0,90000.0,90000.0,90000.0,1.0,1.0
Pulau Pinang,Seberang Perai Selatan,2024Q4,low_cost_flat,12.0,999000.0,83250.0,84500.0,60750.0,110000.0,12.0,12.0
Pulau Pinang,Seberang Perai Selatan,2024Q4,low_cost_house,13.0,3175000.0,244230.77,230000.0,200000.0,285000.0,10.0,13.0
Pulau Pinang,Seberang Perai Selatan,2024Q4,semi_detached,14.0,8218000.0,587000.0,675000.0,436000.0,743500.0,2.0,6.0
Pulau Pinang,Seberang Perai Selatan,2024Q4,terrace,66.0,29818000.0,451787.88,390000.0,330000.0,539500.0,11.0,47.0
Pulau Pinang,Seberang Perai Selatan,2024Q4,townhouse,3.0,515000.0,171666.67,175000.0,167500.0,177500.0,3.0,3.0
Pulau Pinang,Seberang Perai Selatan,2025Q1,all,114.0,50194000.0,440298.25,418500.0,270000.0,596000.0,32.0,78.0
Pulau Pinang,Seberang Perai Selatan,2025Q1,cluster,1.0,720000.0,720000.0,720000.0,720000.0,720000.0,0.0,0.0
Pulau Pinang,Seberang Perai Selatan,2025Q1,condo,1.0,495000.0,495000.0,495000.0,495000.0,495000.0,0.0,1.0
Pulau Pinang,Seberang Perai Selatan,2025Q1,detached,4.0,5090000.0,1272500.0,1250000.0,985000.0,1537500.0,0.0,0.0
Pulau Pinang,Seberang Perai Selatan,2025Q1,flat,2.0,240000.0,120000.0,120000.0,115000.0,125000.0,2.0,2.0
Pulau Pinang,Seberang Perai Selatan,2025Q1,low_cost_flat,19.0,1434000.0,75473.68,75000.0,46000.0,95000.0,19.0,19.0
Pulau Pinang,Seberang Perai Selatan,2025Q1,low_cost_house,7.0,1880000.0,268571.43,255000.0,215000.0,310000.0,5.0,7.0
Pulau Pinang,Seberang Perai Selatan,2025Q1,semi_detached,13.0,7649000.0,588384.62,530000.0,400000.0,760000.0,0.0,6.0
Pulau Pinang,Seberang Perai Selatan,2025Q1,terrace,65.0,32056000.0,493169.23,470000.0,370000.0,609000.0,5.0,41.0
Pulau Pinang,Seberang Perai Selatan,2025Q1,townhouse,2.0,630000.0,315000.0,315000.0,232500.0,397500.0,1.0,2.0
Pulau Pinang,Seberang Perai Selatan,2025Q2,all,91.0,38002000.0,417604.4,400000.0,280000.0,495000.0,30.0,72.0
Pulau Pinang,Seberang Perai Selatan,2025Q2,cluster,1.0,230000.0,230000.0,230000.0,230000.0,230000.0,1.0,1.0
Pulau Pinang,Seberang Perai Selatan,2025Q2,condo,1.0,350000.0,350000.0,350000.0,350000.0,350000.0,0.0,1.0
Pulau Pinang,Seberang Perai Selatan,2025Q2,detached,4.0,3949000.0,987250.0,724500.0,474250.0,1237500.0,0.0,2.0
Pulau Pinang,Seberang Perai Selatan,2025Q2,flat,1.0,150000.0,150000.0,150000.0,150000.0,150000.0,1.0,1.0
Pulau Pinang,Seberang Perai Selatan,2025Q2,low_cost_flat,10.0,1136000.0,113600.0,102500.0,94250.0,137500.0,10.0,10.0
Pulau Pinang,Seberang Perai Selatan,2025Q2,low_cost_house,9.0,2495000.0,277222.22,275000.0,250000.0,300000.0,7.0,9.0
Pulau Pinang,Seberang Perai Selatan,2025Q2,semi_detached,9.0,5881000.0,653444.44,695000.0,590000.0,750000.0,0.0,2.0
Pulau Pinang,Seberang Perai Selatan,2025Q2,terrace,54.0,23191000.0,429462.96,420000.0,326250.0,490000.0,10.0,44.0
Pulau Pinang,Seberang Perai Selatan,2025Q2,townhouse,2.0,620000.0,310000.0,310000.0,240000.0,380000.0,1.0,2.0
Pulau Pinang,Seberang Perai Selatan,2025Q3,all,109.0,45253000.0,415165.14,380000.0,300000.0,500000.0,32.0,83.0
Pulau Pinang,Seberang Perai Selatan,2025Q3,cluster,2.0,875000.0,437500.0,437500.0,366250.0,508750.0,1.0,1.0
Pulau Pinang,Seberang Perai Selatan,2025Q3,condo,2.0,808000.0,404000.0,404000.0,362000.0,446000.0,0.0,2.0
Pulau Pinang,Seberang Perai Selatan,2025Q3,detached,3.0,2304000.0,768000.0,1100000.0,592000.0,1110000.0,1.0,1.0
Pulau Pinang,Seberang Perai Selatan,2025Q3,low_cost_flat,13.0,1263000.0,97153.85,90000.0,70000.0,130000.0,13.0,13.0
Pulau Pinang,Seberang Perai Selatan,2025Q3,low_cost_house,8.0,2420000.0,302500.0,310000.0,276250.0,322500.0,4.0,8.0
Pulau Pinang,Seberang Perai Selatan,2025Q3,semi_detached,14.0,8064000.0,576000.0,515000.0,425000.0,740000.0,1.0,7.0
Pulau Pinang,Seberang Perai Selatan,2025Q3,terrace,66.0,29329000.0,444378.79,400000.0,330000.0,500000.0,11.0,50.0
Pulau Pinang,Seberang Perai Selatan,2025Q3,townhouse,1.0,190000.0,190000.0,190000.0,190000.0,190000.0,1.0,1.0
Pulau Pinang,Seberang Perai Selatan,2025Q4,all,112.0,44674000.0,398875.0,366500.0,274250.0,500000.0,36.0,85.0
Pulau Pinang,Seberang Perai Selatan,2025Q4,cluster,1.0,300000.0,300000.0,300000.0,300000.0,300000.0,1.0,1.0
Pulau Pinang,Seberang Perai Selatan,2025Q4,condo,1.0,430000.0,430000.0,430000.0,430000.0,430000.0,0.0,1.0
Pulau Pinang,Seberang Perai Selatan,2025Q4,detached,1.0,840000.0,840000.0,840000.0,840000.0,840000.0,0.0,0.0
Pulau Pinang,Seberang Perai Selatan,2025Q4,flat,1.0,100000.0,100000.0,100000.0,100000.0,100000.0,1.0,1.0
Pulau Pinang,Seberang Perai Selatan,2025Q4,low_cost_flat,19.0,2076000.0,109263.16,105000.0,85000.0,135000.0,19.0,19.0
Pulau Pinang,Seberang Perai Selatan,2025Q4,low_cost_house,13.0,3900000.0,300000.0,280000.0,250000.0,330000.0,8.0,13.0
Pulau Pinang,Seberang Perai Selatan,2025Q4,semi_detached,11.0,7288000.0,662545.45,700000.0,520000.0,799000.0,0.0,3.0
Pulau Pinang,Seberang Perai Selatan,2025Q4,terrace,64.0,29520000.0,461250.0,420000.0,350000.0,550000.0,6.0,46.0
Pulau Pinang,Seberang Perai Selatan,2025Q4,townhouse,1.0,220000.0,220000.0,220000.0,220000.0,220000.0,1.0,1.0
Pulau Pinang,Seberang Perai Selatan,2026Q1,all,69.0,26911000.0,390014.49,368000.0,275000.0,498000.0,23.0,54.0
Pulau Pinang,Seberang Perai Selatan,2026Q1,cluster,1.0,400000.0,400000.0,400000.0,400000.0,400000.0,0.0,1.0
Pulau Pinang,Seberang Perai Selatan,2026Q1,condo,1.0,681000.0,681000.0,681000.0,681000.0,681000.0,0.0,0.0
Pulau Pinang,Seberang Perai Selatan,2026Q1,detached,4.0,3595000.0,898750.0,947500.0,621250.0,1225000.0,0.0,1.0
Pulau Pinang,Seberang Perai Selatan,2026Q1,low_cost_flat,15.0,1250000.0,83333.33,70000.0,64500.0,92500.0,15.0,15.0
Pulau Pinang,Seberang Perai Selatan,2026Q1,low_cost_house,5.0,1420000.0,284000.0,275000.0,270000.0,285000.0,4.0,5.0
Pulau Pinang,Seberang Perai Selatan,2026Q1,semi_detached,6.0,3170000.0,528333.33,460000.0,382500.0,492500.0,0.0,5.0
Pulau Pinang,Seberang Perai Selatan,2026Q1,terrace,36.0,16025000.0,445138.89,423500.0,343500.0,550000.0,4.0,26.0
Pulau Pinang,Seberang Perai Selatan,2026Q1,townhouse,1.0,370000.0,370000.0,370000.0,370000.0,370000.0,0.0,1.0
Pulau Pinang,Seberang Perai Selatan,2026Q2,all,97.0,40426000.0,416762.89,400000.0,314000.0,493000.0,24.0,79.0
Pulau Pinang,Seberang Perai Selatan,2026Q2,condo,1.0,580000.0,580000.0,580000.0,580000.0,580000.0,0.0,0.0
Pulau Pinang,Seberang Perai Selatan,2026Q2,detached,4.0,4247000.0,1061750.0,720000.0,648000.0,1133750.0,0.0,0.0
Pulau Pinang,Seberang Perai Selatan,2026Q2,low_cost_flat,14.0,1603000.0,114500.0,130000.0,90250.0,133750.0,14.0,14.0
Pulau Pinang,Seberang Perai Selatan,2026Q2,low_cost_house,7.0,1965000.0,280714.29,300000.0,250000.0,310000.0,5.0,7.0
Pulau Pinang,Seberang Perai Selatan,2026Q2,semi_detached,8.0,4450000.0,556250.0,505000.0,365000.0,690000.0,0.0,4.0
Pulau Pinang,Seberang Perai Selatan,2026Q2,terrace,62.0,27141000.0,437758.06,427500.0,360000.0,491000.0,5.0,53.0
Pulau Pinang,Seberang Perai Selatan,2026Q2,townhouse,1.0,440000.0,440000.0,440000.0,440000.0,440000.0,0.0,1.0
Pulau Pinang,Seberang Perai Tengah,2024Q1,all,457.0,192869000.0,422032.82,330000.0,170000.0,560000.0,215.0,330.0
Pulau Pinang,Seberang Perai Tengah,2024Q1,cluster,23.0,15126000.0,657652.17,855000.0,280000.0,892500.0,9.0,9.0
Pulau Pinang,Seberang Perai Tengah,2024Q1,condo,70.0,23652000.0,337885.71,300000.0,250000.0,434750.0,36.0,65.0
Pulau Pinang,Seberang Perai Tengah,2024Q1,detached,16.0,20340000.0,1271250.0,985000.0,866500.0,1668500.0,1.0,2.0
Pulau Pinang,Seberang Perai Tengah,2024Q1,flat,18.0,2957000.0,164277.78,167500.0,133250.0,197500.0,18.0,18.0
Pulau Pinang,Seberang Perai Tengah,2024Q1,low_cost_flat,122.0,14571000.0,119434.43,120000.0,80250.0,153750.0,122.0,122.0
Pulau Pinang,Seberang Perai Tengah,2024Q1,low_cost_house,17.0,5147000.0,302764.71,300000.0,275000.0,330000.0,9.0,17.0
Pulau Pinang,Seberang Perai Tengah,2024Q1,semi_detached,54.0,43394000.0,803592.59,821500.0,525000.0,923750.0,1.0,13.0
Pulau Pinang,Seberang Perai Tengah,2024Q1,terrace,135.0,66832000.0,495051.85,470000.0,354500.0,616500.0,18.0,83.0
Pulau Pinang,Seberang Perai Tengah,2024Q1,townhouse,2.0,850000.0,425000.0,425000.0,352500.0,497500.0,1.0,1.0
Pulau Pinang,Seberang Perai Tengah,2024Q2,all,423.0,184211000.0,435487.0,370000.0,182500.0,595000.0,171.0,289.0
Pulau Pinang,Seberang Perai Tengah,2024Q2,cluster,15.0,10086000.0,672400.0,880000.0,272000.0,907500.0,5.0,6.0
Pulau Pinang,Seberang Perai Tengah,2024Q2,condo,69.0,24164000.0,350202.9,300000.0,260000.0,450000.0,35.0,58.0
Pulau Pinang,Seberang Perai Tengah,2024Q2,detached,16.0,17237000.0,1077312.5,1012500.0,551250.0,1468250.0,3.0,4.0
Pulau Pinang,Seberang Perai Tengah,2024Q2,flat,14.0,2041000.0,145785.71,120000.0,94750.0,196250.0,14.0,14.0
Pulau Pinang,Seberang Perai Tengah,2024Q2,low_cost_flat,93.0,10747000.0,115559.14,118000.0,80000.0,150000.0,93.0,93.0
Pulau Pinang,Seberang Perai Tengah,2024Q2,low_cost_house,18.0,5999000.0,333277.78,339000.0,281250.0,368750.0,6.0,18.0
Pulau Pinang,Seberang Perai Tengah,2024Q2,semi_detached,47.0,37947000.0,807382.98,810000.0,597500.0,998000.0,0.0,9.0
Pulau Pinang,Seberang Perai Tengah,2024Q2,terrace,148.0,74695000.0,504695.95,495000.0,377500.0,621250.0,14.0,85.0
Pulau Pinang,Seberang Perai Tengah,2024Q2,townhouse,3.0,1295000.0,431666.67,370000.0,332500.0,500000.0,1.0,2.0
Pulau Pinang,Seberang Perai Tengah,2024Q3,all,509.0,219685000.0,431601.18,360000.0,185000.0,585000.0,212.0,348.0
Pulau Pinang,Seberang Perai Tengah,2024Q3,cluster,18.0,11355000.0,630833.33,432500.0,232500.0,915000.0,8.0,10.0
Pulau Pinang,Seberang Perai Tengah,2024Q3,condo,63.0,23089000.0,366492.06,350000.0,277500.0,458500.0,26.0,55.0
Pulau Pinang,Seberang Perai Tengah,2024Q3,detached,19.0,19521000.0,1027421.05,938000.0,810000.0,1315000.0,0.0,1.0
Pulau Pinang,Seberang Perai Tengah,2024Q3,flat,18.0,3046000.0,169222.22,182500.0,126250.0,217250.0,18.0,18.0
Pulau Pinang,Seberang Perai Tengah,2024Q3,low_cost_flat,127.0,15433000.0,121519.69,120000.0,88000.0,156000.0,127.0,127.0
Pulau Pinang,Seberang Perai Tengah,2024Q3,low_cost_house,11.0,3403000.0,309363.64,300000.0,276000.0,355000.0,6.0,11.0
Pulau Pinang,Seberang Perai Tengah,2024Q3,semi_detached,58.0,45098000.0,777551.72,797500.0,500000.0,968750.0,0.0,16.0
Pulau Pinang,Seberang Perai Tengah,2024Q3,terrace,187.0,95080000.0,508449.2,480000.0,360000.0,623000.0,25.0,106.0
Pulau Pinang,Seberang Perai Tengah,2024Q3,townhouse,8.0,3660000.0,457500.0,518500.0,318750.0,565000.0,2.0,4.0
Pulau Pinang,Seberang Perai Tengah,2024Q4,all,189.0,72312000.0,382603.17,300000.0,150000.0,499000.0,97.0,145.0
Pulau Pinang,Seberang Perai Tengah,2024Q4,cluster,6.0,1585000.0,264166.67,267500.0,246250.0,277500.0,6.0,6.0
Pulau Pinang,Seberang Perai Tengah,2024Q4,condo,26.0,9848000.0,378769.23,355000.0,292500.0,476750.0,9.0,24.0
Pulau Pinang,Seberang Perai Tengah,2024Q4,detached,9.0,10135000.0,1126111.11,1075000.0,850000.0,1200000.0,0.0,0.0
Pulau Pinang,Seberang Perai Tengah,2024Q4,flat,13.0,2020000.0,155384.62,150000.0,140000.0,165000.0,13.0,13.0
Pulau Pinang,Seberang Perai Tengah,2024Q4,low_cost_flat,55.0,7082000.0,128763.64,130000.0,100000.0,150000.0,55.0,55.0
Pulau Pinang,Seberang Perai Tengah,2024Q4,low_cost_house,10.0,3080000.0,308000.0,315000.0,227500.0,350000.0,4.0,10.0
Pulau Pinang,Seberang Perai Tengah,2024Q4,semi_detached,10.0,8604000.0,860400.0,875000.0,544250.0,1045000.0,0.0,3.0
Pulau Pinang,Seberang Perai Tengah,2024Q4,terrace,59.0,29373000.0,497847.46,480000.0,365000.0,580000.0,10.0,34.0
Pulau Pinang,Seberang Perai Tengah,2024Q4,townhouse,1.0,585000.0,585000.0,585000.0,585000.0,585000.0,0.0,0.0
Pulau Pinang,Seberang Perai Tengah,2025Q1,all,146.0,67173000.0,460089.04,415000.0,221250.0,609000.0,51.0,96.0
Pulau Pinang,Seberang Perai Tengah,2025Q1,cluster,7.0,4206000.0,600857.14,785000.0,285500.0,850000.0,2.0,3.0
Pulau Pinang,Seberang Perai Tengah,2025Q1,condo,25.0,10197000.0,407880.0,438000.0,300000.0,500000.0,9.0,19.0
Pulau Pinang,Seberang Perai Tengah,2025Q1,detached,5.0,4600000.0,920000.0,930000.0,400000.0,1400000.0,1.0,2.0
Pulau Pinang,Seberang Perai Tengah,2025Q1,flat,4.0,640000.0,160000.0,170000.0,137500.0,192500.0,4.0,4.0
Pulau Pinang,Seberang Perai Tengah,2025Q1,low_cost_flat,29.0,3823000.0,131827.59,130000.0,100000.0,160000.0,29.0,29.0
Pulau Pinang,Seberang Perai Tengah,2025Q1,low_cost_house,5.0,1460000.0,292000.0,292000.0,240000.0,330000.0,3.0,5.0
Pulau Pinang,Seberang Perai Tengah,2025Q1,semi_detached,19.0,13817000.0,727210.53,700000.0,513500.0,887000.0,0.0,5.0
Pulau Pinang,Seberang Perai Tengah,2025Q1,terrace,52.0,28430000.0,546730.77,487500.0,385500.0,665250.0,3.0,29.0
Pulau Pinang,Seberang Perai Tengah,2025Q2,all,159.0,63321000.0,398245.28,350000.0,215000.0,516500.0,62.0,118.0
Pulau Pinang,Seberang Perai Tengah,2025Q2,cluster,4.0,1519000.0,379750.0,265000.0,229750.0,415000.0,3.0,3.0
Pulau Pinang,Seberang Perai Tengah,2025Q2,condo,21.0,7092000.0,337714.29,350000.0,270000.0,420000.0,8.0,19.0
Pulau Pinang,Seberang Perai Tengah,2025Q2,detached,3.0,2390000.0,796666.67,660000.0,645000.0,880000.0,0.0,0.0
Pulau Pinang,Seberang Perai Tengah,2025Q2,flat,9.0,1338000.0,148666.67,150000.0,80000.0,184000.0,9.0,9.0
Pulau Pinang,Seberang Perai Tengah,2025Q2,low_cost_flat,26.0,3138000.0,120692.31,122500.0,100000.0,140000.0,26.0,26.0
Pulau Pinang,Seberang Perai Tengah,2025Q2,low_cost_house,12.0,3803000.0,316916.67,325000.0,275000.0,370000.0,6.0,12.0
Pulau Pinang,Seberang Perai Tengah,2025Q2,semi_detached,21.0,14858000.0,707523.81,655000.0,500000.0,875000.0,1.0,6.0
Pulau Pinang,Seberang Perai Tengah,2025Q2,terrace,62.0,28863000.0,465532.26,425000.0,350000.0,573000.0,9.0,42.0
Pulau Pinang,Seberang Perai Tengah,2025Q2,townhouse,1.0,320000.0,320000.0,320000.0,320000.0,320000.0,0.0,1.0
Pulau Pinang,Seberang Perai Tengah,2025Q3,all,180.0,68012000.0,377844.44,347500.0,180000.0,500000.0,79.0,136.0
Pulau Pinang,Seberang Perai Tengah,2025Q3,cluster,3.0,1375000.0,458333.33,265000.0,257500.0,562500.0,2.0,2.0
Pulau Pinang,Seberang Perai Tengah,2025Q3,condo,25.0,8676000.0,347040.0,320000.0,275000.0,394000.0,11.0,22.0
Pulau Pinang,Seberang Perai Tengah,2025Q3,detached,3.0,3888000.0,1296000.0,1300000.0,1044000.0,1550000.0,0.0,0.0
Pulau Pinang,Seberang Perai Tengah,2025Q3,flat,6.0,748000.0,124666.67,125000.0,92250.0,137500.0,6.0,6.0
Pulau Pinang,Seberang Perai Tengah,2025Q3,low_cost_flat,51.0,7110000.0,139411.76,140000.0,112500.0,180000.0,51.0,51.0
Pulau Pinang,Seberang Perai Tengah,2025Q3,low_cost_house,12.0,3896000.0,324666.67,337500.0,288750.0,350000.0,4.0,12.0
Pulau Pinang,Seberang Perai Tengah,2025Q3,semi_detached,19.0,12218000.0,643052.63,630000.0,471000.0,770000.0,1.0,6.0
Pulau Pinang,Seberang Perai Tengah,2025Q3,terrace,60.0,29561000.0,492683.33,485000.0,380000.0,580000.0,4.0,37.0
Pulau Pinang,Seberang Perai Tengah,2025Q3,townhouse,1.0,540000.0,540000.0,540000.0,540000.0,540000.0,0.0,0.0
Pulau Pinang,Seberang Perai Tengah,2025Q4,all,169.0,66297000.0,392289.94,340000.0,180000.0,488000.0,76.0,134.0
Pulau Pinang,Seberang Perai Tengah,2025Q4,cluster,4.0,1705000.0,426250.0,295000.0,245000.0,476250.0,2.0,3.0
Pulau Pinang,Seberang Perai Tengah,2025Q4,condo,22.0,8113000.0,368772.73,313000.0,276250.0,422500.0,11.0,19.0
Pulau Pinang,Seberang Perai Tengah,2025Q4,detached,6.0,6400000.0,1066666.67,1150000.0,812500.0,1450000.0,1.0,1.0
Pulau Pinang,Seberang Perai Tengah,2025Q4,flat,6.0,1111000.0,185166.67,195000.0,171250.0,215000.0,6.0,6.0
Pulau Pinang,Seberang Perai Tengah,2025Q4,low_cost_flat,49.0,6651000.0,135734.69,129000.0,90000.0,170000.0,49.0,49.0
Pulau Pinang,Seberang Perai Tengah,2025Q4,low_cost_house,10.0,3333000.0,333300.0,337500.0,290000.0,372500.0,3.0,10.0
Pulau Pinang,Seberang Perai Tengah,2025Q4,semi_detached,19.0,13800000.0,726315.79,668000.0,460000.0,1016000.0,0.0,7.0
Pulau Pinang,Seberang Perai Tengah,2025Q4,terrace,52.0,24584000.0,472769.23,455000.0,377500.0,505000.0,4.0,39.0
Pulau Pinang,Seberang Perai Tengah,2025Q4,townhouse,1.0,600000.0,600000.0,600000.0,600000.0,600000.0,0.0,0.0
Pulau Pinang,Seberang Perai Tengah,2026Q1,all,94.0,41180000.0,438085.11,400000.0,228750.0,599500.0,38.0,63.0
Pulau Pinang,Seberang Perai Tengah,2026Q1,cluster,3.0,1880000.0,626666.67,690000.0,490000.0,795000.0,1.0,1.0
Pulau Pinang,Seberang Perai Tengah,2026Q1,condo,13.0,3938000.0,302923.08,251000.0,225000.0,395000.0,9.0,12.0
Pulau Pinang,Seberang Perai Tengah,2026Q1,detached,2.0,2120000.0,1060000.0,1060000.0,790000.0,1330000.0,0.0,0.0
Pulau Pinang,Seberang Perai Tengah,2026Q1,flat,4.0,566000.0,141500.0,160000.0,140000.0,161500.0,4.0,4.0
Pulau Pinang,Seberang Perai Tengah,2026Q1,low_cost_flat,17.0,2619000.0,154058.82,160000.0,118000.0,180000.0,17.0,17.0
Pulau Pinang,Seberang Perai Tengah,2026Q1,low_cost_house,3.0,1050000.0,350000.0,350000.0,325000.0,375000.0,1.0,3.0
Pulau Pinang,Seberang Perai Tengah,2026Q1,semi_detached,10.0,7178000.0,717800.0,715000.0,562000.0,872500.0,1.0,2.0
Pulau Pinang,Seberang Perai Tengah,2026Q1,terrace,41.0,21489000.0,524121.95,500000.0,420000.0,650000.0,5.0,23.0
Pulau Pinang,Seberang Perai Tengah,2026Q1,townhouse,1.0,340000.0,340000.0,340000.0,340000.0,340000.0,0.0,1.0
Pulau Pinang,Seberang Perai Tengah,2026Q2,all,124.0,50092000.0,403967.74,342500.0,178750.0,500000.0,54.0,94.0
Pulau Pinang,Seberang Perai Tengah,2026Q2,cluster,1.0,915000.0,915000.0,915000.0,915000.0,915000.0,0.0,0.0
Pulau Pinang,Seberang Perai Tengah,2026Q2,condo,16.0,6281000.0,392562.5,335000.0,295000.0,427500.0,6.0,13.0
Pulau Pinang,Seberang Perai Tengah,2026Q2,detached,5.0,4836000.0,967200.0,1000000.0,955000.0,1181000.0,1.0,1.0
Pulau Pinang,Seberang Perai Tengah,2026Q2,flat,6.0,1055000.0,175833.33,195000.0,167500.0,215000.0,6.0,6.0
Pulau Pinang,Seberang Perai Tengah,2026Q2,low_cost_flat,34.0,4575000.0,134558.82,142500.0,100750.0,163750.0,34.0,34.0
Pulau Pinang,Seberang Perai Tengah,2026Q2,low_cost_house,5.0,1594000.0,318800.0,320000.0,300000.0,335000.0,2.0,5.0
Pulau Pinang,Seberang Perai Tengah,2026Q2,semi_detached,14.0,11150000.0,796428.57,865000.0,496250.0,1065000.0,1.0,4.0
Pulau Pinang,Seberang Perai Tengah,2026Q2,terrace,41.0,18461000.0,450268.29,450000.0,360000.0,500000.0,4.0,31.0
Pulau Pinang,Seberang Perai Tengah,2026Q2,townhouse,2.0,1225000.0,612500.0,612500.0,581250.0,643750.0,0.0,0.0
Pulau Pinang,Seberang Perai Utara,2024Q1,all,327.0,139366000.0,426195.72,364000.0,282000.0,490000.0,96.0,256.0
Pulau Pinang,Seberang Perai Utara,2024Q1,cluster,8.0,1919000.0,239875.0,260000.0,243000.0,286250.0,8.0,8.0
Pulau Pinang,Seberang Perai Utara,2024Q1,condo,38.0,12085000.0,318026.32,285000.0,226250.0,393750.0,22.0,36.0
Pulau Pinang,Seberang Perai Utara,2024Q1,detached,7.0,13110000.0,1872857.14,1600000.0,1102500.0,2590000.0,0.0,1.0
Pulau Pinang,Seberang Perai Utara,2024Q1,flat,12.0,2362000.0,196833.33,185000.0,100000.0,241250.0,10.0,12.0
Pulau Pinang,Seberang Perai Utara,2024Q1,low_cost_flat,25.0,2937000.0,117480.0,115000.0,95000.0,120000.0,25.0,25.0
Pulau Pinang,Seberang Perai Utara,2024Q1,low_cost_house,17.0,3699000.0,217588.24,250000.0,150000.0,280000.0,15.0,17.0
Pulau Pinang,Seberang Perai Utara,2024Q1,semi_detached,15.0,8966000.0,597733.33,560000.0,472500.0,699000.0,1.0,5.0
Pulau Pinang,Seberang Perai Utara,2024Q1,terrace,202.0,93358000.0,462168.32,398500.0,338250.0,535000.0,13.0,150.0
Pulau Pinang,Seberang Perai Utara,2024Q1,townhouse,3.0,930000.0,310000.0,200000.0,185000.0,380000.0,2.0,2.0
Pulau Pinang,Seberang Perai Utara,2024Q2,all,396.0,165010000.0,416691.92,353000.0,284750.0,500000.0,131.0,305.0
Pulau Pinang,Seberang Perai Utara,2024Q2,cluster,6.0,1525000.0,254166.67,250000.0,246250.0,250000.0,6.0,6.0
Pulau Pinang,Seberang Perai Utara,2024Q2,condo,69.0,23310000.0,337826.09,320000.0,237000.0,428000.0,31.0,63.0
Pulau Pinang,Seberang Perai Utara,2024Q2,detached,13.0,11980000.0,921538.46,859000.0,595000.0,1340000.0,2.0,2.0
Pulau Pinang,Seberang Perai Utara,2024Q2,flat,13.0,2752000.0,211692.31,200000.0,178000.0,250000.0,11.0,13.0
Pulau Pinang,Seberang Perai Utara,2024Q2,low_cost_flat,32.0,3542000.0,110687.5,111000.0,91500.0,130750.0,32.0,32.0
Pulau Pinang,Seberang Perai Utara,2024Q2,low_cost_house,13.0,3127000.0,240538.46,245000.0,220000.0,270000.0,12.0,13.0
Pulau Pinang,Seberang Perai Utara,2024Q2,semi_detached,11.0,7324000.0,665818.18,680000.0,475000.0,850000.0,0.0,4.0
Pulau Pinang,Seberang Perai Utara,2024Q2,terrace,230.0,108540000.0,471913.04,400000.0,332750.0,568750.0,34.0,163.0
Pulau Pinang,Seberang Perai Utara,2024Q2,townhouse,9.0,2910000.0,323333.33,331000.0,300000.0,400000.0,3.0,9.0
Pulau Pinang,Seberang Perai Utara,2024Q3,all,405.0,177696000.0,438755.56,362000.0,295000.0,495000.0,119.0,310.0
Pulau Pinang,Seberang Perai Utara,2024Q3,cluster,9.0,2730000.0,303333.33,270000.0,260000.0,330000.0,6.0,8.0
Pulau Pinang,Seberang Perai Utara,2024Q3,condo,56.0,18883000.0,337196.43,315000.0,243750.0,422500.0,23.0,51.0
Pulau Pinang,Seberang Perai Utara,2024Q3,detached,16.0,14273000.0,892062.5,930000.0,527500.0,1283250.0,2.0,4.0
Pulau Pinang,Seberang Perai Utara,2024Q3,flat,10.0,2093000.0,209300.0,211500.0,113750.0,277500.0,8.0,10.0
Pulau Pinang,Seberang Perai Utara,2024Q3,low_cost_flat,25.0,3127000.0,125080.0,125000.0,103000.0,150000.0,25.0,25.0
Pulau Pinang,Seberang Perai Utara,2024Q3,low_cost_house,21.0,5135000.0,244523.81,260000.0,230000.0,300000.0,18.0,21.0
Pulau Pinang,Seberang Perai Utara,2024Q3,semi_detached,22.0,15173000.0,689681.82,509500.0,490750.0,872500.0,0.0,10.0
Pulau Pinang,Seberang Perai Utara,2024Q3,terrace,239.0,113992000.0,476953.97,380000.0,349500.0,539000.0,33.0,176.0
Pulau Pinang,Seberang Perai Utara,2024Q3,townhouse,7.0,2290000.0,327142.86,290000.0,165000.0,455000.0,4.0,5.0
Pulau Pinang,Seberang Perai Utara,2024Q4,all,140.0,54679000.0,390564.29,367500.0,260000.0,463000.0,53.0,110.0
Pulau Pinang,Seberang Perai Utara,2024Q4,cluster,6.0,1574000.0,262333.33,275000.0,260000.0,297500.0,5.0,6.0
Pulau Pinang,Seberang Perai Utara,2024Q4,condo,23.0,9159000.0,398217.39,415000.0,300000.0,479000.0,7.0,19.0
Pulau Pinang,Seberang Perai Utara,2024Q4,detached,1.0,605000.0,605000.0,605000.0,605000.0,605000.0,0.0,0.0
Pulau Pinang,Seberang Perai Utara,2024Q4,flat,6.0,1192000.0,198666.67,176500.0,159250.0,250750.0,6.0,6.0
Pulau Pinang,Seberang Perai Utara,2024Q4,low_cost_flat,17.0,1880000.0,110588.24,130000.0,85000.0,130000.0,17.0,17.0
Pulau Pinang,Seberang Perai Utara,2024Q4,low_cost_house,8.0,1970000.0,246250.0,235000.0,215000.0,260000.0,7.0,8.0
Pulau Pinang,Seberang Perai Utara,2024Q4,semi_detached,9.0,6633000.0,737000.0,668000.0,400000.0,865000.0,1.0,3.0
Pulau Pinang,Seberang Perai Utara,2024Q4,terrace,68.0,30955000.0,455220.59,390000.0,356000.0,560500.0,10.0,49.0
Pulau Pinang,Seberang Perai Utara,2024Q4,townhouse,2.0,711000.0,355500.0,355500.0,343250.0,367750.0,0.0,2.0
Pulau Pinang,Seberang Perai Utara,2025Q1,all,113.0,55379000.0,490079.65,390000.0,296000.0,595000.0,34.0,78.0
Pulau Pinang,Seberang Perai Utara,2025Q1,cluster,2.0,600000.0,300000.0,300000.0,275000.0,325000.0,1.0,2.0
Pulau Pinang,Seberang Perai Utara,2025Q1,condo,25.0,10222000.0,408880.0,330000.0,300000.0,490000.0,8.0,20.0
Pulau Pinang,Seberang Perai Utara,2025Q1,detached,3.0,4310000.0,1436666.67,1970000.0,1155000.0,1985000.0,0.0,1.0
Pulau Pinang,Seberang Perai Utara,2025Q1,flat,4.0,660000.0,165000.0,157500.0,125000.0,197500.0,4.0,4.0
Pulau Pinang,Seberang Perai Utara,2025Q1,low_cost_flat,12.0,1254000.0,104500.0,94500.0,84750.0,132500.0,12.0,12.0
Pulau Pinang,Seberang Perai Utara,2025Q1,low_cost_house,3.0,850000.0,283333.33,280000.0,240000.0,325000.0,2.0,3.0
Pulau Pinang,Seberang Perai Utara,2025Q1,semi_detached,11.0,9378000.0,852545.45,750000.0,571500.0,1150000.0,1.0,2.0
Pulau Pinang,Seberang Perai Utara,2025Q1,terrace,51.0,27285000.0,535000.0,450000.0,350000.0,617500.0,6.0,32.0
Pulau Pinang,Seberang Perai Utara,2025Q1,townhouse,2.0,820000.0,410000.0,410000.0,380000.0,440000.0,0.0,2.0
Pulau Pinang,Seberang Perai Utara,2025Q2,all,102.0,39107000.0,383401.96,347500.0,220000.0,460000.0,40.0,85.0
Pulau Pinang,Seberang Perai Utara,2025Q2,cluster,1.0,270000.0,270000.0,270000.0,270000.0,270000.0,1.0,1.0
Pulau Pinang,Seberang Perai Utara,2025Q2,condo,26.0,9262000.0,356230.77,353000.0,261500.0,415000.0,11.0,24.0
Pulau Pinang,Seberang Perai Utara,2025Q2,detached,6.0,4475000.0,745833.33,642500.0,83750.0,1396250.0,3.0,3.0
Pulau Pinang,Seberang Perai Utara,2025Q2,flat,8.0,1834000.0,229250.0,220000.0,210500.0,227500.0,7.0,8.0
Pulau Pinang,Seberang Perai Utara,2025Q2,low_cost_flat,10.0,1060000.0,106000.0,99000.0,93500.0,126000.0,10.0,10.0
Pulau Pinang,Seberang Perai Utara,2025Q2,low_cost_house,9.0,2602000.0,289111.11,300000.0,260000.0,310000.0,5.0,9.0
Pulau Pinang,Seberang Perai Utara,2025Q2,semi_detached,7.0,4177000.0,596714.29,650000.0,489500.0,660000.0,1.0,2.0
Pulau Pinang,Seberang Perai Utara,2025Q2,terrace,34.0,15237000.0,448147.06,425500.0,362500.0,492250.0,1.0,27.0
Pulau Pinang,Seberang Perai Utara,2025Q2,townhouse,1.0,190000.0,190000.0,190000.0,190000.0,190000.0,1.0,1.0
Pulau Pinang,Seberang Perai Utara,2025Q3,all,118.0,45190000.0,382966.1,327000.0,247000.0,463750.0,47.0,94.0
Pulau Pinang,Seberang Perai Utara,2025Q3,cluster,3.0,788000.0,262666.67,260000.0,250000.0,274000.0,3.0,3.0
Pulau Pinang,Seberang Perai Utara,2025Q3,condo,30.0,9473000.0,315766.67,306000.0,226500.0,383750.0,15.0,29.0
Pulau Pinang,Seberang Perai Utara,2025Q3,detached,3.0,2404000.0,801333.33,786000.0,543000.0,1052000.0,1.0,1.0
Pulau Pinang,Seberang Perai Utara,2025Q3,flat,4.0,870000.0,217500.0,225000.0,177500.0,265000.0,3.0,4.0
Pulau Pinang,Seberang Perai Utara,2025Q3,low_cost_flat,14.0,2005000.0,143214.29,145000.0,109750.0,175750.0,14.0,14.0
Pulau Pinang,Seberang Perai Utara,2025Q3,low_cost_house,10.0,2591000.0,259100.0,297500.0,242000.0,307500.0,7.0,10.0
Pulau Pinang,Seberang Perai Utara,2025Q3,semi_detached,6.0,3619000.0,603166.67,584500.0,437750.0,642000.0,1.0,2.0
Pulau Pinang,Seberang Perai Utara,2025Q3,terrace,46.0,22780000.0,495217.39,444500.0,372000.0,580000.0,2.0,29.0
Pulau Pinang,Seberang Perai Utara,2025Q3,townhouse,2.0,660000.0,330000.0,330000.0,245000.0,415000.0,1.0,2.0
Pulau Pinang,Seberang Perai Utara,2025Q4,all,92.0,42842000.0,465673.91,387000.0,270000.0,624500.0,28.0,64.0
Pulau Pinang,Seberang Perai Utara,2025Q4,cluster,5.0,1790000.0,358000.0,290000.0,270000.0,300000.0,4.0,4.0
Pulau Pinang,Seberang Perai Utara,2025Q4,condo,12.0,4382000.0,365166.67,380000.0,310000.0,391750.0,3.0,10.0
Pulau Pinang,Seberang Perai Utara,2025Q4,detached,1.0,165000.0,165000.0,165000.0,165000.0,165000.0,1.0,1.0
Pulau Pinang,Seberang Perai Utara,2025Q4,flat,6.0,1206000.0,201000.0,200000.0,157000.0,255000.0,6.0,6.0
Pulau Pinang,Seberang Perai Utara,2025Q4,low_cost_flat,10.0,1282000.0,128200.0,127500.0,102500.0,146250.0,10.0,10.0
Pulau Pinang,Seberang Perai Utara,2025Q4,low_cost_house,1.0,200000.0,200000.0,200000.0,200000.0,200000.0,1.0,1.0
Pulau Pinang,Seberang Perai Utara,2025Q4,semi_detached,12.0,10983000.0,915250.0,751500.0,587500.0,1030000.0,0.0,3.0
Pulau Pinang,Seberang Perai Utara,2025Q4,terrace,43.0,22629000.0,526255.81,450000.0,372500.0,650000.0,1.0,27.0
Pulau Pinang,Seberang Perai Utara,2025Q4,townhouse,2.0,205000.0,102500.0,102500.0,68750.0,136250.0,2.0,2.0
Pulau Pinang,Seberang Perai Utara,2026Q1,all,66.0,27677000.0,419348.48,365000.0,280000.0,530000.0,24.0,49.0
Pulau Pinang,Seberang Perai Utara,2026Q1,cluster,5.0,1435000.0,287000.0,290000.0,280000.0,300000.0,4.0,5.0
Pulau Pinang,Seberang Perai Utara,2026Q1,condo,10.0,3125000.0,312500.0,292500.0,266250.0,337500.0,6.0,10.0
Pulau Pinang,Seberang Perai Utara,2026Q1,detached,2.0,1368000.0,684000.0,684000.0,592000.0,776000.0,0.0,1.0
Pulau Pinang,Seberang Perai Utara,2026Q1,flat,4.0,753000.0,188250.0,186500.0,158500.0,216250.0,4.0,4.0
Pulau Pinang,Seberang Perai Utara,2026Q1,low_cost_flat,6.0,591000.0,98500.0,99000.0,71000.0,127000.0,6.0,6.0
Pulau Pinang,Seberang Perai Utara,2026Q1,low_cost_house,2.0,580000.0,290000.0,290000.0,260000.0,320000.0,1.0,2.0
Pulau Pinang,Seberang Perai Utara,2026Q1,semi_detached,5.0,3517000.0,703400.0,695000.0,567000.0,860000.0,1.0,1.0
Pulau Pinang,Seberang Perai Utara,2026Q1,terrace,32.0,16308000.0,509625.0,440000.0,383750.0,628500.0,2.0,20.0
Pulau Pinang,Seberang Perai Utara,2026Q2,all,99.0,43037000.0,434717.17,360000.0,280000.0,500000.0,30.0,75.0
Pulau Pinang,Seberang Perai Utara,2026Q2,cluster,5.0,1615000.0,323000.0,316000.0,300000.0,350000.0,2.0,5.0
Pulau Pinang,Seberang Perai Utara,2026Q2,condo,26.0,10049000.0,386500.0,375000.0,303750.0,460000.0,7.0,23.0
Pulau Pinang,Seberang Perai Utara,2026Q2,detached,7.0,5275000.0,753571.43,650000.0,492500.0,995000.0,1.0,3.0
Pulau Pinang,Seberang Perai Utara,2026Q2,flat,7.0,1173000.0,167571.43,150000.0,104000.0,245000.0,7.0,7.0
Pulau Pinang,Seberang Perai Utara,2026Q2,low_cost_flat,8.0,1095000.0,136875.0,135000.0,118750.0,151250.0,8.0,8.0
Pulau Pinang,Seberang Perai Utara,2026Q2,low_cost_house,5.0,1570000.0,314000.0,320000.0,290000.0,330000.0,2.0,5.0
Pulau Pinang,Seberang Perai Utara,2026Q2,semi_detached,7.0,6558000.0,936857.14,800000.0,685000.0,875000.0,0.0,1.0
Pulau Pinang,Seberang Perai Utara,2026Q2,terrace,31.0,14772000.0,476516.13,420000.0,355000.0,532500.0,2.0,20.0
Pulau Pinang,Seberang Perai Utara,2026Q2,townhouse,3.0,930000.0,310000.0,350000.0,275000.0,365000.0,1.0,3.0
Pulau Pinang,Timur Laut,2024Q1,all,666.0,505307000.0,758719.22,390000.0,248500.0,830000.0,236.0,414.0
Pulau Pinang,Timur Laut,2024Q1,cluster,3.0,1030000.0,343333.33,350000.0,340000.0,350000.0,0.0,3.0
Pulau Pinang,Timur Laut,2024Q1,condo,228.0,215927000.0,947048.25,701500.0,493750.0,1066250.0,1.0,67.0
Pulau Pinang,Timur Laut,2024Q1,detached,16.0,74380000.0,4648750.0,3900000.0,2687500.0,5475000.0,0.0,0.0
Pulau Pinang,Timur Laut,2024Q1,flat,226.0,67909000.0,300482.3,300000.0,245000.0,359750.0,119.0,226.0
Pulau Pinang,Timur Laut,2024Q1,low_cost_flat,118.0,20080000.0,170169.49,162000.0,140000.0,203750.0,116.0,118.0
Pulau Pinang,Timur Laut,2024Q1,low_cost_house,1.0,965000.0,965000.0,965000.0,965000.0,965000.0,0.0,0.0
Pulau Pinang,Timur Laut,2024Q1,semi_detached,17.0,42269000.0,2486411.76,1800000.0,1250000.0,2500000.0,0.0,0.0
Pulau Pinang,Timur Laut,2024Q1,terrace,55.0,80357000.0,1461036.36,1200000.0,937500.0,1700000.0,0.0,0.0
Pulau Pinang,Timur Laut,2024Q1,townhouse,2.0,2390000.0,1195000.0,1195000.0,1152500.0,1237500.0,0.0,0.0
Pulau Pinang,Timur Laut,2024Q2,all,757.0,557805000.0,736862.62,388000.0,257000.0,825000.0,265.0,456.0
Pulau Pinang,Timur Laut,2024Q2,cluster,3.0,1050000.0,350000.0,330000.0,325000.0,365000.0,0.0,3.0
Pulau Pinang,Timur Laut,2024Q2,condo,260.0,237854000.0,914823.08,680000.0,500000.0,1108000.0,0.0,68.0
Pulau Pinang,Timur Laut,2024Q2,detached,23.0,82314000.0,3578869.57,3300000.0,1725000.0,4900000.0,1.0,2.0
Pulau Pinang,Timur Laut,2024Q2,flat,266.0,79497000.0,298860.9,297000.0,250000.0,350000.0,148.0,262.0
Pulau Pinang,Timur Laut,2024Q2,low_cost_flat,121.0,21066000.0,174099.17,165000.0,132000.0,210000.0,116.0,121.0
Pulau Pinang,Timur Laut,2024Q2,semi_detached,29.0,55063000.0,1898724.14,1850000.0,1380000.0,2300000.0,0.0,0.0
Pulau Pinang,Timur Laut,2024Q2,terrace,54.0,80361000.0,1488166.67,1275000.0,877500.0,1700000.0,0.0,0.0
Pulau Pinang,Timur Laut,2024Q2,townhouse,1.0,600000.0,600000.0,600000.0,600000.0,600000.0,0.0,0.0
Pulau Pinang,Timur Laut,2024Q3,all,755.0,531362000.0,703790.73,400000.0,265000.0,755000.0,244.0,472.0
Pulau Pinang,Timur Laut,2024Q3,cluster,1.0,310000.0,310000.0,310000.0,310000.0,310000.0,0.0,1.0
Pulau Pinang,Timur Laut,2024Q3,condo,266.0,241773000.0,908921.05,630000.0,483250.0,973750.0,2.0,76.0
Pulau Pinang,Timur Laut,2024Q3,detached,17.0,46286000.0,2722705.88,1200000.0,700000.0,3700000.0,4.0,4.0
Pulau Pinang,Timur Laut,2024Q3,flat,280.0,86129000.0,307603.57,310000.0,250000.0,360000.0,132.0,278.0
Pulau Pinang,Timur Laut,2024Q3,low_cost_flat,106.0,19127000.0,180443.4,187500.0,150000.0,201500.0,103.0,106.0
Pulau Pinang,Timur Laut,2024Q3,low_cost_house,3.0,910000.0,303333.33,300000.0,280000.0,325000.0,2.0,3.0
Pulau Pinang,Timur Laut,2024Q3,semi_detached,25.0,50971000.0,2038840.0,1780000.0,1450000.0,2114000.0,0.0,1.0
Pulau Pinang,Timur Laut,2024Q3,terrace,52.0,80656000.0,1551076.92,1275000.0,930000.0,1605000.0,1.0,1.0
Pulau Pinang,Timur Laut,2024Q3,townhouse,5.0,5200000.0,1040000.0,721000.0,479000.0,1700000.0,0.0,2.0
Pulau Pinang,Timur Laut,2024Q4,all,262.0,166352000.0,634931.3,360000.0,240000.0,700000.0,107.0,179.0
Pulau Pinang,Timur Laut,2024Q4,condo,81.0,72735000.0,897962.96,620000.0,450000.0,1072000.0,1.0,31.0
Pulau Pinang,Timur Laut,2024Q4,detached,2.0,9040000.0,4520000.0,4520000.0,2280000.0,6760000.0,1.0,1.0
Pulau Pinang,Timur Laut,2024Q4,flat,96.0,28823000.0,300239.58,300000.0,244500.0,351250.0,55.0,95.0
Pulau Pinang,Timur Laut,2024Q4,low_cost_flat,51.0,9331000.0,182960.78,180000.0,150000.0,220000.0,50.0,51.0
Pulau Pinang,Timur Laut,2024Q4,semi_detached,9.0,17755000.0,1972777.78,1950000.0,1210000.0,2100000.0,0.0,0.0
Pulau Pinang,Timur Laut,2024Q4,terrace,22.0,27168000.0,1234909.09,1050000.0,865750.0,1400000.0,0.0,1.0
Pulau Pinang,Timur Laut,2024Q4,townhouse,1.0,1500000.0,1500000.0,1500000.0,1500000.0,1500000.0,0.0,0.0
Pulau Pinang,Timur Laut,2025Q1,all,208.0,111065000.0,533966.35,350000.0,250000.0,526250.0,88.0,153.0
Pulau Pinang,Timur Laut,2025Q1,cluster,2.0,580000.0,290000.0,290000.0,285000.0,295000.0,2.0,2.0
Pulau Pinang,Timur Laut,2025Q1,condo,58.0,46283000.0,797982.76,540000.0,460000.0,820000.0,0.0,26.0
Pulau Pinang,Timur Laut,2025Q1,detached,4.0,9696000.0,2424000.0,2425000.0,2075000.0,2774000.0,0.0,0.0
Pulau Pinang,Timur Laut,2025Q1,flat,93.0,27927000.0,300290.32,290000.0,260000.0,355000.0,54.0,93.0
Pulau Pinang,Timur Laut,2025Q1,low_cost_flat,32.0,5719000.0,178718.75,170000.0,150000.0,220000.0,32.0,32.0
Pulau Pinang,Timur Laut,2025Q1,semi_detached,4.0,3780000.0,945000.0,900000.0,845000.0,1000000.0,0.0,0.0
Pulau Pinang,Timur Laut,2025Q1,terrace,12.0,14575000.0,1214583.33,1040000.0,885000.0,1570000.0,0.0,0.0
Pulau Pinang,Timur Laut,2025Q1,townhouse,3.0,2505000.0,835000.0,680000.0,602500.0,990000.0,0.0,0.0
Pulau Pinang,Timur Laut,2025Q2,all,252.0,131578000.0,522134.92,320000.0,230000.0,522000.0,114.0,186.0
Pulau Pinang,Timur Laut,2025Q2,condo,55.0,46930000.0,853272.73,600000.0,427500.0,841500.0,4.0,19.0
Pulau Pinang,Timur Laut,2025Q2,detached,2.0,3520000.0,1760000.0,1760000.0,990000.0,2530000.0,1.0,1.0
Pulau Pinang,Timur Laut,2025Q2,flat,117.0,35146000.0,300393.16,300000.0,255000.0,350000.0,61.0,115.0
Pulau Pinang,Timur Laut,2025Q2,low_cost_flat,51.0,9680000.0,189803.92,185000.0,152500.0,225000.0,48.0,51.0
Pulau Pinang,Timur Laut,2025Q2,semi_detached,9.0,15860000.0,1762222.22,1550000.0,1500000.0,2050000.0,0.0,0.0
Pulau Pinang,Timur Laut,2025Q2,terrace,17.0,19887000.0,1169823.53,990000.0,870000.0,1400000.0,0.0,0.0
Pulau Pinang,Timur Laut,2025Q2,townhouse,1.0,555000.0,555000.0,555000.0,555000.0,555000.0,0.0,0.0
Pulau Pinang,Timur Laut,2025Q3,all,337.0,220179000.0,653350.15,360000.0,268000.0,670000.0,119.0,230.0
Pulau Pinang,Timur Laut,2025Q3,cluster,1.0,300000.0,300000.0,300000.0,300000.0,300000.0,1.0,1.0
Pulau Pinang,Timur Laut,2025Q3,condo,98.0,81515000.0,831785.71,600000.0,480000.0,963500.0,1.0,38.0
Pulau Pinang,Timur Laut,2025Q3,detached,16.0,44127000.0,2757937.5,2405000.0,2142500.0,3285500.0,1.0,1.0
Pulau Pinang,Timur Laut,2025Q3,flat,149.0,45750000.0,307046.98,300000.0,250000.0,350000.0,75.0,146.0
Pulau Pinang,Timur Laut,2025Q3,low_cost_flat,44.0,8516000.0,193545.45,182500.0,137000.0,250000.0,41.0,44.0
Pulau Pinang,Timur Laut,2025Q3,semi_detached,12.0,18200000.0,1516666.67,1472500.0,1100000.0,1670000.0,0.0,0.0
Pulau Pinang,Timur Laut,2025Q3,terrace,17.0,21771000.0,1280647.06,1190000.0,900000.0,1500000.0,0.0,0.0
Pulau Pinang,Timur Laut,2025Q4,all,302.0,201236000.0,666344.37,357500.0,250000.0,650000.0,117.0,205.0
Pulau Pinang,Timur Laut,2025Q4,cluster,1.0,212000.0,212000.0,212000.0,212000.0,212000.0,1.0,1.0
Pulau Pinang,Timur Laut,2025Q4,condo,87.0,95184000.0,1094068.97,628000.0,467500.0,1115000.0,0.0,29.0
Pulau Pinang,Timur Laut,2025Q4,detached,4.0,12300000.0,3075000.0,3150000.0,2375000.0,3850000.0,0.0,0.0
Pulau Pinang,Timur Laut,2025Q4,flat,128.0,38319000.0,299367.19,300000.0,250000.0,350000.0,70.0,128.0
Pulau Pinang,Timur Laut,2025Q4,low_cost_flat,47.0,8506000.0,180978.72,180000.0,137500.0,230000.0,46.0,47.0
Pulau Pinang,Timur Laut,2025Q4,low_cost_house,1.0,538000.0,538000.0,538000.0,538000.0,538000.0,0.0,0.0
Pulau Pinang,Timur Laut,2025Q4,semi_detached,14.0,25442000.0,1817285.71,1871000.0,1550000.0,2162500.0,0.0,0.0
Pulau Pinang,Timur Laut,2025Q4,terrace,20.0,20735000.0,1036750.0,965000.0,790000.0,1310000.0,0.0,0.0
Pulau Pinang,Timur Laut,2026Q1,all,220.0,134153000.0,609786.36,340000.0,238750.0,636250.0,89.0,155.0
Pulau Pinang,Timur Laut,2026Q1,condo,53.0,37971000.0,716433.96,580000.0,465000.0,830000.0,2.0,20.0
Pulau Pinang,Timur Laut,2026Q1,detached,4.0,20530000.0,5132500.0,5315000.0,3647500.0,6800000.0,0.0,0.0
Pulau Pinang,Timur Laut,2026Q1,flat,94.0,28170000.0,299680.85,302500.0,250000.0,350000.0,47.0,94.0
Pulau Pinang,Timur Laut,2026Q1,low_cost_flat,41.0,7566000.0,184536.59,170000.0,150000.0,230000.0,40.0,41.0
Pulau Pinang,Timur Laut,2026Q1,semi_detached,10.0,20825000.0,2082500.0,1967500.0,1605000.0,2545000.0,0.0,0.0
Pulau Pinang,Timur Laut,2026Q1,terrace,17.0,17791000.0,1046529.41,1000000.0,828000.0,1200000.0,0.0,0.0
Pulau Pinang,Timur Laut,2026Q1,townhouse,1.0,1300000.0,1300000.0,1300000.0,1300000.0,1300000.0,0.0,0.0
Pulau Pinang,Timur Laut,2026Q2,all,263.0,169430000.0,644220.53,350000.0,258000.0,650000.0,100.0,185.0
Pulau Pinang,Timur Laut,2026Q2,condo,68.0,50565000.0,743602.94,535000.0,388750.0,820750.0,2.0,33.0
Pulau Pinang,Timur Laut,2026Q2,detached,6.0,31166000.0,5194333.33,3815000.0,2220000.0,6662500.0,0.0,0.0
Pulau Pinang,Timur Laut,2026Q2,flat,106.0,33146000.0,312698.11,300000.0,260000.0,360000.0,54.0,103.0
Pulau Pinang,Timur Laut,2026Q2,low_cost_flat,46.0,9289000.0,201934.78,177500.0,150000.0,250000.0,42.0,46.0
Pulau Pinang,Timur Laut,2026Q2,semi_detached,12.0,17230000.0,1435833.33,1300000.0,917500.0,2037500.0,1.0,1.0
Pulau Pinang,Timur Laut,2026Q2,terrace,22.0,25354000.0,1152454.55,1058000.0,812500.0,1300000.0,1.0,1.0
Pulau Pinang,Timur Laut,2026Q2,townhouse,3.0,2680000.0,893333.33,1100000.0,740000.0,1150000.0,0.0,1.0
Sabah,Beaufort,2024Q1,all,4.0,860000.0,215000.0,215000.0,182500.0,247500.0,4.0,4.0
Sabah,Beaufort,2024Q1,detached,1.0,130000.0,130000.0,130000.0,130000.0,130000.0,1.0,1.0
Sabah,Beaufort,2024Q1,low_cost_house,1.0,230000.0,230000.0,230000.0,230000.0,230000.0,1.0,1.0
Sabah,Beaufort,2024Q1,terrace,2.0,500000.0,250000.0,250000.0,225000.0,275000.0,2.0,2.0
Sabah,Beaufort,2024Q2,all,5.0,1766000.0,353200.0,340000.0,280000.0,446000.0,2.0,5.0
Sabah,Beaufort,2024Q2,detached,1.0,450000.0,450000.0,450000.0,450000.0,450000.0,0.0,1.0
Sabah,Beaufort,2024Q2,semi_detached,1.0,280000.0,280000.0,280000.0,280000.0,280000.0,1.0,1.0
Sabah,Beaufort,2024Q2,terrace,3.0,1036000.0,345333.33,340000.0,295000.0,393000.0,1.0,3.0
Sabah,Beaufort,2024Q3,all,7.0,1969000.0,281285.71,279000.0,225000.0,340000.0,5.0,7.0
Sabah,Beaufort,2024Q3,detached,1.0,200000.0,200000.0,200000.0,200000.0,200000.0,1.0,1.0
Sabah,Beaufort,2024Q3,low_cost_house,1.0,180000.0,180000.0,180000.0,180000.0,180000.0,1.0,1.0
Sabah,Beaufort,2024Q3,terrace,5.0,1589000.0,317800.0,300000.0,279000.0,380000.0,3.0,5.0
Sabah,Beaufort,2024Q4,all,4.0,1090000.0,272500.0,275000.0,232500.0,315000.0,3.0,4.0
Sabah,Beaufort,2024Q4,low_cost_house,2.0,430000.0,215000.0,215000.0,197500.0,232500.0,2.0,2.0
Sabah,Beaufort,2024Q4,terrace,2.0,660000.0,330000.0,330000.0,315000.0,345000.0,1.0,2.0
Sabah,Beaufort,2025Q1,all,3.0,1018000.0,339333.33,350000.0,309000.0,375000.0,1.0,3.0
Sabah,Beaufort,2025Q1,terrace,3.0,1018000.0,339333.33,350000.0,309000.0,375000.0,1.0,3.0
Sabah,Beaufort,2025Q3,all,3.0,917000.0,305666.67,312000.0,281000.0,333500.0,1.0,3.0
Sabah,Beaufort,2025Q3,low_cost_house,1.0,250000.0,250000.0,250000.0,250000.0,250000.0,1.0,1.0
Sabah,Beaufort,2025Q3,terrace,2.0,667000.0,333500.0,333500.0,322750.0,344250.0,0.0,2.0
Sabah,Beaufort,2026Q1,all,3.0,1045000.0,348333.33,395000.0,297500.0,422500.0,1.0,3.0
Sabah,Beaufort,2026Q1,low_cost_house,1.0,200000.0,200000.0,200000.0,200000.0,200000.0,1.0,1.0
Sabah,Beaufort,2026Q1,terrace,2.0,845000.0,422500.0,422500.0,408750.0,436250.0,0.0,2.0
Sabah,Beaufort,2026Q2,all,5.0,1450000.0,290000.0,290000.0,230000.0,330000.0,3.0,5.0
Sabah,Beaufort,2026Q2,detached,2.0,380000.0,190000.0,190000.0,170000.0,210000.0,2.0,2.0
Sabah,Beaufort,2026Q2,terrace,3.0,1070000.0,356666.67,330000.0,310000.0,390000.0,1.0,3.0
Sabah,Keningau,2024Q1,all,17.0,5878000.0,345764.71,320000.0,280000.0,440000.0,7.0,17.0
Sabah,Keningau,2024Q1,low_cost_house,1.0,149000.0,149000.0,149000.0,149000.0,149000.0,1.0,1.0
Sabah,Keningau,2024Q1,semi_detached,3.0,1470000.0,490000.0,500000.0,485000.0,500000.0,0.0,3.0
Sabah,Keningau,2024Q1,terrace,12.0,3959000.0,329916.67,320000.0,277500.0,356250.0,5.0,12.0
Sabah,Keningau,2024Q1,townhouse,1.0,300000.0,300000.0,300000.0,300000.0,300000.0,1.0,1.0
Sabah,Keningau,2024Q2,all,14.0,4935000.0,352500.0,380000.0,271250.0,407500.0,6.0,14.0
Sabah,Keningau,2024Q2,semi_detached,2.0,900000.0,450000.0,450000.0,430000.0,470000.0,0.0,2.0
Sabah,Keningau,2024Q2,terrace,12.0,4035000.0,336250.0,337500.0,267500.0,391000.0,6.0,12.0
Sabah,Keningau,2024Q3,all,14.0,5753000.0,410928.57,345000.0,320000.0,507500.0,2.0,10.0
Sabah,Keningau,2024Q3,detached,2.0,1220000.0,610000.0,610000.0,605000.0,615000.0,0.0,0.0
Sabah,Keningau,2024Q3,semi_detached,3.0,1590000.0,530000.0,540000.0,470000.0,595000.0,0.0,1.0
Sabah,Keningau,2024Q3,terrace,9.0,2943000.0,327000.0,320000.0,318000.0,330000.0,2.0,9.0
Sabah,Keningau,2024Q4,all,11.0,4275000.0,388636.36,390000.0,345000.0,425000.0,1.0,10.0
Sabah,Keningau,2024Q4,detached,2.0,960000.0,480000.0,480000.0,455000.0,505000.0,0.0,1.0
Sabah,Keningau,2024Q4,semi_detached,1.0,390000.0,390000.0,390000.0,390000.0,390000.0,0.0,1.0
Sabah,Keningau,2024Q4,terrace,8.0,2925000.0,365625.0,370000.0,327500.0,397500.0,1.0,8.0
Sabah,Keningau,2025Q1,all,10.0,3160000.0,316000.0,292500.0,272500.0,345000.0,6.0,10.0
Sabah,Keningau,2025Q1,semi_detached,1.0,425000.0,425000.0,425000.0,425000.0,425000.0,0.0,1.0
Sabah,Keningau,2025Q1,terrace,9.0,2735000.0,303888.89,290000.0,270000.0,330000.0,6.0,9.0
Sabah,Keningau,2025Q2,all,13.0,5058000.0,389076.92,348000.0,280000.0,480000.0,6.0,11.0
Sabah,Keningau,2025Q2,detached,3.0,1620000.0,540000.0,570000.0,410000.0,685000.0,1.0,1.0
Sabah,Keningau,2025Q2,low_cost_house,1.0,170000.0,170000.0,170000.0,170000.0,170000.0,1.0,1.0
Sabah,Keningau,2025Q2,semi_detached,2.0,980000.0,490000.0,490000.0,485000.0,495000.0,0.0,2.0
Sabah,Keningau,2025Q2,terrace,7.0,2288000.0,326857.14,290000.0,285000.0,374000.0,4.0,7.0
Sabah,Keningau,2025Q3,all,17.0,5100000.0,300000.0,292000.0,260000.0,330000.0,9.0,17.0
Sabah,Keningau,2025Q3,detached,2.0,630000.0,315000.0,315000.0,232500.0,397500.0,1.0,2.0
Sabah,Keningau,2025Q3,low_cost_house,1.0,290000.0,290000.0,290000.0,290000.0,290000.0,1.0,1.0
Sabah,Keningau,2025Q3,terrace,14.0,4180000.0,298571.43,309000.0,265000.0,330000.0,7.0,14.0
Sabah,Keningau,2025Q4,all,15.0,5106000.0,340400.0,310000.0,267500.0,400000.0,7.0,14.0
Sabah,Keningau,2025Q4,detached,2.0,689000.0,344500.0,344500.0,316750.0,372250.0,1.0,2.0
Sabah,Keningau,2025Q4,low_cost_house,1.0,220000.0,220000.0,220000.0,220000.0,220000.0,1.0,1.0
Sabah,Keningau,2025Q4,semi_detached,2.0,1040000.0,520000.0,520000.0,495000.0,545000.0,0.0,1.0
Sabah,Keningau,2025Q4,terrace,10.0,3157000.0,315700.0,305000.0,261250.0,380000.0,5.0,10.0
Sabah,Keningau,2026Q1,all,12.0,4715000.0,392916.67,375000.0,342500.0,400000.0,2.0,11.0
Sabah,Keningau,2026Q1,semi_detached,4.0,1965000.0,491250.0,440000.0,397500.0,533750.0,0.0,3.0
Sabah,Keningau,2026Q1,terrace,8.0,2750000.0,343750.0,355000.0,310000.0,370000.0,2.0,8.0
Sabah,Keningau,2026Q2,all,11.0,3933000.0,357545.45,310000.0,276500.0,385000.0,4.0,9.0
Sabah,Keningau,2026Q2,detached,1.0,670000.0,670000.0,670000.0,670000.0,670000.0,0.0,0.0
Sabah,Keningau,2026Q2,semi_detached,2.0,1030000.0,515000.0,515000.0,467500.0,562500.0,0.0,1.0
Sabah,Keningau,2026Q2,terrace,8.0,2233000.0,279125.0,297500.0,247250.0,311250.0,4.0,8.0
Sabah,Kota Belud,2024Q1,all,4.0,1290000.0,322500.0,335000.0,302500.0,355000.0,1.0,4.0
Sabah,Kota Belud,2024Q1,detached,1.0,350000.0,350000.0,350000.0,350000.0,350000.0,0.0,1.0
Sabah,Kota Belud,2024Q1,semi_detached,1.0,370000.0,370000.0,370000.0,370000.0,370000.0,0.0,1.0
Sabah,Kota Belud,2024Q1,terrace,2.0,570000.0,285000.0,285000.0,267500.0,302500.0,1.0,2.0
Sabah,Kota Belud,2025Q2,all,1.0,150000.0,150000.0,150000.0,150000.0,150000.0,1.0,1.0
Sabah,Kota Belud,2025Q2,detached,1.0,150000.0,150000.0,150000.0,150000.0,150000.0,1.0,1.0
Sabah,Kota Belud,2025Q4,all,1.0,300000.0,300000.0,300000.0,300000.0,300000.0,1.0,1.0
Sabah,Kota Belud,2025Q4,terrace,1.0,300000.0,300000.0,300000.0,300000.0,300000.0,1.0,1.0
Sabah,Kota Belud,2026Q1,all,1.0,450000.0,450000.0,450000.0,450000.0,450000.0,0.0,1.0
Sabah,Kota Belud,2026Q1,terrace,1.0,450000.0,450000.0,450000.0,450000.0,450000.0,0.0,1.0
Sabah,Kota Kinabalu,2024Q1,all,88.0,54922000.0,624113.64,483000.0,347500.0,707500.0,17.0,47.0
Sabah,Kota Kinabalu,2024Q1,cluster,4.0,2150000.0,537500.0,500000.0,450000.0,587500.0,0.0,2.0
Sabah,Kota Kinabalu,2024Q1,condo,35.0,17600000.0,502857.14,380000.0,283500.0,525000.0,10.0,26.0
Sabah,Kota Kinabalu,2024Q1,detached,5.0,6061000.0,1212200.0,1030000.0,673000.0,1460000.0,0.0,1.0
Sabah,Kota Kinabalu,2024Q1,flat,2.0,393000.0,196500.0,196500.0,189750.0,203250.0,2.0,2.0
Sabah,Kota Kinabalu,2024Q1,low_cost_flat,4.0,710000.0,177500.0,170000.0,160000.0,187500.0,4.0,4.0
Sabah,Kota Kinabalu,2024Q1,low_cost_house,2.0,610000.0,305000.0,305000.0,302500.0,307500.0,1.0,2.0
Sabah,Kota Kinabalu,2024Q1,semi_detached,4.0,6440000.0,1610000.0,1620000.0,1417500.0,1812500.0,0.0,0.0
Sabah,Kota Kinabalu,2024Q1,terrace,31.0,20477000.0,660548.39,590000.0,460000.0,740000.0,0.0,9.0
Sabah,Kota Kinabalu,2024Q1,townhouse,1.0,481000.0,481000.0,481000.0,481000.0,481000.0,0.0,1.0
Sabah,Kota Kinabalu,2024Q2,all,55.0,56981000.0,1036018.18,765000.0,604000.0,1200000.0,2.0,7.0
Sabah,Kota Kinabalu,2024Q2,detached,6.0,14880000.0,2480000.0,2085000.0,1947500.0,2552500.0,0.0,1.0
Sabah,Kota Kinabalu,2024Q2,low_cost_house,2.0,600000.0,300000.0,300000.0,300000.0,300000.0,2.0,2.0
Sabah,Kota Kinabalu,2024Q2,semi_detached,14.0,17105000.0,1221785.71,1200000.0,1107500.0,1372500.0,0.0,0.0
Sabah,Kota Kinabalu,2024Q2,terrace,33.0,24396000.0,739272.73,723000.0,600000.0,820000.0,0.0,4.0
Sabah,Kota Kinabalu,2024Q3,all,40.0,34000000.0,850000.0,692500.0,648000.0,946250.0,2.0,6.0
Sabah,Kota Kinabalu,2024Q3,cluster,1.0,650000.0,650000.0,650000.0,650000.0,650000.0,0.0,0.0
Sabah,Kota Kinabalu,2024Q3,low_cost_house,2.0,565000.0,282500.0,282500.0,281250.0,283750.0,2.0,2.0
Sabah,Kota Kinabalu,2024Q3,semi_detached,9.0,13080000.0,1453333.33,1430000.0,1200000.0,1500000.0,0.0,0.0
Sabah,Kota Kinabalu,2024Q3,terrace,28.0,19705000.0,703750.0,665000.0,641000.0,749250.0,0.0,4.0
Sabah,Kota Kinabalu,2024Q4,all,34.0,32326000.0,950764.71,729000.0,557500.0,1125000.0,3.0,8.0
Sabah,Kota Kinabalu,2024Q4,cluster,1.0,460000.0,460000.0,460000.0,460000.0,460000.0,0.0,1.0
Sabah,Kota Kinabalu,2024Q4,detached,4.0,8840000.0,2210000.0,2150000.0,1662500.0,2697500.0,0.0,0.0
Sabah,Kota Kinabalu,2024Q4,low_cost_house,3.0,880000.0,293333.33,300000.0,290000.0,300000.0,3.0,3.0
Sabah,Kota Kinabalu,2024Q4,semi_detached,4.0,6850000.0,1712500.0,1725000.0,1380000.0,2057500.0,0.0,0.0
Sabah,Kota Kinabalu,2024Q4,terrace,22.0,15296000.0,695272.73,700000.0,585000.0,813750.0,0.0,4.0
Sabah,Kota Kinabalu,2025Q1,all,29.0,26385000.0,909827.59,750000.0,585000.0,1200000.0,2.0,3.0
Sabah,Kota Kinabalu,2025Q1,detached,1.0,1635000.0,1635000.0,1635000.0,1635000.0,1635000.0,0.0,0.0
Sabah,Kota Kinabalu,2025Q1,low_cost_house,2.0,555000.0,277500.0,277500.0,271250.0,283750.0,2.0,2.0
Sabah,Kota Kinabalu,2025Q1,semi_detached,5.0,8710000.0,1742000.0,1800000.0,1460000.0,1950000.0,0.0,0.0
Sabah,Kota Kinabalu,2025Q1,terrace,21.0,15485000.0,737380.95,700000.0,585000.0,800000.0,0.0,1.0
Sabah,Kota Kinabalu,2025Q2,all,47.0,37323000.0,794106.38,680000.0,475000.0,865000.0,4.0,14.0
Sabah,Kota Kinabalu,2025Q2,cluster,2.0,1170000.0,585000.0,585000.0,577500.0,592500.0,0.0,0.0
Sabah,Kota Kinabalu,2025Q2,low_cost_house,4.0,1220000.0,305000.0,290000.0,275000.0,320000.0,3.0,4.0
Sabah,Kota Kinabalu,2025Q2,semi_detached,6.0,8560000.0,1426666.67,1365000.0,1235000.0,1495000.0,0.0,0.0
Sabah,Kota Kinabalu,2025Q2,terrace,35.0,26373000.0,753514.29,680000.0,490000.0,790000.0,1.0,10.0
Sabah,Kota Kinabalu,2025Q3,all,42.0,36023000.0,857690.48,700000.0,592500.0,875000.0,1.0,7.0
Sabah,Kota Kinabalu,2025Q3,detached,2.0,4100000.0,2050000.0,2050000.0,1875000.0,2225000.0,0.0,0.0
Sabah,Kota Kinabalu,2025Q3,low_cost_house,1.0,280000.0,280000.0,280000.0,280000.0,280000.0,1.0,1.0
Sabah,Kota Kinabalu,2025Q3,semi_detached,5.0,5600000.0,1120000.0,1100000.0,950000.0,1150000.0,0.0,0.0
Sabah,Kota Kinabalu,2025Q3,terrace,34.0,26043000.0,765970.59,685000.0,586250.0,750000.0,0.0,6.0
Sabah,Kota Kinabalu,2025Q4,all,30.0,20413000.0,680433.33,745000.0,465000.0,815000.0,4.0,11.0
Sabah,Kota Kinabalu,2025Q4,detached,1.0,1430000.0,1430000.0,1430000.0,1430000.0,1430000.0,0.0,0.0
Sabah,Kota Kinabalu,2025Q4,low_cost_house,4.0,1040000.0,260000.0,280000.0,243750.0,296250.0,4.0,4.0
Sabah,Kota Kinabalu,2025Q4,semi_detached,3.0,3010000.0,1003333.33,1100000.0,870000.0,1185000.0,0.0,0.0
Sabah,Kota Kinabalu,2025Q4,terrace,22.0,14933000.0,678772.73,750000.0,496250.0,799750.0,0.0,7.0
Sabah,Kota Kinabalu,2026Q1,all,27.0,29891000.0,1107074.07,740000.0,560000.0,1090000.0,1.0,5.0
Sabah,Kota Kinabalu,2026Q1,detached,2.0,9990000.0,4995000.0,4995000.0,4847500.0,5142500.0,0.0,0.0
Sabah,Kota Kinabalu,2026Q1,low_cost_house,2.0,668000.0,334000.0,334000.0,307000.0,361000.0,1.0,2.0
Sabah,Kota Kinabalu,2026Q1,semi_detached,6.0,7500000.0,1250000.0,1150000.0,950000.0,1500000.0,0.0,0.0
Sabah,Kota Kinabalu,2026Q1,terrace,17.0,11733000.0,690176.47,720000.0,540000.0,750000.0,0.0,3.0
Sabah,Kota Kinabalu,2026Q2,all,40.0,42809000.0,1070225.0,852000.0,550000.0,1310000.0,3.0,9.0
Sabah,Kota Kinabalu,2026Q2,detached,6.0,15120000.0,2520000.0,2175000.0,1950000.0,2587500.0,0.0,0.0
Sabah,Kota Kinabalu,2026Q2,low_cost_house,4.0,1190000.0,297500.0,300000.0,285000.0,312500.0,3.0,4.0
Sabah,Kota Kinabalu,2026Q2,semi_detached,9.0,11424000.0,1269333.33,1280000.0,900000.0,1600000.0,0.0,0.0
Sabah,Kota Kinabalu,2026Q2,terrace,21.0,15075000.0,717857.14,660000.0,550000.0,940000.0,0.0,5.0
Sabah,Kota Marudu,2024Q1,all,4.0,1630000.0,407500.0,425000.0,332500.0,500000.0,1.0,4.0
Sabah,Kota Marudu,2024Q1,semi_detached,2.0,1000000.0,500000.0,500000.0,500000.0,500000.0,0.0,2.0
Sabah,Kota Marudu,2024Q1,terrace,2.0,630000.0,315000.0,315000.0,297500.0,332500.0,1.0,2.0
Sabah,Kota Marudu,2024Q2,all,2.0,645000.0,322500.0,322500.0,321250.0,323750.0,0.0,2.0
Sabah,Kota Marudu,2024Q2,semi_detached,1.0,320000.0,320000.0,320000.0,320000.0,320000.0,0.0,1.0
Sabah,Kota Marudu,2024Q2,terrace,1.0,325000.0,325000.0,325000.0,325000.0,325000.0,0.0,1.0
Sabah,Kota Marudu,2024Q3,all,4.0,1430000.0,357500.0,330000.0,317500.0,370000.0,1.0,4.0
Sabah,Kota Marudu,2024Q3,semi_detached,1.0,490000.0,490000.0,490000.0,490000.0,490000.0,0.0,1.0
Sabah,Kota Marudu,2024Q3,terrace,3.0,940000.0,313333.33,330000.0,305000.0,330000.0,1.0,3.0
Sabah,Kota Marudu,2024Q4,all,2.0,660000.0,330000.0,330000.0,280000.0,380000.0,1.0,2.0
Sabah,Kota Marudu,2024Q4,terrace,2.0,660000.0,330000.0,330000.0,280000.0,380000.0,1.0,2.0
Sabah,Kota Marudu,2025Q1,all,3.0,980000.0,326666.67,350000.0,315000.0,350000.0,1.0,3.0
Sabah,Kota Marudu,2025Q1,semi_detached,1.0,350000.0,350000.0,350000.0,350000.0,350000.0,0.0,1.0
Sabah,Kota Marudu,2025Q1,terrace,2.0,630000.0,315000.0,315000.0,297500.0,332500.0,1.0,2.0
Sabah,Kota Marudu,2025Q2,all,1.0,249000.0,249000.0,249000.0,249000.0,249000.0,1.0,1.0
Sabah,Kota Marudu,2025Q2,terrace,1.0,249000.0,249000.0,249000.0,249000.0,249000.0,1.0,1.0
Sabah,Kota Marudu,2025Q3,all,1.0,470000.0,470000.0,470000.0,470000.0,470000.0,0.0,1.0
Sabah,Kota Marudu,2025Q3,semi_detached,1.0,470000.0,470000.0,470000.0,470000.0,470000.0,0.0,1.0
Sabah,Kota Marudu,2025Q4,all,1.0,430000.0,430000.0,430000.0,430000.0,430000.0,0.0,1.0
Sabah,Kota Marudu,2025Q4,semi_detached,1.0,430000.0,430000.0,430000.0,430000.0,430000.0,0.0,1.0
Sabah,Kota Marudu,2026Q2,all,2.0,598000.0,299000.0,299000.0,288500.0,309500.0,1.0,2.0
Sabah,Kota Marudu,2026Q2,terrace,2.0,598000.0,299000.0,299000.0,288500.0,309500.0,1.0,2.0
Sabah,Kudat,2024Q1,all,4.0,1340000.0,335000.0,340000.0,275000.0,400000.0,2.0,4.0
Sabah,Kudat,2024Q1,detached,1.0,460000.0,460000.0,460000.0,460000.0,460000.0,0.0,1.0
Sabah,Kudat,2024Q1,terrace,3.0,880000.0,293333.33,300000.0,250000.0,340000.0,2.0,3.0
Sabah,Kudat,2024Q2,all,7.0,2160000.0,308571.43,265000.0,227500.0,315000.0,5.0,6.0
Sabah,Kudat,2024Q2,detached,2.0,960000.0,480000.0,480000.0,415000.0,545000.0,0.0,1.0
Sabah,Kudat,2024Q2,semi_detached,3.0,720000.0,240000.0,230000.0,227500.0,247500.0,3.0,3.0
Sabah,Kudat,2024Q2,terrace,2.0,480000.0,240000.0,240000.0,220000.0,260000.0,2.0,2.0
Sabah,Kudat,2024Q3,all,4.0,1615000.0,403750.0,407500.0,367500.0,443750.0,0.0,4.0
Sabah,Kudat,2024Q3,semi_detached,2.0,815000.0,407500.0,407500.0,393750.0,421250.0,0.0,2.0
Sabah,Kudat,2024Q3,terrace,2.0,800000.0,400000.0,400000.0,365000.0,435000.0,0.0,2.0
Sabah,Kudat,2024Q4,all,2.0,760000.0,380000.0,380000.0,290000.0,470000.0,1.0,1.0
Sabah,Kudat,2024Q4,semi_detached,2.0,760000.0,380000.0,380000.0,290000.0,470000.0,1.0,1.0
Sabah,Kudat,2025Q1,all,2.0,890000.0,445000.0,445000.0,377500.0,512500.0,0.0,1.0
Sabah,Kudat,2025Q1,semi_detached,1.0,580000.0,580000.0,580000.0,580000.0,580000.0,0.0,0.0
Sabah,Kudat,2025Q1,terrace,1.0,310000.0,310000.0,310000.0,310000.0,310000.0,0.0,1.0
Sabah,Kudat,2025Q2,all,7.0,2455000.0,350714.29,325000.0,305000.0,390000.0,2.0,7.0
Sabah,Kudat,2025Q2,detached,3.0,1105000.0,368333.33,380000.0,352500.0,390000.0,0.0,3.0
Sabah,Kudat,2025Q2,terrace,4.0,1350000.0,337500.0,305000.0,297500.0,345000.0,2.0,4.0
Sabah,Kudat,2025Q3,all,2.0,600000.0,300000.0,300000.0,300000.0,300000.0,2.0,2.0
Sabah,Kudat,2025Q3,semi_detached,1.0,300000.0,300000.0,300000.0,300000.0,300000.0,1.0,1.0
Sabah,Kudat,2025Q3,terrace,1.0,300000.0,300000.0,300000.0,300000.0,300000.0,1.0,1.0
Sabah,Kudat,2025Q4,all,8.0,2890000.0,361250.0,330000.0,315000.0,430000.0,2.0,7.0
Sabah,Kudat,2025Q4,detached,1.0,550000.0,550000.0,550000.0,550000.0,550000.0,0.0,0.0
Sabah,Kudat,2025Q4,low_cost_house,1.0,200000.0,200000.0,200000.0,200000.0,200000.0,1.0,1.0
Sabah,Kudat,2025Q4,terrace,6.0,2140000.0,356666.67,330000.0,320000.0,407500.0,1.0,6.0
Sabah,Kudat,2026Q1,all,5.0,1525000.0,305000.0,300000.0,275000.0,330000.0,3.0,5.0
Sabah,Kudat,2026Q1,semi_detached,1.0,275000.0,275000.0,275000.0,275000.0,275000.0,1.0,1.0
Sabah,Kudat,2026Q1,terrace,4.0,1250000.0,312500.0,315000.0,287500.0,340000.0,2.0,4.0
Sabah,Kudat,2026Q2,all,4.0,1370000.0,342500.0,345000.0,327500.0,360000.0,0.0,4.0
Sabah,Kudat,2026Q2,terrace,4.0,1370000.0,342500.0,345000.0,327500.0,360000.0,0.0,4.0
Sabah,Kunak,2024Q4,all,1.0,250000.0,250000.0,250000.0,250000.0,250000.0,1.0,1.0
Sabah,Kunak,2024Q4,terrace,1.0,250000.0,250000.0,250000.0,250000.0,250000.0,1.0,1.0
Sabah,Kunak,2025Q2,all,1.0,221000.0,221000.0,221000.0,221000.0,221000.0,1.0,1.0
Sabah,Kunak,2025Q2,terrace,1.0,221000.0,221000.0,221000.0,221000.0,221000.0,1.0,1.0
Sabah,Labuk Sugut,2024Q1,all,1.0,285000.0,285000.0,285000.0,285000.0,285000.0,1.0,1.0
Sabah,Labuk Sugut,2024Q1,terrace,1.0,285000.0,285000.0,285000.0,285000.0,285000.0,1.0,1.0
Sabah,Labuk Sugut,2024Q2,all,1.0,270000.0,270000.0,270000.0,270000.0,270000.0,1.0,1.0
Sabah,Labuk Sugut,2024Q2,terrace,1.0,270000.0,270000.0,270000.0,270000.0,270000.0,1.0,1.0
Sabah,Labuk Sugut,2024Q3,all,1.0,300000.0,300000.0,300000.0,300000.0,300000.0,1.0,1.0
Sabah,Labuk Sugut,2024Q3,terrace,1.0,300000.0,300000.0,300000.0,300000.0,300000.0,1.0,1.0
Sabah,Labuk Sugut,2024Q4,all,3.0,820000.0,273333.33,270000.0,270000.0,275000.0,3.0,3.0
Sabah,Labuk Sugut,2024Q4,terrace,3.0,820000.0,273333.33,270000.0,270000.0,275000.0,3.0,3.0
Sabah,Labuk Sugut,2026Q1,all,2.0,595000.0,297500.0,297500.0,261250.0,333750.0,1.0,2.0
Sabah,Labuk Sugut,2026Q1,terrace,2.0,595000.0,297500.0,297500.0,261250.0,333750.0,1.0,2.0
Sabah,Lahad Datu,2024Q1,all,21.0,8698000.0,414190.48,390000.0,350000.0,500000.0,5.0,17.0
Sabah,Lahad Datu,2024Q1,low_cost_house,4.0,935000.0,233750.0,212500.0,187500.0,258750.0,3.0,4.0
Sabah,Lahad Datu,2024Q1,semi_detached,4.0,2780000.0,695000.0,640000.0,622500.0,712500.0,0.0,0.0
Sabah,Lahad Datu,2024Q1,terrace,13.0,4983000.0,383307.69,390000.0,363000.0,450000.0,2.0,13.0
Sabah,Lahad Datu,2024Q2,all,25.0,8975000.0,359000.0,350000.0,250000.0,450000.0,10.0,20.0
Sabah,Lahad Datu,2024Q2,cluster,2.0,480000.0,240000.0,240000.0,235000.0,245000.0,2.0,2.0
Sabah,Lahad Datu,2024Q2,detached,1.0,140000.0,140000.0,140000.0,140000.0,140000.0,1.0,1.0
Sabah,Lahad Datu,2024Q2,low_cost_house,3.0,920000.0,306666.67,360000.0,235000.0,405000.0,1.0,3.0
Sabah,Lahad Datu,2024Q2,semi_detached,4.0,2230000.0,557500.0,565000.0,532500.0,590000.0,0.0,1.0
Sabah,Lahad Datu,2024Q2,terrace,15.0,5205000.0,347000.0,340000.0,250000.0,435000.0,6.0,13.0
Sabah,Lahad Datu,2024Q3,all,24.0,8604000.0,358500.0,355000.0,230000.0,442500.0,9.0,22.0
Sabah,Lahad Datu,2024Q3,low_cost_house,6.0,1368000.0,228000.0,227500.0,168750.0,269750.0,5.0,6.0
Sabah,Lahad Datu,2024Q3,semi_detached,5.0,2710000.0,542000.0,495000.0,480000.0,630000.0,0.0,3.0
Sabah,Lahad Datu,2024Q3,terrace,13.0,4526000.0,348153.85,360000.0,300000.0,400000.0,4.0,13.0
Sabah,Lahad Datu,2024Q4,all,15.0,6689000.0,445933.33,420000.0,362000.0,450000.0,3.0,13.0
Sabah,Lahad Datu,2024Q4,low_cost_house,2.0,670000.0,335000.0,335000.0,282500.0,387500.0,1.0,2.0
Sabah,Lahad Datu,2024Q4,semi_detached,3.0,2255000.0,751666.67,595000.0,527500.0,897500.0,0.0,1.0
Sabah,Lahad Datu,2024Q4,terrace,10.0,3764000.0,376400.0,385000.0,361000.0,427500.0,2.0,10.0
Sabah,Lahad Datu,2025Q1,all,17.0,7717000.0,453941.18,450000.0,350000.0,500000.0,3.0,13.0
Sabah,Lahad Datu,2025Q1,low_cost_house,3.0,920000.0,306666.67,300000.0,280000.0,330000.0,2.0,3.0
Sabah,Lahad Datu,2025Q1,semi_detached,6.0,3718000.0,619666.67,620000.0,520000.0,690000.0,0.0,2.0
Sabah,Lahad Datu,2025Q1,terrace,8.0,3079000.0,384875.0,401500.0,339000.0,450000.0,1.0,8.0
Sabah,Lahad Datu,2025Q2,all,11.0,4122000.0,374727.27,350000.0,325000.0,440000.0,3.0,10.0
Sabah,Lahad Datu,2025Q2,low_cost_house,5.0,1462000.0,292400.0,350000.0,250000.0,350000.0,2.0,5.0
Sabah,Lahad Datu,2025Q2,semi_detached,1.0,700000.0,700000.0,700000.0,700000.0,700000.0,0.0,0.0
Sabah,Lahad Datu,2025Q2,terrace,5.0,1960000.0,392000.0,410000.0,350000.0,450000.0,1.0,5.0
Sabah,Lahad Datu,2025Q3,all,12.0,4775000.0,397916.67,395000.0,280000.0,505000.0,4.0,9.0
Sabah,Lahad Datu,2025Q3,low_cost_house,1.0,280000.0,280000.0,280000.0,280000.0,280000.0,1.0,1.0
Sabah,Lahad Datu,2025Q3,semi_detached,2.0,1100000.0,550000.0,550000.0,525000.0,575000.0,0.0,1.0
Sabah,Lahad Datu,2025Q3,terrace,9.0,3395000.0,377222.22,370000.0,280000.0,430000.0,3.0,7.0
Sabah,Lahad Datu,2025Q4,all,11.0,4948000.0,449818.18,360000.0,290000.0,550000.0,4.0,8.0
Sabah,Lahad Datu,2025Q4,cluster,1.0,280000.0,280000.0,280000.0,280000.0,280000.0,1.0,1.0
Sabah,Lahad Datu,2025Q4,detached,1.0,998000.0,998000.0,998000.0,998000.0,998000.0,0.0,0.0
Sabah,Lahad Datu,2025Q4,low_cost_house,3.0,860000.0,286666.67,280000.0,250000.0,320000.0,2.0,3.0
Sabah,Lahad Datu,2025Q4,semi_detached,2.0,1200000.0,600000.0,600000.0,600000.0,600000.0,0.0,0.0
Sabah,Lahad Datu,2025Q4,terrace,4.0,1610000.0,402500.0,405000.0,337500.0,470000.0,1.0,4.0
Sabah,Lahad Datu,2026Q1,all,9.0,3623000.0,402555.56,380000.0,300000.0,430000.0,3.0,8.0
Sabah,Lahad Datu,2026Q1,detached,1.0,850000.0,850000.0,850000.0,850000.0,850000.0,0.0,0.0
Sabah,Lahad Datu,2026Q1,low_cost_house,1.0,300000.0,300000.0,300000.0,300000.0,300000.0,1.0,1.0
Sabah,Lahad Datu,2026Q1,semi_detached,1.0,430000.0,430000.0,430000.0,430000.0,430000.0,0.0,1.0
Sabah,Lahad Datu,2026Q1,terrace,6.0,2043000.0,340500.0,365000.0,297500.0,380000.0,2.0,6.0
Sabah,Lahad Datu,2026Q2,all,14.0,5035000.0,359642.86,345000.0,262500.0,467500.0,7.0,13.0
Sabah,Lahad Datu,2026Q2,detached,2.0,490000.0,245000.0,245000.0,217500.0,272500.0,2.0,2.0
Sabah,Lahad Datu,2026Q2,low_cost_house,4.0,1140000.0,285000.0,255000.0,247500.0,292500.0,3.0,4.0
Sabah,Lahad Datu,2026Q2,terrace,8.0,3405000.0,425625.0,455000.0,375000.0,496250.0,2.0,7.0
Sabah,Papar,2024Q1,all,21.0,5745000.0,273571.43,250000.0,160000.0,315000.0,15.0,20.0
Sabah,Papar,2024Q1,condo,6.0,815000.0,135833.33,135000.0,82500.0,187500.0,6.0,6.0
Sabah,Papar,2024Q1,detached,1.0,710000.0,710000.0,710000.0,710000.0,710000.0,0.0,0.0
Sabah,Papar,2024Q1,flat,1.0,160000.0,160000.0,160000.0,160000.0,160000.0,1.0,1.0
Sabah,Papar,2024Q1,low_cost_house,4.0,780000.0,195000.0,195000.0,175000.0,215000.0,4.0,4.0
Sabah,Papar,2024Q1,terrace,9.0,3280000.0,364444.44,315000.0,290000.0,450000.0,4.0,9.0
Sabah,Papar,2024Q2,all,19.0,6533000.0,343842.11,330000.0,220000.0,425000.0,9.0,16.0
Sabah,Papar,2024Q2,detached,1.0,180000.0,180000.0,180000.0,180000.0,180000.0,1.0,1.0
Sabah,Papar,2024Q2,low_cost_house,5.0,1025000.0,205000.0,195000.0,195000.0,220000.0,5.0,5.0
Sabah,Papar,2024Q2,semi_detached,1.0,250000.0,250000.0,250000.0,250000.0,250000.0,1.0,1.0
Sabah,Papar,2024Q2,terrace,12.0,5078000.0,423166.67,392500.0,343500.0,470000.0,2.0,9.0
Sabah,Papar,2024Q3,all,11.0,4459000.0,405363.64,420000.0,300000.0,474500.0,3.0,9.0
Sabah,Papar,2024Q3,low_cost_house,2.0,415000.0,207500.0,207500.0,203750.0,211250.0,2.0,2.0
Sabah,Papar,2024Q3,terrace,9.0,4044000.0,449333.33,420000.0,390000.0,499000.0,1.0,7.0
Sabah,Papar,2024Q4,all,10.0,4619000.0,461900.0,425000.0,400000.0,485000.0,0.0,8.0
Sabah,Papar,2024Q4,low_cost_house,1.0,400000.0,400000.0,400000.0,400000.0,400000.0,0.0,1.0
Sabah,Papar,2024Q4,semi_detached,3.0,1789000.0,596333.33,642000.0,556000.0,659500.0,0.0,1.0
Sabah,Papar,2024Q4,terrace,6.0,2430000.0,405000.0,400000.0,370000.0,437500.0,0.0,6.0
Sabah,Papar,2025Q1,all,10.0,4096000.0,409600.0,375000.0,303750.0,498750.0,3.0,8.0
Sabah,Papar,2025Q1,low_cost_house,2.0,430000.0,215000.0,215000.0,212500.0,217500.0,2.0,2.0
Sabah,Papar,2025Q1,semi_detached,2.0,1306000.0,653000.0,653000.0,647500.0,658500.0,0.0,0.0
Sabah,Papar,2025Q1,terrace,6.0,2360000.0,393333.33,375000.0,326250.0,468750.0,1.0,6.0
Sabah,Papar,2025Q2,all,5.0,2275000.0,455000.0,425000.0,395000.0,500000.0,0.0,4.0
Sabah,Papar,2025Q2,terrace,5.0,2275000.0,455000.0,425000.0,395000.0,500000.0,0.0,4.0
Sabah,Papar,2025Q3,all,14.0,5968000.0,426285.71,402500.0,300000.0,457500.0,5.0,11.0
Sabah,Papar,2025Q3,detached,1.0,868000.0,868000.0,868000.0,868000.0,868000.0,0.0,0.0
Sabah,Papar,2025Q3,low_cost_house,3.0,860000.0,286666.67,300000.0,265000.0,315000.0,2.0,3.0
Sabah,Papar,2025Q3,semi_detached,1.0,355000.0,355000.0,355000.0,355000.0,355000.0,0.0,1.0
Sabah,Papar,2025Q3,terrace,9.0,3885000.0,431666.67,450000.0,300000.0,460000.0,3.0,7.0
Sabah,Papar,2025Q4,all,9.0,2868000.0,318666.67,360000.0,213000.0,405000.0,4.0,8.0
Sabah,Papar,2025Q4,detached,1.0,450000.0,450000.0,450000.0,450000.0,450000.0,0.0,1.0
Sabah,Papar,2025Q4,low_cost_house,3.0,500000.0,166666.67,210000.0,140000.0,215000.0,3.0,3.0
Sabah,Papar,2025Q4,terrace,5.0,1918000.0,383600.0,400000.0,360000.0,405000.0,1.0,4.0
Sabah,Papar,2026Q1,all,6.0,2233000.0,372166.67,322000.0,297500.0,372750.0,2.0,5.0
Sabah,Papar,2026Q1,low_cost_house,1.0,240000.0,240000.0,240000.0,240000.0,240000.0,1.0,1.0
Sabah,Papar,2026Q1,terrace,5.0,1993000.0,398600.0,324000.0,320000.0,389000.0,1.0,4.0
Sabah,Papar,2026Q2,all,12.0,5068000.0,422333.33,410000.0,380000.0,467500.0,2.0,9.0
Sabah,Papar,2026Q2,detached,1.0,420000.0,420000.0,420000.0,420000.0,420000.0,0.0,1.0
Sabah,Papar,2026Q2,low_cost_house,2.0,268000.0,134000.0,134000.0,86000.0,182000.0,2.0,2.0
Sabah,Papar,2026Q2,semi_detached,1.0,400000.0,400000.0,400000.0,400000.0,400000.0,0.0,1.0
Sabah,Papar,2026Q2,terrace,8.0,3980000.0,497500.0,435000.0,393750.0,533750.0,0.0,5.0
Sabah,Penampang,2024Q1,all,52.0,24034000.0,462192.31,365000.0,280000.0,605000.0,19.0,35.0
Sabah,Penampang,2024Q1,condo,28.0,10312000.0,368285.71,327500.0,261500.0,405000.0,11.0,25.0
Sabah,Penampang,2024Q1,detached,1.0,635000.0,635000.0,635000.0,635000.0,635000.0,0.0,0.0
Sabah,Penampang,2024Q1,flat,7.0,1715000.0,245000.0,280000.0,245000.0,286500.0,7.0,7.0
Sabah,Penampang,2024Q1,low_cost_flat,1.0,297000.0,297000.0,297000.0,297000.0,297000.0,1.0,1.0
Sabah,Penampang,2024Q1,semi_detached,1.0,1650000.0,1650000.0,1650000.0,1650000.0,1650000.0,0.0,0.0
Sabah,Penampang,2024Q1,terrace,14.0,9425000.0,673214.29,687500.0,592500.0,727500.0,0.0,2.0
Sabah,Penampang,2024Q2,all,22.0,19900000.0,904545.45,795000.0,622500.0,1086250.0,0.0,2.0
Sabah,Penampang,2024Q2,detached,1.0,580000.0,580000.0,580000.0,580000.0,580000.0,0.0,0.0
Sabah,Penampang,2024Q2,semi_detached,6.0,8500000.0,1416666.67,1250000.0,1200000.0,1525000.0,0.0,0.0
Sabah,Penampang,2024Q2,terrace,15.0,10820000.0,721333.33,700000.0,597500.0,825000.0,0.0,2.0
Sabah,Penampang,2024Q3,all,15.0,11890000.0,792666.67,730000.0,545000.0,1000000.0,1.0,4.0
Sabah,Penampang,2024Q3,semi_detached,4.0,4970000.0,1242500.0,1200000.0,1000000.0,1442500.0,0.0,0.0
Sabah,Penampang,2024Q3,terrace,11.0,6920000.0,629090.91,630000.0,445000.0,745000.0,1.0,4.0
Sabah,Penampang,2024Q4,all,12.0,8580000.0,715000.0,710000.0,487500.0,852500.0,0.0,4.0
Sabah,Penampang,2024Q4,semi_detached,3.0,3180000.0,1060000.0,1070000.0,965000.0,1160000.0,0.0,0.0
Sabah,Penampang,2024Q4,terrace,9.0,5400000.0,600000.0,650000.0,450000.0,720000.0,0.0,4.0
Sabah,Penampang,2025Q1,all,8.0,7975000.0,996875.0,900000.0,653750.0,1175000.0,0.0,1.0
Sabah,Penampang,2025Q1,detached,1.0,560000.0,560000.0,560000.0,560000.0,560000.0,0.0,0.0
Sabah,Penampang,2025Q1,semi_detached,2.0,3380000.0,1690000.0,1690000.0,1545000.0,1835000.0,0.0,0.0
Sabah,Penampang,2025Q1,terrace,5.0,4035000.0,807000.0,900000.0,685000.0,900000.0,0.0,1.0
Sabah,Penampang,2025Q2,all,9.0,6744000.0,749333.33,750000.0,580000.0,830000.0,0.0,2.0
Sabah,Penampang,2025Q2,semi_detached,3.0,2930000.0,976666.67,950000.0,890000.0,1050000.0,0.0,0.0
Sabah,Penampang,2025Q2,terrace,6.0,3814000.0,635666.67,665000.0,520000.0,750000.0,0.0,2.0
Sabah,Penampang,2025Q3,all,13.0,10390000.0,799230.77,740000.0,630000.0,900000.0,0.0,1.0
Sabah,Penampang,2025Q3,semi_detached,3.0,3410000.0,1136666.67,1100000.0,1030000.0,1225000.0,0.0,0.0
Sabah,Penampang,2025Q3,terrace,10.0,6980000.0,698000.0,700000.0,607500.0,770000.0,0.0,1.0
Sabah,Penampang,2025Q4,all,6.0,5238000.0,873000.0,795000.0,565000.0,1257500.0,1.0,2.0
Sabah,Penampang,2025Q4,semi_detached,3.0,3680000.0,1226666.67,1400000.0,1115000.0,1425000.0,0.0,0.0
Sabah,Penampang,2025Q4,terrace,3.0,1558000.0,519333.33,500000.0,399000.0,630000.0,1.0,2.0
Sabah,Penampang,2026Q1,all,6.0,6438000.0,1073000.0,869000.0,709500.0,1075000.0,0.0,1.0
Sabah,Penampang,2026Q1,semi_detached,2.0,3400000.0,1700000.0,1700000.0,1350000.0,2050000.0,0.0,0.0
Sabah,Penampang,2026Q1,terrace,4.0,3038000.0,759500.0,719000.0,650000.0,828500.0,0.0,1.0
Sabah,Penampang,2026Q2,all,10.0,9047000.0,904700.0,828500.0,693750.0,962500.0,0.0,0.0
Sabah,Penampang,2026Q2,semi_detached,3.0,3860000.0,1286666.67,1000000.0,1000000.0,1430000.0,0.0,0.0
Sabah,Penampang,2026Q2,terrace,7.0,5187000.0,741000.0,720000.0,672500.0,828500.0,0.0,0.0
Sabah,Pitas,2024Q4,all,1.0,270000.0,270000.0,270000.0,270000.0,270000.0,1.0,1.0
Sabah,Pitas,2024Q4,terrace,1.0,270000.0,270000.0,270000.0,270000.0,270000.0,1.0,1.0
Sabah,Putatan,2024Q1,all,11.0,4153000.0,377545.45,380000.0,225000.0,505000.0,5.0,8.0
Sabah,Putatan,2024Q1,condo,2.0,528000.0,264000.0,264000.0,252000.0,276000.0,2.0,2.0
Sabah,Putatan,2024Q1,flat,1.0,185000.0,185000.0,185000.0,185000.0,185000.0,1.0,1.0
Sabah,Putatan,2024Q1,low_cost_flat,2.0,410000.0,205000.0,205000.0,202500.0,207500.0,2.0,2.0
Sabah,Putatan,2024Q1,terrace,6.0,3030000.0,505000.0,505000.0,445000.0,587500.0,0.0,3.0
Sabah,Putatan,2024Q2,all,8.0,3925000.0,490625.0,382500.0,350000.0,576250.0,0.0,5.0
Sabah,Putatan,2024Q2,semi_detached,2.0,1575000.0,787500.0,787500.0,713750.0,861250.0,0.0,0.0
Sabah,Putatan,2024Q2,terrace,6.0,2350000.0,391666.67,357500.0,350000.0,391250.0,0.0,5.0
Sabah,Putatan,2024Q3,all,10.0,4705000.0,470500.0,405000.0,310000.0,637500.0,3.0,6.0
Sabah,Putatan,2024Q3,terrace,10.0,4705000.0,470500.0,405000.0,310000.0,637500.0,3.0,6.0
Sabah,Putatan,2024Q4,all,6.0,3153000.0,525500.0,475000.0,390000.0,635000.0,0.0,4.0
Sabah,Putatan,2024Q4,terrace,6.0,3153000.0,525500.0,475000.0,390000.0,635000.0,0.0,4.0
Sabah,Putatan,2025Q1,all,4.0,2330000.0,582500.0,510000.0,465000.0,627500.0,0.0,2.0
Sabah,Putatan,2025Q1,semi_detached,1.0,950000.0,950000.0,950000.0,950000.0,950000.0,0.0,0.0
Sabah,Putatan,2025Q1,terrace,3.0,1380000.0,460000.0,500000.0,430000.0,510000.0,0.0,2.0
Sabah,Putatan,2025Q2,all,2.0,1755000.0,877500.0,877500.0,753750.0,1001250.0,0.0,0.0
Sabah,Putatan,2025Q2,semi_detached,1.0,1125000.0,1125000.0,1125000.0,1125000.0,1125000.0,0.0,0.0
Sabah,Putatan,2025Q2,terrace,1.0,630000.0,630000.0,630000.0,630000.0,630000.0,0.0,0.0
Sabah,Putatan,2025Q3,all,4.0,1640000.0,410000.0,380000.0,352500.0,437500.0,0.0,3.0
Sabah,Putatan,2025Q3,low_cost_house,1.0,360000.0,360000.0,360000.0,360000.0,360000.0,0.0,1.0
Sabah,Putatan,2025Q3,terrace,3.0,1280000.0,426666.67,400000.0,365000.0,475000.0,0.0,2.0
Sabah,Putatan,2025Q4,all,3.0,1750000.0,583333.33,470000.0,385000.0,725000.0,1.0,2.0
Sabah,Putatan,2025Q4,semi_detached,1.0,980000.0,980000.0,980000.0,980000.0,980000.0,0.0,0.0
Sabah,Putatan,2025Q4,terrace,2.0,770000.0,385000.0,385000.0,342500.0,427500.0,1.0,2.0
Sabah,Putatan,2026Q1,all,9.0,4220000.0,468888.89,470000.0,470000.0,500000.0,0.0,8.0
Sabah,Putatan,2026Q1,terrace,9.0,4220000.0,468888.89,470000.0,470000.0,500000.0,0.0,8.0
Sabah,Putatan,2026Q2,all,4.0,4025000.0,1006250.0,580000.0,398750.0,1187500.0,0.0,2.0
Sabah,Putatan,2026Q2,detached,1.0,2500000.0,2500000.0,2500000.0,2500000.0,2500000.0,0.0,0.0
Sabah,Putatan,2026Q2,terrace,3.0,1525000.0,508333.33,410000.0,387500.0,580000.0,0.0,2.0
Sabah,Ranau,2024Q1,all,2.0,500000.0,250000.0,250000.0,245000.0,255000.0,2.0,2.0
Sabah,Ranau,2024Q1,terrace,2.0,500000.0,250000.0,250000.0,245000.0,255000.0,2.0,2.0
Sabah,Ranau,2024Q2,all,5.0,1860000.0,372000.0,260000.0,250000.0,260000.0,4.0,4.0
Sabah,Ranau,2024Q2,detached,1.0,850000.0,850000.0,850000.0,850000.0,850000.0,0.0,0.0
Sabah,Ranau,2024Q2,terrace,4.0,1010000.0,252500.0,255000.0,247500.0,260000.0,4.0,4.0
Sabah,Ranau,2024Q3,all,1.0,250000.0,250000.0,250000.0,250000.0,250000.0,1.0,1.0
Sabah,Ranau,2024Q3,terrace,1.0,250000.0,250000.0,250000.0,250000.0,250000.0,1.0,1.0
Sabah,Ranau,2024Q4,all,3.0,798000.0,266000.0,268000.0,264000.0,269000.0,3.0,3.0
Sabah,Ranau,2024Q4,terrace,3.0,798000.0,266000.0,268000.0,264000.0,269000.0,3.0,3.0
Sabah,Ranau,2025Q1,all,2.0,530000.0,265000.0,265000.0,250000.0,280000.0,2.0,2.0
Sabah,Ranau,2025Q1,terrace,2.0,530000.0,265000.0,265000.0,250000.0,280000.0,2.0,2.0
Sabah,Ranau,2025Q3,all,1.0,360000.0,360000.0,360000.0,360000.0,360000.0,0.0,1.0
Sabah,Ranau,2025Q3,terrace,1.0,360000.0,360000.0,360000.0,360000.0,360000.0,0.0,1.0
Sabah,Ranau,2025Q4,all,1.0,348000.0,348000.0,348000.0,348000.0,348000.0,0.0,1.0
Sabah,Ranau,2025Q4,low_cost_house,1.0,348000.0,348000.0,348000.0,348000.0,348000.0,0.0,1.0
Sabah,Ranau,2026Q2,all,1.0,290000.0,290000.0,290000.0,290000.0,290000.0,1.0,1.0
Sabah,Ranau,2026Q2,terrace,1.0,290000.0,290000.0,290000.0,290000.0,290000.0,1.0,1.0
Sabah,Sandakan,2024Q1,all,91.0,34464000.0,378725.27,360000.0,232500.0,455000.0,35.0,75.0
Sabah,Sandakan,2024Q1,condo,21.0,5083000.0,242047.62,220000.0,190000.0,250000.0,16.0,21.0
Sabah,Sandakan,2024Q1,detached,3.0,2760000.0,920000.0,990000.0,770000.0,1105000.0,0.0,0.0
Sabah,Sandakan,2024Q1,flat,6.0,793000.0,132166.67,130000.0,112500.0,159500.0,6.0,6.0
Sabah,Sandakan,2024Q1,low_cost_flat,1.0,171000.0,171000.0,171000.0,171000.0,171000.0,1.0,1.0
Sabah,Sandakan,2024Q1,low_cost_house,3.0,320000.0,106666.67,100000.0,95000.0,115000.0,3.0,3.0
Sabah,Sandakan,2024Q1,semi_detached,6.0,3821000.0,636833.33,650000.0,530000.0,719750.0,0.0,2.0
Sabah,Sandakan,2024Q1,terrace,51.0,21516000.0,421882.35,390000.0,350000.0,470000.0,9.0,42.0
Sabah,Sandakan,2024Q2,all,72.0,31233000.0,433791.67,393500.0,320000.0,480000.0,16.0,61.0
Sabah,Sandakan,2024Q2,detached,4.0,4690000.0,1172500.0,1175000.0,522500.0,1825000.0,1.0,1.0
Sabah,Sandakan,2024Q2,low_cost_house,3.0,365000.0,121666.67,140000.0,112500.0,140000.0,3.0,3.0
Sabah,Sandakan,2024Q2,semi_detached,5.0,2840000.0,568000.0,500000.0,480000.0,650000.0,0.0,3.0
Sabah,Sandakan,2024Q2,terrace,60.0,23338000.0,388966.67,382500.0,320000.0,450000.0,12.0,54.0
Sabah,Sandakan,2024Q3,all,72.0,33498000.0,465250.0,405000.0,350000.0,481250.0,10.0,59.0
Sabah,Sandakan,2024Q3,detached,5.0,5650000.0,1130000.0,1100000.0,800000.0,1280000.0,0.0,1.0
Sabah,Sandakan,2024Q3,low_cost_house,2.0,280000.0,140000.0,140000.0,135000.0,145000.0,2.0,2.0
Sabah,Sandakan,2024Q3,semi_detached,5.0,3235000.0,647000.0,485000.0,450000.0,900000.0,1.0,3.0
Sabah,Sandakan,2024Q3,terrace,60.0,24333000.0,405550.0,400000.0,350000.0,452500.0,7.0,53.0
Sabah,Sandakan,2024Q4,all,38.0,19535000.0,514078.95,417500.0,368750.0,467500.0,4.0,33.0
Sabah,Sandakan,2024Q4,detached,4.0,5155000.0,1288750.0,700000.0,488750.0,1500000.0,1.0,1.0
Sabah,Sandakan,2024Q4,semi_detached,2.0,1660000.0,830000.0,830000.0,780000.0,880000.0,0.0,0.0
Sabah,Sandakan,2024Q4,terrace,32.0,12720000.0,397500.0,400000.0,363750.0,450000.0,3.0,32.0
Sabah,Sandakan,2025Q1,all,15.0,5835000.0,389000.0,350000.0,295000.0,445000.0,6.0,11.0
Sabah,Sandakan,2025Q1,semi_detached,2.0,1300000.0,650000.0,650000.0,625000.0,675000.0,0.0,0.0
Sabah,Sandakan,2025Q1,terrace,13.0,4535000.0,348846.15,320000.0,290000.0,365000.0,6.0,11.0
Sabah,Sandakan,2025Q2,all,38.0,17602000.0,463210.53,435000.0,338000.0,530000.0,5.0,27.0
Sabah,Sandakan,2025Q2,semi_detached,3.0,2380000.0,793333.33,880000.0,740000.0,890000.0,0.0,0.0
Sabah,Sandakan,2025Q2,terrace,35.0,15222000.0,434914.29,420000.0,332000.0,487500.0,5.0,27.0
Sabah,Sandakan,2025Q3,all,30.0,14148000.0,471600.0,445000.0,380000.0,515000.0,1.0,22.0
Sabah,Sandakan,2025Q3,semi_detached,5.0,3330000.0,666000.0,650000.0,650000.0,750000.0,0.0,0.0
Sabah,Sandakan,2025Q3,terrace,25.0,10818000.0,432720.0,430000.0,368000.0,490000.0,1.0,22.0
Sabah,Sandakan,2025Q4,all,39.0,16092000.0,412615.38,400000.0,350000.0,445000.0,4.0,35.0
Sabah,Sandakan,2025Q4,detached,3.0,1700000.0,566666.67,750000.0,475000.0,750000.0,1.0,1.0
Sabah,Sandakan,2025Q4,semi_detached,2.0,970000.0,485000.0,485000.0,477500.0,492500.0,0.0,2.0
Sabah,Sandakan,2025Q4,terrace,34.0,13422000.0,394764.71,380000.0,350000.0,430000.0,3.0,32.0
Sabah,Sandakan,2026Q1,all,30.0,16061000.0,535366.67,452500.0,403750.0,552500.0,0.0,21.0
Sabah,Sandakan,2026Q1,detached,4.0,3998000.0,999500.0,774000.0,710000.0,1063500.0,0.0,0.0
Sabah,Sandakan,2026Q1,semi_detached,3.0,1845000.0,615000.0,680000.0,565000.0,697500.0,0.0,1.0
Sabah,Sandakan,2026Q1,terrace,23.0,10218000.0,444260.87,420000.0,387500.0,480000.0,0.0,20.0
Sabah,Sandakan,2026Q2,all,48.0,20461000.0,426270.83,400000.0,347500.0,485000.0,7.0,40.0
Sabah,Sandakan,2026Q2,detached,1.0,890000.0,890000.0,890000.0,890000.0,890000.0,0.0,0.0
Sabah,Sandakan,2026Q2,low_cost_house,2.0,155000.0,77500.0,77500.0,76250.0,78750.0,2.0,2.0
Sabah,Sandakan,2026Q2,semi_detached,6.0,3520000.0,586666.67,675000.0,537500.0,715000.0,1.0,2.0
Sabah,Sandakan,2026Q2,terrace,39.0,15896000.0,407589.74,395000.0,350000.0,455000.0,4.0,36.0
Sabah,Semporna,2024Q1,all,3.0,960000.0,320000.0,300000.0,300000.0,330000.0,2.0,3.0
Sabah,Semporna,2024Q1,terrace,3.0,960000.0,320000.0,300000.0,300000.0,330000.0,2.0,3.0
Sabah,Semporna,2024Q2,all,6.0,1770000.0,295000.0,267500.0,250000.0,333750.0,4.0,6.0
Sabah,Semporna,2024Q2,cluster,1.0,250000.0,250000.0,250000.0,250000.0,250000.0,1.0,1.0
Sabah,Semporna,2024Q2,terrace,5.0,1520000.0,304000.0,285000.0,250000.0,350000.0,3.0,5.0
Sabah,Semporna,2024Q3,all,2.0,500000.0,250000.0,250000.0,237500.0,262500.0,2.0,2.0
Sabah,Semporna,2024Q3,terrace,2.0,500000.0,250000.0,250000.0,237500.0,262500.0,2.0,2.0
Sabah,Semporna,2024Q4,all,3.0,1080000.0,360000.0,330000.0,315000.0,390000.0,1.0,3.0
Sabah,Semporna,2024Q4,terrace,3.0,1080000.0,360000.0,330000.0,315000.0,390000.0,1.0,3.0
Sabah,Semporna,2025Q1,all,1.0,370000.0,370000.0,370000.0,370000.0,370000.0,0.0,1.0
Sabah,Semporna,2025Q1,terrace,1.0,370000.0,370000.0,370000.0,370000.0,370000.0,0.0,1.0
Sabah,Semporna,2025Q2,all,2.0,412000.0,206000.0,206000.0,119000.0,293000.0,1.0,2.0
Sabah,Semporna,2025Q2,terrace,2.0,412000.0,206000.0,206000.0,119000.0,293000.0,1.0,2.0
Sabah,Semporna,2025Q3,all,5.0,1700000.0,340000.0,320000.0,300000.0,350000.0,2.0,5.0
Sabah,Semporna,2025Q3,cluster,1.0,300000.0,300000.0,300000.0,300000.0,300000.0,1.0,1.0
Sabah,Semporna,2025Q3,terrace,4.0,1400000.0,350000.0,335000.0,305000.0,380000.0,1.0,4.0
Sabah,Semporna,2025Q4,all,4.0,1285000.0,321250.0,310000.0,291250.0,340000.0,2.0,4.0
Sabah,Semporna,2025Q4,terrace,4.0,1285000.0,321250.0,310000.0,291250.0,340000.0,2.0,4.0
Sabah,Semporna,2026Q1,all,3.0,1540000.0,513333.33,320000.0,310000.0,620000.0,1.0,2.0
Sabah,Semporna,2026Q1,low_cost_house,1.0,920000.0,920000.0,920000.0,920000.0,920000.0,0.0,0.0
Sabah,Semporna,2026Q1,terrace,2.0,620000.0,310000.0,310000.0,305000.0,315000.0,1.0,2.0
Sabah,Semporna,2026Q2,all,6.0,2550000.0,425000.0,380000.0,290000.0,485000.0,2.0,5.0
Sabah,Semporna,2026Q2,cluster,1.0,320000.0,320000.0,320000.0,320000.0,320000.0,0.0,1.0
Sabah,Semporna,2026Q2,low_cost_house,1.0,250000.0,250000.0,250000.0,250000.0,250000.0,1.0,1.0
Sabah,Semporna,2026Q2,semi_detached,2.0,1200000.0,600000.0,600000.0,520000.0,680000.0,0.0,1.0
Sabah,Semporna,2026Q2,terrace,2.0,780000.0,390000.0,390000.0,335000.0,445000.0,1.0,2.0
Sabah,Sipitang,2025Q1,all,1.0,298000.0,298000.0,298000.0,298000.0,298000.0,1.0,1.0
Sabah,Sipitang,2025Q1,terrace,1.0,298000.0,298000.0,298000.0,298000.0,298000.0,1.0,1.0
Sabah,Sipitang,2025Q2,all,1.0,380000.0,380000.0,380000.0,380000.0,380000.0,0.0,1.0
Sabah,Sipitang,2025Q2,terrace,1.0,380000.0,380000.0,380000.0,380000.0,380000.0,0.0,1.0
Sabah,Sipitang,2025Q3,all,1.0,350000.0,350000.0,350000.0,350000.0,350000.0,0.0,1.0
Sabah,Sipitang,2025Q3,terrace,1.0,350000.0,350000.0,350000.0,350000.0,350000.0,0.0,1.0
Sabah,Sipitang,2025Q4,all,1.0,398000.0,398000.0,398000.0,398000.0,398000.0,0.0,1.0
Sabah,Sipitang,2025Q4,terrace,1.0,398000.0,398000.0,398000.0,398000.0,398000.0,0.0,1.0
Sabah,Sipitang,2026Q2,all,3.0,1160000.0,386666.67,390000.0,365000.0,410000.0,0.0,3.0
Sabah,Sipitang,2026Q2,terrace,3.0,1160000.0,386666.67,390000.0,365000.0,410000.0,0.0,3.0
Sabah,Tambunan,2024Q3,all,1.0,430000.0,430000.0,430000.0,430000.0,430000.0,0.0,1.0
Sabah,Tambunan,2024Q3,terrace,1.0,430000.0,430000.0,430000.0,430000.0,430000.0,0.0,1.0
Sabah,Tawau,2024Q1,all,55.0,20116000.0,365745.45,330000.0,220000.0,420000.0,23.0,48.0
Sabah,Tawau,2024Q1,cluster,2.0,585000.0,292500.0,292500.0,276250.0,308750.0,1.0,2.0
Sabah,Tawau,2024Q1,detached,2.0,1050000.0,525000.0,525000.0,337500.0,712500.0,1.0,1.0
Sabah,Tawau,2024Q1,low_cost_house,10.0,2330000.0,233000.0,200000.0,185000.0,243750.0,8.0,10.0
Sabah,Tawau,2024Q1,semi_detached,4.0,3250000.0,812500.0,765000.0,527500.0,1050000.0,0.0,0.0
Sabah,Tawau,2024Q1,terrace,37.0,12901000.0,348675.68,355000.0,270000.0,420000.0,13.0,35.0
Sabah,Tawau,2024Q2,all,55.0,21103000.0,383690.91,370000.0,250000.0,471500.0,19.0,46.0
Sabah,Tawau,2024Q2,detached,1.0,750000.0,750000.0,750000.0,750000.0,750000.0,0.0,0.0
Sabah,Tawau,2024Q2,low_cost_house,3.0,550000.0,183333.33,190000.0,175000.0,195000.0,3.0,3.0
Sabah,Tawau,2024Q2,semi_detached,5.0,3330000.0,666000.0,650000.0,630000.0,700000.0,0.0,0.0
Sabah,Tawau,2024Q2,terrace,46.0,16473000.0,358108.7,360000.0,258750.0,409000.0,16.0,43.0
Sabah,Tawau,2024Q3,all,56.0,22751000.0,406267.86,369000.0,257500.0,491750.0,21.0,46.0
Sabah,Tawau,2024Q3,cluster,1.0,230000.0,230000.0,230000.0,230000.0,230000.0,1.0,1.0
Sabah,Tawau,2024Q3,detached,1.0,750000.0,750000.0,750000.0,750000.0,750000.0,0.0,0.0
Sabah,Tawau,2024Q3,low_cost_house,4.0,695000.0,173750.0,187500.0,160000.0,201250.0,4.0,4.0
Sabah,Tawau,2024Q3,semi_detached,3.0,2650000.0,883333.33,800000.0,675000.0,1050000.0,0.0,0.0
Sabah,Tawau,2024Q3,terrace,47.0,18426000.0,392042.55,370000.0,270000.0,477500.0,16.0,41.0
Sabah,Tawau,2024Q4,all,41.0,19329000.0,471439.02,390000.0,280000.0,520000.0,11.0,30.0
Sabah,Tawau,2024Q4,cluster,1.0,280000.0,280000.0,280000.0,280000.0,280000.0,1.0,1.0
Sabah,Tawau,2024Q4,detached,3.0,3300000.0,1100000.0,1150000.0,835000.0,1390000.0,0.0,0.0
Sabah,Tawau,2024Q4,low_cost_house,5.0,1025000.0,205000.0,200000.0,200000.0,210000.0,5.0,5.0
Sabah,Tawau,2024Q4,semi_detached,4.0,3000000.0,750000.0,825000.0,712500.0,862500.0,0.0,1.0
Sabah,Tawau,2024Q4,terrace,28.0,11724000.0,418714.29,390000.0,350000.0,473250.0,5.0,23.0
Sabah,Tawau,2025Q1,all,29.0,11736000.0,404689.66,390000.0,280000.0,480000.0,10.0,24.0
Sabah,Tawau,2025Q1,cluster,1.0,220000.0,220000.0,220000.0,220000.0,220000.0,1.0,1.0
Sabah,Tawau,2025Q1,low_cost_house,3.0,600000.0,200000.0,200000.0,175000.0,225000.0,3.0,3.0
Sabah,Tawau,2025Q1,semi_detached,4.0,2845000.0,711250.0,647500.0,621250.0,737500.0,0.0,0.0
Sabah,Tawau,2025Q1,terrace,21.0,8071000.0,384333.33,390000.0,295000.0,440000.0,6.0,20.0
Sabah,Tawau,2025Q2,all,35.0,12493000.0,356942.86,340000.0,250000.0,442500.0,16.0,32.0
Sabah,Tawau,2025Q2,cluster,2.0,480000.0,240000.0,240000.0,235000.0,245000.0,2.0,2.0
Sabah,Tawau,2025Q2,low_cost_house,3.0,720000.0,240000.0,250000.0,210000.0,275000.0,3.0,3.0
Sabah,Tawau,2025Q2,semi_detached,4.0,2212000.0,553000.0,530000.0,468000.0,615000.0,0.0,2.0
Sabah,Tawau,2025Q2,terrace,26.0,9081000.0,349269.23,345000.0,260000.0,431250.0,11.0,25.0
Sabah,Tawau,2025Q3,all,41.0,15956000.0,389170.73,375000.0,250000.0,450000.0,14.0,37.0
Sabah,Tawau,2025Q3,cluster,7.0,1608000.0,229714.29,240000.0,210000.0,250000.0,7.0,7.0
Sabah,Tawau,2025Q3,detached,3.0,2010000.0,670000.0,580000.0,455000.0,840000.0,0.0,1.0
Sabah,Tawau,2025Q3,low_cost_house,3.0,810000.0,270000.0,250000.0,240000.0,290000.0,2.0,3.0
Sabah,Tawau,2025Q3,semi_detached,3.0,1990000.0,663333.33,650000.0,575000.0,745000.0,0.0,1.0
Sabah,Tawau,2025Q3,terrace,25.0,9538000.0,381520.0,400000.0,340000.0,450000.0,5.0,25.0
Sabah,Tawau,2025Q4,all,21.0,9335000.0,444523.81,400000.0,350000.0,490000.0,5.0,18.0
Sabah,Tawau,2025Q4,cluster,1.0,190000.0,190000.0,190000.0,190000.0,190000.0,1.0,1.0
Sabah,Tawau,2025Q4,detached,1.0,1500000.0,1500000.0,1500000.0,1500000.0,1500000.0,0.0,0.0
Sabah,Tawau,2025Q4,low_cost_house,2.0,475000.0,237500.0,237500.0,228750.0,246250.0,2.0,2.0
Sabah,Tawau,2025Q4,semi_detached,4.0,2250000.0,562500.0,550000.0,497500.0,615000.0,0.0,2.0
Sabah,Tawau,2025Q4,terrace,13.0,4920000.0,378461.54,390000.0,350000.0,420000.0,2.0,13.0
Sabah,Tawau,2026Q1,all,25.0,14696000.0,587840.0,450000.0,340000.0,700000.0,5.0,17.0
Sabah,Tawau,2026Q1,detached,2.0,3000000.0,1500000.0,1500000.0,1175000.0,1825000.0,0.0,0.0
Sabah,Tawau,2026Q1,low_cost_house,3.0,660000.0,220000.0,250000.0,205000.0,250000.0,3.0,3.0
Sabah,Tawau,2026Q1,semi_detached,5.0,4831000.0,966200.0,850000.0,840000.0,1210000.0,0.0,1.0
Sabah,Tawau,2026Q1,terrace,15.0,6205000.0,413666.67,400000.0,345000.0,485000.0,2.0,13.0
Sabah,Tawau,2026Q2,all,44.0,20795000.0,472613.64,360000.0,268750.0,502500.0,18.0,33.0
Sabah,Tawau,2026Q2,cluster,3.0,775000.0,258333.33,250000.0,240000.0,272500.0,3.0,3.0
Sabah,Tawau,2026Q2,detached,3.0,3475000.0,1158333.33,840000.0,837500.0,1320000.0,0.0,0.0
Sabah,Tawau,2026Q2,low_cost_house,3.0,710000.0,236666.67,250000.0,225000.0,255000.0,3.0,3.0
Sabah,Tawau,2026Q2,semi_detached,5.0,4360000.0,872000.0,600000.0,530000.0,1430000.0,1.0,1.0
Sabah,Tawau,2026Q2,terrace,30.0,11475000.0,382500.0,360000.0,291250.0,450000.0,11.0,26.0
Sabah,Tenom,2024Q3,all,1.0,320000.0,320000.0,320000.0,320000.0,320000.0,0.0,1.0
Sabah,Tenom,2024Q3,terrace,1.0,320000.0,320000.0,320000.0,320000.0,320000.0,0.0,1.0
Sabah,Tenom,2024Q4,all,2.0,548000.0,274000.0,274000.0,252000.0,296000.0,1.0,2.0
Sabah,Tenom,2024Q4,terrace,2.0,548000.0,274000.0,274000.0,252000.0,296000.0,1.0,2.0
Sabah,Tenom,2025Q1,all,2.0,620000.0,310000.0,310000.0,290000.0,330000.0,1.0,2.0
Sabah,Tenom,2025Q1,detached,1.0,350000.0,350000.0,350000.0,350000.0,350000.0,0.0,1.0
Sabah,Tenom,2025Q1,terrace,1.0,270000.0,270000.0,270000.0,270000.0,270000.0,1.0,1.0
Sabah,Tenom,2025Q2,all,1.0,350000.0,350000.0,350000.0,350000.0,350000.0,0.0,1.0
Sabah,Tenom,2025Q2,terrace,1.0,350000.0,350000.0,350000.0,350000.0,350000.0,0.0,1.0
Sabah,Tenom,2025Q3,all,1.0,260000.0,260000.0,260000.0,260000.0,260000.0,1.0,1.0
Sabah,Tenom,2025Q3,terrace,1.0,260000.0,260000.0,260000.0,260000.0,260000.0,1.0,1.0
Sabah,Tenom,2025Q4,all,3.0,978000.0,326000.0,300000.0,291000.0,348000.0,2.0,3.0
Sabah,Tenom,2025Q4,terrace,3.0,978000.0,326000.0,300000.0,291000.0,348000.0,2.0,3.0
Sabah,Tenom,2026Q1,all,1.0,430000.0,430000.0,430000.0,430000.0,430000.0,0.0,1.0
Sabah,Tenom,2026Q1,terrace,1.0,430000.0,430000.0,430000.0,430000.0,430000.0,0.0,1.0
Sabah,Tenom,2026Q2,all,1.0,538000.0,538000.0,538000.0,538000.0,538000.0,0.0,0.0
Sabah,Tenom,2026Q2,terrace,1.0,538000.0,538000.0,538000.0,538000.0,538000.0,0.0,0.0
Sabah,Tuaran,2024Q1,all,19.0,6567000.0,345631.58,340000.0,297500.0,409000.0,6.0,19.0
Sabah,Tuaran,2024Q1,condo,3.0,780000.0,260000.0,285000.0,242500.0,290000.0,3.0,3.0
Sabah,Tuaran,2024Q1,detached,1.0,388000.0,388000.0,388000.0,388000.0,388000.0,0.0,1.0
Sabah,Tuaran,2024Q1,low_cost_flat,2.0,360000.0,180000.0,180000.0,170000.0,190000.0,2.0,2.0
Sabah,Tuaran,2024Q1,semi_detached,1.0,486000.0,486000.0,486000.0,486000.0,486000.0,0.0,1.0
Sabah,Tuaran,2024Q1,terrace,12.0,4553000.0,379416.67,359000.0,337500.0,435000.0,1.0,12.0
Sabah,Tuaran,2024Q2,all,11.0,3801000.0,345545.45,323000.0,313500.0,365000.0,2.0,11.0
Sabah,Tuaran,2024Q2,terrace,11.0,3801000.0,345545.45,323000.0,313500.0,365000.0,2.0,11.0
Sabah,Tuaran,2024Q3,all,11.0,3702000.0,336545.45,335000.0,325000.0,395000.0,1.0,11.0
Sabah,Tuaran,2024Q3,detached,1.0,17000.0,17000.0,17000.0,17000.0,17000.0,1.0,1.0
Sabah,Tuaran,2024Q3,terrace,10.0,3685000.0,368500.0,342500.0,330000.0,402500.0,0.0,10.0
Sabah,Tuaran,2024Q4,all,5.0,1810000.0,362000.0,330000.0,320000.0,390000.0,0.0,5.0
Sabah,Tuaran,2024Q4,terrace,5.0,1810000.0,362000.0,330000.0,320000.0,390000.0,0.0,5.0
Sabah,Tuaran,2025Q1,all,7.0,2448000.0,349714.29,335000.0,330000.0,365000.0,1.0,7.0
Sabah,Tuaran,2025Q1,terrace,7.0,2448000.0,349714.29,335000.0,330000.0,365000.0,1.0,7.0
Sabah,Tuaran,2025Q2,all,6.0,2130000.0,355000.0,322500.0,290000.0,403750.0,2.0,6.0
Sabah,Tuaran,2025Q2,terrace,6.0,2130000.0,355000.0,322500.0,290000.0,403750.0,2.0,6.0
Sabah,Tuaran,2025Q3,all,8.0,2977000.0,372125.0,362500.0,320750.0,412500.0,1.0,8.0
Sabah,Tuaran,2025Q3,terrace,8.0,2977000.0,372125.0,362500.0,320750.0,412500.0,1.0,8.0
Sabah,Tuaran,2025Q4,all,6.0,2310000.0,385000.0,380000.0,360000.0,415000.0,0.0,6.0
Sabah,Tuaran,2025Q4,terrace,6.0,2310000.0,385000.0,380000.0,360000.0,415000.0,0.0,6.0
Sabah,Tuaran,2026Q1,all,4.0,1343000.0,335750.0,320000.0,307000.0,348750.0,1.0,4.0
Sabah,Tuaran,2026Q1,terrace,4.0,1343000.0,335750.0,320000.0,307000.0,348750.0,1.0,4.0
Sabah,Tuaran,2026Q2,all,9.0,3934000.0,437111.11,350000.0,280000.0,600000.0,3.0,6.0
Sabah,Tuaran,2026Q2,semi_detached,1.0,600000.0,600000.0,600000.0,600000.0,600000.0,0.0,0.0
Sabah,Tuaran,2026Q2,terrace,8.0,3334000.0,416750.0,330000.0,277500.0,537500.0,3.0,6.0
Sarawak,Bahagian Betong,2024Q1,all,7.0,2046000.0,292285.71,320000.0,224000.0,345000.0,3.0,7.0
Sarawak,Bahagian Betong,2024Q1,low_cost_house,1.0,150000.0,150000.0,150000.0,150000.0,150000.0,1.0,1.0
Sarawak,Bahagian Betong,2024Q1,semi_detached,3.0,1078000.0,359333.33,320000.0,320000.0,379000.0,0.0,3.0
Sarawak,Bahagian Betong,2024Q1,terrace,3.0,818000.0,272666.67,260000.0,224000.0,315000.0,2.0,3.0
Sarawak,Bahagian Betong,2024Q2,all,3.0,510000.0,170000.0,170000.0,125000.0,215000.0,3.0,3.0
Sarawak,Bahagian Betong,2024Q2,low_cost_house,2.0,250000.0,125000.0,125000.0,102500.0,147500.0,2.0,2.0
Sarawak,Bahagian Betong,2024Q2,terrace,1.0,260000.0,260000.0,260000.0,260000.0,260000.0,1.0,1.0
Sarawak,Bahagian Betong,2024Q3,all,4.0,903000.0,225750.0,255000.0,135750.0,345000.0,2.0,4.0
Sarawak,Bahagian Betong,2024Q3,detached,1.0,33000.0,33000.0,33000.0,33000.0,33000.0,1.0,1.0
Sarawak,Bahagian Betong,2024Q3,terrace,3.0,870000.0,290000.0,340000.0,255000.0,350000.0,1.0,3.0
Sarawak,Bahagian Betong,2024Q4,all,3.0,939000.0,313000.0,370000.0,270000.0,384500.0,1.0,3.0
Sarawak,Bahagian Betong,2024Q4,terrace,3.0,939000.0,313000.0,370000.0,270000.0,384500.0,1.0,3.0
Sarawak,Bahagian Betong,2025Q1,all,2.0,260000.0,130000.0,130000.0,90000.0,170000.0,2.0,2.0
Sarawak,Bahagian Betong,2025Q1,detached,1.0,50000.0,50000.0,50000.0,50000.0,50000.0,1.0,1.0
Sarawak,Bahagian Betong,2025Q1,terrace,1.0,210000.0,210000.0,210000.0,210000.0,210000.0,1.0,1.0
Sarawak,Bahagian Betong,2025Q3,all,1.0,355000.0,355000.0,355000.0,355000.0,355000.0,0.0,1.0
Sarawak,Bahagian Betong,2025Q3,terrace,1.0,355000.0,355000.0,355000.0,355000.0,355000.0,0.0,1.0
Sarawak,Bahagian Betong,2025Q4,all,2.0,821000.0,410500.0,410500.0,402750.0,418250.0,0.0,2.0
Sarawak,Bahagian Betong,2025Q4,terrace,2.0,821000.0,410500.0,410500.0,402750.0,418250.0,0.0,2.0
Sarawak,Bahagian Betong,2026Q1,all,2.0,330000.0,165000.0,165000.0,102500.0,227500.0,2.0,2.0
Sarawak,Bahagian Betong,2026Q1,detached,1.0,40000.0,40000.0,40000.0,40000.0,40000.0,1.0,1.0
Sarawak,Bahagian Betong,2026Q1,terrace,1.0,290000.0,290000.0,290000.0,290000.0,290000.0,1.0,1.0
Sarawak,Bahagian Betong,2026Q2,all,4.0,1080000.0,270000.0,300000.0,257500.0,312500.0,3.0,4.0
Sarawak,Bahagian Betong,2026Q2,low_cost_house,1.0,130000.0,130000.0,130000.0,130000.0,130000.0,1.0,1.0
Sarawak,Bahagian Betong,2026Q2,terrace,3.0,950000.0,316666.67,300000.0,300000.0,325000.0,2.0,3.0
Sarawak,Bahagian Bintulu,2024Q1,all,60.0,29560000.0,492666.67,499500.0,358750.0,592500.0,10.0,34.0
Sarawak,Bahagian Bintulu,2024Q1,condo,3.0,1569000.0,523000.0,515000.0,474500.0,567500.0,0.0,1.0
Sarawak,Bahagian Bintulu,2024Q1,detached,3.0,1710000.0,570000.0,380000.0,365000.0,680000.0,0.0,2.0
Sarawak,Bahagian Bintulu,2024Q1,low_cost_flat,4.0,385000.0,96250.0,92500.0,80000.0,108750.0,4.0,4.0
Sarawak,Bahagian Bintulu,2024Q1,low_cost_house,9.0,2925000.0,325000.0,350000.0,280000.0,370000.0,4.0,9.0
Sarawak,Bahagian Bintulu,2024Q1,semi_detached,9.0,6650000.0,738888.89,800000.0,530000.0,890000.0,0.0,2.0
Sarawak,Bahagian Bintulu,2024Q1,terrace,32.0,16321000.0,510031.25,525000.0,415000.0,592500.0,2.0,16.0
Sarawak,Bahagian Bintulu,2024Q2,all,65.0,29961000.0,460938.46,420000.0,270000.0,560000.0,22.0,40.0
Sarawak,Bahagian Bintulu,2024Q2,condo,13.0,5976000.0,459692.31,480000.0,260000.0,520000.0,4.0,9.0
Sarawak,Bahagian Bintulu,2024Q2,detached,4.0,3873000.0,968250.0,900500.0,725000.0,1143750.0,0.0,0.0
Sarawak,Bahagian Bintulu,2024Q2,low_cost_flat,11.0,1060000.0,96363.64,80000.0,60000.0,97500.0,11.0,11.0
Sarawak,Bahagian Bintulu,2024Q2,low_cost_house,12.0,3915000.0,326250.0,310000.0,300000.0,356250.0,6.0,12.0
Sarawak,Bahagian Bintulu,2024Q2,semi_detached,6.0,4595000.0,765833.33,740000.0,681250.0,945000.0,0.0,1.0
Sarawak,Bahagian Bintulu,2024Q2,terrace,19.0,10542000.0,554842.11,550000.0,499500.0,597500.0,1.0,7.0
Sarawak,Bahagian Bintulu,2024Q3,all,50.0,22717000.0,454340.0,400000.0,320000.0,575000.0,12.0,36.0
Sarawak,Bahagian Bintulu,2024Q3,condo,9.0,2845000.0,316111.11,320000.0,250000.0,340000.0,3.0,9.0
Sarawak,Bahagian Bintulu,2024Q3,detached,3.0,2585000.0,861666.67,1000000.0,727500.0,1065000.0,0.0,1.0
Sarawak,Bahagian Bintulu,2024Q3,low_cost_flat,4.0,640000.0,160000.0,160000.0,102500.0,217500.0,4.0,4.0
Sarawak,Bahagian Bintulu,2024Q3,low_cost_house,11.0,3217000.0,292454.55,320000.0,231000.0,380000.0,5.0,11.0
Sarawak,Bahagian Bintulu,2024Q3,semi_detached,3.0,1950000.0,650000.0,380000.0,375000.0,790000.0,0.0,2.0
Sarawak,Bahagian Bintulu,2024Q3,terrace,20.0,11480000.0,574000.0,570000.0,496000.0,652500.0,0.0,9.0
Sarawak,Bahagian Bintulu,2024Q4,all,25.0,12628000.0,505120.0,539000.0,300000.0,670000.0,7.0,12.0
Sarawak,Bahagian Bintulu,2024Q4,condo,4.0,1689000.0,422250.0,434500.0,307500.0,549250.0,1.0,2.0
Sarawak,Bahagian Bintulu,2024Q4,detached,2.0,800000.0,400000.0,400000.0,350000.0,450000.0,1.0,2.0
Sarawak,Bahagian Bintulu,2024Q4,flat,1.0,195000.0,195000.0,195000.0,195000.0,195000.0,1.0,1.0
Sarawak,Bahagian Bintulu,2024Q4,low_cost_flat,2.0,224000.0,112000.0,112000.0,105500.0,118500.0,2.0,2.0
Sarawak,Bahagian Bintulu,2024Q4,low_cost_house,3.0,910000.0,303333.33,270000.0,265000.0,325000.0,2.0,3.0
Sarawak,Bahagian Bintulu,2024Q4,semi_detached,5.0,3810000.0,762000.0,780000.0,750000.0,780000.0,0.0,0.0
Sarawak,Bahagian Bintulu,2024Q4,terrace,8.0,5000000.0,625000.0,605000.0,527500.0,697500.0,0.0,2.0
Sarawak,Bahagian Bintulu,2025Q1,all,21.0,8575000.0,408333.33,420000.0,260000.0,550000.0,6.0,15.0
Sarawak,Bahagian Bintulu,2025Q1,condo,1.0,245000.0,245000.0,245000.0,245000.0,245000.0,1.0,1.0
Sarawak,Bahagian Bintulu,2025Q1,detached,1.0,550000.0,550000.0,550000.0,550000.0,550000.0,0.0,0.0
Sarawak,Bahagian Bintulu,2025Q1,low_cost_flat,2.0,230000.0,115000.0,115000.0,97500.0,132500.0,2.0,2.0
Sarawak,Bahagian Bintulu,2025Q1,low_cost_house,9.0,2905000.0,322777.78,345000.0,260000.0,400000.0,3.0,9.0
Sarawak,Bahagian Bintulu,2025Q1,semi_detached,3.0,1650000.0,550000.0,500000.0,475000.0,600000.0,0.0,2.0
Sarawak,Bahagian Bintulu,2025Q1,terrace,5.0,2995000.0,599000.0,600000.0,550000.0,660000.0,0.0,1.0
Sarawak,Bahagian Bintulu,2025Q2,all,26.0,13750000.0,528846.15,495000.0,260000.0,667500.0,9.0,15.0
Sarawak,Bahagian Bintulu,2025Q2,condo,2.0,1490000.0,745000.0,745000.0,617500.0,872500.0,0.0,1.0
Sarawak,Bahagian Bintulu,2025Q2,detached,4.0,2660000.0,665000.0,680000.0,220000.0,1125000.0,2.0,2.0
Sarawak,Bahagian Bintulu,2025Q2,low_cost_flat,2.0,490000.0,245000.0,245000.0,237500.0,252500.0,2.0,2.0
Sarawak,Bahagian Bintulu,2025Q2,low_cost_house,6.0,2240000.0,373333.33,380000.0,310000.0,427500.0,2.0,6.0
Sarawak,Bahagian Bintulu,2025Q2,semi_detached,2.0,1760000.0,880000.0,880000.0,720000.0,1040000.0,0.0,0.0
Sarawak,Bahagian Bintulu,2025Q2,terrace,10.0,5110000.0,511000.0,595000.0,252500.0,667500.0,3.0,4.0
Sarawak,Bahagian Bintulu,2025Q3,all,25.0,11688000.0,467520.0,470000.0,330000.0,680000.0,6.0,15.0
Sarawak,Bahagian Bintulu,2025Q3,low_cost_flat,3.0,390000.0,130000.0,90000.0,70000.0,170000.0,3.0,3.0
Sarawak,Bahagian Bintulu,2025Q3,low_cost_house,11.0,3353000.0,304818.18,350000.0,194500.0,405000.0,3.0,11.0
Sarawak,Bahagian Bintulu,2025Q3,semi_detached,3.0,2260000.0,753333.33,680000.0,640000.0,830000.0,0.0,0.0
Sarawak,Bahagian Bintulu,2025Q3,terrace,8.0,5685000.0,710625.0,717500.0,625000.0,775000.0,0.0,1.0
Sarawak,Bahagian Bintulu,2025Q4,all,25.0,12098000.0,483920.0,450000.0,300000.0,622000.0,7.0,15.0
Sarawak,Bahagian Bintulu,2025Q4,condo,2.0,1123000.0,561500.0,561500.0,430750.0,692250.0,1.0,1.0
Sarawak,Bahagian Bintulu,2025Q4,detached,1.0,500000.0,500000.0,500000.0,500000.0,500000.0,0.0,1.0
Sarawak,Bahagian Bintulu,2025Q4,low_cost_flat,4.0,355000.0,88750.0,80000.0,80000.0,88750.0,4.0,4.0
Sarawak,Bahagian Bintulu,2025Q4,low_cost_house,6.0,2020000.0,336666.67,360000.0,310000.0,410000.0,2.0,5.0
Sarawak,Bahagian Bintulu,2025Q4,semi_detached,3.0,3078000.0,1026000.0,780000.0,695000.0,1234000.0,0.0,0.0
Sarawak,Bahagian Bintulu,2025Q4,terrace,9.0,5022000.0,558000.0,510000.0,450000.0,660000.0,0.0,4.0
Sarawak,Bahagian Bintulu,2026Q1,all,13.0,7774000.0,598000.0,600000.0,400000.0,675000.0,1.0,4.0
Sarawak,Bahagian Bintulu,2026Q1,condo,1.0,250000.0,250000.0,250000.0,250000.0,250000.0,1.0,1.0
Sarawak,Bahagian Bintulu,2026Q1,detached,1.0,1300000.0,1300000.0,1300000.0,1300000.0,1300000.0,0.0,0.0
Sarawak,Bahagian Bintulu,2026Q1,low_cost_house,3.0,1050000.0,350000.0,330000.0,325000.0,365000.0,0.0,3.0
Sarawak,Bahagian Bintulu,2026Q1,semi_detached,1.0,650000.0,650000.0,650000.0,650000.0,650000.0,0.0,0.0
Sarawak,Bahagian Bintulu,2026Q1,terrace,7.0,4524000.0,646285.71,630000.0,600000.0,687000.0,0.0,0.0
Sarawak,Bahagian Bintulu,2026Q2,all,21.0,10255000.0,488333.33,460000.0,320000.0,570000.0,5.0,11.0
Sarawak,Bahagian Bintulu,2026Q2,condo,2.0,1090000.0,545000.0,545000.0,527500.0,562500.0,0.0,0.0
Sarawak,Bahagian Bintulu,2026Q2,flat,1.0,220000.0,220000.0,220000.0,220000.0,220000.0,1.0,1.0
Sarawak,Bahagian Bintulu,2026Q2,low_cost_flat,1.0,210000.0,210000.0,210000.0,210000.0,210000.0,1.0,1.0
Sarawak,Bahagian Bintulu,2026Q2,low_cost_house,8.0,2545000.0,318125.0,325000.0,265000.0,367500.0,3.0,8.0
Sarawak,Bahagian Bintulu,2026Q2,semi_detached,2.0,2050000.0,1025000.0,1025000.0,937500.0,1112500.0,0.0,0.0
Sarawak,Bahagian Bintulu,2026Q2,terrace,7.0,4140000.0,591428.57,570000.0,560000.0,610000.0,0.0,1.0
Sarawak,Bahagian Kapit,2024Q1,all,5.0,1601000.0,320200.0,350000.0,334000.0,380000.0,1.0,5.0
Sarawak,Bahagian Kapit,2024Q1,low_cost_flat,1.0,92000.0,92000.0,92000.0,92000.0,92000.0,1.0,1.0
Sarawak,Bahagian Kapit,2024Q1,terrace,4.0,1509000.0,377250.0,365000.0,346000.0,396250.0,0.0,4.0
Sarawak,Bahagian Kapit,2024Q3,all,7.0,2590000.0,370000.0,340000.0,285000.0,405000.0,3.0,6.0
Sarawak,Bahagian Kapit,2024Q3,low_cost_house,3.0,690000.0,230000.0,280000.0,200000.0,285000.0,3.0,3.0
Sarawak,Bahagian Kapit,2024Q3,semi_detached,1.0,750000.0,750000.0,750000.0,750000.0,750000.0,0.0,0.0
Sarawak,Bahagian Kapit,2024Q3,terrace,3.0,1150000.0,383333.33,380000.0,360000.0,405000.0,0.0,3.0
Sarawak,Bahagian Kapit,2024Q4,all,3.0,1010000.0,336666.67,350000.0,315000.0,365000.0,1.0,3.0
Sarawak,Bahagian Kapit,2024Q4,low_cost_house,1.0,280000.0,280000.0,280000.0,280000.0,280000.0,1.0,1.0
Sarawak,Bahagian Kapit,2024Q4,terrace,2.0,730000.0,365000.0,365000.0,357500.0,372500.0,0.0,2.0
Sarawak,Bahagian Kapit,2025Q2,all,2.0,430000.0,215000.0,215000.0,182500.0,247500.0,2.0,2.0
Sarawak,Bahagian Kapit,2025Q2,low_cost_house,2.0,430000.0,215000.0,215000.0,182500.0,247500.0,2.0,2.0
Sarawak,Bahagian Kapit,2025Q4,all,1.0,550000.0,550000.0,550000.0,550000.0,550000.0,0.0,0.0
Sarawak,Bahagian Kapit,2025Q4,semi_detached,1.0,550000.0,550000.0,550000.0,550000.0,550000.0,0.0,0.0
Sarawak,Bahagian Kapit,2026Q1,all,1.0,280000.0,280000.0,280000.0,280000.0,280000.0,1.0,1.0
Sarawak,Bahagian Kapit,2026Q1,low_cost_house,1.0,280000.0,280000.0,280000.0,280000.0,280000.0,1.0,1.0
Sarawak,Bahagian Kuching,2024Q1,all,332.0,151560000.0,456506.02,400000.0,263750.0,568500.0,109.0,231.0
Sarawak,Bahagian Kuching,2024Q1,cluster,4.0,1063000.0,265750.0,261500.0,253500.0,273750.0,4.0,4.0
Sarawak,Bahagian Kuching,2024Q1,condo,107.0,48263000.0,451056.07,465000.0,334000.0,561500.0,23.0,69.0
Sarawak,Bahagian Kuching,2024Q1,detached,20.0,20217000.0,1010850.0,855000.0,750000.0,1332500.0,2.0,4.0
Sarawak,Bahagian Kuching,2024Q1,flat,8.0,1090000.0,136250.0,137500.0,97000.0,170000.0,8.0,8.0
Sarawak,Bahagian Kuching,2024Q1,low_cost_flat,13.0,964000.0,74153.85,67000.0,65000.0,70000.0,13.0,13.0
Sarawak,Bahagian Kuching,2024Q1,low_cost_house,19.0,4005000.0,210789.47,210000.0,187500.0,241500.0,19.0,19.0
Sarawak,Bahagian Kuching,2024Q1,semi_detached,31.0,21624000.0,697548.39,660000.0,442500.0,870000.0,0.0,12.0
Sarawak,Bahagian Kuching,2024Q1,terrace,126.0,52628000.0,417682.54,387000.0,290000.0,493750.0,38.0,99.0
Sarawak,Bahagian Kuching,2024Q1,townhouse,4.0,1706000.0,426500.0,379000.0,267500.0,538000.0,2.0,3.0
Sarawak,Bahagian Kuching,2024Q2,all,336.0,159717000.0,475348.21,420000.0,267500.0,602500.0,105.0,220.0
Sarawak,Bahagian Kuching,2024Q2,cluster,4.0,983000.0,245750.0,256500.0,238750.0,263500.0,4.0,4.0
Sarawak,Bahagian Kuching,2024Q2,condo,89.0,42984000.0,482966.29,500000.0,310000.0,600000.0,21.0,47.0
Sarawak,Bahagian Kuching,2024Q2,detached,10.0,7493000.0,749300.0,702500.0,441250.0,1125000.0,2.0,4.0
Sarawak,Bahagian Kuching,2024Q2,flat,10.0,1515000.0,151500.0,137500.0,112500.0,165000.0,10.0,10.0
Sarawak,Bahagian Kuching,2024Q2,low_cost_flat,14.0,988000.0,70571.43,69000.0,68000.0,72250.0,14.0,14.0
Sarawak,Bahagian Kuching,2024Q2,low_cost_house,23.0,4824000.0,209739.13,200000.0,175500.0,240000.0,20.0,23.0
Sarawak,Bahagian Kuching,2024Q2,semi_detached,42.0,33870000.0,806428.57,654000.0,452500.0,1030000.0,1.0,18.0
Sarawak,Bahagian Kuching,2024Q2,terrace,136.0,63454000.0,466573.53,405000.0,327500.0,600000.0,31.0,94.0
Sarawak,Bahagian Kuching,2024Q2,townhouse,8.0,3606000.0,450750.0,454000.0,345000.0,530000.0,2.0,6.0
Sarawak,Bahagian Kuching,2024Q3,all,329.0,148125000.0,450227.96,380000.0,260000.0,540000.0,111.0,236.0
Sarawak,Bahagian Kuching,2024Q3,cluster,1.0,258000.0,258000.0,258000.0,258000.0,258000.0,1.0,1.0
Sarawak,Bahagian Kuching,2024Q3,condo,96.0,39946000.0,416104.17,380000.0,260000.0,580000.0,30.0,62.0
Sarawak,Bahagian Kuching,2024Q3,detached,9.0,13907000.0,1545222.22,800000.0,57000.0,2180000.0,4.0,4.0
Sarawak,Bahagian Kuching,2024Q3,flat,9.0,1126000.0,125111.11,125000.0,105000.0,150000.0,9.0,9.0
Sarawak,Bahagian Kuching,2024Q3,low_cost_flat,12.0,911000.0,75916.67,75000.0,68750.0,78500.0,12.0,12.0
Sarawak,Bahagian Kuching,2024Q3,low_cost_house,21.0,4638000.0,220857.14,220000.0,200000.0,240000.0,21.0,21.0
Sarawak,Bahagian Kuching,2024Q3,semi_detached,24.0,16325000.0,680208.33,610000.0,466000.0,725000.0,0.0,11.0
Sarawak,Bahagian Kuching,2024Q3,terrace,145.0,65790000.0,453724.14,400000.0,340000.0,520000.0,31.0,107.0
Sarawak,Bahagian Kuching,2024Q3,townhouse,12.0,5224000.0,435333.33,370000.0,319000.0,505000.0,3.0,9.0
Sarawak,Bahagian Kuching,2024Q4,all,130.0,48056000.0,369661.54,395000.0,159250.0,518750.0,55.0,95.0
Sarawak,Bahagian Kuching,2024Q4,condo,35.0,13571000.0,387742.86,420000.0,135000.0,580000.0,15.0,23.0
Sarawak,Bahagian Kuching,2024Q4,detached,8.0,2110000.0,263750.0,185000.0,122500.0,450000.0,5.0,7.0
Sarawak,Bahagian Kuching,2024Q4,flat,8.0,1100000.0,137500.0,135000.0,107500.0,166250.0,8.0,8.0
Sarawak,Bahagian Kuching,2024Q4,low_cost_flat,13.0,1070000.0,82307.69,75000.0,70000.0,80000.0,13.0,13.0
Sarawak,Bahagian Kuching,2024Q4,low_cost_house,6.0,1120000.0,186666.67,190000.0,186250.0,212500.0,6.0,6.0
Sarawak,Bahagian Kuching,2024Q4,semi_detached,12.0,7937000.0,661416.67,655000.0,537500.0,732750.0,0.0,3.0
Sarawak,Bahagian Kuching,2024Q4,terrace,46.0,20023000.0,435282.61,430000.0,361250.0,504500.0,8.0,34.0
Sarawak,Bahagian Kuching,2024Q4,townhouse,2.0,1125000.0,562500.0,562500.0,518750.0,606250.0,0.0,1.0
Sarawak,Bahagian Kuching,2025Q1,all,99.0,45845000.0,463080.81,400000.0,250000.0,609000.0,31.0,67.0
Sarawak,Bahagian Kuching,2025Q1,cluster,1.0,250000.0,250000.0,250000.0,250000.0,250000.0,1.0,1.0
Sarawak,Bahagian Kuching,2025Q1,condo,17.0,8098000.0,476352.94,450000.0,320000.0,600000.0,4.0,10.0
Sarawak,Bahagian Kuching,2025Q1,detached,6.0,3852000.0,642000.0,430000.0,182500.0,940000.0,2.0,4.0
Sarawak,Bahagian Kuching,2025Q1,flat,3.0,360000.0,120000.0,130000.0,115000.0,130000.0,3.0,3.0
Sarawak,Bahagian Kuching,2025Q1,low_cost_flat,6.0,576000.0,96000.0,89000.0,82000.0,90000.0,6.0,6.0
Sarawak,Bahagian Kuching,2025Q1,low_cost_house,9.0,2147000.0,238555.56,235000.0,219000.0,250000.0,8.0,9.0
Sarawak,Bahagian Kuching,2025Q1,semi_detached,9.0,7830000.0,870000.0,790000.0,750000.0,850000.0,0.0,1.0
Sarawak,Bahagian Kuching,2025Q1,terrace,48.0,22732000.0,473583.33,420000.0,338000.0,570000.0,7.0,33.0
Sarawak,Bahagian Kuching,2025Q2,all,128.0,63248000.0,494125.0,400000.0,270000.0,600000.0,43.0,86.0
Sarawak,Bahagian Kuching,2025Q2,cluster,1.0,398000.0,398000.0,398000.0,398000.0,398000.0,0.0,1.0
Sarawak,Bahagian Kuching,2025Q2,condo,32.0,12660000.0,395625.0,412500.0,271500.0,524500.0,11.0,23.0
Sarawak,Bahagian Kuching,2025Q2,detached,8.0,7361000.0,920125.0,839000.0,375000.0,1275000.0,2.0,3.0
Sarawak,Bahagian Kuching,2025Q2,flat,9.0,1398000.0,155333.33,145000.0,120000.0,180000.0,9.0,9.0
Sarawak,Bahagian Kuching,2025Q2,low_cost_flat,3.0,250000.0,83333.33,85000.0,82500.0,85000.0,3.0,3.0
Sarawak,Bahagian Kuching,2025Q2,low_cost_house,11.0,2869000.0,260818.18,270000.0,225000.0,294000.0,10.0,11.0
Sarawak,Bahagian Kuching,2025Q2,semi_detached,13.0,13819000.0,1063000.0,850000.0,670000.0,1550000.0,0.0,1.0
Sarawak,Bahagian Kuching,2025Q2,terrace,50.0,23843000.0,476860.0,425000.0,347000.0,572500.0,8.0,35.0
Sarawak,Bahagian Kuching,2025Q2,townhouse,1.0,650000.0,650000.0,650000.0,650000.0,650000.0,0.0,0.0
Sarawak,Bahagian Kuching,2025Q3,all,122.0,58292000.0,477803.28,387500.0,280000.0,497250.0,37.0,94.0
Sarawak,Bahagian Kuching,2025Q3,condo,28.0,10447000.0,373107.14,380000.0,255750.0,493500.0,10.0,21.0
Sarawak,Bahagian Kuching,2025Q3,detached,6.0,8318000.0,1386333.33,265000.0,192500.0,703500.0,4.0,4.0
Sarawak,Bahagian Kuching,2025Q3,flat,5.0,518000.0,103600.0,103000.0,80000.0,125000.0,5.0,5.0
Sarawak,Bahagian Kuching,2025Q3,low_cost_flat,1.0,85000.0,85000.0,85000.0,85000.0,85000.0,1.0,1.0
Sarawak,Bahagian Kuching,2025Q3,low_cost_house,8.0,2050000.0,256250.0,250000.0,240000.0,280000.0,8.0,8.0
Sarawak,Bahagian Kuching,2025Q3,semi_detached,16.0,11094000.0,693375.0,574000.0,493500.0,850000.0,0.0,6.0
Sarawak,Bahagian Kuching,2025Q3,terrace,56.0,24822000.0,443250.0,387500.0,350000.0,482500.0,9.0,47.0
Sarawak,Bahagian Kuching,2025Q3,townhouse,2.0,958000.0,479000.0,479000.0,474500.0,483500.0,0.0,2.0
Sarawak,Bahagian Kuching,2025Q4,all,132.0,60464000.0,458060.61,385000.0,245000.0,632500.0,43.0,88.0
Sarawak,Bahagian Kuching,2025Q4,condo,38.0,15177000.0,399394.74,377500.0,150000.0,562500.0,14.0,27.0
Sarawak,Bahagian Kuching,2025Q4,detached,13.0,6443000.0,495615.38,400000.0,220000.0,450000.0,5.0,10.0
Sarawak,Bahagian Kuching,2025Q4,flat,2.0,225000.0,112500.0,112500.0,96250.0,128750.0,2.0,2.0
Sarawak,Bahagian Kuching,2025Q4,low_cost_flat,7.0,662000.0,94571.43,80000.0,72500.0,94500.0,7.0,7.0
Sarawak,Bahagian Kuching,2025Q4,low_cost_house,7.0,1692000.0,241714.29,245000.0,228500.0,250000.0,6.0,7.0
Sarawak,Bahagian Kuching,2025Q4,semi_detached,16.0,12556000.0,784750.0,800000.0,656000.0,965000.0,0.0,3.0
Sarawak,Bahagian Kuching,2025Q4,terrace,48.0,23039000.0,479979.17,400000.0,329500.0,580000.0,9.0,32.0
Sarawak,Bahagian Kuching,2025Q4,townhouse,1.0,670000.0,670000.0,670000.0,670000.0,670000.0,0.0,0.0
Sarawak,Bahagian Kuching,2026Q1,all,87.0,40522000.0,465770.11,410000.0,221500.0,576000.0,29.0,58.0
Sarawak,Bahagian Kuching,2026Q1,condo,19.0,8222000.0,432736.84,385000.0,237500.0,475000.0,7.0,15.0
Sarawak,Bahagian Kuching,2026Q1,detached,5.0,381000.0,76200.0,63000.0,40000.0,120000.0,5.0,5.0
Sarawak,Bahagian Kuching,2026Q1,flat,4.0,470000.0,117500.0,110000.0,95000.0,132500.0,4.0,4.0
Sarawak,Bahagian Kuching,2026Q1,low_cost_flat,2.0,148000.0,74000.0,74000.0,71000.0,77000.0,2.0,2.0
Sarawak,Bahagian Kuching,2026Q1,low_cost_house,9.0,1735000.0,192777.78,195000.0,156000.0,240000.0,8.0,9.0
Sarawak,Bahagian Kuching,2026Q1,semi_detached,16.0,14248000.0,890500.0,725000.0,522500.0,1100000.0,0.0,4.0
Sarawak,Bahagian Kuching,2026Q1,terrace,32.0,15318000.0,478687.5,494500.0,358750.0,595500.0,3.0,19.0
Sarawak,Bahagian Kuching,2026Q2,all,98.0,42883000.0,437581.63,399000.0,202500.0,591250.0,41.0,66.0
Sarawak,Bahagian Kuching,2026Q2,condo,24.0,8942000.0,372583.33,293000.0,172250.0,572500.0,13.0,16.0
Sarawak,Bahagian Kuching,2026Q2,detached,5.0,3025000.0,605000.0,250000.0,75000.0,1250000.0,3.0,3.0
Sarawak,Bahagian Kuching,2026Q2,flat,4.0,502000.0,125500.0,131000.0,120000.0,136500.0,4.0,4.0
Sarawak,Bahagian Kuching,2026Q2,low_cost_flat,6.0,612000.0,102000.0,85000.0,58750.0,92500.0,6.0,6.0
Sarawak,Bahagian Kuching,2026Q2,low_cost_house,8.0,1650000.0,206250.0,212500.0,180000.0,232500.0,8.0,8.0
Sarawak,Bahagian Kuching,2026Q2,semi_detached,14.0,10595000.0,756785.71,675000.0,531000.0,842500.0,1.0,3.0
Sarawak,Bahagian Kuching,2026Q2,terrace,36.0,16827000.0,467416.67,440000.0,357500.0,561000.0,6.0,26.0
Sarawak,Bahagian Kuching,2026Q2,townhouse,1.0,730000.0,730000.0,730000.0,730000.0,730000.0,0.0,0.0
Sarawak,Bahagian Limbang,2024Q1,all,15.0,4325000.0,288333.33,270000.0,120000.0,450000.0,8.0,14.0
Sarawak,Bahagian Limbang,2024Q1,detached,1.0,650000.0,650000.0,650000.0,650000.0,650000.0,0.0,0.0
Sarawak,Bahagian Limbang,2024Q1,low_cost_house,6.0,588000.0,98000.0,115000.0,61250.0,120000.0,6.0,6.0
Sarawak,Bahagian Limbang,2024Q1,semi_detached,1.0,250000.0,250000.0,250000.0,250000.0,250000.0,1.0,1.0
Sarawak,Bahagian Limbang,2024Q1,terrace,7.0,2837000.0,405285.71,450000.0,360000.0,455000.0,1.0,7.0
Sarawak,Bahagian Limbang,2024Q2,all,19.0,6193000.0,325947.37,305000.0,210000.0,400000.0,9.0,18.0
Sarawak,Bahagian Limbang,2024Q2,low_cost_house,3.0,400000.0,133333.33,120000.0,105000.0,155000.0,3.0,3.0
Sarawak,Bahagian Limbang,2024Q2,semi_detached,7.0,3180000.0,454285.71,450000.0,382500.0,500000.0,1.0,6.0
Sarawak,Bahagian Limbang,2024Q2,terrace,9.0,2613000.0,290333.33,295000.0,220000.0,373000.0,5.0,9.0
Sarawak,Bahagian Limbang,2024Q3,all,15.0,4249000.0,283266.67,250000.0,193000.0,382500.0,9.0,15.0
Sarawak,Bahagian Limbang,2024Q3,low_cost_house,3.0,513000.0,171000.0,180000.0,153500.0,193000.0,3.0,3.0
Sarawak,Bahagian Limbang,2024Q3,semi_detached,3.0,1340000.0,446666.67,460000.0,430000.0,470000.0,0.0,3.0
Sarawak,Bahagian Limbang,2024Q3,terrace,9.0,2396000.0,266222.22,250000.0,225000.0,330000.0,6.0,9.0
Sarawak,Bahagian Limbang,2024Q4,all,7.0,1469000.0,209857.14,128000.0,80500.0,357500.0,5.0,7.0
Sarawak,Bahagian Limbang,2024Q4,low_cost_house,2.0,248000.0,124000.0,124000.0,122000.0,126000.0,2.0,2.0
Sarawak,Bahagian Limbang,2024Q4,terrace,5.0,1221000.0,244200.0,295000.0,41000.0,420000.0,3.0,5.0
Sarawak,Bahagian Limbang,2025Q1,all,6.0,1715000.0,285833.33,270000.0,217500.0,352500.0,4.0,6.0
Sarawak,Bahagian Limbang,2025Q1,condo,1.0,95000.0,95000.0,95000.0,95000.0,95000.0,1.0,1.0
Sarawak,Bahagian Limbang,2025Q1,terrace,5.0,1620000.0,324000.0,300000.0,240000.0,370000.0,3.0,5.0
Sarawak,Bahagian Limbang,2025Q2,all,4.0,1410000.0,352500.0,380000.0,282500.0,450000.0,1.0,4.0
Sarawak,Bahagian Limbang,2025Q2,low_cost_house,1.0,200000.0,200000.0,200000.0,200000.0,200000.0,1.0,1.0
Sarawak,Bahagian Limbang,2025Q2,terrace,3.0,1210000.0,403333.33,450000.0,380000.0,450000.0,0.0,3.0
Sarawak,Bahagian Limbang,2025Q3,all,8.0,3565000.0,445625.0,480000.0,407250.0,512500.0,1.0,6.0
Sarawak,Bahagian Limbang,2025Q3,detached,1.0,500000.0,500000.0,500000.0,500000.0,500000.0,0.0,1.0
Sarawak,Bahagian Limbang,2025Q3,low_cost_house,1.0,128000.0,128000.0,128000.0,128000.0,128000.0,1.0,1.0
Sarawak,Bahagian Limbang,2025Q3,semi_detached,1.0,500000.0,500000.0,500000.0,500000.0,500000.0,0.0,1.0
Sarawak,Bahagian Limbang,2025Q3,terrace,5.0,2437000.0,487400.0,460000.0,420000.0,550000.0,0.0,3.0
Sarawak,Bahagian Limbang,2025Q4,all,3.0,1050000.0,350000.0,350000.0,325000.0,375000.0,1.0,3.0
Sarawak,Bahagian Limbang,2025Q4,semi_detached,1.0,400000.0,400000.0,400000.0,400000.0,400000.0,0.0,1.0
Sarawak,Bahagian Limbang,2025Q4,terrace,2.0,650000.0,325000.0,325000.0,312500.0,337500.0,1.0,2.0
Sarawak,Bahagian Limbang,2026Q1,all,1.0,350000.0,350000.0,350000.0,350000.0,350000.0,0.0,1.0
Sarawak,Bahagian Limbang,2026Q1,terrace,1.0,350000.0,350000.0,350000.0,350000.0,350000.0,0.0,1.0
Sarawak,Bahagian Limbang,2026Q2,all,4.0,1203000.0,300750.0,344000.0,263500.0,381250.0,1.0,4.0
Sarawak,Bahagian Limbang,2026Q2,low_cost_house,1.0,40000.0,40000.0,40000.0,40000.0,40000.0,1.0,1.0
Sarawak,Bahagian Limbang,2026Q2,terrace,3.0,1163000.0,387666.67,350000.0,344000.0,412500.0,0.0,3.0
Sarawak,Bahagian Miri,2024Q1,all,182.0,75500000.0,414835.16,370000.0,310000.0,499000.0,43.0,143.0
Sarawak,Bahagian Miri,2024Q1,condo,5.0,1645000.0,329000.0,280000.0,270000.0,335000.0,3.0,5.0
Sarawak,Bahagian Miri,2024Q1,detached,5.0,3993000.0,798600.0,838000.0,750000.0,895000.0,0.0,0.0
Sarawak,Bahagian Miri,2024Q1,low_cost_house,18.0,3939000.0,218833.33,240000.0,173000.0,267250.0,17.0,18.0
Sarawak,Bahagian Miri,2024Q1,semi_detached,39.0,21401000.0,548743.59,500000.0,459000.0,650000.0,0.0,20.0
Sarawak,Bahagian Miri,2024Q1,terrace,112.0,44337000.0,395866.07,360000.0,319500.0,460500.0,20.0,97.0
Sarawak,Bahagian Miri,2024Q1,townhouse,3.0,185000.0,61666.67,68000.0,57500.0,69000.0,3.0,3.0
Sarawak,Bahagian Miri,2024Q2,all,235.0,102571000.0,436472.34,400000.0,320000.0,496500.0,47.0,189.0
Sarawak,Bahagian Miri,2024Q2,condo,6.0,2171000.0,361833.33,326500.0,263500.0,430750.0,3.0,5.0
Sarawak,Bahagian Miri,2024Q2,detached,12.0,11357000.0,946416.67,634000.0,567250.0,762500.0,2.0,3.0
Sarawak,Bahagian Miri,2024Q2,low_cost_house,11.0,2559000.0,232636.36,240000.0,185000.0,280000.0,9.0,11.0
Sarawak,Bahagian Miri,2024Q2,semi_detached,59.0,31444000.0,532949.15,500000.0,445000.0,624500.0,1.0,34.0
Sarawak,Bahagian Miri,2024Q2,terrace,141.0,53621000.0,380290.78,360000.0,310000.0,450000.0,28.0,131.0
Sarawak,Bahagian Miri,2024Q2,townhouse,6.0,1419000.0,236500.0,96500.0,51250.0,394500.0,4.0,5.0
Sarawak,Bahagian Miri,2024Q3,all,218.0,100830000.0,462522.94,424000.0,330000.0,525000.0,40.0,159.0
Sarawak,Bahagian Miri,2024Q3,cluster,1.0,540000.0,540000.0,540000.0,540000.0,540000.0,0.0,0.0
Sarawak,Bahagian Miri,2024Q3,condo,14.0,8917000.0,636928.57,640000.0,375000.0,845000.0,3.0,6.0
Sarawak,Bahagian Miri,2024Q3,detached,17.0,11587000.0,681588.24,590000.0,500000.0,880000.0,1.0,5.0
Sarawak,Bahagian Miri,2024Q3,low_cost_house,15.0,3501000.0,233400.0,230000.0,212000.0,270000.0,15.0,15.0
Sarawak,Bahagian Miri,2024Q3,semi_detached,60.0,33949000.0,565816.67,520000.0,480000.0,627500.0,1.0,29.0
Sarawak,Bahagian Miri,2024Q3,terrace,108.0,41558000.0,384796.3,369000.0,320000.0,430000.0,18.0,102.0
Sarawak,Bahagian Miri,2024Q3,townhouse,3.0,778000.0,259333.33,80000.0,74000.0,355000.0,2.0,2.0
Sarawak,Bahagian Miri,2024Q4,all,99.0,42760000.0,431919.19,395000.0,332500.0,490000.0,16.0,78.0
Sarawak,Bahagian Miri,2024Q4,condo,5.0,1888000.0,377600.0,318000.0,300000.0,450000.0,2.0,4.0
Sarawak,Bahagian Miri,2024Q4,detached,3.0,2578000.0,859333.33,750000.0,689000.0,975000.0,0.0,0.0
Sarawak,Bahagian Miri,2024Q4,low_cost_house,5.0,1233000.0,246600.0,260000.0,250000.0,295000.0,5.0,5.0
Sarawak,Bahagian Miri,2024Q4,semi_detached,25.0,13857000.0,554280.0,500000.0,476000.0,670000.0,0.0,13.0
Sarawak,Bahagian Miri,2024Q4,terrace,59.0,22744000.0,385491.53,380000.0,330000.0,425000.0,8.0,54.0
Sarawak,Bahagian Miri,2024Q4,townhouse,2.0,460000.0,230000.0,230000.0,145000.0,315000.0,1.0,2.0
Sarawak,Bahagian Miri,2025Q1,all,92.0,42689000.0,464010.87,400000.0,327250.0,500000.0,16.0,71.0
Sarawak,Bahagian Miri,2025Q1,condo,2.0,710000.0,355000.0,355000.0,337500.0,372500.0,0.0,2.0
Sarawak,Bahagian Miri,2025Q1,detached,5.0,5819000.0,1163800.0,640000.0,550000.0,850000.0,0.0,1.0
Sarawak,Bahagian Miri,2025Q1,low_cost_house,10.0,2711000.0,271100.0,270000.0,253250.0,287500.0,9.0,10.0
Sarawak,Bahagian Miri,2025Q1,semi_detached,24.0,14091000.0,587125.0,538000.0,480000.0,630000.0,0.0,10.0
Sarawak,Bahagian Miri,2025Q1,terrace,50.0,19298000.0,385960.0,370000.0,328500.0,429500.0,6.0,47.0
Sarawak,Bahagian Miri,2025Q1,townhouse,1.0,60000.0,60000.0,60000.0,60000.0,60000.0,1.0,1.0
Sarawak,Bahagian Miri,2025Q2,all,89.0,37825000.0,425000.0,385000.0,325000.0,490000.0,19.0,71.0
Sarawak,Bahagian Miri,2025Q2,condo,4.0,1196000.0,299000.0,335000.0,219500.0,414500.0,2.0,4.0
Sarawak,Bahagian Miri,2025Q2,detached,4.0,3410000.0,852500.0,850000.0,612500.0,1090000.0,0.0,1.0
Sarawak,Bahagian Miri,2025Q2,low_cost_house,10.0,2793000.0,279300.0,287500.0,257500.0,297250.0,9.0,10.0
Sarawak,Bahagian Miri,2025Q2,semi_detached,21.0,11610000.0,552857.14,500000.0,468000.0,610000.0,0.0,11.0
Sarawak,Bahagian Miri,2025Q2,terrace,48.0,18688000.0,389333.33,371500.0,333750.0,421000.0,6.0,43.0
Sarawak,Bahagian Miri,2025Q2,townhouse,2.0,128000.0,64000.0,64000.0,62000.0,66000.0,2.0,2.0
Sarawak,Bahagian Miri,2025Q3,all,92.0,38207000.0,415293.48,394500.0,328000.0,480000.0,18.0,77.0
Sarawak,Bahagian Miri,2025Q3,condo,4.0,1838000.0,459500.0,419000.0,345000.0,533500.0,1.0,3.0
Sarawak,Bahagian Miri,2025Q3,detached,6.0,4353000.0,725500.0,672500.0,611250.0,874750.0,1.0,1.0
Sarawak,Bahagian Miri,2025Q3,low_cost_house,12.0,2615000.0,217916.67,242500.0,203250.0,280000.0,12.0,12.0
Sarawak,Bahagian Miri,2025Q3,semi_detached,11.0,6058000.0,550727.27,500000.0,475000.0,619000.0,0.0,6.0
Sarawak,Bahagian Miri,2025Q3,terrace,59.0,23343000.0,395644.07,388000.0,340000.0,419000.0,4.0,55.0
Sarawak,Bahagian Miri,2025Q4,all,108.0,50310000.0,465833.33,430000.0,338750.0,549250.0,14.0,79.0
Sarawak,Bahagian Miri,2025Q4,condo,3.0,1443000.0,481000.0,308000.0,306500.0,569000.0,0.0,2.0
Sarawak,Bahagian Miri,2025Q4,detached,5.0,5660000.0,1132000.0,760000.0,750000.0,950000.0,0.0,0.0
Sarawak,Bahagian Miri,2025Q4,low_cost_house,8.0,2135000.0,266875.0,280000.0,235000.0,301250.0,6.0,8.0
Sarawak,Bahagian Miri,2025Q4,semi_detached,23.0,13086000.0,568956.52,549000.0,483500.0,625000.0,0.0,10.0
Sarawak,Bahagian Miri,2025Q4,terrace,64.0,27249000.0,425765.62,395000.0,350000.0,480000.0,4.0,54.0
Sarawak,Bahagian Miri,2025Q4,townhouse,5.0,737000.0,147400.0,73000.0,69000.0,75000.0,4.0,5.0
Sarawak,Bahagian Miri,2026Q1,all,50.0,21931000.0,438620.0,420000.0,345750.0,499500.0,7.0,40.0
Sarawak,Bahagian Miri,2026Q1,condo,1.0,365000.0,365000.0,365000.0,365000.0,365000.0,0.0,1.0
Sarawak,Bahagian Miri,2026Q1,detached,1.0,150000.0,150000.0,150000.0,150000.0,150000.0,1.0,1.0
Sarawak,Bahagian Miri,2026Q1,low_cost_house,3.0,870000.0,290000.0,280000.0,280000.0,295000.0,2.0,3.0
Sarawak,Bahagian Miri,2026Q1,semi_detached,13.0,8216000.0,632000.0,620000.0,500000.0,715000.0,0.0,4.0
Sarawak,Bahagian Miri,2026Q1,terrace,31.0,12255000.0,395322.58,400000.0,346500.0,440000.0,3.0,30.0
Sarawak,Bahagian Miri,2026Q1,townhouse,1.0,75000.0,75000.0,75000.0,75000.0,75000.0,1.0,1.0
Sarawak,Bahagian Miri,2026Q2,all,71.0,30812000.0,433971.83,430000.0,350000.0,480000.0,6.0,59.0
Sarawak,Bahagian Miri,2026Q2,condo,5.0,2357000.0,471400.0,360000.0,325000.0,550000.0,1.0,3.0
Sarawak,Bahagian Miri,2026Q2,detached,5.0,3215000.0,643000.0,500000.0,495000.0,850000.0,0.0,3.0
Sarawak,Bahagian Miri,2026Q2,low_cost_house,1.0,280000.0,280000.0,280000.0,280000.0,280000.0,1.0,1.0
Sarawak,Bahagian Miri,2026Q2,semi_detached,10.0,5616000.0,561600.0,533000.0,500000.0,595000.0,0.0,4.0
Sarawak,Bahagian Miri,2026Q2,terrace,48.0,19223000.0,400479.17,385000.0,350000.0,450000.0,2.0,46.0
Sarawak,Bahagian Miri,2026Q2,townhouse,2.0,121000.0,60500.0,60500.0,60250.0,60750.0,2.0,2.0
Sarawak,Bahagian Mukah,2024Q1,all,3.0,1015000.0,338333.33,320000.0,317500.0,350000.0,0.0,3.0
Sarawak,Bahagian Mukah,2024Q1,terrace,3.0,1015000.0,338333.33,320000.0,317500.0,350000.0,0.0,3.0
Sarawak,Bahagian Mukah,2024Q2,all,3.0,1305000.0,435000.0,390000.0,352500.0,495000.0,0.0,2.0
Sarawak,Bahagian Mukah,2024Q2,terrace,3.0,1305000.0,435000.0,390000.0,352500.0,495000.0,0.0,2.0
Sarawak,Bahagian Mukah,2025Q1,all,1.0,450000.0,450000.0,450000.0,450000.0,450000.0,0.0,1.0
Sarawak,Bahagian Mukah,2025Q1,terrace,1.0,450000.0,450000.0,450000.0,450000.0,450000.0,0.0,1.0
Sarawak,Bahagian Mukah,2025Q3,all,5.0,2103000.0,420600.0,400000.0,353000.0,435000.0,0.0,4.0
Sarawak,Bahagian Mukah,2025Q3,semi_detached,1.0,600000.0,600000.0,600000.0,600000.0,600000.0,0.0,0.0
Sarawak,Bahagian Mukah,2025Q3,terrace,4.0,1503000.0,375750.0,376500.0,343500.0,408750.0,0.0,4.0
Sarawak,Bahagian Mukah,2025Q4,all,1.0,48000.0,48000.0,48000.0,48000.0,48000.0,1.0,1.0
Sarawak,Bahagian Mukah,2025Q4,detached,1.0,48000.0,48000.0,48000.0,48000.0,48000.0,1.0,1.0
Sarawak,Bahagian Mukah,2026Q1,all,1.0,378000.0,378000.0,378000.0,378000.0,378000.0,0.0,1.0
Sarawak,Bahagian Mukah,2026Q1,terrace,1.0,378000.0,378000.0,378000.0,378000.0,378000.0,0.0,1.0
Sarawak,Bahagian Mukah,2026Q2,all,2.0,968000.0,484000.0,484000.0,426000.0,542000.0,0.0,1.0
Sarawak,Bahagian Mukah,2026Q2,terrace,2.0,968000.0,484000.0,484000.0,426000.0,542000.0,0.0,1.0
Sarawak,Bahagian Samarahan,2024Q1,all,76.0,30093000.0,395960.53,369000.0,260000.0,500000.0,26.0,58.0
Sarawak,Bahagian Samarahan,2024Q1,condo,12.0,3831000.0,319250.0,187500.0,174500.0,400000.0,8.0,10.0
Sarawak,Bahagian Samarahan,2024Q1,detached,1.0,180000.0,180000.0,180000.0,180000.0,180000.0,1.0,1.0
Sarawak,Bahagian Samarahan,2024Q1,flat,4.0,643000.0,160750.0,164000.0,143750.0,181000.0,4.0,4.0
Sarawak,Bahagian Samarahan,2024Q1,low_cost_flat,1.0,115000.0,115000.0,115000.0,115000.0,115000.0,1.0,1.0
Sarawak,Bahagian Samarahan,2024Q1,low_cost_house,5.0,1325000.0,265000.0,260000.0,220000.0,305000.0,3.0,5.0
Sarawak,Bahagian Samarahan,2024Q1,semi_detached,6.0,3115000.0,519166.67,515000.0,465000.0,565000.0,0.0,3.0
Sarawak,Bahagian Samarahan,2024Q1,terrace,44.0,19038000.0,432681.82,389000.0,333250.0,500000.0,9.0,34.0
Sarawak,Bahagian Samarahan,2024Q1,townhouse,3.0,1846000.0,615333.33,628000.0,608000.0,629000.0,0.0,0.0
Sarawak,Bahagian Samarahan,2024Q2,all,101.0,37392000.0,370217.82,344000.0,250000.0,440000.0,36.0,86.0
Sarawak,Bahagian Samarahan,2024Q2,condo,8.0,1963000.0,245375.0,205000.0,173750.0,271000.0,6.0,8.0
Sarawak,Bahagian Samarahan,2024Q2,detached,1.0,170000.0,170000.0,170000.0,170000.0,170000.0,1.0,1.0
Sarawak,Bahagian Samarahan,2024Q2,flat,7.0,1048000.0,149714.29,170000.0,144000.0,172500.0,7.0,7.0
Sarawak,Bahagian Samarahan,2024Q2,low_cost_flat,1.0,130000.0,130000.0,130000.0,130000.0,130000.0,1.0,1.0
Sarawak,Bahagian Samarahan,2024Q2,low_cost_house,13.0,3458000.0,266000.0,250000.0,230000.0,310000.0,9.0,13.0
Sarawak,Bahagian Samarahan,2024Q2,semi_detached,4.0,3220000.0,805000.0,625000.0,447500.0,982500.0,0.0,2.0
Sarawak,Bahagian Samarahan,2024Q2,terrace,65.0,26265000.0,404076.92,380000.0,328000.0,478000.0,12.0,53.0
Sarawak,Bahagian Samarahan,2024Q2,townhouse,2.0,1138000.0,569000.0,569000.0,534500.0,603500.0,0.0,1.0
Sarawak,Bahagian Samarahan,2024Q3,all,77.0,31302000.0,406519.48,365000.0,268000.0,545000.0,27.0,55.0
Sarawak,Bahagian Samarahan,2024Q3,cluster,1.0,820000.0,820000.0,820000.0,820000.0,820000.0,0.0,0.0
Sarawak,Bahagian Samarahan,2024Q3,condo,7.0,2330000.0,332857.14,275000.0,180000.0,387500.0,4.0,6.0
Sarawak,Bahagian Samarahan,2024Q3,detached,1.0,100000.0,100000.0,100000.0,100000.0,100000.0,1.0,1.0
Sarawak,Bahagian Samarahan,2024Q3,flat,4.0,631000.0,157750.0,161500.0,143000.0,176250.0,4.0,4.0
Sarawak,Bahagian Samarahan,2024Q3,low_cost_flat,1.0,110000.0,110000.0,110000.0,110000.0,110000.0,1.0,1.0
Sarawak,Bahagian Samarahan,2024Q3,low_cost_house,9.0,2218000.0,246444.44,245000.0,235000.0,290000.0,9.0,9.0
Sarawak,Bahagian Samarahan,2024Q3,semi_detached,3.0,1778000.0,592666.67,510000.0,495000.0,649000.0,0.0,1.0
Sarawak,Bahagian Samarahan,2024Q3,terrace,49.0,22245000.0,453979.59,420000.0,340000.0,560000.0,8.0,33.0
Sarawak,Bahagian Samarahan,2024Q3,townhouse,2.0,1070000.0,535000.0,535000.0,527500.0,542500.0,0.0,0.0
Sarawak,Bahagian Samarahan,2024Q4,all,36.0,14256000.0,396000.0,420000.0,307500.0,492250.0,9.0,31.0
Sarawak,Bahagian Samarahan,2024Q4,condo,3.0,747000.0,249000.0,175000.0,163500.0,297500.0,2.0,3.0
Sarawak,Bahagian Samarahan,2024Q4,detached,2.0,475000.0,237500.0,237500.0,206250.0,268750.0,2.0,2.0
Sarawak,Bahagian Samarahan,2024Q4,flat,3.0,535000.0,178333.33,150000.0,147500.0,195000.0,3.0,3.0
Sarawak,Bahagian Samarahan,2024Q4,low_cost_house,2.0,550000.0,275000.0,275000.0,257500.0,292500.0,1.0,2.0
Sarawak,Bahagian Samarahan,2024Q4,semi_detached,3.0,1904000.0,634666.67,654000.0,567000.0,712000.0,0.0,1.0
Sarawak,Bahagian Samarahan,2024Q4,terrace,22.0,9475000.0,430681.82,445000.0,378500.0,496750.0,1.0,20.0
Sarawak,Bahagian Samarahan,2024Q4,townhouse,1.0,570000.0,570000.0,570000.0,570000.0,570000.0,0.0,0.0
Sarawak,Bahagian Samarahan,2025Q1,all,26.0,11582000.0,445461.54,419000.0,327500.0,591500.0,5.0,18.0
Sarawak,Bahagian Samarahan,2025Q1,condo,4.0,1126000.0,281500.0,277500.0,168750.0,390250.0,2.0,4.0
Sarawak,Bahagian Samarahan,2025Q1,low_cost_house,2.0,530000.0,265000.0,265000.0,237500.0,292500.0,1.0,2.0
Sarawak,Bahagian Samarahan,2025Q1,semi_detached,2.0,1430000.0,715000.0,715000.0,707500.0,722500.0,0.0,0.0
Sarawak,Bahagian Samarahan,2025Q1,terrace,18.0,8496000.0,472000.0,423000.0,362500.0,591500.0,2.0,12.0
Sarawak,Bahagian Samarahan,2025Q2,all,32.0,14237000.0,444906.25,355000.0,315000.0,622250.0,8.0,23.0
Sarawak,Bahagian Samarahan,2025Q2,condo,2.0,1000000.0,500000.0,500000.0,335000.0,665000.0,1.0,1.0
Sarawak,Bahagian Samarahan,2025Q2,flat,2.0,353000.0,176500.0,176500.0,168250.0,184750.0,2.0,2.0
Sarawak,Bahagian Samarahan,2025Q2,low_cost_flat,1.0,120000.0,120000.0,120000.0,120000.0,120000.0,1.0,1.0
Sarawak,Bahagian Samarahan,2025Q2,low_cost_house,1.0,300000.0,300000.0,300000.0,300000.0,300000.0,1.0,1.0
Sarawak,Bahagian Samarahan,2025Q2,semi_detached,1.0,650000.0,650000.0,650000.0,650000.0,650000.0,0.0,0.0
Sarawak,Bahagian Samarahan,2025Q2,terrace,25.0,11814000.0,472560.0,368000.0,333000.0,613000.0,3.0,18.0
Sarawak,Bahagian Samarahan,2025Q3,all,28.0,8626000.0,308071.43,325000.0,246250.0,368750.0,12.0,27.0
Sarawak,Bahagian Samarahan,2025Q3,condo,1.0,196000.0,196000.0,196000.0,196000.0,196000.0,1.0,1.0
Sarawak,Bahagian Samarahan,2025Q3,detached,1.0,75000.0,75000.0,75000.0,75000.0,75000.0,1.0,1.0
Sarawak,Bahagian Samarahan,2025Q3,flat,2.0,355000.0,177500.0,177500.0,176250.0,178750.0,2.0,2.0
Sarawak,Bahagian Samarahan,2025Q3,low_cost_flat,1.0,46000.0,46000.0,46000.0,46000.0,46000.0,1.0,1.0
Sarawak,Bahagian Samarahan,2025Q3,low_cost_house,5.0,1615000.0,323000.0,350000.0,300000.0,350000.0,2.0,5.0
Sarawak,Bahagian Samarahan,2025Q3,semi_detached,1.0,460000.0,460000.0,460000.0,460000.0,460000.0,0.0,1.0
Sarawak,Bahagian Samarahan,2025Q3,terrace,17.0,5879000.0,345823.53,330000.0,300000.0,390000.0,5.0,16.0
Sarawak,Bahagian Samarahan,2025Q4,all,23.0,12036000.0,523304.35,395000.0,319500.0,507500.0,6.0,17.0
Sarawak,Bahagian Samarahan,2025Q4,condo,2.0,450000.0,225000.0,225000.0,202500.0,247500.0,2.0,2.0
Sarawak,Bahagian Samarahan,2025Q4,detached,1.0,3300000.0,3300000.0,3300000.0,3300000.0,3300000.0,0.0,0.0
Sarawak,Bahagian Samarahan,2025Q4,low_cost_house,2.0,338000.0,169000.0,169000.0,109500.0,228500.0,2.0,2.0
Sarawak,Bahagian Samarahan,2025Q4,semi_detached,2.0,944000.0,472000.0,472000.0,461000.0,483000.0,0.0,2.0
Sarawak,Bahagian Samarahan,2025Q4,terrace,16.0,7004000.0,437750.0,412500.0,367500.0,523250.0,2.0,11.0
Sarawak,Bahagian Samarahan,2026Q1,all,20.0,8567000.0,428350.0,460000.0,391000.0,498250.0,3.0,18.0
Sarawak,Bahagian Samarahan,2026Q1,condo,2.0,1190000.0,595000.0,595000.0,532500.0,657500.0,0.0,1.0
Sarawak,Bahagian Samarahan,2026Q1,flat,1.0,71000.0,71000.0,71000.0,71000.0,71000.0,1.0,1.0
Sarawak,Bahagian Samarahan,2026Q1,low_cost_house,2.0,360000.0,180000.0,180000.0,140000.0,220000.0,2.0,2.0
Sarawak,Bahagian Samarahan,2026Q1,semi_detached,1.0,450000.0,450000.0,450000.0,450000.0,450000.0,0.0,1.0
Sarawak,Bahagian Samarahan,2026Q1,terrace,14.0,6496000.0,464000.0,490000.0,401000.0,498750.0,0.0,13.0
Sarawak,Bahagian Samarahan,2026Q2,all,22.0,9014000.0,409727.27,395000.0,321500.0,535750.0,5.0,16.0
Sarawak,Bahagian Samarahan,2026Q2,condo,1.0,193000.0,193000.0,193000.0,193000.0,193000.0,1.0,1.0
Sarawak,Bahagian Samarahan,2026Q2,detached,1.0,326000.0,326000.0,326000.0,326000.0,326000.0,0.0,1.0
Sarawak,Bahagian Samarahan,2026Q2,flat,1.0,82000.0,82000.0,82000.0,82000.0,82000.0,1.0,1.0
Sarawak,Bahagian Samarahan,2026Q2,low_cost_flat,1.0,120000.0,120000.0,120000.0,120000.0,120000.0,1.0,1.0
Sarawak,Bahagian Samarahan,2026Q2,low_cost_house,1.0,160000.0,160000.0,160000.0,160000.0,160000.0,1.0,1.0
Sarawak,Bahagian Samarahan,2026Q2,semi_detached,2.0,1097000.0,548500.0,548500.0,372750.0,724250.0,1.0,1.0
Sarawak,Bahagian Samarahan,2026Q2,terrace,15.0,7036000.0,469066.67,420000.0,380000.0,567500.0,0.0,10.0
Sarawak,Bahagian Sarikei,2024Q1,all,19.0,6296000.0,331368.42,330000.0,251000.0,395000.0,8.0,19.0
Sarawak,Bahagian Sarikei,2024Q1,semi_detached,2.0,960000.0,480000.0,480000.0,480000.0,480000.0,0.0,2.0
Sarawak,Bahagian Sarikei,2024Q1,terrace,17.0,5336000.0,313882.35,320000.0,250000.0,390000.0,8.0,17.0
Sarawak,Bahagian Sarikei,2024Q2,all,9.0,3933000.0,437000.0,400000.0,283000.0,490000.0,3.0,7.0
Sarawak,Bahagian Sarikei,2024Q2,semi_detached,3.0,1840000.0,613333.33,540000.0,455000.0,735000.0,0.0,1.0
Sarawak,Bahagian Sarikei,2024Q2,terrace,6.0,2093000.0,348833.33,341500.0,273250.0,400000.0,3.0,6.0
Sarawak,Bahagian Sarikei,2024Q3,all,18.0,6857000.0,380944.44,374000.0,318000.0,421250.0,3.0,16.0
Sarawak,Bahagian Sarikei,2024Q3,low_cost_house,1.0,160000.0,160000.0,160000.0,160000.0,160000.0,1.0,1.0
Sarawak,Bahagian Sarikei,2024Q3,semi_detached,3.0,1267000.0,422333.33,360000.0,343500.0,470000.0,0.0,2.0
Sarawak,Bahagian Sarikei,2024Q3,terrace,14.0,5430000.0,387857.14,380000.0,321250.0,421250.0,2.0,13.0
Sarawak,Bahagian Sarikei,2024Q4,all,11.0,3973000.0,361181.82,405000.0,224000.0,480000.0,4.0,9.0
Sarawak,Bahagian Sarikei,2024Q4,detached,1.0,280000.0,280000.0,280000.0,280000.0,280000.0,1.0,1.0
Sarawak,Bahagian Sarikei,2024Q4,low_cost_house,3.0,438000.0,146000.0,160000.0,135000.0,164000.0,3.0,3.0
Sarawak,Bahagian Sarikei,2024Q4,semi_detached,1.0,550000.0,550000.0,550000.0,550000.0,550000.0,0.0,0.0
Sarawak,Bahagian Sarikei,2024Q4,terrace,6.0,2705000.0,450833.33,455000.0,416250.0,490000.0,0.0,5.0
Sarawak,Bahagian Sarikei,2025Q1,all,9.0,4061000.0,451222.22,450000.0,420000.0,478000.0,0.0,8.0
Sarawak,Bahagian Sarikei,2025Q1,semi_detached,2.0,970000.0,485000.0,485000.0,452500.0,517500.0,0.0,1.0
Sarawak,Bahagian Sarikei,2025Q1,terrace,7.0,3091000.0,441571.43,450000.0,410000.0,471500.0,0.0,7.0
Sarawak,Bahagian Sarikei,2025Q2,all,13.0,4563000.0,351000.0,370000.0,285000.0,450000.0,5.0,12.0
Sarawak,Bahagian Sarikei,2025Q2,low_cost_house,2.0,275000.0,137500.0,137500.0,131250.0,143750.0,2.0,2.0
Sarawak,Bahagian Sarikei,2025Q2,semi_detached,1.0,438000.0,438000.0,438000.0,438000.0,438000.0,0.0,1.0
Sarawak,Bahagian Sarikei,2025Q2,terrace,10.0,3850000.0,385000.0,385000.0,310000.0,453750.0,3.0,9.0
Sarawak,Bahagian Sarikei,2025Q3,all,14.0,5517000.0,394071.43,434000.0,285000.0,499750.0,4.0,12.0
Sarawak,Bahagian Sarikei,2025Q3,low_cost_house,2.0,270000.0,135000.0,135000.0,127500.0,142500.0,2.0,2.0
Sarawak,Bahagian Sarikei,2025Q3,semi_detached,3.0,1760000.0,586666.67,600000.0,540000.0,640000.0,0.0,1.0
Sarawak,Bahagian Sarikei,2025Q3,terrace,9.0,3487000.0,387444.44,388000.0,360000.0,499000.0,2.0,9.0
Sarawak,Bahagian Sarikei,2025Q4,all,15.0,5559000.0,370600.0,340000.0,290000.0,455000.0,5.0,14.0
Sarawak,Bahagian Sarikei,2025Q4,low_cost_house,1.0,125000.0,125000.0,125000.0,125000.0,125000.0,1.0,1.0
Sarawak,Bahagian Sarikei,2025Q4,semi_detached,2.0,1100000.0,550000.0,550000.0,500000.0,600000.0,0.0,1.0
Sarawak,Bahagian Sarikei,2025Q4,terrace,12.0,4334000.0,361166.67,331500.0,295000.0,452500.0,4.0,12.0
Sarawak,Bahagian Sarikei,2026Q1,all,8.0,2524000.0,315500.0,282500.0,241250.0,349000.0,5.0,8.0
Sarawak,Bahagian Sarikei,2026Q1,terrace,8.0,2524000.0,315500.0,282500.0,241250.0,349000.0,5.0,8.0
Sarawak,Bahagian Sarikei,2026Q2,all,9.0,3455000.0,383888.89,408000.0,350000.0,450000.0,2.0,9.0
Sarawak,Bahagian Sarikei,2026Q2,detached,1.0,350000.0,350000.0,350000.0,350000.0,350000.0,0.0,1.0
Sarawak,Bahagian Sarikei,2026Q2,low_cost_house,1.0,167000.0,167000.0,167000.0,167000.0,167000.0,1.0,1.0
Sarawak,Bahagian Sarikei,2026Q2,semi_detached,1.0,490000.0,490000.0,490000.0,490000.0,490000.0,0.0,1.0
Sarawak,Bahagian Sarikei,2026Q2,terrace,6.0,2448000.0,408000.0,429000.0,390750.0,450000.0,1.0,6.0
Sarawak,Bahagian Serian,2024Q1,all,21.0,5608000.0,267047.62,200000.0,180000.0,318000.0,15.0,21.0
Sarawak,Bahagian Serian,2024Q1,detached,1.0,160000.0,160000.0,160000.0,160000.0,160000.0,1.0,1.0
Sarawak,Bahagian Serian,2024Q1,low_cost_house,9.0,1648000.0,183111.11,180000.0,168000.0,200000.0,9.0,9.0
Sarawak,Bahagian Serian,2024Q1,terrace,11.0,3800000.0,345454.55,318000.0,250000.0,462000.0,5.0,11.0
Sarawak,Bahagian Serian,2024Q2,all,19.0,5570000.0,293157.89,230000.0,199000.0,369000.0,13.0,18.0
Sarawak,Bahagian Serian,2024Q2,detached,1.0,290000.0,290000.0,290000.0,290000.0,290000.0,1.0,1.0
Sarawak,Bahagian Serian,2024Q2,low_cost_house,7.0,1372000.0,196000.0,196000.0,175000.0,214000.0,7.0,7.0
Sarawak,Bahagian Serian,2024Q2,semi_detached,2.0,1058000.0,529000.0,529000.0,514500.0,543500.0,0.0,1.0
Sarawak,Bahagian Serian,2024Q2,terrace,9.0,2850000.0,316666.67,250000.0,228000.0,430000.0,5.0,9.0
Sarawak,Bahagian Serian,2024Q3,all,12.0,3646000.0,303833.33,297500.0,212500.0,362500.0,7.0,12.0
Sarawak,Bahagian Serian,2024Q3,low_cost_house,3.0,578000.0,192666.67,188000.0,181500.0,201500.0,3.0,3.0
Sarawak,Bahagian Serian,2024Q3,terrace,9.0,3068000.0,340888.89,310000.0,295000.0,400000.0,4.0,9.0
Sarawak,Bahagian Serian,2024Q4,all,8.0,2703000.0,337875.0,285000.0,207500.0,410750.0,5.0,7.0
Sarawak,Bahagian Serian,2024Q4,low_cost_house,3.0,670000.0,223333.33,210000.0,190000.0,250000.0,3.0,3.0
Sarawak,Bahagian Serian,2024Q4,semi_detached,2.0,1065000.0,532500.0,532500.0,458750.0,606250.0,0.0,1.0
Sarawak,Bahagian Serian,2024Q4,terrace,3.0,968000.0,322666.67,280000.0,240000.0,384000.0,2.0,3.0
Sarawak,Bahagian Serian,2025Q1,all,7.0,2476000.0,353714.29,376000.0,250000.0,460000.0,3.0,7.0
Sarawak,Bahagian Serian,2025Q1,detached,1.0,470000.0,470000.0,470000.0,470000.0,470000.0,0.0,1.0
Sarawak,Bahagian Serian,2025Q1,low_cost_house,1.0,200000.0,200000.0,200000.0,200000.0,200000.0,1.0,1.0
Sarawak,Bahagian Serian,2025Q1,semi_detached,1.0,450000.0,450000.0,450000.0,450000.0,450000.0,0.0,1.0
Sarawak,Bahagian Serian,2025Q1,terrace,4.0,1356000.0,339000.0,338000.0,275000.0,402000.0,2.0,4.0
Sarawak,Bahagian Serian,2025Q2,all,5.0,1456000.0,291200.0,290000.0,270000.0,298000.0,4.0,5.0
Sarawak,Bahagian Serian,2025Q2,terrace,5.0,1456000.0,291200.0,290000.0,270000.0,298000.0,4.0,5.0
Sarawak,Bahagian Serian,2025Q3,all,10.0,2706000.0,270600.0,270000.0,218500.0,318750.0,6.0,10.0
Sarawak,Bahagian Serian,2025Q3,detached,1.0,250000.0,250000.0,250000.0,250000.0,250000.0,1.0,1.0
Sarawak,Bahagian Serian,2025Q3,low_cost_house,2.0,408000.0,204000.0,204000.0,201000.0,207000.0,2.0,2.0
Sarawak,Bahagian Serian,2025Q3,semi_detached,1.0,244000.0,244000.0,244000.0,244000.0,244000.0,1.0,1.0
Sarawak,Bahagian Serian,2025Q3,terrace,6.0,1804000.0,300666.67,317500.0,296250.0,365000.0,2.0,6.0
Sarawak,Bahagian Serian,2025Q4,all,11.0,3691000.0,335545.45,270000.0,200000.0,460000.0,6.0,9.0
Sarawak,Bahagian Serian,2025Q4,low_cost_house,3.0,670000.0,223333.33,205000.0,200000.0,237500.0,3.0,3.0
Sarawak,Bahagian Serian,2025Q4,terrace,8.0,3021000.0,377625.0,410000.0,243750.0,502000.0,3.0,6.0
Sarawak,Bahagian Serian,2026Q1,all,6.0,1983000.0,330500.0,282500.0,253750.0,405000.0,4.0,6.0
Sarawak,Bahagian Serian,2026Q1,detached,1.0,265000.0,265000.0,265000.0,265000.0,265000.0,1.0,1.0
Sarawak,Bahagian Serian,2026Q1,low_cost_house,2.0,478000.0,239000.0,239000.0,233500.0,244500.0,2.0,2.0
Sarawak,Bahagian Serian,2026Q1,terrace,3.0,1240000.0,413333.33,440000.0,370000.0,470000.0,1.0,3.0
Sarawak,Bahagian Serian,2026Q2,all,5.0,1845000.0,369000.0,295000.0,250000.0,410000.0,3.0,4.0
Sarawak,Bahagian Serian,2026Q2,detached,1.0,650000.0,650000.0,650000.0,650000.0,650000.0,0.0,0.0
Sarawak,Bahagian Serian,2026Q2,low_cost_house,1.0,240000.0,240000.0,240000.0,240000.0,240000.0,1.0,1.0
Sarawak,Bahagian Serian,2026Q2,terrace,3.0,955000.0,318333.33,295000.0,272500.0,352500.0,2.0,3.0
Sarawak,Bahagian Sibu,2024Q1,all,76.0,33974000.0,447026.32,429500.0,338000.0,500000.0,13.0,63.0
Sarawak,Bahagian Sibu,2024Q1,condo,10.0,4341000.0,434100.0,392500.0,354750.0,495000.0,0.0,9.0
Sarawak,Bahagian Sibu,2024Q1,detached,1.0,1250000.0,1250000.0,1250000.0,1250000.0,1250000.0,0.0,0.0
Sarawak,Bahagian Sibu,2024Q1,low_cost_house,2.0,590000.0,295000.0,295000.0,282500.0,307500.0,1.0,2.0
Sarawak,Bahagian Sibu,2024Q1,semi_detached,9.0,5824000.0,647111.11,700000.0,500000.0,720000.0,0.0,3.0
Sarawak,Bahagian Sibu,2024Q1,terrace,54.0,21969000.0,406833.33,400000.0,330000.0,489500.0,12.0,49.0
Sarawak,Bahagian Sibu,2024Q2,all,90.0,38268000.0,425200.0,421000.0,332500.0,500000.0,17.0,74.0
Sarawak,Bahagian Sibu,2024Q2,condo,5.0,2175000.0,435000.0,430000.0,350000.0,450000.0,0.0,4.0
Sarawak,Bahagian Sibu,2024Q2,detached,1.0,90000.0,90000.0,90000.0,90000.0,90000.0,1.0,1.0
Sarawak,Bahagian Sibu,2024Q2,low_cost_flat,1.0,84000.0,84000.0,84000.0,84000.0,84000.0,1.0,1.0
Sarawak,Bahagian Sibu,2024Q2,low_cost_house,6.0,1680000.0,280000.0,285000.0,251250.0,288750.0,5.0,6.0
Sarawak,Bahagian Sibu,2024Q2,semi_detached,13.0,8135000.0,625769.23,580000.0,550000.0,700000.0,0.0,2.0
Sarawak,Bahagian Sibu,2024Q2,terrace,63.0,25504000.0,404825.4,400000.0,345000.0,482500.0,10.0,60.0
Sarawak,Bahagian Sibu,2024Q2,townhouse,1.0,600000.0,600000.0,600000.0,600000.0,600000.0,0.0,0.0
Sarawak,Bahagian Sibu,2024Q3,all,96.0,40898000.0,426020.83,417500.0,297250.0,496250.0,26.0,76.0
Sarawak,Bahagian Sibu,2024Q3,condo,6.0,3134000.0,522333.33,515500.0,415500.0,588500.0,0.0,3.0
Sarawak,Bahagian Sibu,2024Q3,detached,2.0,500000.0,250000.0,250000.0,210000.0,290000.0,1.0,2.0
Sarawak,Bahagian Sibu,2024Q3,low_cost_house,8.0,2077000.0,259625.0,270000.0,252500.0,275500.0,8.0,8.0
Sarawak,Bahagian Sibu,2024Q3,semi_detached,16.0,10844000.0,677750.0,680000.0,622500.0,757500.0,0.0,1.0
Sarawak,Bahagian Sibu,2024Q3,terrace,64.0,24343000.0,380359.38,392500.0,294250.0,460000.0,17.0,62.0
Sarawak,Bahagian Sibu,2024Q4,all,45.0,20331000.0,451800.0,400000.0,285000.0,495000.0,13.0,34.0
Sarawak,Bahagian Sibu,2024Q4,condo,2.0,1110000.0,555000.0,555000.0,432500.0,677500.0,0.0,1.0
Sarawak,Bahagian Sibu,2024Q4,detached,2.0,2750000.0,1375000.0,1375000.0,1312500.0,1437500.0,0.0,0.0
Sarawak,Bahagian Sibu,2024Q4,low_cost_flat,1.0,85000.0,85000.0,85000.0,85000.0,85000.0,1.0,1.0
Sarawak,Bahagian Sibu,2024Q4,low_cost_house,4.0,925000.0,231250.0,267500.0,205000.0,293750.0,3.0,4.0
Sarawak,Bahagian Sibu,2024Q4,semi_detached,4.0,2960000.0,740000.0,745000.0,680000.0,805000.0,0.0,0.0
Sarawak,Bahagian Sibu,2024Q4,terrace,32.0,12501000.0,390656.25,400000.0,294750.0,480000.0,9.0,28.0
Sarawak,Bahagian Sibu,2025Q1,all,35.0,17172000.0,490628.57,480000.0,414000.0,510000.0,3.0,26.0
Sarawak,Bahagian Sibu,2025Q1,condo,2.0,1340000.0,670000.0,670000.0,580000.0,760000.0,0.0,1.0
Sarawak,Bahagian Sibu,2025Q1,low_cost_house,3.0,915000.0,305000.0,350000.0,235000.0,397500.0,1.0,3.0
Sarawak,Bahagian Sibu,2025Q1,semi_detached,9.0,5600000.0,622222.22,600000.0,520000.0,750000.0,0.0,2.0
Sarawak,Bahagian Sibu,2025Q1,terrace,21.0,9317000.0,443666.67,460000.0,393000.0,489000.0,2.0,20.0
Sarawak,Bahagian Sibu,2025Q2,all,47.0,22344000.0,475404.26,470000.0,355000.0,590000.0,8.0,31.0
Sarawak,Bahagian Sibu,2025Q2,low_cost_house,3.0,920000.0,306666.67,290000.0,285000.0,320000.0,2.0,3.0
Sarawak,Bahagian Sibu,2025Q2,semi_detached,7.0,4928000.0,704000.0,670000.0,604000.0,810000.0,0.0,1.0
Sarawak,Bahagian Sibu,2025Q2,terrace,37.0,16496000.0,445837.84,465000.0,360000.0,533000.0,6.0,27.0
Sarawak,Bahagian Sibu,2025Q3,all,51.0,22817000.0,447392.16,400000.0,342500.0,498000.0,11.0,42.0
Sarawak,Bahagian Sibu,2025Q3,cluster,1.0,500000.0,500000.0,500000.0,500000.0,500000.0,0.0,1.0
Sarawak,Bahagian Sibu,2025Q3,condo,5.0,2380000.0,476000.0,390000.0,300000.0,500000.0,2.0,4.0
Sarawak,Bahagian Sibu,2025Q3,low_cost_house,3.0,780000.0,260000.0,300000.0,235000.0,305000.0,2.0,3.0
Sarawak,Bahagian Sibu,2025Q3,semi_detached,7.0,5190000.0,741428.57,790000.0,597500.0,865000.0,0.0,2.0
Sarawak,Bahagian Sibu,2025Q3,terrace,35.0,13967000.0,399057.14,398000.0,350000.0,475000.0,7.0,32.0
Sarawak,Bahagian Sibu,2025Q4,all,53.0,25713000.0,485150.94,410000.0,290000.0,480000.0,16.0,47.0
Sarawak,Bahagian Sibu,2025Q4,condo,2.0,755000.0,377500.0,377500.0,271250.0,483750.0,1.0,1.0
Sarawak,Bahagian Sibu,2025Q4,detached,1.0,5000000.0,5000000.0,5000000.0,5000000.0,5000000.0,0.0,0.0
Sarawak,Bahagian Sibu,2025Q4,low_cost_house,2.0,530000.0,265000.0,265000.0,252500.0,277500.0,2.0,2.0
Sarawak,Bahagian Sibu,2025Q4,semi_detached,2.0,940000.0,470000.0,470000.0,460000.0,480000.0,0.0,2.0
Sarawak,Bahagian Sibu,2025Q4,terrace,46.0,18488000.0,401913.04,407500.0,291250.0,480000.0,13.0,42.0
Sarawak,Bahagian Sibu,2026Q1,all,21.0,10795000.0,514047.62,450000.0,320000.0,610000.0,5.0,14.0
Sarawak,Bahagian Sibu,2026Q1,condo,5.0,2070000.0,414000.0,430000.0,290000.0,450000.0,2.0,4.0
Sarawak,Bahagian Sibu,2026Q1,detached,2.0,1700000.0,850000.0,850000.0,675000.0,1025000.0,0.0,1.0
Sarawak,Bahagian Sibu,2026Q1,low_cost_house,2.0,615000.0,307500.0,307500.0,301250.0,313750.0,1.0,2.0
Sarawak,Bahagian Sibu,2026Q1,semi_detached,3.0,2285000.0,761666.67,688000.0,542500.0,944000.0,0.0,1.0
Sarawak,Bahagian Sibu,2026Q1,terrace,9.0,4125000.0,458333.33,495000.0,320000.0,558000.0,2.0,6.0
Sarawak,Bahagian Sibu,2026Q2,all,42.0,18666000.0,444428.57,454000.0,378000.0,500000.0,6.0,34.0
Sarawak,Bahagian Sibu,2026Q2,condo,1.0,550000.0,550000.0,550000.0,550000.0,550000.0,0.0,0.0
Sarawak,Bahagian Sibu,2026Q2,low_cost_flat,1.0,70000.0,70000.0,70000.0,70000.0,70000.0,1.0,1.0
Sarawak,Bahagian Sibu,2026Q2,low_cost_house,4.0,1283000.0,320750.0,310000.0,293750.0,337000.0,2.0,4.0
Sarawak,Bahagian Sibu,2026Q2,semi_detached,6.0,3573000.0,595500.0,575000.0,500000.0,672500.0,0.0,3.0
Sarawak,Bahagian Sibu,2026Q2,terrace,30.0,13190000.0,439666.67,449000.0,378500.0,490000.0,3.0,26.0
Sarawak,Bahagian Sri Aman,2024Q1,all,12.0,3879000.0,323250.0,246500.0,168750.0,322500.0,9.0,11.0
Sarawak,Bahagian Sri Aman,2024Q1,detached,1.0,1200000.0,1200000.0,1200000.0,1200000.0,1200000.0,0.0,0.0
Sarawak,Bahagian Sri Aman,2024Q1,flat,1.0,75000.0,75000.0,75000.0,75000.0,75000.0,1.0,1.0
Sarawak,Bahagian Sri Aman,2024Q1,low_cost_house,1.0,95000.0,95000.0,95000.0,95000.0,95000.0,1.0,1.0
Sarawak,Bahagian Sri Aman,2024Q1,terrace,9.0,2509000.0,278777.78,258000.0,230000.0,290000.0,7.0,9.0
Sarawak,Bahagian Sri Aman,2024Q2,all,16.0,4027000.0,251687.5,262500.0,177000.0,332500.0,9.0,16.0
Sarawak,Bahagian Sri Aman,2024Q2,flat,1.0,40000.0,40000.0,40000.0,40000.0,40000.0,1.0,1.0
Sarawak,Bahagian Sri Aman,2024Q2,low_cost_house,1.0,138000.0,138000.0,138000.0,138000.0,138000.0,1.0,1.0
Sarawak,Bahagian Sri Aman,2024Q2,semi_detached,2.0,780000.0,390000.0,390000.0,375000.0,405000.0,0.0,2.0
Sarawak,Bahagian Sri Aman,2024Q2,terrace,12.0,3069000.0,255750.0,262500.0,212500.0,322500.0,7.0,12.0
Sarawak,Bahagian Sri Aman,2024Q3,all,15.0,4385000.0,292333.33,295000.0,235000.0,380000.0,9.0,15.0
Sarawak,Bahagian Sri Aman,2024Q3,detached,2.0,480000.0,240000.0,240000.0,160000.0,320000.0,1.0,2.0
Sarawak,Bahagian Sri Aman,2024Q3,flat,1.0,60000.0,60000.0,60000.0,60000.0,60000.0,1.0,1.0
Sarawak,Bahagian Sri Aman,2024Q3,semi_detached,1.0,350000.0,350000.0,350000.0,350000.0,350000.0,0.0,1.0
Sarawak,Bahagian Sri Aman,2024Q3,terrace,11.0,3495000.0,317727.27,295000.0,245000.0,380000.0,7.0,11.0
Sarawak,Bahagian Sri Aman,2024Q4,all,3.0,745000.0,248333.33,260000.0,220000.0,282500.0,2.0,3.0
Sarawak,Bahagian Sri Aman,2024Q4,detached,1.0,180000.0,180000.0,180000.0,180000.0,180000.0,1.0,1.0
Sarawak,Bahagian Sri Aman,2024Q4,low_cost_house,1.0,260000.0,260000.0,260000.0,260000.0,260000.0,1.0,1.0
Sarawak,Bahagian Sri Aman,2024Q4,terrace,1.0,305000.0,305000.0,305000.0,305000.0,305000.0,0.0,1.0
Sarawak,Bahagian Sri Aman,2025Q2,all,1.0,152000.0,152000.0,152000.0,152000.0,152000.0,1.0,1.0
Sarawak,Bahagian Sri Aman,2025Q2,low_cost_house,1.0,152000.0,152000.0,152000.0,152000.0,152000.0,1.0,1.0
Sarawak,Bahagian Sri Aman,2025Q3,all,4.0,582000.0,145500.0,134000.0,95000.0,184500.0,4.0,4.0
Sarawak,Bahagian Sri Aman,2025Q3,detached,1.0,100000.0,100000.0,100000.0,100000.0,100000.0,1.0,1.0
Sarawak,Bahagian Sri Aman,2025Q3,terrace,3.0,482000.0,160666.67,168000.0,124000.0,201000.0,3.0,3.0
Sarawak,Bahagian Sri Aman,2025Q4,all,3.0,575000.0,191666.67,210000.0,147500.0,245000.0,3.0,3.0
Sarawak,Bahagian Sri Aman,2025Q4,low_cost_house,2.0,295000.0,147500.0,147500.0,116250.0,178750.0,2.0,2.0
Sarawak,Bahagian Sri Aman,2025Q4,terrace,1.0,280000.0,280000.0,280000.0,280000.0,280000.0,1.0,1.0
Sarawak,Bahagian Sri Aman,2026Q2,all,3.0,920000.0,306666.67,380000.0,230000.0,420000.0,1.0,3.0
Sarawak,Bahagian Sri Aman,2026Q2,flat,1.0,80000.0,80000.0,80000.0,80000.0,80000.0,1.0,1.0
Sarawak,Bahagian Sri Aman,2026Q2,semi_detached,1.0,460000.0,460000.0,460000.0,460000.0,460000.0,0.0,1.0
Sarawak,Bahagian Sri Aman,2026Q2,terrace,1.0,380000.0,380000.0,380000.0,380000.0,380000.0,0.0,1.0
Selangor,Gombak,2024Q1,all,714.0,424103000.0,593981.79,427500.0,278500.0,663750.0,219.0,441.0
Selangor,Gombak,2024Q1,condo,161.0,66722000.0,414422.36,310000.0,245000.0,380000.0,80.0,145.0
Selangor,Gombak,2024Q1,detached,45.0,72189000.0,1604200.0,780000.0,370000.0,1800000.0,7.0,16.0
Selangor,Gombak,2024Q1,flat,43.0,6917000.0,160860.47,145000.0,113000.0,222500.0,42.0,43.0
Selangor,Gombak,2024Q1,low_cost_flat,64.0,8677000.0,135578.12,140000.0,100000.0,165500.0,64.0,64.0
Selangor,Gombak,2024Q1,low_cost_house,18.0,6085000.0,338055.56,342500.0,276250.0,370500.0,7.0,17.0
Selangor,Gombak,2024Q1,semi_detached,41.0,51316000.0,1251609.76,975000.0,600000.0,1730000.0,0.0,8.0
Selangor,Gombak,2024Q1,terrace,326.0,206395000.0,633113.5,570000.0,450000.0,728750.0,13.0,133.0
Selangor,Gombak,2024Q1,townhouse,16.0,5802000.0,362625.0,345000.0,300000.0,385000.0,6.0,15.0
Selangor,Gombak,2024Q2,all,708.0,446055000.0,630021.19,470000.0,300000.0,710000.0,187.0,402.0
Selangor,Gombak,2024Q2,cluster,1.0,1250000.0,1250000.0,1250000.0,1250000.0,1250000.0,0.0,0.0
Selangor,Gombak,2024Q2,condo,135.0,47523000.0,352022.22,310000.0,250000.0,380000.0,64.0,123.0
Selangor,Gombak,2024Q2,detached,41.0,85461000.0,2084414.63,2000000.0,800000.0,3000000.0,1.0,5.0
Selangor,Gombak,2024Q2,flat,45.0,7694000.0,170977.78,170000.0,143000.0,190000.0,44.0,45.0
Selangor,Gombak,2024Q2,low_cost_flat,47.0,6419000.0,136574.47,150000.0,112500.0,160000.0,47.0,47.0
Selangor,Gombak,2024Q2,low_cost_house,26.0,8529000.0,328038.46,315000.0,246250.0,397500.0,13.0,26.0
Selangor,Gombak,2024Q2,semi_detached,42.0,46906000.0,1116809.52,1000000.0,650000.0,1322500.0,0.0,9.0
Selangor,Gombak,2024Q2,terrace,359.0,238273000.0,663713.09,590000.0,450000.0,754000.0,12.0,136.0
Selangor,Gombak,2024Q2,townhouse,12.0,4000000.0,333333.33,310000.0,280000.0,360000.0,6.0,11.0
Selangor,Gombak,2024Q3,all,704.0,403973000.0,573825.28,431500.0,280000.0,640000.0,207.0,424.0
Selangor,Gombak,2024Q3,cluster,1.0,520000.0,520000.0,520000.0,520000.0,520000.0,0.0,0.0
Selangor,Gombak,2024Q3,condo,172.0,66182000.0,384779.07,321500.0,259500.0,400000.0,76.0,148.0
Selangor,Gombak,2024Q3,detached,39.0,68716000.0,1761948.72,1100000.0,590000.0,2600000.0,2.0,9.0
Selangor,Gombak,2024Q3,flat,63.0,10428000.0,165523.81,158000.0,129500.0,200000.0,63.0,63.0
Selangor,Gombak,2024Q3,low_cost_flat,38.0,5636000.0,148315.79,150000.0,112500.0,180000.0,38.0,38.0
Selangor,Gombak,2024Q3,low_cost_house,24.0,8880000.0,370000.0,390000.0,300000.0,433750.0,7.0,24.0
Selangor,Gombak,2024Q3,semi_detached,42.0,44184000.0,1052000.0,960000.0,531000.0,1437500.0,0.0,9.0
Selangor,Gombak,2024Q3,terrace,311.0,195101000.0,627334.41,550000.0,450000.0,704500.0,12.0,120.0
Selangor,Gombak,2024Q3,townhouse,14.0,4326000.0,309000.0,290000.0,255000.0,360000.0,9.0,13.0
Selangor,Gombak,2024Q4,all,207.0,140549000.0,678980.68,473000.0,350000.0,725000.0,40.0,116.0
Selangor,Gombak,2024Q4,condo,49.0,18338000.0,374244.9,380000.0,260000.0,400000.0,15.0,43.0
Selangor,Gombak,2024Q4,detached,15.0,29535000.0,1969000.0,745000.0,555000.0,3600000.0,2.0,3.0
Selangor,Gombak,2024Q4,flat,18.0,3320000.0,184444.44,170000.0,155750.0,207500.0,18.0,18.0
Selangor,Gombak,2024Q4,low_cost_flat,4.0,479000.0,119750.0,122000.0,79250.0,162500.0,4.0,4.0
Selangor,Gombak,2024Q4,low_cost_house,5.0,2808000.0,561600.0,550000.0,350000.0,730000.0,0.0,2.0
Selangor,Gombak,2024Q4,semi_detached,15.0,22167000.0,1477800.0,1100000.0,1000000.0,1688500.0,0.0,0.0
Selangor,Gombak,2024Q4,terrace,98.0,62872000.0,641551.02,527500.0,450000.0,745750.0,0.0,43.0
Selangor,Gombak,2024Q4,townhouse,3.0,1030000.0,343333.33,330000.0,315000.0,365000.0,1.0,3.0
Selangor,Gombak,2025Q1,all,165.0,105704000.0,640630.3,480000.0,340000.0,700000.0,35.0,99.0
Selangor,Gombak,2025Q1,condo,43.0,19716000.0,458511.63,350000.0,282500.0,471000.0,16.0,34.0
Selangor,Gombak,2025Q1,detached,10.0,18115000.0,1811500.0,1550000.0,772000.0,2400000.0,1.0,2.0
Selangor,Gombak,2025Q1,flat,9.0,1479000.0,164333.33,151000.0,150000.0,180000.0,9.0,9.0
Selangor,Gombak,2025Q1,low_cost_flat,4.0,655000.0,163750.0,165000.0,132500.0,196250.0,4.0,4.0
Selangor,Gombak,2025Q1,low_cost_house,2.0,510000.0,255000.0,255000.0,212500.0,297500.0,1.0,2.0
Selangor,Gombak,2025Q1,semi_detached,11.0,13122000.0,1192909.09,1200000.0,645000.0,1675000.0,1.0,3.0
Selangor,Gombak,2025Q1,terrace,82.0,50747000.0,618865.85,510000.0,450000.0,697500.0,2.0,41.0
Selangor,Gombak,2025Q1,townhouse,4.0,1360000.0,340000.0,350000.0,328750.0,361250.0,1.0,4.0
Selangor,Gombak,2025Q2,all,158.0,119892000.0,758810.13,520000.0,356250.0,802000.0,32.0,78.0
Selangor,Gombak,2025Q2,condo,27.0,16749000.0,620333.33,340000.0,261500.0,430000.0,12.0,21.0
Selangor,Gombak,2025Q2,detached,8.0,18975000.0,2371875.0,1675000.0,1253750.0,2660000.0,0.0,1.0
Selangor,Gombak,2025Q2,flat,14.0,2441000.0,174357.14,173500.0,120000.0,207500.0,13.0,14.0
Selangor,Gombak,2025Q2,low_cost_flat,3.0,435000.0,145000.0,170000.0,106000.0,196500.0,3.0,3.0
Selangor,Gombak,2025Q2,low_cost_house,2.0,910000.0,455000.0,455000.0,402500.0,507500.0,0.0,1.0
Selangor,Gombak,2025Q2,semi_detached,16.0,22059000.0,1378687.5,1235000.0,787500.0,1975000.0,0.0,2.0
Selangor,Gombak,2025Q2,terrace,84.0,57028000.0,678904.76,560000.0,480000.0,782250.0,2.0,32.0
Selangor,Gombak,2025Q2,townhouse,4.0,1295000.0,323750.0,330000.0,293750.0,360000.0,2.0,4.0
Selangor,Gombak,2025Q3,all,259.0,145450000.0,561583.01,428000.0,316500.0,660000.0,59.0,165.0
Selangor,Gombak,2025Q3,condo,77.0,28774000.0,373688.31,360000.0,290000.0,420000.0,22.0,73.0
Selangor,Gombak,2025Q3,detached,14.0,14590000.0,1042142.86,710000.0,380000.0,1145000.0,3.0,6.0
Selangor,Gombak,2025Q3,flat,21.0,3756000.0,178857.14,166000.0,140000.0,212000.0,20.0,21.0
Selangor,Gombak,2025Q3,low_cost_flat,9.0,1481000.0,164555.56,180000.0,120000.0,200000.0,9.0,9.0
Selangor,Gombak,2025Q3,low_cost_house,5.0,1595000.0,319000.0,320000.0,280000.0,350000.0,2.0,5.0
Selangor,Gombak,2025Q3,semi_detached,11.0,14502000.0,1318363.64,1310000.0,762500.0,1775000.0,1.0,2.0
Selangor,Gombak,2025Q3,terrace,117.0,78999000.0,675205.13,600000.0,455000.0,796000.0,1.0,44.0
Selangor,Gombak,2025Q3,townhouse,5.0,1753000.0,350600.0,360000.0,345000.0,380000.0,1.0,5.0
Selangor,Gombak,2025Q4,all,194.0,135699000.0,699479.38,470000.0,330000.0,787500.0,40.0,109.0
Selangor,Gombak,2025Q4,condo,51.0,27958000.0,548196.08,338000.0,275000.0,400000.0,17.0,43.0
Selangor,Gombak,2025Q4,detached,18.0,33568000.0,1864888.89,1025000.0,462500.0,2425000.0,2.0,6.0
Selangor,Gombak,2025Q4,flat,16.0,3036000.0,189750.0,193000.0,150000.0,206250.0,15.0,16.0
Selangor,Gombak,2025Q4,low_cost_flat,6.0,1137000.0,189500.0,185000.0,153750.0,242500.0,5.0,6.0
Selangor,Gombak,2025Q4,low_cost_house,7.0,2817000.0,402428.57,440000.0,380000.0,477500.0,1.0,6.0
Selangor,Gombak,2025Q4,semi_detached,6.0,5410000.0,901666.67,705000.0,620000.0,1120000.0,0.0,0.0
Selangor,Gombak,2025Q4,terrace,88.0,61008000.0,693272.73,600000.0,480000.0,822500.0,0.0,30.0
Selangor,Gombak,2025Q4,townhouse,2.0,765000.0,382500.0,382500.0,356250.0,408750.0,0.0,2.0
Selangor,Gombak,2026Q1,all,126.0,79313000.0,629468.25,500000.0,365000.0,772500.0,22.0,64.0
Selangor,Gombak,2026Q1,condo,30.0,11831000.0,394366.67,365000.0,255000.0,453750.0,12.0,26.0
Selangor,Gombak,2026Q1,detached,11.0,12715000.0,1155909.09,560000.0,412500.0,975000.0,1.0,5.0
Selangor,Gombak,2026Q1,flat,3.0,438000.0,146000.0,155000.0,139000.0,157500.0,3.0,3.0
Selangor,Gombak,2026Q1,low_cost_flat,2.0,295000.0,147500.0,147500.0,121250.0,173750.0,2.0,2.0
Selangor,Gombak,2026Q1,low_cost_house,6.0,2164000.0,360666.67,345000.0,245000.0,443500.0,3.0,5.0
Selangor,Gombak,2026Q1,semi_detached,12.0,11187000.0,932250.0,762500.0,547750.0,1157500.0,0.0,2.0
Selangor,Gombak,2026Q1,terrace,61.0,40333000.0,661196.72,605000.0,470000.0,820000.0,1.0,20.0
Selangor,Gombak,2026Q1,townhouse,1.0,350000.0,350000.0,350000.0,350000.0,350000.0,0.0,1.0
Selangor,Gombak,2026Q2,all,201.0,130489000.0,649199.0,464000.0,325000.0,706000.0,40.0,116.0
Selangor,Gombak,2026Q2,condo,52.0,18398000.0,353807.69,342500.0,283750.0,405000.0,17.0,48.0
Selangor,Gombak,2026Q2,detached,16.0,26438000.0,1652375.0,1475000.0,700000.0,2457500.0,1.0,3.0
Selangor,Gombak,2026Q2,flat,11.0,1789000.0,162636.36,160000.0,135000.0,185500.0,11.0,11.0
Selangor,Gombak,2026Q2,low_cost_flat,7.0,765000.0,109285.71,100000.0,42000.0,147500.0,7.0,7.0
Selangor,Gombak,2026Q2,low_cost_house,5.0,2190000.0,438000.0,420000.0,410000.0,430000.0,0.0,4.0
Selangor,Gombak,2026Q2,semi_detached,15.0,17981000.0,1198733.33,1100000.0,685000.0,1550000.0,0.0,2.0
Selangor,Gombak,2026Q2,terrace,89.0,60895000.0,684213.48,560000.0,450000.0,808000.0,3.0,35.0
Selangor,Gombak,2026Q2,townhouse,6.0,2033000.0,338833.33,331500.0,312000.0,363750.0,1.0,6.0
Selangor,Hulu Langat,2024Q1,all,1376.0,744364000.0,540962.21,430000.0,275000.0,650000.0,421.0,853.0
Selangor,Hulu Langat,2024Q1,cluster,8.0,7424000.0,928000.0,865000.0,773000.0,1017000.0,0.0,2.0
Selangor,Hulu Langat,2024Q1,condo,405.0,159417000.0,393622.22,350000.0,280000.0,450000.0,146.0,330.0
Selangor,Hulu Langat,2024Q1,detached,48.0,83104000.0,1731333.33,1400000.0,600000.0,2429500.0,2.0,10.0
Selangor,Hulu Langat,2024Q1,flat,114.0,21658000.0,189982.46,180000.0,150000.0,230000.0,109.0,114.0
Selangor,Hulu Langat,2024Q1,low_cost_flat,131.0,19481000.0,148709.92,150000.0,129000.0,175000.0,131.0,131.0
Selangor,Hulu Langat,2024Q1,low_cost_house,64.0,21874000.0,341781.25,347500.0,280000.0,380000.0,19.0,64.0
Selangor,Hulu Langat,2024Q1,semi_detached,73.0,100186000.0,1372410.96,1380000.0,1075000.0,1614000.0,0.0,3.0
Selangor,Hulu Langat,2024Q1,terrace,495.0,314865000.0,636090.91,589000.0,480000.0,750000.0,7.0,168.0
Selangor,Hulu Langat,2024Q1,townhouse,38.0,16355000.0,430394.74,407500.0,322500.0,493750.0,7.0,31.0
Selangor,Hulu Langat,2024Q2,all,1386.0,808619000.0,583419.19,450000.0,290000.0,650000.0,400.0,834.0
Selangor,Hulu Langat,2024Q2,cluster,19.0,19566000.0,1029789.47,901000.0,864000.0,982500.0,0.0,0.0
Selangor,Hulu Langat,2024Q2,condo,390.0,150858000.0,386815.38,350000.0,280000.0,458750.0,146.0,317.0
Selangor,Hulu Langat,2024Q2,detached,64.0,137537000.0,2149015.62,2032500.0,689250.0,3300000.0,0.0,13.0
Selangor,Hulu Langat,2024Q2,flat,112.0,23065000.0,205937.5,190000.0,160000.0,251250.0,101.0,112.0
Selangor,Hulu Langat,2024Q2,low_cost_flat,122.0,17180000.0,140819.67,150000.0,120000.0,170000.0,122.0,122.0
Selangor,Hulu Langat,2024Q2,low_cost_house,55.0,20288000.0,368872.73,350000.0,330000.0,420000.0,13.0,52.0
Selangor,Hulu Langat,2024Q2,semi_detached,68.0,92913000.0,1366367.65,1350000.0,978750.0,1657500.0,0.0,0.0
Selangor,Hulu Langat,2024Q2,terrace,526.0,334625000.0,636169.2,590000.0,470000.0,750000.0,13.0,190.0
Selangor,Hulu Langat,2024Q2,townhouse,30.0,12587000.0,419566.67,439000.0,354500.0,498000.0,5.0,28.0
Selangor,Hulu Langat,2024Q3,all,1340.0,743999000.0,555223.13,450000.0,300000.0,666250.0,339.0,812.0
Selangor,Hulu Langat,2024Q3,cluster,17.0,15950000.0,938235.29,870000.0,750000.0,970000.0,0.0,2.0
Selangor,Hulu Langat,2024Q3,condo,388.0,148470000.0,382654.64,350000.0,289000.0,450000.0,136.0,326.0
Selangor,Hulu Langat,2024Q3,detached,39.0,75527000.0,1936589.74,1720000.0,580000.0,2714500.0,0.0,7.0
Selangor,Hulu Langat,2024Q3,flat,122.0,25804000.0,211508.2,206500.0,166250.0,250000.0,108.0,122.0
Selangor,Hulu Langat,2024Q3,low_cost_flat,68.0,10174000.0,149617.65,152500.0,120000.0,180000.0,67.0,68.0
Selangor,Hulu Langat,2024Q3,low_cost_house,43.0,15656000.0,364093.02,340000.0,287500.0,400000.0,16.0,42.0
Selangor,Hulu Langat,2024Q3,semi_detached,62.0,82895000.0,1337016.13,1300000.0,912500.0,1629500.0,0.0,0.0
Selangor,Hulu Langat,2024Q3,terrace,571.0,358244000.0,627397.55,589000.0,465000.0,750000.0,5.0,217.0
Selangor,Hulu Langat,2024Q3,townhouse,30.0,11279000.0,375966.67,362500.0,322500.0,446250.0,7.0,28.0
Selangor,Hulu Langat,2024Q4,all,424.0,250974000.0,591919.81,475000.0,330000.0,692500.0,95.0,237.0
Selangor,Hulu Langat,2024Q4,cluster,4.0,4533000.0,1133250.0,1010000.0,907500.0,1235750.0,0.0,0.0
Selangor,Hulu Langat,2024Q4,condo,115.0,41739000.0,362947.83,340000.0,269000.0,426000.0,52.0,97.0
Selangor,Hulu Langat,2024Q4,detached,19.0,31270000.0,1645789.47,1500000.0,910000.0,1950000.0,0.0,2.0
Selangor,Hulu Langat,2024Q4,flat,32.0,7140000.0,223125.0,225000.0,175250.0,260000.0,29.0,32.0
Selangor,Hulu Langat,2024Q4,low_cost_flat,11.0,1490000.0,135454.55,120000.0,75000.0,150000.0,10.0,11.0
Selangor,Hulu Langat,2024Q4,low_cost_house,8.0,2950000.0,368750.0,325000.0,300000.0,397500.0,3.0,7.0
Selangor,Hulu Langat,2024Q4,semi_detached,26.0,36828000.0,1416461.54,1425000.0,960000.0,1715000.0,0.0,1.0
Selangor,Hulu Langat,2024Q4,terrace,199.0,121164000.0,608864.32,570000.0,465000.0,722500.0,1.0,77.0
Selangor,Hulu Langat,2024Q4,townhouse,10.0,3860000.0,386000.0,370000.0,350000.0,411250.0,0.0,10.0
Selangor,Hulu Langat,2025Q1,all,343.0,216315000.0,630655.98,490000.0,320500.0,733000.0,74.0,182.0
Selangor,Hulu Langat,2025Q1,cluster,4.0,6002000.0,1500500.0,1704500.0,1407750.0,1797250.0,0.0,0.0
Selangor,Hulu Langat,2025Q1,condo,91.0,33295000.0,365879.12,340000.0,270000.0,420000.0,31.0,80.0
Selangor,Hulu Langat,2025Q1,detached,16.0,30890000.0,1930625.0,1675000.0,535000.0,2775000.0,0.0,4.0
Selangor,Hulu Langat,2025Q1,flat,29.0,5628000.0,194068.97,200000.0,165000.0,220000.0,29.0,29.0
Selangor,Hulu Langat,2025Q1,low_cost_flat,9.0,1428000.0,158666.67,150000.0,135000.0,200000.0,9.0,9.0
Selangor,Hulu Langat,2025Q1,low_cost_house,6.0,1985000.0,330833.33,355000.0,287500.0,415000.0,2.0,6.0
Selangor,Hulu Langat,2025Q1,semi_detached,32.0,40755000.0,1273593.75,1367500.0,990000.0,1480000.0,0.0,1.0
Selangor,Hulu Langat,2025Q1,terrace,146.0,92527000.0,633746.58,607000.0,500000.0,750000.0,1.0,44.0
Selangor,Hulu Langat,2025Q1,townhouse,10.0,3805000.0,380500.0,355000.0,307500.0,415000.0,2.0,9.0
Selangor,Hulu Langat,2025Q2,all,365.0,236621000.0,648276.71,500000.0,353000.0,688000.0,65.0,187.0
Selangor,Hulu Langat,2025Q2,cluster,4.0,5279000.0,1319750.0,1433500.0,1190000.0,1563250.0,0.0,0.0
Selangor,Hulu Langat,2025Q2,condo,86.0,35693000.0,415034.88,362500.0,300000.0,442500.0,23.0,73.0
Selangor,Hulu Langat,2025Q2,detached,13.0,34273000.0,2636384.62,1600000.0,900000.0,2969000.0,1.0,2.0
Selangor,Hulu Langat,2025Q2,flat,30.0,6863000.0,228766.67,234000.0,180000.0,260000.0,27.0,30.0
Selangor,Hulu Langat,2025Q2,low_cost_flat,10.0,1516000.0,151600.0,152500.0,108000.0,187500.0,10.0,10.0
Selangor,Hulu Langat,2025Q2,low_cost_house,7.0,2670000.0,381428.57,385000.0,330000.0,420000.0,2.0,7.0
Selangor,Hulu Langat,2025Q2,semi_detached,26.0,33791000.0,1299653.85,1325000.0,940000.0,1623750.0,0.0,0.0
Selangor,Hulu Langat,2025Q2,terrace,181.0,113588000.0,627558.01,598000.0,498000.0,700000.0,0.0,57.0
Selangor,Hulu Langat,2025Q2,townhouse,8.0,2948000.0,368500.0,355000.0,322500.0,424500.0,2.0,8.0
Selangor,Hulu Langat,2025Q3,all,426.0,245620000.0,576572.77,450000.0,327250.0,658750.0,94.0,261.0
Selangor,Hulu Langat,2025Q3,cluster,2.0,2515000.0,1257500.0,1257500.0,1112750.0,1402250.0,0.0,0.0
Selangor,Hulu Langat,2025Q3,condo,129.0,46496000.0,360434.11,340000.0,288000.0,400000.0,46.0,118.0
Selangor,Hulu Langat,2025Q3,detached,23.0,36542000.0,1588782.61,1250000.0,714000.0,2150000.0,2.0,4.0
Selangor,Hulu Langat,2025Q3,flat,38.0,7947000.0,209131.58,197500.0,148750.0,248250.0,33.0,38.0
Selangor,Hulu Langat,2025Q3,low_cost_flat,8.0,1485000.0,185625.0,155000.0,127500.0,192500.0,7.0,8.0
Selangor,Hulu Langat,2025Q3,low_cost_house,9.0,3581000.0,397888.89,418000.0,350000.0,438000.0,1.0,9.0
Selangor,Hulu Langat,2025Q3,semi_detached,23.0,29730000.0,1292608.7,1225000.0,975000.0,1500000.0,0.0,1.0
Selangor,Hulu Langat,2025Q3,terrace,176.0,110036000.0,625204.55,582500.0,469500.0,750000.0,3.0,68.0
Selangor,Hulu Langat,2025Q3,townhouse,18.0,7288000.0,404888.89,371500.0,356250.0,465000.0,2.0,15.0
Selangor,Hulu Langat,2025Q4,all,382.0,224961000.0,588903.14,480000.0,330000.0,688000.0,85.0,214.0
Selangor,Hulu Langat,2025Q4,cluster,2.0,3650000.0,1825000.0,1825000.0,1737500.0,1912500.0,0.0,0.0
Selangor,Hulu Langat,2025Q4,condo,86.0,32749000.0,380802.33,380000.0,281500.0,450000.0,29.0,74.0
Selangor,Hulu Langat,2025Q4,detached,13.0,21120000.0,1624615.38,1050000.0,840000.0,2600000.0,0.0,0.0
Selangor,Hulu Langat,2025Q4,flat,29.0,6755000.0,232931.03,190000.0,163000.0,290000.0,23.0,29.0
Selangor,Hulu Langat,2025Q4,low_cost_flat,26.0,3587000.0,137961.54,139500.0,116250.0,167500.0,26.0,26.0
Selangor,Hulu Langat,2025Q4,low_cost_house,7.0,2280000.0,325714.29,340000.0,300000.0,350000.0,3.0,7.0
Selangor,Hulu Langat,2025Q4,semi_detached,32.0,39937000.0,1248031.25,1355000.0,997500.0,1500000.0,0.0,1.0
Selangor,Hulu Langat,2025Q4,terrace,180.0,111713000.0,620627.78,550000.0,450000.0,700000.0,3.0,73.0
Selangor,Hulu Langat,2025Q4,townhouse,7.0,3170000.0,452857.14,480000.0,350000.0,550000.0,1.0,4.0
Selangor,Hulu Langat,2026Q1,all,261.0,161638000.0,619302.68,500000.0,335000.0,740000.0,52.0,136.0
Selangor,Hulu Langat,2026Q1,cluster,2.0,2362000.0,1181000.0,1181000.0,965500.0,1396500.0,0.0,0.0
Selangor,Hulu Langat,2026Q1,condo,62.0,21500000.0,346774.19,320000.0,274750.0,377500.0,27.0,57.0
Selangor,Hulu Langat,2026Q1,detached,17.0,23640000.0,1390588.24,1138000.0,550000.0,2400000.0,1.0,2.0
Selangor,Hulu Langat,2026Q1,flat,16.0,3587000.0,224187.5,220000.0,180000.0,284500.0,14.0,16.0
Selangor,Hulu Langat,2026Q1,low_cost_flat,7.0,935000.0,133571.43,130000.0,115000.0,155000.0,7.0,7.0
Selangor,Hulu Langat,2026Q1,low_cost_house,3.0,1985000.0,661666.67,355000.0,342500.0,827500.0,0.0,2.0
Selangor,Hulu Langat,2026Q1,semi_detached,22.0,25988000.0,1181272.73,1190000.0,875000.0,1417250.0,0.0,0.0
Selangor,Hulu Langat,2026Q1,terrace,125.0,77608000.0,620864.0,555000.0,450000.0,738000.0,3.0,49.0
Selangor,Hulu Langat,2026Q1,townhouse,7.0,4033000.0,576142.86,600000.0,437500.0,675000.0,0.0,3.0
Selangor,Hulu Langat,2026Q2,all,358.0,220540000.0,616033.52,482500.0,351250.0,743500.0,60.0,206.0
Selangor,Hulu Langat,2026Q2,cluster,3.0,3976000.0,1325333.33,1508000.0,1234000.0,1508000.0,0.0,0.0
Selangor,Hulu Langat,2026Q2,condo,93.0,33205000.0,357043.01,340000.0,280000.0,420000.0,32.0,88.0
Selangor,Hulu Langat,2026Q2,detached,17.0,28474000.0,1674941.18,1400000.0,700000.0,2200000.0,0.0,3.0
Selangor,Hulu Langat,2026Q2,flat,28.0,6386000.0,228071.43,218000.0,175250.0,300500.0,21.0,28.0
Selangor,Hulu Langat,2026Q2,low_cost_flat,3.0,425000.0,141666.67,165000.0,102500.0,192500.0,3.0,3.0
Selangor,Hulu Langat,2026Q2,low_cost_house,8.0,3438000.0,429750.0,415000.0,329500.0,492500.0,0.0,7.0
Selangor,Hulu Langat,2026Q2,semi_detached,23.0,30892000.0,1343130.43,1350000.0,1025000.0,1625000.0,0.0,0.0
Selangor,Hulu Langat,2026Q2,terrace,174.0,109787000.0,630959.77,595000.0,470000.0,780000.0,3.0,69.0
Selangor,Hulu Langat,2026Q2,townhouse,9.0,3957000.0,439666.67,400000.0,380000.0,435000.0,1.0,8.0
Selangor,Hulu Selangor,2024Q1,all,368.0,110763000.0,300986.41,265000.0,172250.0,392000.0,221.0,338.0
Selangor,Hulu Selangor,2024Q1,cluster,3.0,665000.0,221666.67,225000.0,212500.0,232500.0,3.0,3.0
Selangor,Hulu Selangor,2024Q1,condo,32.0,4091000.0,127843.75,134000.0,100000.0,162750.0,32.0,32.0
Selangor,Hulu Selangor,2024Q1,detached,17.0,8020000.0,471764.71,390000.0,270000.0,600000.0,5.0,12.0
Selangor,Hulu Selangor,2024Q1,flat,30.0,3289000.0,109633.33,112500.0,71250.0,135000.0,30.0,30.0
Selangor,Hulu Selangor,2024Q1,low_cost_flat,19.0,1321000.0,69526.32,65000.0,40000.0,90000.0,19.0,19.0
Selangor,Hulu Selangor,2024Q1,low_cost_house,21.0,4505000.0,214523.81,210000.0,180000.0,250000.0,19.0,21.0
Selangor,Hulu Selangor,2024Q1,semi_detached,30.0,17988000.0,599600.0,453000.0,428500.0,865500.0,2.0,17.0
Selangor,Hulu Selangor,2024Q1,terrace,216.0,70884000.0,328166.67,300000.0,250000.0,400000.0,111.0,204.0
Selangor,Hulu Selangor,2024Q2,all,347.0,111314000.0,320789.63,300000.0,180000.0,452000.0,180.0,308.0
Selangor,Hulu Selangor,2024Q2,cluster,3.0,630000.0,210000.0,180000.0,175000.0,230000.0,3.0,3.0
Selangor,Hulu Selangor,2024Q2,condo,14.0,2019000.0,144214.29,144000.0,127500.0,171000.0,14.0,14.0
Selangor,Hulu Selangor,2024Q2,detached,21.0,8662000.0,412476.19,480000.0,280000.0,500000.0,7.0,16.0
Selangor,Hulu Selangor,2024Q2,flat,38.0,4436000.0,116736.84,120000.0,80250.0,153750.0,38.0,38.0
Selangor,Hulu Selangor,2024Q2,low_cost_flat,19.0,1471000.0,77421.05,70000.0,61500.0,75000.0,19.0,19.0
Selangor,Hulu Selangor,2024Q2,low_cost_house,20.0,3741000.0,187050.0,195000.0,160000.0,206250.0,20.0,20.0
Selangor,Hulu Selangor,2024Q2,semi_detached,16.0,7740000.0,483750.0,428000.0,305000.0,539750.0,4.0,12.0
Selangor,Hulu Selangor,2024Q2,terrace,216.0,82615000.0,382476.85,390000.0,280000.0,460000.0,75.0,186.0
Selangor,Hulu Selangor,2024Q3,all,318.0,103466000.0,325364.78,315000.0,200000.0,429000.0,153.0,288.0
Selangor,Hulu Selangor,2024Q3,cluster,1.0,440000.0,440000.0,440000.0,440000.0,440000.0,0.0,1.0
Selangor,Hulu Selangor,2024Q3,condo,11.0,1689000.0,153545.45,149000.0,140000.0,169000.0,11.0,11.0
Selangor,Hulu Selangor,2024Q3,detached,29.0,13753000.0,474241.38,500000.0,390000.0,531000.0,5.0,18.0
Selangor,Hulu Selangor,2024Q3,flat,32.0,2971000.0,92843.75,85000.0,66250.0,135000.0,32.0,32.0
Selangor,Hulu Selangor,2024Q3,low_cost_flat,17.0,1373000.0,80764.71,75000.0,55000.0,110000.0,17.0,17.0
Selangor,Hulu Selangor,2024Q3,low_cost_house,11.0,1950000.0,177272.73,180000.0,160000.0,205000.0,11.0,11.0
Selangor,Hulu Selangor,2024Q3,semi_detached,24.0,11213000.0,467208.33,426500.0,311250.0,472500.0,6.0,18.0
Selangor,Hulu Selangor,2024Q3,terrace,193.0,70077000.0,363093.26,350000.0,275000.0,450000.0,71.0,180.0
Selangor,Hulu Selangor,2024Q4,all,99.0,32184000.0,325090.91,306000.0,207500.0,428000.0,49.0,93.0
Selangor,Hulu Selangor,2024Q4,cluster,1.0,280000.0,280000.0,280000.0,280000.0,280000.0,1.0,1.0
Selangor,Hulu Selangor,2024Q4,condo,9.0,2930000.0,325555.56,155000.0,140000.0,170000.0,7.0,7.0
Selangor,Hulu Selangor,2024Q4,detached,8.0,3804000.0,475500.0,475000.0,375000.0,569750.0,2.0,5.0
Selangor,Hulu Selangor,2024Q4,flat,7.0,800000.0,114285.71,120000.0,82500.0,142500.0,7.0,7.0
Selangor,Hulu Selangor,2024Q4,low_cost_flat,6.0,520000.0,86666.67,85000.0,72500.0,97500.0,6.0,6.0
Selangor,Hulu Selangor,2024Q4,low_cost_house,3.0,590000.0,196666.67,220000.0,160000.0,245000.0,3.0,3.0
Selangor,Hulu Selangor,2024Q4,semi_detached,7.0,2918000.0,416857.14,428000.0,410000.0,455000.0,1.0,6.0
Selangor,Hulu Selangor,2024Q4,terrace,58.0,20342000.0,350724.14,350000.0,276250.0,428000.0,22.0,58.0
Selangor,Hulu Selangor,2025Q1,all,86.0,27781000.0,323034.88,297500.0,227500.0,440000.0,45.0,81.0
Selangor,Hulu Selangor,2025Q1,cluster,1.0,225000.0,225000.0,225000.0,225000.0,225000.0,1.0,1.0
Selangor,Hulu Selangor,2025Q1,condo,5.0,675000.0,135000.0,140000.0,130000.0,145000.0,5.0,5.0
Selangor,Hulu Selangor,2025Q1,detached,3.0,1540000.0,513333.33,590000.0,420000.0,645000.0,1.0,1.0
Selangor,Hulu Selangor,2025Q1,flat,5.0,721000.0,144200.0,155000.0,150000.0,170000.0,5.0,5.0
Selangor,Hulu Selangor,2025Q1,low_cost_flat,4.0,289000.0,72250.0,75000.0,54750.0,92500.0,4.0,4.0
Selangor,Hulu Selangor,2025Q1,low_cost_house,1.0,235000.0,235000.0,235000.0,235000.0,235000.0,1.0,1.0
Selangor,Hulu Selangor,2025Q1,semi_detached,3.0,1602000.0,534000.0,540000.0,484000.0,587000.0,0.0,1.0
Selangor,Hulu Selangor,2025Q1,terrace,64.0,22494000.0,351468.75,330000.0,260000.0,451750.0,28.0,63.0
Selangor,Hulu Selangor,2025Q2,all,69.0,23583000.0,341782.61,305000.0,230000.0,460000.0,34.0,62.0
Selangor,Hulu Selangor,2025Q2,cluster,1.0,200000.0,200000.0,200000.0,200000.0,200000.0,1.0,1.0
Selangor,Hulu Selangor,2025Q2,condo,2.0,875000.0,437500.0,437500.0,291250.0,583750.0,1.0,1.0
Selangor,Hulu Selangor,2025Q2,detached,6.0,3301000.0,550166.67,525500.0,500000.0,662750.0,1.0,3.0
Selangor,Hulu Selangor,2025Q2,flat,9.0,1250000.0,138888.89,140000.0,120000.0,155000.0,9.0,9.0
Selangor,Hulu Selangor,2025Q2,low_cost_house,4.0,867000.0,216750.0,207500.0,188000.0,236250.0,4.0,4.0
Selangor,Hulu Selangor,2025Q2,semi_detached,2.0,718000.0,359000.0,359000.0,324500.0,393500.0,1.0,2.0
Selangor,Hulu Selangor,2025Q2,terrace,45.0,16372000.0,363822.22,340000.0,284000.0,460000.0,17.0,42.0
Selangor,Hulu Selangor,2025Q3,all,126.0,47788000.0,379269.84,362500.0,252500.0,495000.0,46.0,101.0
Selangor,Hulu Selangor,2025Q3,cluster,1.0,200000.0,200000.0,200000.0,200000.0,200000.0,1.0,1.0
Selangor,Hulu Selangor,2025Q3,condo,4.0,650000.0,162500.0,157500.0,145000.0,175000.0,4.0,4.0
Selangor,Hulu Selangor,2025Q3,detached,9.0,4040000.0,448888.89,460000.0,350000.0,520000.0,2.0,6.0
Selangor,Hulu Selangor,2025Q3,flat,14.0,2057000.0,146928.57,145000.0,135000.0,157500.0,14.0,14.0
Selangor,Hulu Selangor,2025Q3,low_cost_flat,1.0,75000.0,75000.0,75000.0,75000.0,75000.0,1.0,1.0
Selangor,Hulu Selangor,2025Q3,low_cost_house,6.0,1355000.0,225833.33,230000.0,183750.0,250000.0,5.0,6.0
Selangor,Hulu Selangor,2025Q3,semi_detached,3.0,1420000.0,473333.33,450000.0,425000.0,510000.0,0.0,2.0
Selangor,Hulu Selangor,2025Q3,terrace,88.0,37991000.0,431715.91,446000.0,320000.0,500000.0,19.0,67.0
Selangor,Hulu Selangor,2025Q4,all,100.0,35618000.0,356180.0,335000.0,230000.0,481000.0,44.0,86.0
Selangor,Hulu Selangor,2025Q4,cluster,1.0,195000.0,195000.0,195000.0,195000.0,195000.0,1.0,1.0
Selangor,Hulu Selangor,2025Q4,condo,4.0,623000.0,155750.0,165000.0,150750.0,170000.0,4.0,4.0
Selangor,Hulu Selangor,2025Q4,detached,5.0,2085000.0,417000.0,380000.0,160000.0,700000.0,2.0,3.0
Selangor,Hulu Selangor,2025Q4,flat,9.0,1141000.0,126777.78,140000.0,90000.0,170000.0,9.0,9.0
Selangor,Hulu Selangor,2025Q4,low_cost_flat,2.0,133000.0,66500.0,66500.0,44750.0,88250.0,2.0,2.0
Selangor,Hulu Selangor,2025Q4,low_cost_house,6.0,1405000.0,234166.67,237500.0,192500.0,278750.0,6.0,6.0
Selangor,Hulu Selangor,2025Q4,semi_detached,2.0,730000.0,365000.0,365000.0,297500.0,432500.0,1.0,2.0
Selangor,Hulu Selangor,2025Q4,terrace,71.0,29306000.0,412760.56,400000.0,295000.0,498000.0,19.0,59.0
Selangor,Hulu Selangor,2026Q1,all,66.0,21745000.0,329469.7,312500.0,235000.0,411500.0,31.0,59.0
Selangor,Hulu Selangor,2026Q1,cluster,1.0,390000.0,390000.0,390000.0,390000.0,390000.0,0.0,1.0
Selangor,Hulu Selangor,2026Q1,condo,3.0,458000.0,152666.67,155000.0,137500.0,169000.0,3.0,3.0
Selangor,Hulu Selangor,2026Q1,detached,5.0,1951000.0,390200.0,190000.0,181000.0,600000.0,3.0,3.0
Selangor,Hulu Selangor,2026Q1,flat,2.0,183000.0,91500.0,91500.0,80750.0,102250.0,2.0,2.0
Selangor,Hulu Selangor,2026Q1,low_cost_flat,3.0,300000.0,100000.0,60000.0,52500.0,127500.0,3.0,3.0
Selangor,Hulu Selangor,2026Q1,low_cost_house,3.0,800000.0,266666.67,260000.0,170000.0,360000.0,2.0,3.0
Selangor,Hulu Selangor,2026Q1,semi_detached,2.0,690000.0,345000.0,345000.0,332500.0,357500.0,0.0,2.0
Selangor,Hulu Selangor,2026Q1,terrace,47.0,16973000.0,361127.66,330000.0,277500.0,435000.0,18.0,42.0
Selangor,Hulu Selangor,2026Q2,all,93.0,33060000.0,355483.87,310000.0,250000.0,484000.0,45.0,77.0
Selangor,Hulu Selangor,2026Q2,cluster,1.0,330000.0,330000.0,330000.0,330000.0,330000.0,0.0,1.0
Selangor,Hulu Selangor,2026Q2,condo,3.0,1081000.0,360333.33,166000.0,165500.0,458000.0,2.0,2.0
Selangor,Hulu Selangor,2026Q2,detached,8.0,3285000.0,410625.0,400000.0,273750.0,600000.0,4.0,5.0
Selangor,Hulu Selangor,2026Q2,flat,10.0,1377000.0,137700.0,138000.0,115000.0,164500.0,10.0,10.0
Selangor,Hulu Selangor,2026Q2,low_cost_flat,6.0,610000.0,101666.67,115000.0,50000.0,150000.0,6.0,6.0
Selangor,Hulu Selangor,2026Q2,low_cost_house,3.0,406000.0,135333.33,170000.0,113000.0,175000.0,3.0,3.0
Selangor,Hulu Selangor,2026Q2,semi_detached,2.0,700000.0,350000.0,350000.0,345000.0,355000.0,0.0,2.0
Selangor,Hulu Selangor,2026Q2,terrace,60.0,25271000.0,421183.33,370500.0,300000.0,491750.0,20.0,48.0
Selangor,Klang,2024Q1,all,1026.0,554962000.0,540898.64,450000.0,320000.0,650000.0,234.0,648.0
Selangor,Klang,2024Q1,cluster,16.0,19682000.0,1230125.0,1371000.0,952500.0,1441000.0,0.0,0.0
Selangor,Klang,2024Q1,condo,111.0,31306000.0,282036.04,263000.0,215000.0,337500.0,74.0,108.0
Selangor,Klang,2024Q1,detached,22.0,39108000.0,1777636.36,1535000.0,1104000.0,2587500.0,0.0,3.0
Selangor,Klang,2024Q1,flat,41.0,5155000.0,125731.71,130000.0,83000.0,150000.0,41.0,41.0
Selangor,Klang,2024Q1,low_cost_flat,59.0,9363000.0,158694.92,160000.0,130000.0,180000.0,59.0,59.0
Selangor,Klang,2024Q1,low_cost_house,31.0,8195000.0,264354.84,260000.0,212500.0,302500.0,23.0,31.0
Selangor,Klang,2024Q1,semi_detached,93.0,75543000.0,812290.32,576000.0,480000.0,1200000.0,10.0,29.0
Selangor,Klang,2024Q1,terrace,644.0,362798000.0,563350.93,495000.0,400000.0,690000.0,26.0,370.0
Selangor,Klang,2024Q1,townhouse,9.0,3812000.0,423555.56,450000.0,317000.0,455000.0,1.0,7.0
Selangor,Klang,2024Q2,all,985.0,554860000.0,563309.64,473000.0,356000.0,700000.0,162.0,572.0
Selangor,Klang,2024Q2,cluster,12.0,14681000.0,1223416.67,1382000.0,1125000.0,1450000.0,0.0,1.0
Selangor,Klang,2024Q2,condo,111.0,34185000.0,307972.97,300000.0,225000.0,372500.0,61.0,107.0
Selangor,Klang,2024Q2,detached,10.0,20433000.0,2043300.0,1365000.0,1154750.0,2385000.0,1.0,1.0
Selangor,Klang,2024Q2,flat,32.0,4358000.0,136187.5,115000.0,88250.0,160000.0,30.0,32.0
Selangor,Klang,2024Q2,low_cost_flat,43.0,6730000.0,156511.63,170000.0,132000.0,186000.0,43.0,43.0
Selangor,Klang,2024Q2,low_cost_house,29.0,9338000.0,322000.0,333000.0,255000.0,380000.0,10.0,29.0
Selangor,Klang,2024Q2,semi_detached,68.0,65023000.0,956220.59,796500.0,575000.0,1300000.0,1.0,10.0
Selangor,Klang,2024Q2,terrace,670.0,395162000.0,589794.03,500000.0,420000.0,722250.0,15.0,343.0
Selangor,Klang,2024Q2,townhouse,10.0,4950000.0,495000.0,442500.0,342500.0,636000.0,1.0,6.0
Selangor,Klang,2024Q3,all,1071.0,613013000.0,572374.42,480000.0,370000.0,681500.0,137.0,604.0
Selangor,Klang,2024Q3,cluster,15.0,15207000.0,1013800.0,878000.0,643500.0,1438000.0,0.0,0.0
Selangor,Klang,2024Q3,condo,124.0,38319000.0,309024.19,320000.0,265000.0,360000.0,55.0,123.0
Selangor,Klang,2024Q3,detached,18.0,30730000.0,1707222.22,1350000.0,1099500.0,2318750.0,0.0,3.0
Selangor,Klang,2024Q3,flat,25.0,3653000.0,146120.0,140000.0,88000.0,170000.0,23.0,25.0
Selangor,Klang,2024Q3,low_cost_flat,29.0,4670000.0,161034.48,170000.0,150000.0,200000.0,29.0,29.0
Selangor,Klang,2024Q3,low_cost_house,35.0,10895000.0,311285.71,305000.0,270000.0,355000.0,16.0,35.0
Selangor,Klang,2024Q3,semi_detached,70.0,64836000.0,926228.57,740000.0,566000.0,1087250.0,0.0,14.0
Selangor,Klang,2024Q3,terrace,743.0,439152000.0,591052.49,520000.0,422500.0,700000.0,14.0,366.0
Selangor,Klang,2024Q3,townhouse,12.0,5551000.0,462583.33,422500.0,358250.0,502500.0,0.0,9.0
Selangor,Klang,2024Q4,all,381.0,215770000.0,566325.46,460000.0,360000.0,679000.0,59.0,218.0
Selangor,Klang,2024Q4,cluster,4.0,3950000.0,987500.0,1000000.0,837500.0,1150000.0,0.0,0.0
Selangor,Klang,2024Q4,condo,45.0,13239000.0,294200.0,285000.0,250000.0,363000.0,28.0,44.0
Selangor,Klang,2024Q4,detached,4.0,11231000.0,2807750.0,2925000.0,2325000.0,3407750.0,0.0,0.0
Selangor,Klang,2024Q4,flat,15.0,2249000.0,149933.33,150000.0,82000.0,200000.0,15.0,15.0
Selangor,Klang,2024Q4,low_cost_flat,7.0,1190000.0,170000.0,160000.0,157500.0,190000.0,7.0,7.0
Selangor,Klang,2024Q4,low_cost_house,8.0,2654000.0,331750.0,337000.0,317500.0,352500.0,2.0,8.0
Selangor,Klang,2024Q4,semi_detached,29.0,24698000.0,851655.17,720000.0,575000.0,1200000.0,2.0,6.0
Selangor,Klang,2024Q4,terrace,265.0,154919000.0,584600.0,500000.0,400000.0,688000.0,4.0,134.0
Selangor,Klang,2024Q4,townhouse,4.0,1640000.0,410000.0,455000.0,395000.0,470000.0,1.0,4.0
Selangor,Klang,2025Q1,all,271.0,156900000.0,578966.79,465000.0,366500.0,652500.0,27.0,164.0
Selangor,Klang,2025Q1,cluster,7.0,7748000.0,1106857.14,1270000.0,825000.0,1360000.0,0.0,0.0
Selangor,Klang,2025Q1,condo,27.0,8402000.0,311185.19,310000.0,260000.0,350000.0,12.0,27.0
Selangor,Klang,2025Q1,detached,7.0,8941000.0,1277285.71,1101000.0,875000.0,1582500.0,0.0,1.0
Selangor,Klang,2025Q1,flat,10.0,1290000.0,129000.0,107500.0,68750.0,172500.0,10.0,10.0
Selangor,Klang,2025Q1,low_cost_flat,2.0,254000.0,127000.0,127000.0,84500.0,169500.0,2.0,2.0
Selangor,Klang,2025Q1,low_cost_house,2.0,800000.0,400000.0,400000.0,375000.0,425000.0,0.0,2.0
Selangor,Klang,2025Q1,semi_detached,28.0,27219000.0,972107.14,750000.0,475000.0,1312500.0,0.0,8.0
Selangor,Klang,2025Q1,terrace,187.0,101704000.0,543871.66,470000.0,398500.0,614500.0,3.0,114.0
Selangor,Klang,2025Q1,townhouse,1.0,542000.0,542000.0,542000.0,542000.0,542000.0,0.0,0.0
Selangor,Klang,2025Q2,all,372.0,211019000.0,567255.38,475000.0,380000.0,685000.0,29.0,215.0
Selangor,Klang,2025Q2,cluster,6.0,5826000.0,971000.0,934000.0,867000.0,965000.0,0.0,0.0
Selangor,Klang,2025Q2,condo,38.0,12067000.0,317552.63,320000.0,251250.0,370000.0,16.0,38.0
Selangor,Klang,2025Q2,detached,9.0,10839000.0,1204333.33,1095000.0,560000.0,1245000.0,0.0,1.0
Selangor,Klang,2025Q2,flat,8.0,1609000.0,201125.0,172500.0,145000.0,245000.0,6.0,8.0
Selangor,Klang,2025Q2,low_cost_flat,1.0,230000.0,230000.0,230000.0,230000.0,230000.0,1.0,1.0
Selangor,Klang,2025Q2,low_cost_house,6.0,1960000.0,326666.67,327500.0,310000.0,348750.0,1.0,6.0
Selangor,Klang,2025Q2,semi_detached,21.0,19582000.0,932476.19,800000.0,460000.0,1280000.0,0.0,7.0
Selangor,Klang,2025Q2,terrace,280.0,157531000.0,562610.71,498500.0,410000.0,681000.0,4.0,152.0
Selangor,Klang,2025Q2,townhouse,3.0,1375000.0,458333.33,475000.0,362500.0,562500.0,1.0,2.0
Selangor,Klang,2025Q3,all,409.0,218394000.0,533970.66,450000.0,350000.0,601000.0,70.0,275.0
Selangor,Klang,2025Q3,cluster,3.0,3380000.0,1126666.67,1200000.0,990000.0,1300000.0,0.0,0.0
Selangor,Klang,2025Q3,condo,50.0,15118000.0,302360.0,310000.0,235000.0,347500.0,23.0,49.0
Selangor,Klang,2025Q3,detached,7.0,13451000.0,1921571.43,1731000.0,1235000.0,2635000.0,0.0,1.0
Selangor,Klang,2025Q3,flat,21.0,3514000.0,167333.33,140000.0,82000.0,210000.0,18.0,21.0
Selangor,Klang,2025Q3,low_cost_flat,4.0,680000.0,170000.0,157500.0,153750.0,173750.0,4.0,4.0
Selangor,Klang,2025Q3,low_cost_house,9.0,3170000.0,352222.22,340000.0,335000.0,390000.0,2.0,9.0
Selangor,Klang,2025Q3,semi_detached,27.0,24545000.0,909074.07,660000.0,440000.0,1300000.0,0.0,10.0
Selangor,Klang,2025Q3,terrace,284.0,152726000.0,537767.61,490000.0,400000.0,631250.0,23.0,178.0
Selangor,Klang,2025Q3,townhouse,4.0,1810000.0,452500.0,432500.0,390000.0,495000.0,0.0,3.0
Selangor,Klang,2025Q4,all,364.0,202063000.0,555118.13,470000.0,375000.0,645000.0,49.0,226.0
Selangor,Klang,2025Q4,cluster,3.0,2625000.0,875000.0,915000.0,772500.0,997500.0,0.0,0.0
Selangor,Klang,2025Q4,condo,42.0,14088000.0,335428.57,350000.0,268750.0,376500.0,16.0,39.0
Selangor,Klang,2025Q4,detached,8.0,11875000.0,1484375.0,900000.0,786250.0,2175000.0,0.0,0.0
Selangor,Klang,2025Q4,flat,15.0,2070000.0,138000.0,135000.0,92500.0,154000.0,14.0,15.0
Selangor,Klang,2025Q4,low_cost_flat,7.0,1337000.0,191000.0,185000.0,171000.0,195000.0,7.0,7.0
Selangor,Klang,2025Q4,low_cost_house,11.0,3830000.0,348181.82,300000.0,272500.0,380000.0,6.0,9.0
Selangor,Klang,2025Q4,semi_detached,24.0,22234000.0,926416.67,800000.0,475000.0,1181250.0,0.0,8.0
Selangor,Klang,2025Q4,terrace,253.0,143544000.0,567367.59,488000.0,420000.0,650000.0,6.0,147.0
Selangor,Klang,2025Q4,townhouse,1.0,460000.0,460000.0,460000.0,460000.0,460000.0,0.0,1.0
Selangor,Klang,2026Q1,all,183.0,106445000.0,581666.67,498000.0,372500.0,700000.0,31.0,102.0
Selangor,Klang,2026Q1,cluster,3.0,4181000.0,1393666.67,1451000.0,1350500.0,1465500.0,0.0,0.0
Selangor,Klang,2026Q1,condo,23.0,6920000.0,300869.57,295000.0,263000.0,340000.0,14.0,23.0
Selangor,Klang,2026Q1,detached,2.0,1700000.0,850000.0,850000.0,775000.0,925000.0,0.0,0.0
Selangor,Klang,2026Q1,flat,11.0,1782000.0,162000.0,120000.0,115000.0,200000.0,10.0,11.0
Selangor,Klang,2026Q1,low_cost_flat,3.0,494000.0,164666.67,200000.0,147000.0,200000.0,3.0,3.0
Selangor,Klang,2026Q1,low_cost_house,5.0,1778000.0,355600.0,340000.0,290000.0,433000.0,2.0,5.0
Selangor,Klang,2026Q1,semi_detached,11.0,14706000.0,1336909.09,1540000.0,810000.0,1715000.0,0.0,1.0
Selangor,Klang,2026Q1,terrace,124.0,74409000.0,600072.58,534000.0,450000.0,701250.0,2.0,58.0
Selangor,Klang,2026Q1,townhouse,1.0,475000.0,475000.0,475000.0,475000.0,475000.0,0.0,1.0
Selangor,Klang,2026Q2,all,273.0,180880000.0,662564.1,550000.0,420000.0,750000.0,31.0,131.0
Selangor,Klang,2026Q2,cluster,4.0,4706000.0,1176500.0,1294000.0,1032500.0,1438000.0,0.0,0.0
Selangor,Klang,2026Q2,condo,28.0,9215000.0,329107.14,311000.0,270000.0,400000.0,14.0,27.0
Selangor,Klang,2026Q2,detached,6.0,15910000.0,2651666.67,2640000.0,2232500.0,3422500.0,0.0,0.0
Selangor,Klang,2026Q2,flat,8.0,1546000.0,193250.0,163000.0,132500.0,200000.0,7.0,8.0
Selangor,Klang,2026Q2,low_cost_flat,5.0,762000.0,152400.0,132000.0,120000.0,190000.0,5.0,5.0
Selangor,Klang,2026Q2,low_cost_house,5.0,1660000.0,332000.0,350000.0,290000.0,420000.0,2.0,5.0
Selangor,Klang,2026Q2,semi_detached,25.0,26642000.0,1065680.0,950000.0,698000.0,1300000.0,0.0,2.0
Selangor,Klang,2026Q2,terrace,191.0,119974000.0,628136.13,558000.0,450000.0,730000.0,3.0,83.0
Selangor,Klang,2026Q2,townhouse,1.0,465000.0,465000.0,465000.0,465000.0,465000.0,0.0,1.0
Selangor,Kuala Langat,2024Q1,all,363.0,169883000.0,467997.25,430000.0,332500.0,510000.0,77.0,267.0
Selangor,Kuala Langat,2024Q1,cluster,4.0,2493000.0,623250.0,605000.0,598750.0,629500.0,0.0,0.0
Selangor,Kuala Langat,2024Q1,condo,14.0,4567000.0,326214.29,337500.0,192500.0,398750.0,6.0,13.0
Selangor,Kuala Langat,2024Q1,detached,6.0,2915000.0,485833.33,490000.0,320000.0,660000.0,2.0,3.0
Selangor,Kuala Langat,2024Q1,flat,1.0,200000.0,200000.0,200000.0,200000.0,200000.0,1.0,1.0
Selangor,Kuala Langat,2024Q1,low_cost_flat,8.0,1335000.0,166875.0,165000.0,147500.0,190000.0,8.0,8.0
Selangor,Kuala Langat,2024Q1,low_cost_house,9.0,1888000.0,209777.78,200000.0,170000.0,230000.0,7.0,9.0
Selangor,Kuala Langat,2024Q1,semi_detached,42.0,24997000.0,595166.67,462500.0,401250.0,649250.0,6.0,27.0
Selangor,Kuala Langat,2024Q1,terrace,276.0,130498000.0,472818.84,430000.0,350000.0,509250.0,46.0,203.0
Selangor,Kuala Langat,2024Q1,townhouse,3.0,990000.0,330000.0,330000.0,315000.0,345000.0,1.0,3.0
Selangor,Kuala Langat,2024Q2,all,324.0,166461000.0,513768.52,425000.0,357250.0,522250.0,51.0,234.0
Selangor,Kuala Langat,2024Q2,cluster,2.0,805000.0,402500.0,402500.0,391250.0,413750.0,0.0,2.0
Selangor,Kuala Langat,2024Q2,condo,9.0,2505000.0,278333.33,200000.0,150000.0,350000.0,6.0,8.0
Selangor,Kuala Langat,2024Q2,detached,1.0,3391000.0,3391000.0,3391000.0,3391000.0,3391000.0,0.0,0.0
Selangor,Kuala Langat,2024Q2,flat,3.0,580000.0,193333.33,210000.0,180000.0,215000.0,3.0,3.0
Selangor,Kuala Langat,2024Q2,low_cost_flat,3.0,516000.0,172000.0,160000.0,158000.0,180000.0,3.0,3.0
Selangor,Kuala Langat,2024Q2,low_cost_house,11.0,3385000.0,307727.27,300000.0,255000.0,337500.0,6.0,11.0
Selangor,Kuala Langat,2024Q2,semi_detached,44.0,37049000.0,842022.73,501500.0,420000.0,862500.0,8.0,22.0
Selangor,Kuala Langat,2024Q2,terrace,250.0,117771000.0,471084.0,424000.0,370750.0,510000.0,25.0,184.0
Selangor,Kuala Langat,2024Q2,townhouse,1.0,459000.0,459000.0,459000.0,459000.0,459000.0,0.0,1.0
Selangor,Kuala Langat,2024Q3,all,285.0,144942000.0,508568.42,420000.0,348000.0,531000.0,47.0,207.0
Selangor,Kuala Langat,2024Q3,cluster,4.0,4950000.0,1237500.0,1175000.0,1075000.0,1337500.0,0.0,0.0
Selangor,Kuala Langat,2024Q3,condo,12.0,4211000.0,350916.67,355500.0,195000.0,485000.0,5.0,11.0
Selangor,Kuala Langat,2024Q3,detached,7.0,8239000.0,1177000.0,1200000.0,802000.0,1430000.0,0.0,1.0
Selangor,Kuala Langat,2024Q3,flat,3.0,580000.0,193333.33,200000.0,175000.0,215000.0,3.0,3.0
Selangor,Kuala Langat,2024Q3,low_cost_flat,3.0,538000.0,179333.33,183000.0,159000.0,201500.0,3.0,3.0
Selangor,Kuala Langat,2024Q3,low_cost_house,7.0,2053000.0,293285.71,260000.0,236500.0,342500.0,4.0,7.0
Selangor,Kuala Langat,2024Q3,semi_detached,31.0,23757000.0,766354.84,520000.0,455000.0,774000.0,3.0,13.0
Selangor,Kuala Langat,2024Q3,terrace,218.0,100614000.0,461532.11,420000.0,350000.0,499250.0,29.0,169.0
Selangor,Kuala Langat,2024Q4,all,76.0,39763000.0,523197.37,422500.0,357500.0,626750.0,9.0,49.0
Selangor,Kuala Langat,2024Q4,cluster,1.0,820000.0,820000.0,820000.0,820000.0,820000.0,0.0,0.0
Selangor,Kuala Langat,2024Q4,detached,3.0,1540000.0,513333.33,290000.0,270000.0,645000.0,2.0,2.0
Selangor,Kuala Langat,2024Q4,low_cost_house,5.0,1579000.0,315800.0,300000.0,230000.0,334000.0,3.0,4.0
Selangor,Kuala Langat,2024Q4,semi_detached,17.0,13828000.0,813411.76,900000.0,850000.0,900000.0,0.0,4.0
Selangor,Kuala Langat,2024Q4,terrace,50.0,21996000.0,439920.0,410000.0,352500.0,495000.0,4.0,39.0
Selangor,Kuala Langat,2025Q1,all,62.0,31667000.0,510758.06,435000.0,362000.0,619000.0,7.0,44.0
Selangor,Kuala Langat,2025Q1,cluster,2.0,2030000.0,1015000.0,1015000.0,872500.0,1157500.0,0.0,0.0
Selangor,Kuala Langat,2025Q1,condo,2.0,720000.0,360000.0,360000.0,290000.0,430000.0,1.0,2.0
Selangor,Kuala Langat,2025Q1,detached,2.0,1448000.0,724000.0,724000.0,611000.0,837000.0,0.0,1.0
Selangor,Kuala Langat,2025Q1,low_cost_house,2.0,650000.0,325000.0,325000.0,287500.0,362500.0,1.0,2.0
Selangor,Kuala Langat,2025Q1,semi_detached,7.0,5852000.0,836000.0,850000.0,824000.0,897500.0,0.0,0.0
Selangor,Kuala Langat,2025Q1,terrace,47.0,20967000.0,446106.38,420000.0,354500.0,477500.0,5.0,39.0
Selangor,Kuala Langat,2025Q2,all,71.0,35742000.0,503408.45,465000.0,365000.0,607000.0,11.0,47.0
Selangor,Kuala Langat,2025Q2,cluster,1.0,620000.0,620000.0,620000.0,620000.0,620000.0,0.0,0.0
Selangor,Kuala Langat,2025Q2,condo,1.0,155000.0,155000.0,155000.0,155000.0,155000.0,1.0,1.0
Selangor,Kuala Langat,2025Q2,detached,1.0,900000.0,900000.0,900000.0,900000.0,900000.0,0.0,0.0
Selangor,Kuala Langat,2025Q2,flat,1.0,155000.0,155000.0,155000.0,155000.0,155000.0,1.0,1.0
Selangor,Kuala Langat,2025Q2,low_cost_house,4.0,967000.0,241750.0,238500.0,220250.0,260000.0,4.0,4.0
Selangor,Kuala Langat,2025Q2,semi_detached,8.0,4830000.0,603750.0,490000.0,465000.0,850000.0,0.0,5.0
Selangor,Kuala Langat,2025Q2,terrace,55.0,28115000.0,511181.82,465000.0,381000.0,592500.0,5.0,36.0
Selangor,Kuala Langat,2025Q3,all,101.0,45214000.0,447663.37,400000.0,345000.0,520000.0,21.0,74.0
Selangor,Kuala Langat,2025Q3,condo,3.0,890000.0,296666.67,235000.0,195000.0,367500.0,2.0,3.0
Selangor,Kuala Langat,2025Q3,detached,2.0,1100000.0,550000.0,550000.0,535000.0,565000.0,0.0,0.0
Selangor,Kuala Langat,2025Q3,flat,2.0,340000.0,170000.0,170000.0,170000.0,170000.0,2.0,2.0
Selangor,Kuala Langat,2025Q3,low_cost_house,6.0,1465000.0,244166.67,237500.0,206250.0,302500.0,4.0,6.0
Selangor,Kuala Langat,2025Q3,semi_detached,9.0,5302000.0,589111.11,530000.0,491000.0,590000.0,0.0,4.0
Selangor,Kuala Langat,2025Q3,terrace,78.0,35817000.0,459192.31,400000.0,350000.0,503750.0,12.0,58.0
Selangor,Kuala Langat,2025Q3,townhouse,1.0,300000.0,300000.0,300000.0,300000.0,300000.0,1.0,1.0
Selangor,Kuala Langat,2025Q4,all,75.0,42656000.0,568746.67,437000.0,350000.0,560000.0,14.0,51.0
Selangor,Kuala Langat,2025Q4,detached,2.0,3780000.0,1890000.0,1890000.0,1260000.0,2520000.0,0.0,0.0
Selangor,Kuala Langat,2025Q4,flat,1.0,230000.0,230000.0,230000.0,230000.0,230000.0,1.0,1.0
Selangor,Kuala Langat,2025Q4,low_cost_flat,2.0,258000.0,129000.0,129000.0,113500.0,144500.0,2.0,2.0
Selangor,Kuala Langat,2025Q4,low_cost_house,6.0,1515000.0,252500.0,274500.0,209250.0,315000.0,4.0,6.0
Selangor,Kuala Langat,2025Q4,semi_detached,2.0,4466000.0,2233000.0,2233000.0,2119500.0,2346500.0,0.0,0.0
Selangor,Kuala Langat,2025Q4,terrace,62.0,32407000.0,522693.55,446500.0,388750.0,557500.0,7.0,42.0
Selangor,Kuala Langat,2026Q1,all,53.0,24385000.0,460094.34,450000.0,300000.0,556000.0,15.0,36.0
Selangor,Kuala Langat,2026Q1,low_cost_flat,1.0,120000.0,120000.0,120000.0,120000.0,120000.0,1.0,1.0
Selangor,Kuala Langat,2026Q1,low_cost_house,2.0,500000.0,250000.0,250000.0,200000.0,300000.0,1.0,2.0
Selangor,Kuala Langat,2026Q1,semi_detached,5.0,3742000.0,748400.0,828000.0,780000.0,830000.0,0.0,1.0
Selangor,Kuala Langat,2026Q1,terrace,45.0,20023000.0,444955.56,450000.0,300000.0,533000.0,13.0,32.0
Selangor,Kuala Langat,2026Q2,all,64.0,35190000.0,549843.75,490000.0,397000.0,588500.0,6.0,36.0
Selangor,Kuala Langat,2026Q2,cluster,1.0,565000.0,565000.0,565000.0,565000.0,565000.0,0.0,0.0
Selangor,Kuala Langat,2026Q2,detached,2.0,3500000.0,1750000.0,1750000.0,1125000.0,2375000.0,0.0,1.0
Selangor,Kuala Langat,2026Q2,low_cost_house,3.0,720000.0,240000.0,200000.0,195000.0,265000.0,2.0,3.0
Selangor,Kuala Langat,2026Q2,semi_detached,3.0,1845000.0,615000.0,560000.0,505000.0,697500.0,0.0,1.0
Selangor,Kuala Langat,2026Q2,terrace,53.0,26412000.0,498339.62,480000.0,400000.0,588000.0,4.0,31.0
Selangor,Kuala Langat,2026Q2,townhouse,2.0,2148000.0,1074000.0,1074000.0,794500.0,1353500.0,0.0,0.0
Selangor,Kuala Selangor,2024Q1,all,278.0,120128000.0,432115.11,420000.0,281500.0,533000.0,76.0,189.0
Selangor,Kuala Selangor,2024Q1,cluster,8.0,3933000.0,491625.0,480000.0,456000.0,546250.0,0.0,5.0
Selangor,Kuala Selangor,2024Q1,condo,36.0,7150000.0,198611.11,205000.0,185000.0,209250.0,36.0,36.0
Selangor,Kuala Selangor,2024Q1,detached,3.0,2953000.0,984333.33,657000.0,463500.0,1341500.0,1.0,1.0
Selangor,Kuala Selangor,2024Q1,flat,1.0,78000.0,78000.0,78000.0,78000.0,78000.0,1.0,1.0
Selangor,Kuala Selangor,2024Q1,low_cost_flat,3.0,307000.0,102333.33,105000.0,93500.0,112500.0,3.0,3.0
Selangor,Kuala Selangor,2024Q1,low_cost_house,11.0,1805000.0,164090.91,160000.0,135000.0,185000.0,10.0,11.0
Selangor,Kuala Selangor,2024Q1,semi_detached,12.0,8983000.0,748583.33,755000.0,578500.0,857500.0,1.0,1.0
Selangor,Kuala Selangor,2024Q1,terrace,194.0,91858000.0,473494.85,475000.0,366500.0,538000.0,21.0,121.0
Selangor,Kuala Selangor,2024Q1,townhouse,10.0,3061000.0,306100.0,350000.0,242500.0,370000.0,3.0,10.0
Selangor,Kuala Selangor,2024Q2,all,225.0,114979000.0,511017.78,460000.0,308000.0,618000.0,56.0,132.0
Selangor,Kuala Selangor,2024Q2,cluster,9.0,8826000.0,980666.67,1093000.0,550000.0,1143000.0,0.0,2.0
Selangor,Kuala Selangor,2024Q2,condo,24.0,4860000.0,202500.0,205000.0,177500.0,221250.0,23.0,24.0
Selangor,Kuala Selangor,2024Q2,detached,5.0,4889000.0,977800.0,751000.0,588000.0,1600000.0,1.0,1.0
Selangor,Kuala Selangor,2024Q2,low_cost_flat,1.0,75000.0,75000.0,75000.0,75000.0,75000.0,1.0,1.0
Selangor,Kuala Selangor,2024Q2,low_cost_house,13.0,2172000.0,167076.92,170000.0,135000.0,180000.0,13.0,13.0
Selangor,Kuala Selangor,2024Q2,semi_detached,11.0,8276000.0,752363.64,750000.0,547500.0,944000.0,1.0,3.0
Selangor,Kuala Selangor,2024Q2,terrace,159.0,84575000.0,531918.24,500000.0,376500.0,628500.0,17.0,85.0
Selangor,Kuala Selangor,2024Q2,townhouse,3.0,1306000.0,435333.33,450000.0,410000.0,468000.0,0.0,3.0
Selangor,Kuala Selangor,2024Q3,all,248.0,126806000.0,511314.52,462500.0,338250.0,600000.0,56.0,159.0
Selangor,Kuala Selangor,2024Q3,cluster,12.0,10091000.0,840916.67,831500.0,486250.0,1143000.0,0.0,4.0
Selangor,Kuala Selangor,2024Q3,condo,20.0,4112000.0,205600.0,205000.0,197500.0,211750.0,19.0,20.0
Selangor,Kuala Selangor,2024Q3,detached,4.0,5950000.0,1487500.0,1550000.0,762500.0,2275000.0,0.0,1.0
Selangor,Kuala Selangor,2024Q3,low_cost_house,12.0,2135000.0,177916.67,160000.0,145000.0,191250.0,11.0,12.0
Selangor,Kuala Selangor,2024Q3,semi_detached,16.0,11083000.0,692687.5,650000.0,570500.0,833250.0,0.0,3.0
Selangor,Kuala Selangor,2024Q3,terrace,183.0,92905000.0,507677.6,475000.0,378500.0,572500.0,26.0,119.0
Selangor,Kuala Selangor,2024Q3,townhouse,1.0,530000.0,530000.0,530000.0,530000.0,530000.0,0.0,0.0
Selangor,Kuala Selangor,2024Q4,all,81.0,39164000.0,483506.17,400000.0,300000.0,545000.0,21.0,57.0
Selangor,Kuala Selangor,2024Q4,cluster,6.0,4995000.0,832500.0,826500.0,485000.0,1130500.0,0.0,2.0
Selangor,Kuala Selangor,2024Q4,condo,2.0,375000.0,187500.0,187500.0,186250.0,188750.0,2.0,2.0
Selangor,Kuala Selangor,2024Q4,low_cost_house,3.0,840000.0,280000.0,230000.0,195000.0,340000.0,2.0,3.0
Selangor,Kuala Selangor,2024Q4,semi_detached,2.0,1575000.0,787500.0,787500.0,781250.0,793750.0,0.0,0.0
Selangor,Kuala Selangor,2024Q4,terrace,68.0,31379000.0,461455.88,375000.0,301500.0,504000.0,17.0,50.0
Selangor,Kuala Selangor,2025Q1,all,62.0,30552000.0,492774.19,440000.0,300000.0,567000.0,17.0,41.0
Selangor,Kuala Selangor,2025Q1,cluster,2.0,2735000.0,1367500.0,1367500.0,1364750.0,1370250.0,0.0,0.0
Selangor,Kuala Selangor,2025Q1,condo,3.0,623000.0,207666.67,207000.0,206500.0,208500.0,3.0,3.0
Selangor,Kuala Selangor,2025Q1,low_cost_house,3.0,660000.0,220000.0,220000.0,200000.0,240000.0,3.0,3.0
Selangor,Kuala Selangor,2025Q1,semi_detached,2.0,1540000.0,770000.0,770000.0,745000.0,795000.0,0.0,0.0
Selangor,Kuala Selangor,2025Q1,terrace,52.0,24994000.0,480653.85,440000.0,338750.0,552000.0,11.0,35.0
Selangor,Kuala Selangor,2025Q2,all,68.0,42823000.0,629750.0,457500.0,280000.0,927750.0,19.0,39.0
Selangor,Kuala Selangor,2025Q2,cluster,1.0,1138000.0,1138000.0,1138000.0,1138000.0,1138000.0,0.0,0.0
Selangor,Kuala Selangor,2025Q2,condo,4.0,695000.0,173750.0,177500.0,171250.0,180000.0,4.0,4.0
Selangor,Kuala Selangor,2025Q2,detached,4.0,7691000.0,1922750.0,2090000.0,1707500.0,2305250.0,0.0,0.0
Selangor,Kuala Selangor,2025Q2,low_cost_house,1.0,170000.0,170000.0,170000.0,170000.0,170000.0,1.0,1.0
Selangor,Kuala Selangor,2025Q2,terrace,57.0,32764000.0,574807.02,465000.0,345000.0,669000.0,14.0,33.0
Selangor,Kuala Selangor,2025Q2,townhouse,1.0,365000.0,365000.0,365000.0,365000.0,365000.0,0.0,1.0
Selangor,Kuala Selangor,2025Q3,all,77.0,41055000.0,533181.82,415000.0,310000.0,550000.0,18.0,54.0
Selangor,Kuala Selangor,2025Q3,cluster,3.0,1990000.0,663333.33,420000.0,400000.0,805000.0,0.0,2.0
Selangor,Kuala Selangor,2025Q3,condo,7.0,1735000.0,247857.14,250000.0,225000.0,262500.0,6.0,7.0
Selangor,Kuala Selangor,2025Q3,detached,4.0,7805000.0,1951250.0,2183000.0,1416250.0,2718000.0,1.0,1.0
Selangor,Kuala Selangor,2025Q3,low_cost_house,5.0,965000.0,193000.0,230000.0,100000.0,270000.0,5.0,5.0
Selangor,Kuala Selangor,2025Q3,semi_detached,1.0,450000.0,450000.0,450000.0,450000.0,450000.0,0.0,1.0
Selangor,Kuala Selangor,2025Q3,terrace,55.0,27350000.0,497272.73,460000.0,370000.0,552500.0,6.0,36.0
Selangor,Kuala Selangor,2025Q3,townhouse,2.0,760000.0,380000.0,380000.0,345000.0,415000.0,0.0,2.0
Selangor,Kuala Selangor,2025Q4,all,81.0,42515000.0,524876.54,450000.0,315000.0,600000.0,20.0,50.0
Selangor,Kuala Selangor,2025Q4,cluster,2.0,1579000.0,789500.0,789500.0,604750.0,974250.0,0.0,1.0
Selangor,Kuala Selangor,2025Q4,condo,5.0,1070000.0,214000.0,220000.0,205000.0,230000.0,5.0,5.0
Selangor,Kuala Selangor,2025Q4,detached,2.0,3176000.0,1588000.0,1588000.0,1096500.0,2079500.0,0.0,0.0
Selangor,Kuala Selangor,2025Q4,low_cost_house,4.0,675000.0,168750.0,162500.0,123750.0,207500.0,4.0,4.0
Selangor,Kuala Selangor,2025Q4,semi_detached,5.0,4218000.0,843600.0,850000.0,750000.0,930000.0,0.0,0.0
Selangor,Kuala Selangor,2025Q4,terrace,63.0,31797000.0,504714.29,460000.0,381000.0,598000.0,11.0,40.0
Selangor,Kuala Selangor,2026Q1,all,30.0,14523000.0,484100.0,445000.0,366250.0,565000.0,5.0,19.0
Selangor,Kuala Selangor,2026Q1,cluster,6.0,2885000.0,480833.33,470000.0,428750.0,552500.0,0.0,4.0
Selangor,Kuala Selangor,2026Q1,detached,1.0,600000.0,600000.0,600000.0,600000.0,600000.0,0.0,0.0
Selangor,Kuala Selangor,2026Q1,terrace,23.0,11038000.0,479913.04,405000.0,327500.0,550000.0,5.0,15.0
Selangor,Kuala Selangor,2026Q2,all,33.0,17493000.0,530090.91,480000.0,370000.0,550000.0,6.0,22.0
Selangor,Kuala Selangor,2026Q2,cluster,3.0,3891000.0,1297000.0,1190000.0,1190000.0,1350500.0,0.0,0.0
Selangor,Kuala Selangor,2026Q2,condo,3.0,630000.0,210000.0,200000.0,185000.0,230000.0,3.0,3.0
Selangor,Kuala Selangor,2026Q2,detached,1.0,860000.0,860000.0,860000.0,860000.0,860000.0,0.0,0.0
Selangor,Kuala Selangor,2026Q2,semi_detached,1.0,550000.0,550000.0,550000.0,550000.0,550000.0,0.0,0.0
Selangor,Kuala Selangor,2026Q2,terrace,24.0,11183000.0,465958.33,465000.0,385750.0,503750.0,3.0,18.0
Selangor,Kuala Selangor,2026Q2,townhouse,1.0,379000.0,379000.0,379000.0,379000.0,379000.0,0.0,1.0
Selangor,Petaling,2024Q1,all,2095.0,1662673000.0,793638.66,550000.0,310000.0,950000.0,508.0,992.0
Selangor,Petaling,2024Q1,cluster,8.0,6933000.0,866625.0,650000.0,390000.0,1112500.0,0.0,3.0
Selangor,Petaling,2024Q1,condo,697.0,322136000.0,462175.04,380000.0,300000.0,525000.0,184.0,513.0
Selangor,Petaling,2024Q1,detached,80.0,250152000.0,3126900.0,2800000.0,1700000.0,3985000.0,1.0,2.0
Selangor,Petaling,2024Q1,flat,120.0,29955000.0,249625.0,230000.0,172250.0,300000.0,92.0,118.0
Selangor,Petaling,2024Q1,low_cost_flat,224.0,39609000.0,176825.89,170000.0,150000.0,200000.0,224.0,224.0
Selangor,Petaling,2024Q1,low_cost_house,31.0,12058000.0,388967.74,380000.0,317500.0,450000.0,5.0,29.0
Selangor,Petaling,2024Q1,semi_detached,129.0,262545000.0,2035232.56,1870000.0,1500000.0,2580000.0,0.0,0.0
Selangor,Petaling,2024Q1,terrace,792.0,729141000.0,920632.58,820000.0,620000.0,1078000.0,2.0,96.0
Selangor,Petaling,2024Q1,townhouse,14.0,10144000.0,724571.43,491500.0,405000.0,861000.0,0.0,7.0
Selangor,Petaling,2024Q2,all,2115.0,1675090000.0,792004.73,590000.0,345000.0,950000.0,433.0,953.0
Selangor,Petaling,2024Q2,cluster,2.0,1165000.0,582500.0,582500.0,473750.0,691250.0,0.0,1.0
Selangor,Petaling,2024Q2,condo,698.0,336176000.0,481627.51,380000.0,307250.0,503750.0,171.0,523.0
Selangor,Petaling,2024Q2,detached,96.0,241419000.0,2514781.25,2240000.0,1452500.0,3585000.0,0.0,4.0
Selangor,Petaling,2024Q2,flat,126.0,32098000.0,254746.03,250000.0,180000.0,309000.0,93.0,126.0
Selangor,Petaling,2024Q2,low_cost_flat,161.0,28007000.0,173956.52,170000.0,150000.0,200000.0,161.0,161.0
Selangor,Petaling,2024Q2,low_cost_house,33.0,13435000.0,407121.21,405000.0,330000.0,470000.0,6.0,30.0
Selangor,Petaling,2024Q2,semi_detached,123.0,248325000.0,2018902.44,1870000.0,1495000.0,2435000.0,0.0,0.0
Selangor,Petaling,2024Q2,terrace,856.0,760157000.0,888033.88,800000.0,630000.0,1050000.0,2.0,102.0
Selangor,Petaling,2024Q2,townhouse,20.0,14308000.0,715400.0,647500.0,487500.0,891250.0,0.0,6.0
Selangor,Petaling,2024Q3,all,1951.0,1619831000.0,830256.79,620000.0,360000.0,957500.0,346.0,831.0
Selangor,Petaling,2024Q3,cluster,6.0,5795000.0,965833.33,905000.0,606250.0,1260000.0,0.0,1.0
Selangor,Petaling,2024Q3,condo,651.0,319974000.0,491511.52,397000.0,320000.0,535000.0,136.0,475.0
Selangor,Petaling,2024Q3,detached,94.0,272046000.0,2894106.38,2600000.0,1611250.0,3900000.0,0.0,4.0
Selangor,Petaling,2024Q3,flat,126.0,30193000.0,239626.98,245000.0,170000.0,290000.0,100.0,126.0
Selangor,Petaling,2024Q3,low_cost_flat,108.0,18873000.0,174750.0,170000.0,150000.0,200000.0,108.0,108.0
Selangor,Petaling,2024Q3,low_cost_house,13.0,4945000.0,380384.62,400000.0,310000.0,405000.0,2.0,12.0
Selangor,Petaling,2024Q3,semi_detached,104.0,210493000.0,2023971.15,1919000.0,1487500.0,2445000.0,0.0,1.0
Selangor,Petaling,2024Q3,terrace,830.0,744310000.0,896759.04,800000.0,650000.0,1026000.0,0.0,95.0
Selangor,Petaling,2024Q3,townhouse,19.0,13202000.0,694842.11,580000.0,450000.0,880000.0,0.0,9.0
Selangor,Petaling,2024Q4,all,687.0,550189000.0,800857.35,635000.0,380000.0,930000.0,96.0,271.0
Selangor,Petaling,2024Q4,cluster,4.0,3140000.0,785000.0,810000.0,690000.0,905000.0,0.0,0.0
Selangor,Petaling,2024Q4,condo,237.0,118922000.0,501780.59,380000.0,310000.0,500000.0,53.0,179.0
Selangor,Petaling,2024Q4,detached,25.0,71169000.0,2846760.0,2800000.0,1580000.0,3600000.0,0.0,1.0
Selangor,Petaling,2024Q4,flat,40.0,10199000.0,254975.0,250000.0,177500.0,350000.0,28.0,40.0
Selangor,Petaling,2024Q4,low_cost_flat,12.0,2280000.0,190000.0,170000.0,160000.0,225000.0,12.0,12.0
Selangor,Petaling,2024Q4,low_cost_house,3.0,1080000.0,360000.0,360000.0,315000.0,405000.0,1.0,3.0
Selangor,Petaling,2024Q4,semi_detached,31.0,55699000.0,1796741.94,1850000.0,1202500.0,2075000.0,0.0,0.0
Selangor,Petaling,2024Q4,terrace,332.0,286537000.0,863063.25,762500.0,635000.0,966250.0,1.0,34.0
Selangor,Petaling,2024Q4,townhouse,3.0,1163000.0,387666.67,343000.0,311500.0,441500.0,1.0,2.0
Selangor,Petaling,2025Q1,all,498.0,419539000.0,842447.79,646500.0,382000.0,988000.0,73.0,202.0
Selangor,Petaling,2025Q1,cluster,2.0,2890000.0,1445000.0,1445000.0,1387500.0,1502500.0,0.0,0.0
Selangor,Petaling,2025Q1,condo,173.0,84645000.0,489277.46,400000.0,320000.0,550000.0,36.0,123.0
Selangor,Petaling,2025Q1,detached,21.0,68180000.0,3246666.67,2550000.0,1875000.0,4000000.0,0.0,0.0
Selangor,Petaling,2025Q1,flat,27.0,6368000.0,235851.85,225000.0,155000.0,302500.0,20.0,27.0
Selangor,Petaling,2025Q1,low_cost_flat,17.0,2675000.0,157352.94,180000.0,135000.0,200000.0,17.0,17.0
Selangor,Petaling,2025Q1,low_cost_house,5.0,2475000.0,495000.0,450000.0,450000.0,453000.0,0.0,4.0
Selangor,Petaling,2025Q1,semi_detached,19.0,38173000.0,2009105.26,1820000.0,1515000.0,2475000.0,0.0,0.0
Selangor,Petaling,2025Q1,terrace,228.0,209658000.0,919552.63,830000.0,660000.0,1139500.0,0.0,28.0
Selangor,Petaling,2025Q1,townhouse,6.0,4475000.0,745833.33,700000.0,443750.0,952500.0,0.0,3.0
Selangor,Petaling,2025Q2,all,625.0,541207000.0,865931.2,675000.0,400000.0,1000000.0,92.0,228.0
Selangor,Petaling,2025Q2,cluster,2.0,2150000.0,1075000.0,1075000.0,1012500.0,1137500.0,0.0,0.0
Selangor,Petaling,2025Q2,condo,207.0,103976000.0,502299.52,402000.0,310000.0,551500.0,45.0,149.0
Selangor,Petaling,2025Q2,detached,27.0,80529000.0,2982555.56,3000000.0,1980000.0,3665000.0,0.0,3.0
Selangor,Petaling,2025Q2,flat,37.0,7872000.0,212756.76,207000.0,150000.0,260000.0,35.0,37.0
Selangor,Petaling,2025Q2,low_cost_flat,12.0,2077000.0,173083.33,190000.0,151500.0,202500.0,12.0,12.0
Selangor,Petaling,2025Q2,low_cost_house,4.0,1765000.0,441250.0,400000.0,352500.0,488750.0,0.0,3.0
Selangor,Petaling,2025Q2,semi_detached,39.0,72641000.0,1862589.74,1880000.0,1421500.0,2225000.0,0.0,0.0
Selangor,Petaling,2025Q2,terrace,291.0,265677000.0,912979.38,820000.0,672500.0,1057500.0,0.0,24.0
Selangor,Petaling,2025Q2,townhouse,6.0,4520000.0,753333.33,710000.0,555000.0,962500.0,0.0,0.0
Selangor,Petaling,2025Q3,all,735.0,581560000.0,791238.1,630000.0,386500.0,937500.0,98.0,303.0
Selangor,Petaling,2025Q3,cluster,2.0,2130000.0,1065000.0,1065000.0,882500.0,1247500.0,0.0,0.0
Selangor,Petaling,2025Q3,condo,266.0,128916000.0,484646.62,400000.0,320000.0,499750.0,51.0,203.0
Selangor,Petaling,2025Q3,detached,25.0,61523000.0,2460920.0,2200000.0,1100000.0,3050000.0,0.0,3.0
Selangor,Petaling,2025Q3,flat,32.0,8222000.0,256937.5,270000.0,183750.0,313750.0,23.0,32.0
Selangor,Petaling,2025Q3,low_cost_flat,22.0,3529000.0,160409.09,165000.0,150000.0,196250.0,22.0,22.0
Selangor,Petaling,2025Q3,low_cost_house,7.0,3166000.0,452285.71,498000.0,444000.0,510000.0,1.0,5.0
Selangor,Petaling,2025Q3,semi_detached,33.0,71053000.0,2153121.21,2000000.0,1500000.0,2580000.0,0.0,0.0
Selangor,Petaling,2025Q3,terrace,343.0,299989000.0,874603.5,785000.0,650000.0,1075000.0,1.0,36.0
Selangor,Petaling,2025Q3,townhouse,5.0,3032000.0,606400.0,525000.0,480000.0,750000.0,0.0,2.0
Selangor,Petaling,2025Q4,all,635.0,568974000.0,896022.05,680000.0,387000.0,1080000.0,97.0,233.0
Selangor,Petaling,2025Q4,condo,218.0,122259000.0,560821.1,395000.0,310000.0,596000.0,52.0,147.0
Selangor,Petaling,2025Q4,detached,31.0,90319000.0,2913516.13,2800000.0,2077500.0,3644000.0,0.0,0.0
Selangor,Petaling,2025Q4,flat,31.0,7111000.0,229387.1,225000.0,165000.0,292500.0,25.0,31.0
Selangor,Petaling,2025Q4,low_cost_flat,21.0,4158000.0,198000.0,200000.0,170000.0,208000.0,20.0,21.0
Selangor,Petaling,2025Q4,low_cost_house,3.0,1100000.0,366666.67,370000.0,360000.0,375000.0,0.0,3.0
Selangor,Petaling,2025Q4,semi_detached,38.0,72712000.0,1913473.68,1910000.0,1238500.0,2461500.0,0.0,0.0
Selangor,Petaling,2025Q4,terrace,284.0,264567000.0,931573.94,832500.0,670000.0,1130000.0,0.0,29.0
Selangor,Petaling,2025Q4,townhouse,9.0,6748000.0,749777.78,890000.0,540000.0,950000.0,0.0,2.0
Selangor,Petaling,2026Q1,all,424.0,346219000.0,816554.25,626500.0,388750.0,980000.0,67.0,170.0
Selangor,Petaling,2026Q1,condo,152.0,78705000.0,517796.05,400000.0,303750.0,522500.0,38.0,111.0
Selangor,Petaling,2026Q1,detached,22.0,51665000.0,2348409.09,2550000.0,1687500.0,3062500.0,0.0,1.0
Selangor,Petaling,2026Q1,flat,22.0,5300000.0,240909.09,220000.0,176750.0,277500.0,18.0,21.0
Selangor,Petaling,2026Q1,low_cost_flat,10.0,1031000.0,103100.0,96000.0,40500.0,153750.0,10.0,10.0
Selangor,Petaling,2026Q1,low_cost_house,4.0,1730000.0,432500.0,435000.0,412500.0,455000.0,0.0,4.0
Selangor,Petaling,2026Q1,semi_detached,20.0,36928000.0,1846400.0,1735500.0,1187500.0,2377500.0,0.0,0.0
Selangor,Petaling,2026Q1,terrace,191.0,169470000.0,887277.49,800000.0,640000.0,1055000.0,1.0,21.0
Selangor,Petaling,2026Q1,townhouse,3.0,1390000.0,463333.33,415000.0,395000.0,507500.0,0.0,2.0
Selangor,Petaling,2026Q2,all,439.0,430834000.0,981398.63,750000.0,450000.0,1194500.0,38.0,135.0
Selangor,Petaling,2026Q2,cluster,2.0,1450000.0,725000.0,725000.0,597500.0,852500.0,0.0,1.0
Selangor,Petaling,2026Q2,condo,133.0,76283000.0,573556.39,430000.0,321000.0,610000.0,21.0,89.0
Selangor,Petaling,2026Q2,detached,28.0,76256000.0,2723428.57,2475000.0,1575000.0,3441750.0,0.0,0.0
Selangor,Petaling,2026Q2,flat,16.0,4158000.0,259875.0,247500.0,197500.0,350000.0,11.0,16.0
Selangor,Petaling,2026Q2,low_cost_flat,6.0,1009000.0,168166.67,192500.0,149750.0,204500.0,6.0,6.0
Selangor,Petaling,2026Q2,low_cost_house,2.0,850000.0,425000.0,425000.0,372500.0,477500.0,0.0,1.0
Selangor,Petaling,2026Q2,semi_detached,33.0,70261000.0,2129121.21,2050000.0,1400000.0,2600000.0,0.0,0.0
Selangor,Petaling,2026Q2,terrace,216.0,198172000.0,917462.96,785000.0,680000.0,1042500.0,0.0,20.0
Selangor,Petaling,2026Q2,townhouse,3.0,2395000.0,798333.33,455000.0,447500.0,977500.0,0.0,2.0
Selangor,Sabak Bernam,2024Q1,all,65.0,24991000.0,384476.92,350000.0,258000.0,489000.0,23.0,51.0
Selangor,Sabak Bernam,2024Q1,condo,2.0,616000.0,308000.0,308000.0,283000.0,333000.0,1.0,2.0
Selangor,Sabak Bernam,2024Q1,detached,1.0,650000.0,650000.0,650000.0,650000.0,650000.0,0.0,0.0
Selangor,Sabak Bernam,2024Q1,low_cost_house,10.0,2675000.0,267500.0,240000.0,172500.0,342500.0,6.0,9.0
Selangor,Sabak Bernam,2024Q1,semi_detached,11.0,5679000.0,516272.73,448000.0,404000.0,626500.0,0.0,7.0
Selangor,Sabak Bernam,2024Q1,terrace,41.0,15371000.0,374902.44,322000.0,260000.0,489000.0,16.0,33.0
Selangor,Sabak Bernam,2024Q2,all,56.0,20954000.0,374178.57,330000.0,257500.0,431250.0,27.0,48.0
Selangor,Sabak Bernam,2024Q2,cluster,1.0,270000.0,270000.0,270000.0,270000.0,270000.0,1.0,1.0
Selangor,Sabak Bernam,2024Q2,condo,4.0,1515000.0,378750.0,375000.0,318750.0,435000.0,1.0,4.0
Selangor,Sabak Bernam,2024Q2,detached,2.0,820000.0,410000.0,410000.0,285000.0,535000.0,1.0,1.0
Selangor,Sabak Bernam,2024Q2,low_cost_house,6.0,1530000.0,255000.0,265000.0,212500.0,295000.0,5.0,6.0
Selangor,Sabak Bernam,2024Q2,semi_detached,8.0,5297000.0,662125.0,504000.0,417000.0,983000.0,0.0,4.0
Selangor,Sabak Bernam,2024Q2,terrace,35.0,11522000.0,329200.0,280000.0,250000.0,409000.0,19.0,32.0
Selangor,Sabak Bernam,2024Q3,all,43.0,17989000.0,418348.84,321000.0,265000.0,550000.0,19.0,31.0
Selangor,Sabak Bernam,2024Q3,cluster,1.0,270000.0,270000.0,270000.0,270000.0,270000.0,1.0,1.0
Selangor,Sabak Bernam,2024Q3,condo,1.0,430000.0,430000.0,430000.0,430000.0,430000.0,0.0,1.0
Selangor,Sabak Bernam,2024Q3,detached,3.0,1044000.0,348000.0,100000.0,87500.0,484500.0,2.0,2.0
Selangor,Sabak Bernam,2024Q3,flat,1.0,300000.0,300000.0,300000.0,300000.0,300000.0,1.0,1.0
Selangor,Sabak Bernam,2024Q3,low_cost_house,5.0,1010000.0,202000.0,200000.0,110000.0,250000.0,4.0,5.0
Selangor,Sabak Bernam,2024Q3,semi_detached,6.0,4014000.0,669000.0,684000.0,489250.0,845750.0,0.0,2.0
Selangor,Sabak Bernam,2024Q3,terrace,26.0,10921000.0,420038.46,316000.0,280000.0,537500.0,11.0,19.0
Selangor,Sabak Bernam,2024Q4,all,19.0,6958000.0,366210.53,364000.0,333000.0,389000.0,4.0,18.0
Selangor,Sabak Bernam,2024Q4,cluster,1.0,180000.0,180000.0,180000.0,180000.0,180000.0,1.0,1.0
Selangor,Sabak Bernam,2024Q4,detached,1.0,475000.0,475000.0,475000.0,475000.0,475000.0,0.0,1.0
Selangor,Sabak Bernam,2024Q4,low_cost_house,3.0,920000.0,306666.67,350000.0,285000.0,350000.0,1.0,3.0
Selangor,Sabak Bernam,2024Q4,semi_detached,2.0,845000.0,422500.0,422500.0,386250.0,458750.0,0.0,2.0
Selangor,Sabak Bernam,2024Q4,terrace,11.0,4150000.0,377272.73,365000.0,333000.0,382500.0,2.0,10.0
Selangor,Sabak Bernam,2024Q4,townhouse,1.0,388000.0,388000.0,388000.0,388000.0,388000.0,0.0,1.0
Selangor,Sabak Bernam,2025Q1,all,14.0,4726000.0,337571.43,328000.0,287500.0,363000.0,4.0,13.0
Selangor,Sabak Bernam,2025Q1,semi_detached,2.0,980000.0,490000.0,490000.0,435000.0,545000.0,0.0,1.0
Selangor,Sabak Bernam,2025Q1,terrace,12.0,3746000.0,312166.67,318500.0,273750.0,352500.0,4.0,12.0
Selangor,Sabak Bernam,2025Q2,all,10.0,5305000.0,530500.0,370000.0,314000.0,509250.0,2.0,7.0
Selangor,Sabak Bernam,2025Q2,cluster,1.0,200000.0,200000.0,200000.0,200000.0,200000.0,1.0,1.0
Selangor,Sabak Bernam,2025Q2,detached,1.0,1850000.0,1850000.0,1850000.0,1850000.0,1850000.0,0.0,0.0
Selangor,Sabak Bernam,2025Q2,semi_detached,2.0,914000.0,457000.0,457000.0,421000.0,493000.0,0.0,1.0
Selangor,Sabak Bernam,2025Q2,terrace,6.0,2341000.0,390166.67,340500.0,314000.0,426250.0,1.0,5.0
Selangor,Sabak Bernam,2025Q3,all,12.0,4357000.0,363083.33,361500.0,239500.0,435000.0,4.0,11.0
Selangor,Sabak Bernam,2025Q3,condo,1.0,208000.0,208000.0,208000.0,208000.0,208000.0,1.0,1.0
Selangor,Sabak Bernam,2025Q3,low_cost_house,1.0,185000.0,185000.0,185000.0,185000.0,185000.0,1.0,1.0
Selangor,Sabak Bernam,2025Q3,semi_detached,3.0,1263000.0,421000.0,430000.0,391500.0,455000.0,0.0,3.0
Selangor,Sabak Bernam,2025Q3,terrace,6.0,2251000.0,375166.67,340500.0,265250.0,407500.0,2.0,5.0
Selangor,Sabak Bernam,2025Q3,townhouse,1.0,450000.0,450000.0,450000.0,450000.0,450000.0,0.0,1.0
Selangor,Sabak Bernam,2025Q4,all,14.0,5337000.0,381214.29,332000.0,288750.0,459750.0,7.0,12.0
Selangor,Sabak Bernam,2025Q4,detached,1.0,700000.0,700000.0,700000.0,700000.0,700000.0,0.0,0.0
Selangor,Sabak Bernam,2025Q4,low_cost_house,2.0,600000.0,300000.0,300000.0,300000.0,300000.0,2.0,2.0
Selangor,Sabak Bernam,2025Q4,semi_detached,2.0,979000.0,489500.0,489500.0,444250.0,534750.0,0.0,1.0
Selangor,Sabak Bernam,2025Q4,terrace,9.0,3058000.0,339777.78,300000.0,281000.0,398000.0,5.0,9.0
Selangor,Sabak Bernam,2026Q1,all,8.0,2413000.0,301625.0,282500.0,210000.0,432250.0,4.0,7.0
Selangor,Sabak Bernam,2026Q1,cluster,1.0,250000.0,250000.0,250000.0,250000.0,250000.0,1.0,1.0
Selangor,Sabak Bernam,2026Q1,detached,2.0,220000.0,110000.0,110000.0,90000.0,130000.0,2.0,2.0
Selangor,Sabak Bernam,2026Q1,semi_detached,3.0,1398000.0,466000.0,439000.0,434500.0,484000.0,0.0,2.0
Selangor,Sabak Bernam,2026Q1,terrace,2.0,545000.0,272500.0,272500.0,251250.0,293750.0,1.0,2.0
Selangor,Sabak Bernam,2026Q2,all,12.0,4975000.0,414583.33,405000.0,295750.0,529250.0,3.0,8.0
Selangor,Sabak Bernam,2026Q2,cluster,1.0,350000.0,350000.0,350000.0,350000.0,350000.0,0.0,1.0
Selangor,Sabak Bernam,2026Q2,detached,1.0,530000.0,530000.0,530000.0,530000.0,530000.0,0.0,0.0
Selangor,Sabak Bernam,2026Q2,low_cost_house,2.0,420000.0,210000.0,210000.0,205000.0,215000.0,2.0,2.0
Selangor,Sabak Bernam,2026Q2,semi_detached,3.0,1413000.0,471000.0,529000.0,439500.0,531500.0,0.0,1.0
Selangor,Sabak Bernam,2026Q2,terrace,5.0,2262000.0,452400.0,460000.0,321000.0,470000.0,1.0,4.0
Selangor,Sepang,2024Q1,all,486.0,320941000.0,660372.43,555000.0,352500.0,829000.0,99.0,225.0
Selangor,Sepang,2024Q1,cluster,7.0,6701000.0,957285.71,969000.0,655000.0,1269000.0,0.0,2.0
Selangor,Sepang,2024Q1,condo,80.0,37330000.0,466625.0,349500.0,238500.0,700000.0,30.0,52.0
Selangor,Sepang,2024Q1,detached,19.0,20335000.0,1070263.16,650000.0,483500.0,1625000.0,0.0,7.0
Selangor,Sepang,2024Q1,flat,20.0,3469000.0,173450.0,180000.0,140250.0,205000.0,20.0,20.0
Selangor,Sepang,2024Q1,low_cost_flat,24.0,3745000.0,156041.67,162500.0,107000.0,190000.0,24.0,24.0
Selangor,Sepang,2024Q1,low_cost_house,10.0,2527000.0,252700.0,250000.0,235000.0,276750.0,9.0,10.0
Selangor,Sepang,2024Q1,semi_detached,57.0,55352000.0,971087.72,700000.0,498000.0,1720000.0,2.0,19.0
Selangor,Sepang,2024Q1,terrace,253.0,183992000.0,727241.11,656000.0,490000.0,867000.0,13.0,81.0
Selangor,Sepang,2024Q1,townhouse,16.0,7490000.0,468125.0,446500.0,386250.0,582500.0,1.0,10.0
Selangor,Sepang,2024Q2,all,418.0,307685000.0,736088.52,599000.0,400000.0,878250.0,71.0,166.0
Selangor,Sepang,2024Q2,cluster,3.0,1992000.0,664000.0,700000.0,546000.0,800000.0,0.0,1.0
Selangor,Sepang,2024Q2,condo,92.0,55763000.0,606119.57,587000.0,280000.0,817250.0,24.0,42.0
Selangor,Sepang,2024Q2,detached,16.0,14325000.0,895312.5,490500.0,450000.0,836250.0,2.0,8.0
Selangor,Sepang,2024Q2,flat,24.0,4462000.0,185916.67,172500.0,157500.0,212500.0,23.0,24.0
Selangor,Sepang,2024Q2,low_cost_flat,6.0,1168000.0,194666.67,194500.0,165500.0,228000.0,6.0,6.0
Selangor,Sepang,2024Q2,low_cost_house,10.0,2410000.0,241000.0,250000.0,216250.0,257500.0,9.0,10.0
Selangor,Sepang,2024Q2,semi_detached,38.0,40607000.0,1068605.26,814500.0,521250.0,1637500.0,0.0,9.0
Selangor,Sepang,2024Q2,terrace,217.0,181050000.0,834331.8,705000.0,499000.0,960000.0,7.0,58.0
Selangor,Sepang,2024Q2,townhouse,12.0,5908000.0,492333.33,465000.0,343750.0,535000.0,0.0,8.0
Selangor,Sepang,2024Q3,all,321.0,232086000.0,723009.35,608000.0,405000.0,873000.0,49.0,117.0
Selangor,Sepang,2024Q3,cluster,1.0,230000.0,230000.0,230000.0,230000.0,230000.0,1.0,1.0
Selangor,Sepang,2024Q3,condo,69.0,44034000.0,638173.91,710000.0,323000.0,871000.0,16.0,29.0
Selangor,Sepang,2024Q3,detached,9.0,16705000.0,1856111.11,1270000.0,515000.0,3100000.0,0.0,2.0
Selangor,Sepang,2024Q3,flat,16.0,3129000.0,195562.5,202500.0,163750.0,220000.0,16.0,16.0
Selangor,Sepang,2024Q3,low_cost_flat,2.0,363000.0,181500.0,181500.0,172250.0,190750.0,2.0,2.0
Selangor,Sepang,2024Q3,low_cost_house,10.0,2615000.0,261500.0,275000.0,181250.0,347500.0,5.0,10.0
Selangor,Sepang,2024Q3,semi_detached,39.0,43499000.0,1115358.97,915000.0,700000.0,1525000.0,1.0,6.0
Selangor,Sepang,2024Q3,terrace,167.0,116957000.0,700341.32,614000.0,499500.0,823500.0,7.0,46.0
Selangor,Sepang,2024Q3,townhouse,8.0,4554000.0,569250.0,497500.0,438750.0,663500.0,1.0,5.0
Selangor,Sepang,2024Q4,all,71.0,46412000.0,653690.14,650000.0,487500.0,761000.0,6.0,21.0
Selangor,Sepang,2024Q4,condo,21.0,14606000.0,695523.81,728000.0,573000.0,773000.0,2.0,5.0
Selangor,Sepang,2024Q4,detached,1.0,513000.0,513000.0,513000.0,513000.0,513000.0,0.0,0.0
Selangor,Sepang,2024Q4,flat,2.0,355000.0,177500.0,177500.0,148750.0,206250.0,2.0,2.0
Selangor,Sepang,2024Q4,semi_detached,10.0,6451000.0,645100.0,587500.0,430000.0,783750.0,0.0,4.0
Selangor,Sepang,2024Q4,terrace,35.0,23879000.0,682257.14,650000.0,520000.0,760000.0,1.0,8.0
Selangor,Sepang,2024Q4,townhouse,2.0,608000.0,304000.0,304000.0,252000.0,356000.0,1.0,2.0
Selangor,Sepang,2025Q1,all,89.0,57597000.0,647157.3,700000.0,435000.0,752000.0,11.0,31.0
Selangor,Sepang,2025Q1,condo,42.0,27967000.0,665880.95,725000.0,495000.0,766500.0,5.0,11.0
Selangor,Sepang,2025Q1,detached,3.0,2240000.0,746666.67,590000.0,445000.0,970000.0,1.0,1.0
Selangor,Sepang,2025Q1,flat,1.0,186000.0,186000.0,186000.0,186000.0,186000.0,1.0,1.0
Selangor,Sepang,2025Q1,low_cost_flat,1.0,165000.0,165000.0,165000.0,165000.0,165000.0,1.0,1.0
Selangor,Sepang,2025Q1,low_cost_house,1.0,380000.0,380000.0,380000.0,380000.0,380000.0,0.0,1.0
Selangor,Sepang,2025Q1,semi_detached,7.0,5002000.0,714571.43,498000.0,355000.0,985000.0,2.0,4.0
Selangor,Sepang,2025Q1,terrace,31.0,20087000.0,647967.74,650000.0,456500.0,733000.0,1.0,10.0
Selangor,Sepang,2025Q1,townhouse,3.0,1570000.0,523333.33,480000.0,430000.0,595000.0,0.0,2.0
Selangor,Sepang,2025Q2,all,95.0,61947000.0,652073.68,600000.0,450000.0,750000.0,10.0,33.0
Selangor,Sepang,2025Q2,cluster,1.0,460000.0,460000.0,460000.0,460000.0,460000.0,0.0,1.0
Selangor,Sepang,2025Q2,condo,25.0,17444000.0,697760.0,738000.0,515000.0,785000.0,2.0,6.0
Selangor,Sepang,2025Q2,detached,3.0,3399000.0,1133000.0,599000.0,399500.0,1599500.0,1.0,1.0
Selangor,Sepang,2025Q2,flat,4.0,645000.0,161250.0,157500.0,145000.0,173750.0,4.0,4.0
Selangor,Sepang,2025Q2,low_cost_house,3.0,873000.0,291000.0,300000.0,285000.0,301500.0,2.0,3.0
Selangor,Sepang,2025Q2,semi_detached,9.0,7460000.0,828888.89,640000.0,600000.0,788000.0,0.0,1.0
Selangor,Sepang,2025Q2,terrace,47.0,30474000.0,648382.98,585000.0,496000.0,730000.0,1.0,14.0
Selangor,Sepang,2025Q2,townhouse,3.0,1192000.0,397333.33,380000.0,362000.0,424000.0,0.0,3.0
Selangor,Sepang,2025Q3,all,85.0,51154000.0,601811.76,608000.0,355000.0,775000.0,17.0,33.0
Selangor,Sepang,2025Q3,condo,15.0,9019000.0,601266.67,700000.0,270000.0,758000.0,5.0,6.0
Selangor,Sepang,2025Q3,detached,2.0,788000.0,394000.0,394000.0,381000.0,407000.0,0.0,2.0
Selangor,Sepang,2025Q3,flat,5.0,1180000.0,236000.0,250000.0,230000.0,250000.0,5.0,5.0
Selangor,Sepang,2025Q3,low_cost_flat,1.0,212000.0,212000.0,212000.0,212000.0,212000.0,1.0,1.0
Selangor,Sepang,2025Q3,low_cost_house,4.0,859000.0,214750.0,195000.0,147500.0,262250.0,3.0,4.0
Selangor,Sepang,2025Q3,semi_detached,12.0,9954000.0,829500.0,830000.0,754250.0,944750.0,0.0,2.0
Selangor,Sepang,2025Q3,terrace,45.0,28827000.0,640600.0,650000.0,500000.0,717000.0,3.0,12.0
Selangor,Sepang,2025Q3,townhouse,1.0,315000.0,315000.0,315000.0,315000.0,315000.0,0.0,1.0
Selangor,Sepang,2025Q4,all,90.0,57205000.0,635611.11,499500.0,396250.0,751500.0,14.0,47.0
Selangor,Sepang,2025Q4,cluster,1.0,230000.0,230000.0,230000.0,230000.0,230000.0,1.0,1.0
Selangor,Sepang,2025Q4,condo,23.0,12492000.0,543130.43,410000.0,295000.0,763000.0,6.0,13.0
Selangor,Sepang,2025Q4,detached,3.0,1420000.0,473333.33,500000.0,400000.0,560000.0,1.0,2.0
Selangor,Sepang,2025Q4,flat,2.0,485000.0,242500.0,242500.0,241250.0,243750.0,2.0,2.0
Selangor,Sepang,2025Q4,low_cost_house,1.0,280000.0,280000.0,280000.0,280000.0,280000.0,1.0,1.0
Selangor,Sepang,2025Q4,semi_detached,11.0,12148000.0,1104363.64,1200000.0,450000.0,1540000.0,0.0,4.0
Selangor,Sepang,2025Q4,terrace,46.0,28672000.0,623304.35,543500.0,459750.0,749750.0,3.0,21.0
Selangor,Sepang,2025Q4,townhouse,3.0,1478000.0,492666.67,499000.0,489500.0,499000.0,0.0,3.0
Selangor,Sepang,2026Q1,all,61.0,39282000.0,643967.21,580000.0,400000.0,800000.0,6.0,28.0
Selangor,Sepang,2026Q1,cluster,1.0,800000.0,800000.0,800000.0,800000.0,800000.0,0.0,0.0
Selangor,Sepang,2026Q1,condo,23.0,17378000.0,755565.22,792000.0,475000.0,1054500.0,3.0,7.0
Selangor,Sepang,2026Q1,detached,4.0,3092000.0,773000.0,731000.0,445000.0,1059000.0,0.0,2.0
Selangor,Sepang,2026Q1,low_cost_house,2.0,700000.0,350000.0,350000.0,340000.0,360000.0,0.0,2.0
Selangor,Sepang,2026Q1,semi_detached,4.0,3600000.0,900000.0,565000.0,492500.0,972500.0,0.0,2.0
Selangor,Sepang,2026Q1,terrace,22.0,11938000.0,542636.36,565000.0,405000.0,652500.0,2.0,10.0
Selangor,Sepang,2026Q1,townhouse,5.0,1774000.0,354800.0,360000.0,344000.0,370000.0,1.0,5.0
Selangor,Sepang,2026Q2,all,80.0,52096000.0,651200.0,637500.0,400000.0,850500.0,13.0,31.0
Selangor,Sepang,2026Q2,cluster,3.0,3289000.0,1096333.33,950000.0,555000.0,1564500.0,1.0,1.0
Selangor,Sepang,2026Q2,condo,30.0,19259000.0,641966.67,761500.0,338750.0,912750.0,7.0,13.0
Selangor,Sepang,2026Q2,detached,1.0,550000.0,550000.0,550000.0,550000.0,550000.0,0.0,0.0
Selangor,Sepang,2026Q2,flat,2.0,405000.0,202500.0,202500.0,201250.0,203750.0,2.0,2.0
Selangor,Sepang,2026Q2,low_cost_flat,1.0,200000.0,200000.0,200000.0,200000.0,200000.0,1.0,1.0
Selangor,Sepang,2026Q2,low_cost_house,1.0,300000.0,300000.0,300000.0,300000.0,300000.0,1.0,1.0
Selangor,Sepang,2026Q2,semi_detached,4.0,3780000.0,945000.0,665500.0,506500.0,1104000.0,0.0,1.0
Selangor,Sepang,2026Q2,terrace,37.0,23815000.0,643648.65,645000.0,490000.0,709000.0,1.0,11.0
Selangor,Sepang,2026Q2,townhouse,1.0,498000.0,498000.0,498000.0,498000.0,498000.0,0.0,1.0
Terengganu,Besut,2024Q1,all,66.0,19636000.0,297515.15,307500.0,241250.0,363750.0,33.0,65.0
Terengganu,Besut,2024Q1,detached,27.0,10552000.0,390814.81,370000.0,345000.0,437500.0,2.0,26.0
Terengganu,Besut,2024Q1,low_cost_house,8.0,501000.0,62625.0,68000.0,41500.0,68000.0,8.0,8.0
Terengganu,Besut,2024Q1,semi_detached,11.0,3620000.0,329090.91,340000.0,300000.0,350000.0,4.0,11.0
Terengganu,Besut,2024Q1,terrace,20.0,4963000.0,248150.0,257500.0,221750.0,271250.0,19.0,20.0
Terengganu,Besut,2024Q2,all,43.0,13262000.0,308418.6,335000.0,270000.0,380000.0,17.0,43.0
Terengganu,Besut,2024Q2,detached,16.0,5834000.0,364625.0,380000.0,333750.0,397500.0,3.0,16.0
Terengganu,Besut,2024Q2,low_cost_house,4.0,277000.0,69250.0,79500.0,52500.0,96250.0,4.0,4.0
Terengganu,Besut,2024Q2,semi_detached,9.0,3064000.0,340444.44,330000.0,310000.0,380000.0,2.0,9.0
Terengganu,Besut,2024Q2,terrace,14.0,4087000.0,291928.57,300000.0,270000.0,335000.0,8.0,14.0
Terengganu,Besut,2024Q3,all,71.0,21393000.0,301309.86,310000.0,265000.0,340000.0,35.0,71.0
Terengganu,Besut,2024Q3,detached,25.0,9343000.0,373720.0,360000.0,310000.0,440000.0,6.0,25.0
Terengganu,Besut,2024Q3,low_cost_house,4.0,353000.0,88250.0,94000.0,57250.0,125000.0,4.0,4.0
Terengganu,Besut,2024Q3,semi_detached,16.0,5018000.0,313625.0,315000.0,295500.0,332500.0,7.0,16.0
Terengganu,Besut,2024Q3,terrace,26.0,6679000.0,256884.62,265000.0,200000.0,335000.0,18.0,26.0
Terengganu,Besut,2024Q4,all,28.0,8478000.0,302785.71,320000.0,245000.0,372500.0,11.0,28.0
Terengganu,Besut,2024Q4,detached,10.0,3876000.0,387600.0,390000.0,355000.0,445000.0,1.0,10.0
Terengganu,Besut,2024Q4,low_cost_house,3.0,278000.0,92666.67,100000.0,84000.0,105000.0,3.0,3.0
Terengganu,Besut,2024Q4,semi_detached,9.0,2924000.0,324888.89,330000.0,305000.0,359000.0,2.0,9.0
Terengganu,Besut,2024Q4,terrace,6.0,1400000.0,233333.33,215000.0,192500.0,256250.0,5.0,6.0
Terengganu,Besut,2025Q1,all,30.0,8491000.0,283033.33,307500.0,200000.0,367500.0,15.0,30.0
Terengganu,Besut,2025Q1,detached,14.0,4812000.0,343714.29,378500.0,272500.0,417500.0,4.0,14.0
Terengganu,Besut,2025Q1,low_cost_house,6.0,819000.0,136500.0,122000.0,96000.0,160000.0,6.0,6.0
Terengganu,Besut,2025Q1,semi_detached,6.0,2035000.0,339166.67,350000.0,327500.0,357500.0,1.0,6.0
Terengganu,Besut,2025Q1,terrace,4.0,825000.0,206250.0,220000.0,171250.0,255000.0,4.0,4.0
Terengganu,Besut,2025Q2,all,22.0,7195000.0,327045.45,325000.0,300000.0,380000.0,7.0,22.0
Terengganu,Besut,2025Q2,detached,6.0,2182000.0,363666.67,407500.0,320000.0,446250.0,2.0,6.0
Terengganu,Besut,2025Q2,low_cost_house,1.0,135000.0,135000.0,135000.0,135000.0,135000.0,1.0,1.0
Terengganu,Besut,2025Q2,semi_detached,11.0,3660000.0,332727.27,330000.0,310000.0,350000.0,2.0,11.0
Terengganu,Besut,2025Q2,terrace,4.0,1218000.0,304500.0,279000.0,236000.0,347500.0,2.0,4.0
Terengganu,Besut,2025Q3,all,29.0,7765000.0,267758.62,250000.0,206000.0,340000.0,19.0,29.0
Terengganu,Besut,2025Q3,detached,11.0,3374000.0,306727.27,340000.0,267000.0,357500.0,4.0,11.0
Terengganu,Besut,2025Q3,low_cost_house,2.0,310000.0,155000.0,155000.0,152500.0,157500.0,2.0,2.0
Terengganu,Besut,2025Q3,semi_detached,4.0,1300000.0,325000.0,325000.0,297500.0,352500.0,2.0,4.0
Terengganu,Besut,2025Q3,terrace,12.0,2781000.0,231750.0,235000.0,199500.0,250000.0,11.0,12.0
Terengganu,Besut,2025Q4,all,37.0,11604000.0,313621.62,322000.0,290000.0,370000.0,12.0,37.0
Terengganu,Besut,2025Q4,detached,9.0,3125000.0,347222.22,430000.0,275000.0,440000.0,3.0,9.0
Terengganu,Besut,2025Q4,low_cost_house,2.0,160000.0,80000.0,80000.0,70000.0,90000.0,2.0,2.0
Terengganu,Besut,2025Q4,semi_detached,11.0,3744000.0,340363.64,350000.0,300000.0,375000.0,4.0,11.0
Terengganu,Besut,2025Q4,terrace,15.0,4575000.0,305000.0,322000.0,306000.0,350000.0,3.0,15.0
Terengganu,Besut,2026Q1,all,25.0,8072000.0,322880.0,350000.0,200000.0,390000.0,10.0,24.0
Terengganu,Besut,2026Q1,detached,10.0,4015000.0,401500.0,420000.0,357500.0,465000.0,2.0,9.0
Terengganu,Besut,2026Q1,low_cost_house,3.0,400000.0,133333.33,160000.0,120000.0,160000.0,3.0,3.0
Terengganu,Besut,2026Q1,semi_detached,8.0,2892000.0,361500.0,370000.0,345500.0,382500.0,1.0,8.0
Terengganu,Besut,2026Q1,terrace,4.0,765000.0,191250.0,195000.0,156250.0,230000.0,4.0,4.0
Terengganu,Besut,2026Q2,all,25.0,8601000.0,344040.0,322000.0,270000.0,380000.0,11.0,24.0
Terengganu,Besut,2026Q2,detached,8.0,3429000.0,428625.0,405000.0,292500.0,462500.0,3.0,7.0
Terengganu,Besut,2026Q2,low_cost_house,1.0,150000.0,150000.0,150000.0,150000.0,150000.0,1.0,1.0
Terengganu,Besut,2026Q2,semi_detached,9.0,3123000.0,347000.0,350000.0,318000.0,380000.0,2.0,9.0
Terengganu,Besut,2026Q2,terrace,7.0,1899000.0,271285.71,270000.0,240000.0,298500.0,5.0,7.0
Terengganu,Dungun,2024Q1,all,84.0,25501000.0,303583.33,322500.0,245000.0,370000.0,38.0,84.0
Terengganu,Dungun,2024Q1,detached,10.0,3552000.0,355200.0,385000.0,285000.0,399250.0,4.0,10.0
Terengganu,Dungun,2024Q1,low_cost_house,11.0,1815000.0,165000.0,170000.0,157500.0,182500.0,11.0,11.0
Terengganu,Dungun,2024Q1,semi_detached,45.0,15958000.0,354622.22,350000.0,325000.0,376000.0,7.0,45.0
Terengganu,Dungun,2024Q1,terrace,18.0,4176000.0,232000.0,245000.0,223750.0,249750.0,16.0,18.0
Terengganu,Dungun,2024Q2,all,98.0,31711000.0,323581.63,347500.0,250000.0,397500.0,41.0,96.0
Terengganu,Dungun,2024Q2,detached,19.0,7857000.0,413526.32,410000.0,367500.0,442500.0,2.0,17.0
Terengganu,Dungun,2024Q2,low_cost_house,6.0,1015000.0,169166.67,157500.0,136250.0,190000.0,6.0,6.0
Terengganu,Dungun,2024Q2,semi_detached,39.0,14551000.0,373102.56,376000.0,350000.0,407000.0,5.0,39.0
Terengganu,Dungun,2024Q2,terrace,34.0,8288000.0,243764.71,250000.0,222500.0,295750.0,28.0,34.0
Terengganu,Dungun,2024Q3,all,108.0,34887000.0,323027.78,328000.0,250000.0,400000.0,50.0,105.0
Terengganu,Dungun,2024Q3,detached,21.0,8302000.0,395333.33,420000.0,333000.0,480000.0,5.0,20.0
Terengganu,Dungun,2024Q3,low_cost_house,9.0,1582000.0,175777.78,197000.0,135000.0,200000.0,9.0,9.0
Terengganu,Dungun,2024Q3,semi_detached,46.0,17049000.0,370630.43,375500.0,330000.0,400000.0,8.0,44.0
Terengganu,Dungun,2024Q3,terrace,32.0,7954000.0,248562.5,250000.0,239500.0,281250.0,28.0,32.0
Terengganu,Dungun,2024Q4,all,72.0,24342000.0,338083.33,350000.0,280000.0,400000.0,25.0,70.0
Terengganu,Dungun,2024Q4,detached,23.0,8917000.0,387695.65,400000.0,345000.0,470000.0,4.0,21.0
Terengganu,Dungun,2024Q4,semi_detached,30.0,10794000.0,359800.0,362500.0,330000.0,395000.0,4.0,30.0
Terengganu,Dungun,2024Q4,terrace,19.0,4631000.0,243736.84,247000.0,211500.0,280000.0,17.0,19.0
Terengganu,Dungun,2025Q1,all,78.0,26075000.0,334294.87,350000.0,252500.0,403750.0,29.0,75.0
Terengganu,Dungun,2025Q1,detached,14.0,6142000.0,438714.29,427500.0,405000.0,487500.0,1.0,12.0
Terengganu,Dungun,2025Q1,low_cost_house,11.0,1875000.0,170454.55,171000.0,163500.0,177500.0,11.0,11.0
Terengganu,Dungun,2025Q1,semi_detached,39.0,14511000.0,372076.92,370000.0,340000.0,400000.0,5.0,38.0
Terengganu,Dungun,2025Q1,terrace,14.0,3547000.0,253357.14,252500.0,200000.0,280000.0,12.0,14.0
Terengganu,Dungun,2025Q2,all,73.0,27310000.0,374109.59,357000.0,320000.0,419000.0,16.0,67.0
Terengganu,Dungun,2025Q2,detached,18.0,8244000.0,458000.0,480000.0,385000.0,520000.0,3.0,13.0
Terengganu,Dungun,2025Q2,low_cost_house,1.0,150000.0,150000.0,150000.0,150000.0,150000.0,1.0,1.0
Terengganu,Dungun,2025Q2,semi_detached,41.0,15446000.0,376731.71,370000.0,340000.0,400000.0,3.0,40.0
Terengganu,Dungun,2025Q2,terrace,13.0,3470000.0,266923.08,270000.0,210000.0,332000.0,9.0,13.0
Terengganu,Dungun,2025Q3,all,72.0,25708000.0,357055.56,360000.0,309750.0,406000.0,18.0,70.0
Terengganu,Dungun,2025Q3,detached,22.0,8290000.0,376818.18,382500.0,350000.0,437500.0,5.0,21.0
Terengganu,Dungun,2025Q3,low_cost_house,2.0,360000.0,180000.0,180000.0,180000.0,180000.0,2.0,2.0
Terengganu,Dungun,2025Q3,semi_detached,34.0,12957000.0,381088.24,385000.0,348500.0,403750.0,2.0,33.0
Terengganu,Dungun,2025Q3,terrace,14.0,4101000.0,292928.57,287500.0,242500.0,331500.0,9.0,14.0
Terengganu,Dungun,2025Q4,all,60.0,21247000.0,354116.67,350000.0,300000.0,392500.0,16.0,57.0
Terengganu,Dungun,2025Q4,detached,13.0,5243000.0,403307.69,388000.0,330000.0,455000.0,3.0,11.0
Terengganu,Dungun,2025Q4,low_cost_house,5.0,842000.0,168400.0,170000.0,160000.0,172000.0,5.0,5.0
Terengganu,Dungun,2025Q4,semi_detached,33.0,12518000.0,379333.33,360000.0,330000.0,390000.0,2.0,32.0
Terengganu,Dungun,2025Q4,terrace,9.0,2644000.0,293777.78,270000.0,250000.0,332000.0,6.0,9.0
Terengganu,Dungun,2026Q1,all,50.0,17774000.0,355480.0,360000.0,294000.0,400000.0,15.0,48.0
Terengganu,Dungun,2026Q1,detached,9.0,4080000.0,453333.33,490000.0,300000.0,500000.0,3.0,7.0
Terengganu,Dungun,2026Q1,low_cost_house,5.0,846000.0,169200.0,170000.0,156000.0,180000.0,5.0,5.0
Terengganu,Dungun,2026Q1,semi_detached,26.0,9732000.0,374307.69,380000.0,352500.0,400000.0,3.0,26.0
Terengganu,Dungun,2026Q1,terrace,10.0,3116000.0,311600.0,313500.0,283000.0,340500.0,4.0,10.0
Terengganu,Dungun,2026Q2,all,61.0,22022000.0,361016.39,370000.0,300000.0,415000.0,16.0,57.0
Terengganu,Dungun,2026Q2,detached,16.0,6360000.0,397500.0,400000.0,315000.0,438750.0,4.0,14.0
Terengganu,Dungun,2026Q2,low_cost_house,4.0,745000.0,186250.0,192500.0,180000.0,198750.0,4.0,4.0
Terengganu,Dungun,2026Q2,semi_detached,33.0,12587000.0,381424.24,370000.0,330000.0,400000.0,4.0,31.0
Terengganu,Dungun,2026Q2,terrace,8.0,2330000.0,291250.0,290000.0,235000.0,370500.0,4.0,8.0
Terengganu,Hulu Terengganu,2024Q1,all,18.0,4681000.0,260055.56,265000.0,180000.0,350000.0,11.0,18.0
Terengganu,Hulu Terengganu,2024Q1,detached,5.0,1473000.0,294600.0,350000.0,180000.0,410000.0,2.0,5.0
Terengganu,Hulu Terengganu,2024Q1,low_cost_house,1.0,30000.0,30000.0,30000.0,30000.0,30000.0,1.0,1.0
Terengganu,Hulu Terengganu,2024Q1,semi_detached,7.0,2058000.0,294000.0,350000.0,275000.0,350000.0,3.0,7.0
Terengganu,Hulu Terengganu,2024Q1,terrace,5.0,1120000.0,224000.0,250000.0,180000.0,260000.0,5.0,5.0
Terengganu,Hulu Terengganu,2024Q2,all,29.0,6278000.0,216482.76,200000.0,68000.0,333000.0,19.0,29.0
Terengganu,Hulu Terengganu,2024Q2,detached,7.0,2634000.0,376285.71,420000.0,355000.0,455000.0,2.0,7.0
Terengganu,Hulu Terengganu,2024Q2,low_cost_house,13.0,961000.0,73923.08,68000.0,68000.0,70000.0,13.0,13.0
Terengganu,Hulu Terengganu,2024Q2,semi_detached,7.0,2143000.0,306142.86,315000.0,300000.0,326500.0,3.0,7.0
Terengganu,Hulu Terengganu,2024Q2,terrace,2.0,540000.0,270000.0,270000.0,235000.0,305000.0,1.0,2.0
Terengganu,Hulu Terengganu,2024Q3,all,26.0,7985000.0,307115.38,310000.0,252500.0,377500.0,13.0,26.0
Terengganu,Hulu Terengganu,2024Q3,detached,10.0,3963000.0,396300.0,400000.0,372500.0,450000.0,1.0,10.0
Terengganu,Hulu Terengganu,2024Q3,low_cost_house,3.0,185000.0,61666.67,25000.0,25000.0,80000.0,3.0,3.0
Terengganu,Hulu Terengganu,2024Q3,semi_detached,8.0,2580000.0,322500.0,310000.0,296250.0,355000.0,4.0,8.0
Terengganu,Hulu Terengganu,2024Q3,terrace,5.0,1257000.0,251400.0,250000.0,240000.0,260000.0,5.0,5.0
Terengganu,Hulu Terengganu,2024Q4,all,14.0,4396000.0,314000.0,320000.0,292500.0,357500.0,5.0,14.0
Terengganu,Hulu Terengganu,2024Q4,detached,3.0,1360000.0,453333.33,460000.0,445000.0,465000.0,0.0,3.0
Terengganu,Hulu Terengganu,2024Q4,low_cost_house,1.0,25000.0,25000.0,25000.0,25000.0,25000.0,1.0,1.0
Terengganu,Hulu Terengganu,2024Q4,semi_detached,9.0,2781000.0,309000.0,320000.0,300000.0,335000.0,3.0,9.0
Terengganu,Hulu Terengganu,2024Q4,terrace,1.0,230000.0,230000.0,230000.0,230000.0,230000.0,1.0,1.0
Terengganu,Hulu Terengganu,2025Q1,all,10.0,3108000.0,310800.0,329000.0,301250.0,340000.0,3.0,10.0
Terengganu,Hulu Terengganu,2025Q1,semi_detached,9.0,2853000.0,317000.0,338000.0,305000.0,340000.0,2.0,9.0
Terengganu,Hulu Terengganu,2025Q1,terrace,1.0,255000.0,255000.0,255000.0,255000.0,255000.0,1.0,1.0
Terengganu,Hulu Terengganu,2025Q2,all,16.0,4542000.0,283875.0,308500.0,197500.0,385000.0,8.0,16.0
Terengganu,Hulu Terengganu,2025Q2,detached,7.0,2785000.0,397857.14,400000.0,367500.0,475000.0,1.0,7.0
Terengganu,Hulu Terengganu,2025Q2,low_cost_house,3.0,75000.0,25000.0,25000.0,25000.0,25000.0,3.0,3.0
Terengganu,Hulu Terengganu,2025Q2,semi_detached,5.0,1422000.0,284400.0,287000.0,280000.0,330000.0,3.0,5.0
Terengganu,Hulu Terengganu,2025Q2,terrace,1.0,260000.0,260000.0,260000.0,260000.0,260000.0,1.0,1.0
Terengganu,Hulu Terengganu,2025Q3,all,13.0,3825000.0,294230.77,280000.0,200000.0,360000.0,7.0,12.0
Terengganu,Hulu Terengganu,2025Q3,detached,4.0,1660000.0,415000.0,420000.0,335000.0,500000.0,1.0,3.0
Terengganu,Hulu Terengganu,2025Q3,low_cost_house,1.0,200000.0,200000.0,200000.0,200000.0,200000.0,1.0,1.0
Terengganu,Hulu Terengganu,2025Q3,semi_detached,5.0,1470000.0,294000.0,340000.0,200000.0,350000.0,2.0,5.0
Terengganu,Hulu Terengganu,2025Q3,terrace,3.0,495000.0,165000.0,190000.0,107500.0,235000.0,3.0,3.0
Terengganu,Hulu Terengganu,2025Q4,all,10.0,3171000.0,317100.0,380000.0,282500.0,390000.0,4.0,10.0
Terengganu,Hulu Terengganu,2025Q4,detached,4.0,1315000.0,328750.0,390000.0,326250.0,392500.0,1.0,4.0
Terengganu,Hulu Terengganu,2025Q4,low_cost_house,1.0,130000.0,130000.0,130000.0,130000.0,130000.0,1.0,1.0
Terengganu,Hulu Terengganu,2025Q4,semi_detached,4.0,1449000.0,362250.0,380000.0,352250.0,390000.0,1.0,4.0
Terengganu,Hulu Terengganu,2025Q4,terrace,1.0,277000.0,277000.0,277000.0,277000.0,277000.0,1.0,1.0
Terengganu,Hulu Terengganu,2026Q1,all,15.0,4480000.0,298666.67,340000.0,197500.0,372500.0,5.0,15.0
Terengganu,Hulu Terengganu,2026Q1,detached,3.0,1350000.0,450000.0,480000.0,427500.0,487500.0,0.0,3.0
Terengganu,Hulu Terengganu,2026Q1,low_cost_house,2.0,170000.0,85000.0,85000.0,57500.0,112500.0,2.0,2.0
Terengganu,Hulu Terengganu,2026Q1,semi_detached,9.0,2810000.0,312222.22,340000.0,310000.0,350000.0,2.0,9.0
Terengganu,Hulu Terengganu,2026Q1,terrace,1.0,150000.0,150000.0,150000.0,150000.0,150000.0,1.0,1.0
Terengganu,Hulu Terengganu,2026Q2,all,12.0,3880000.0,323333.33,330000.0,265000.0,377500.0,5.0,12.0
Terengganu,Hulu Terengganu,2026Q2,cluster,1.0,250000.0,250000.0,250000.0,250000.0,250000.0,1.0,1.0
Terengganu,Hulu Terengganu,2026Q2,detached,1.0,450000.0,450000.0,450000.0,450000.0,450000.0,0.0,1.0
Terengganu,Hulu Terengganu,2026Q2,semi_detached,9.0,2910000.0,323333.33,330000.0,280000.0,375000.0,3.0,9.0
Terengganu,Hulu Terengganu,2026Q2,terrace,1.0,270000.0,270000.0,270000.0,270000.0,270000.0,1.0,1.0
Terengganu,Kemaman,2024Q1,all,178.0,50532000.0,283887.64,265000.0,230000.0,357750.0,109.0,176.0
Terengganu,Kemaman,2024Q1,condo,1.0,207000.0,207000.0,207000.0,207000.0,207000.0,1.0,1.0
Terengganu,Kemaman,2024Q1,detached,11.0,4158000.0,378000.0,400000.0,365000.0,439000.0,2.0,10.0
Terengganu,Kemaman,2024Q1,low_cost_flat,1.0,28000.0,28000.0,28000.0,28000.0,28000.0,1.0,1.0
Terengganu,Kemaman,2024Q1,low_cost_house,14.0,2152000.0,153714.29,155000.0,150000.0,178750.0,14.0,14.0
Terengganu,Kemaman,2024Q1,semi_detached,44.0,16679000.0,379068.18,381000.0,348250.0,400000.0,3.0,43.0
Terengganu,Kemaman,2024Q1,terrace,107.0,27308000.0,255214.95,250000.0,230000.0,275000.0,88.0,107.0
Terengganu,Kemaman,2024Q2,all,149.0,40083000.0,269013.42,260000.0,195000.0,335000.0,99.0,144.0
Terengganu,Kemaman,2024Q2,detached,14.0,5295000.0,378214.29,435000.0,223750.0,495000.0,5.0,11.0
Terengganu,Kemaman,2024Q2,flat,1.0,28000.0,28000.0,28000.0,28000.0,28000.0,1.0,1.0
Terengganu,Kemaman,2024Q2,low_cost_flat,3.0,160000.0,53333.33,45000.0,45000.0,57500.0,3.0,3.0
Terengganu,Kemaman,2024Q2,low_cost_house,11.0,1635000.0,148636.36,170000.0,160000.0,182500.0,11.0,11.0
Terengganu,Kemaman,2024Q2,semi_detached,38.0,13867000.0,364921.05,357500.0,322500.0,389000.0,4.0,36.0
Terengganu,Kemaman,2024Q2,terrace,81.0,19021000.0,234827.16,240000.0,200000.0,270000.0,74.0,81.0
Terengganu,Kemaman,2024Q2,townhouse,1.0,77000.0,77000.0,77000.0,77000.0,77000.0,1.0,1.0
Terengganu,Kemaman,2024Q3,all,147.0,41245000.0,280578.23,260000.0,220000.0,356000.0,92.0,145.0
Terengganu,Kemaman,2024Q3,detached,15.0,5609000.0,373933.33,380000.0,177500.0,467500.0,6.0,13.0
Terengganu,Kemaman,2024Q3,low_cost_flat,1.0,65000.0,65000.0,65000.0,65000.0,65000.0,1.0,1.0
Terengganu,Kemaman,2024Q3,low_cost_house,13.0,2100000.0,161538.46,160000.0,150000.0,190000.0,13.0,13.0
Terengganu,Kemaman,2024Q3,semi_detached,38.0,14170000.0,372894.74,375000.0,351250.0,390000.0,0.0,38.0
Terengganu,Kemaman,2024Q3,terrace,80.0,19301000.0,241262.5,247000.0,220000.0,268000.0,72.0,80.0
Terengganu,Kemaman,2024Q4,all,153.0,42991000.0,280986.93,250000.0,210000.0,360000.0,102.0,148.0
Terengganu,Kemaman,2024Q4,detached,11.0,5620000.0,510909.09,400000.0,387500.0,493500.0,2.0,8.0
Terengganu,Kemaman,2024Q4,low_cost_flat,1.0,27000.0,27000.0,27000.0,27000.0,27000.0,1.0,1.0
Terengganu,Kemaman,2024Q4,low_cost_house,17.0,3012000.0,177176.47,175000.0,150000.0,190000.0,17.0,17.0
Terengganu,Kemaman,2024Q4,semi_detached,37.0,14689000.0,397000.0,383000.0,370000.0,420000.0,1.0,35.0
Terengganu,Kemaman,2024Q4,terrace,83.0,19335000.0,232951.81,240000.0,215000.0,260000.0,77.0,83.0
Terengganu,Kemaman,2024Q4,townhouse,4.0,308000.0,77000.0,77000.0,77000.0,77000.0,4.0,4.0
Terengganu,Kemaman,2025Q1,all,123.0,34739000.0,282430.89,278000.0,229500.0,344500.0,82.0,121.0
Terengganu,Kemaman,2025Q1,detached,9.0,2999000.0,333222.22,428000.0,150000.0,450000.0,4.0,7.0
Terengganu,Kemaman,2025Q1,flat,1.0,90000.0,90000.0,90000.0,90000.0,90000.0,1.0,1.0
Terengganu,Kemaman,2025Q1,low_cost_house,14.0,2330000.0,166428.57,160000.0,150000.0,170000.0,14.0,14.0
Terengganu,Kemaman,2025Q1,semi_detached,28.0,10378000.0,370642.86,371000.0,348750.0,380750.0,2.0,28.0
Terengganu,Kemaman,2025Q1,terrace,70.0,18865000.0,269500.0,270000.0,241000.0,288750.0,60.0,70.0
Terengganu,Kemaman,2025Q1,townhouse,1.0,77000.0,77000.0,77000.0,77000.0,77000.0,1.0,1.0
Terengganu,Kemaman,2025Q2,all,107.0,29745000.0,277990.65,265000.0,204000.0,352000.0,70.0,103.0
Terengganu,Kemaman,2025Q2,condo,1.0,160000.0,160000.0,160000.0,160000.0,160000.0,1.0,1.0
Terengganu,Kemaman,2025Q2,detached,10.0,4350000.0,435000.0,420000.0,305000.0,535000.0,3.0,7.0
Terengganu,Kemaman,2025Q2,low_cost_house,15.0,2500000.0,166666.67,180000.0,130000.0,200000.0,15.0,15.0
Terengganu,Kemaman,2025Q2,semi_detached,24.0,8774000.0,365583.33,357500.0,347250.0,384750.0,2.0,24.0
Terengganu,Kemaman,2025Q2,terrace,57.0,13961000.0,244929.82,250000.0,210000.0,280000.0,49.0,56.0
Terengganu,Kemaman,2025Q3,all,167.0,46751000.0,279946.11,270000.0,200000.0,380000.0,102.0,163.0
Terengganu,Kemaman,2025Q3,condo,20.0,1652000.0,82600.0,83000.0,80000.0,85000.0,20.0,20.0
Terengganu,Kemaman,2025Q3,detached,11.0,5310000.0,482727.27,480000.0,425000.0,490000.0,0.0,10.0
Terengganu,Kemaman,2025Q3,low_cost_flat,1.0,70000.0,70000.0,70000.0,70000.0,70000.0,1.0,1.0
Terengganu,Kemaman,2025Q3,low_cost_house,16.0,2865000.0,179062.5,180000.0,163750.0,202500.0,16.0,16.0
Terengganu,Kemaman,2025Q3,semi_detached,37.0,14068000.0,380216.22,383000.0,355000.0,400000.0,2.0,36.0
Terengganu,Kemaman,2025Q3,terrace,82.0,22786000.0,277878.05,260000.0,230000.0,300000.0,63.0,80.0
Terengganu,Kemaman,2025Q4,all,133.0,38508000.0,289533.83,280000.0,235000.0,342000.0,85.0,132.0
Terengganu,Kemaman,2025Q4,detached,11.0,4157000.0,377909.09,420000.0,303500.0,455000.0,3.0,10.0
Terengganu,Kemaman,2025Q4,low_cost_house,15.0,2920000.0,194666.67,180000.0,170000.0,220000.0,15.0,15.0
Terengganu,Kemaman,2025Q4,semi_detached,25.0,9643000.0,385720.0,383000.0,355000.0,407000.0,0.0,25.0
Terengganu,Kemaman,2025Q4,terrace,80.0,21634000.0,270425.0,270000.0,240000.0,291500.0,65.0,80.0
Terengganu,Kemaman,2025Q4,townhouse,2.0,154000.0,77000.0,77000.0,77000.0,77000.0,2.0,2.0
Terengganu,Kemaman,2026Q1,all,94.0,24904000.0,264936.17,250000.0,152500.0,348750.0,55.0,93.0
Terengganu,Kemaman,2026Q1,detached,7.0,2979000.0,425571.43,435000.0,280000.0,479500.0,2.0,6.0
Terengganu,Kemaman,2026Q1,low_cost_flat,2.0,153000.0,76500.0,76500.0,72250.0,80750.0,2.0,2.0
Terengganu,Kemaman,2026Q1,low_cost_house,11.0,1710000.0,155454.55,160000.0,145000.0,170000.0,11.0,11.0
Terengganu,Kemaman,2026Q1,semi_detached,23.0,8651000.0,376130.43,390000.0,340000.0,408500.0,1.0,23.0
Terengganu,Kemaman,2026Q1,terrace,51.0,11411000.0,223745.1,243000.0,116000.0,297500.0,39.0,51.0
Terengganu,Kemaman,2026Q2,all,118.0,35227000.0,298533.9,290000.0,239250.0,349250.0,68.0,114.0
Terengganu,Kemaman,2026Q2,detached,10.0,3850000.0,385000.0,350000.0,305000.0,500000.0,3.0,8.0
Terengganu,Kemaman,2026Q2,low_cost_flat,1.0,89000.0,89000.0,89000.0,89000.0,89000.0,1.0,1.0
Terengganu,Kemaman,2026Q2,low_cost_house,10.0,1850000.0,185000.0,190000.0,176250.0,200000.0,10.0,10.0
Terengganu,Kemaman,2026Q2,semi_detached,26.0,10463000.0,402423.08,390000.0,352500.0,430000.0,3.0,24.0
Terengganu,Kemaman,2026Q2,terrace,71.0,18975000.0,267253.52,275000.0,239500.0,310000.0,51.0,71.0
Terengganu,Kuala Nerus,2024Q1,all,98.0,34513000.0,352173.47,370000.0,262500.0,430000.0,31.0,93.0
Terengganu,Kuala Nerus,2024Q1,detached,20.0,8788000.0,439400.0,445000.0,345000.0,500000.0,2.0,16.0
Terengganu,Kuala Nerus,2024Q1,low_cost_house,15.0,2382000.0,158800.0,180000.0,165000.0,200000.0,15.0,15.0
Terengganu,Kuala Nerus,2024Q1,semi_detached,36.0,14155000.0,393194.44,391500.0,370000.0,422500.0,0.0,36.0
Terengganu,Kuala Nerus,2024Q1,terrace,27.0,9188000.0,340296.3,300000.0,252500.0,405000.0,14.0,26.0
Terengganu,Kuala Nerus,2024Q2,all,84.0,31694000.0,377309.52,362500.0,242000.0,422500.0,30.0,75.0
Terengganu,Kuala Nerus,2024Q2,detached,13.0,6784000.0,521846.15,490000.0,455000.0,565000.0,0.0,7.0
Terengganu,Kuala Nerus,2024Q2,low_cost_house,17.0,2440000.0,143529.41,167000.0,135000.0,200000.0,17.0,17.0
Terengganu,Kuala Nerus,2024Q2,semi_detached,31.0,14602000.0,471032.26,398000.0,350000.0,417500.0,2.0,29.0
Terengganu,Kuala Nerus,2024Q2,terrace,23.0,7868000.0,342086.96,345000.0,250000.0,419500.0,11.0,22.0
Terengganu,Kuala Nerus,2024Q3,all,116.0,42549000.0,366801.72,367500.0,310000.0,446250.0,28.0,114.0
Terengganu,Kuala Nerus,2024Q3,detached,16.0,6770000.0,423125.0,450000.0,350000.0,465000.0,3.0,14.0
Terengganu,Kuala Nerus,2024Q3,low_cost_house,7.0,1365000.0,195000.0,225000.0,185000.0,232500.0,7.0,7.0
Terengganu,Kuala Nerus,2024Q3,semi_detached,62.0,24249000.0,391112.9,385000.0,348500.0,423750.0,3.0,62.0
Terengganu,Kuala Nerus,2024Q3,terrace,31.0,10165000.0,327903.23,310000.0,254500.0,407500.0,15.0,31.0
Terengganu,Kuala Nerus,2024Q4,all,65.0,22990000.0,353692.31,375000.0,280000.0,430000.0,18.0,61.0
Terengganu,Kuala Nerus,2024Q4,detached,11.0,4909000.0,446272.73,499000.0,430000.0,500000.0,1.0,9.0
Terengganu,Kuala Nerus,2024Q4,low_cost_house,7.0,819000.0,117000.0,68000.0,68000.0,170000.0,7.0,7.0
Terengganu,Kuala Nerus,2024Q4,semi_detached,32.0,12643000.0,395093.75,400000.0,360000.0,420000.0,1.0,31.0
Terengganu,Kuala Nerus,2024Q4,terrace,15.0,4619000.0,307933.33,280000.0,246000.0,335000.0,9.0,14.0
Terengganu,Kuala Nerus,2025Q1,all,64.0,23956000.0,374312.5,387000.0,298250.0,450000.0,19.0,60.0
Terengganu,Kuala Nerus,2025Q1,detached,14.0,6350000.0,453571.43,460000.0,427500.0,500000.0,1.0,11.0
Terengganu,Kuala Nerus,2025Q1,low_cost_house,5.0,1050000.0,210000.0,220000.0,210000.0,230000.0,5.0,5.0
Terengganu,Kuala Nerus,2025Q1,semi_detached,31.0,12676000.0,408903.23,400000.0,380000.0,435000.0,1.0,30.0
Terengganu,Kuala Nerus,2025Q1,terrace,14.0,3880000.0,277142.86,285000.0,235000.0,300000.0,12.0,14.0
Terengganu,Kuala Nerus,2025Q2,all,47.0,17440000.0,371063.83,390000.0,360000.0,417500.0,7.0,47.0
Terengganu,Kuala Nerus,2025Q2,detached,9.0,3645000.0,405000.0,430000.0,400000.0,500000.0,1.0,9.0
Terengganu,Kuala Nerus,2025Q2,low_cost_house,4.0,558000.0,139500.0,134000.0,58500.0,215000.0,4.0,4.0
Terengganu,Kuala Nerus,2025Q2,semi_detached,33.0,12947000.0,392333.33,390000.0,380000.0,410000.0,1.0,33.0
Terengganu,Kuala Nerus,2025Q2,terrace,1.0,290000.0,290000.0,290000.0,290000.0,290000.0,1.0,1.0
Terengganu,Kuala Nerus,2025Q3,all,69.0,24417000.0,353869.57,360000.0,300000.0,410000.0,19.0,68.0
Terengganu,Kuala Nerus,2025Q3,detached,9.0,3910000.0,434444.44,440000.0,400000.0,475000.0,1.0,8.0
Terengganu,Kuala Nerus,2025Q3,low_cost_house,8.0,1635000.0,204375.0,217500.0,196250.0,240000.0,8.0,8.0
Terengganu,Kuala Nerus,2025Q3,semi_detached,36.0,14060000.0,390555.56,392500.0,357500.0,412500.0,0.0,36.0
Terengganu,Kuala Nerus,2025Q3,terrace,16.0,4812000.0,300750.0,300000.0,285000.0,310000.0,10.0,16.0
Terengganu,Kuala Nerus,2025Q4,all,69.0,27402000.0,397130.43,390000.0,330000.0,447000.0,8.0,60.0
Terengganu,Kuala Nerus,2025Q4,detached,10.0,5120000.0,512000.0,500000.0,460000.0,537500.0,0.0,6.0
Terengganu,Kuala Nerus,2025Q4,low_cost_house,4.0,885000.0,221250.0,217500.0,203750.0,235000.0,4.0,4.0
Terengganu,Kuala Nerus,2025Q4,semi_detached,43.0,17149000.0,398813.95,390000.0,350000.0,420000.0,0.0,39.0
Terengganu,Kuala Nerus,2025Q4,terrace,12.0,4248000.0,354000.0,351000.0,291000.0,389250.0,4.0,11.0
Terengganu,Kuala Nerus,2026Q1,all,51.0,19107000.0,374647.06,360000.0,300000.0,428500.0,15.0,45.0
Terengganu,Kuala Nerus,2026Q1,detached,7.0,3400000.0,485714.29,530000.0,440000.0,555000.0,1.0,3.0
Terengganu,Kuala Nerus,2026Q1,low_cost_house,2.0,495000.0,247500.0,247500.0,246250.0,248750.0,2.0,2.0
Terengganu,Kuala Nerus,2026Q1,semi_detached,25.0,10239000.0,409560.0,400000.0,350000.0,445000.0,2.0,23.0
Terengganu,Kuala Nerus,2026Q1,terrace,17.0,4973000.0,292529.41,280000.0,250000.0,320000.0,10.0,17.0
Terengganu,Kuala Nerus,2026Q2,all,60.0,22239000.0,370650.0,375000.0,303000.0,421250.0,15.0,56.0
Terengganu,Kuala Nerus,2026Q2,detached,11.0,4515000.0,410454.55,400000.0,370000.0,465000.0,2.0,9.0
Terengganu,Kuala Nerus,2026Q2,low_cost_house,5.0,1136000.0,227200.0,206000.0,200000.0,250000.0,5.0,5.0
Terengganu,Kuala Nerus,2026Q2,semi_detached,30.0,12125000.0,404166.67,399000.0,371250.0,430000.0,1.0,29.0
Terengganu,Kuala Nerus,2026Q2,terrace,14.0,4463000.0,318785.71,289500.0,255000.0,341250.0,7.0,13.0
Terengganu,Kuala Terengganu,2024Q1,all,107.0,34391000.0,321411.21,350000.0,125000.0,430000.0,41.0,95.0
Terengganu,Kuala Terengganu,2024Q1,condo,17.0,4975000.0,292647.06,280000.0,232000.0,430000.0,10.0,17.0
Terengganu,Kuala Terengganu,2024Q1,detached,15.0,8295000.0,553000.0,450000.0,395000.0,600000.0,0.0,10.0
Terengganu,Kuala Terengganu,2024Q1,flat,6.0,410000.0,68333.33,40000.0,40000.0,100000.0,6.0,6.0
Terengganu,Kuala Terengganu,2024Q1,low_cost_flat,13.0,779000.0,59923.08,50000.0,33000.0,92000.0,13.0,13.0
Terengganu,Kuala Terengganu,2024Q1,low_cost_house,7.0,296000.0,42285.71,25000.0,25000.0,46500.0,7.0,7.0
Terengganu,Kuala Terengganu,2024Q1,semi_detached,38.0,15480000.0,407368.42,367500.0,350000.0,452500.0,2.0,32.0
Terengganu,Kuala Terengganu,2024Q1,terrace,11.0,4156000.0,377818.18,383000.0,290000.0,450000.0,3.0,10.0
Terengganu,Kuala Terengganu,2024Q2,all,89.0,27380000.0,307640.45,335000.0,180000.0,395000.0,40.0,78.0
Terengganu,Kuala Terengganu,2024Q2,condo,14.0,3182000.0,227285.71,237500.0,116250.0,295000.0,11.0,13.0
Terengganu,Kuala Terengganu,2024Q2,detached,9.0,4685000.0,520555.56,470000.0,460000.0,600000.0,0.0,6.0
Terengganu,Kuala Terengganu,2024Q2,flat,1.0,136000.0,136000.0,136000.0,136000.0,136000.0,1.0,1.0
Terengganu,Kuala Terengganu,2024Q2,low_cost_flat,11.0,669000.0,60818.18,53000.0,29000.0,77500.0,11.0,11.0
Terengganu,Kuala Terengganu,2024Q2,low_cost_house,5.0,487000.0,97400.0,68000.0,68000.0,145000.0,5.0,5.0
Terengganu,Kuala Terengganu,2024Q2,semi_detached,34.0,13783000.0,405382.35,372500.0,350000.0,415000.0,2.0,28.0
Terengganu,Kuala Terengganu,2024Q2,terrace,15.0,4438000.0,295866.67,260000.0,200000.0,356000.0,10.0,14.0
Terengganu,Kuala Terengganu,2024Q3,all,117.0,39351000.0,336333.33,355000.0,250000.0,413000.0,44.0,106.0
Terengganu,Kuala Terengganu,2024Q3,condo,11.0,2670000.0,242727.27,237000.0,158000.0,285000.0,8.0,11.0
Terengganu,Kuala Terengganu,2024Q3,detached,14.0,5623000.0,401642.86,400000.0,359500.0,432500.0,1.0,13.0
Terengganu,Kuala Terengganu,2024Q3,flat,3.0,237000.0,79000.0,57000.0,48500.0,98500.0,3.0,3.0
Terengganu,Kuala Terengganu,2024Q3,low_cost_flat,9.0,658000.0,73111.11,68000.0,40000.0,90000.0,9.0,9.0
Terengganu,Kuala Terengganu,2024Q3,low_cost_house,4.0,710000.0,177500.0,165000.0,150000.0,192500.0,4.0,4.0
Terengganu,Kuala Terengganu,2024Q3,semi_detached,46.0,19439000.0,422586.96,387500.0,356250.0,450000.0,4.0,39.0
Terengganu,Kuala Terengganu,2024Q3,terrace,30.0,10014000.0,333800.0,305000.0,252500.0,433250.0,15.0,27.0
Terengganu,Kuala Terengganu,2024Q4,all,76.0,26560000.0,349473.68,352500.0,275000.0,433250.0,24.0,66.0
Terengganu,Kuala Terengganu,2024Q4,condo,15.0,3265000.0,217666.67,225000.0,75000.0,330000.0,9.0,15.0
Terengganu,Kuala Terengganu,2024Q4,detached,13.0,6296000.0,484307.69,475000.0,430000.0,550000.0,0.0,9.0
Terengganu,Kuala Terengganu,2024Q4,flat,1.0,105000.0,105000.0,105000.0,105000.0,105000.0,1.0,1.0
Terengganu,Kuala Terengganu,2024Q4,low_cost_flat,3.0,254000.0,84666.67,82000.0,67000.0,101000.0,3.0,3.0
Terengganu,Kuala Terengganu,2024Q4,low_cost_house,2.0,430000.0,215000.0,215000.0,197500.0,232500.0,2.0,2.0
Terengganu,Kuala Terengganu,2024Q4,semi_detached,31.0,12277000.0,396032.26,375000.0,350000.0,422500.0,3.0,27.0
Terengganu,Kuala Terengganu,2024Q4,terrace,11.0,3933000.0,357545.45,283000.0,270000.0,340000.0,6.0,9.0
Terengganu,Kuala Terengganu,2025Q1,all,58.0,19912000.0,343310.34,362500.0,263750.0,412750.0,17.0,55.0
Terengganu,Kuala Terengganu,2025Q1,condo,2.0,738000.0,369000.0,369000.0,303500.0,434500.0,1.0,2.0
Terengganu,Kuala Terengganu,2025Q1,detached,8.0,3493000.0,436625.0,444000.0,395000.0,458750.0,0.0,7.0
Terengganu,Kuala Terengganu,2025Q1,flat,3.0,435000.0,145000.0,160000.0,117500.0,180000.0,3.0,3.0
Terengganu,Kuala Terengganu,2025Q1,low_cost_flat,4.0,289000.0,72250.0,60500.0,45750.0,87000.0,4.0,4.0
Terengganu,Kuala Terengganu,2025Q1,low_cost_house,1.0,88000.0,88000.0,88000.0,88000.0,88000.0,1.0,1.0
Terengganu,Kuala Terengganu,2025Q1,semi_detached,24.0,9291000.0,387125.0,372500.0,354500.0,400000.0,0.0,23.0
Terengganu,Kuala Terengganu,2025Q1,terrace,16.0,5578000.0,348625.0,301000.0,257500.0,421250.0,8.0,15.0
Terengganu,Kuala Terengganu,2025Q2,all,78.0,24974000.0,320179.49,360000.0,277500.0,400000.0,23.0,77.0
Terengganu,Kuala Terengganu,2025Q2,condo,4.0,745000.0,186250.0,229500.0,180250.0,235500.0,4.0,4.0
Terengganu,Kuala Terengganu,2025Q2,detached,12.0,4612000.0,384333.33,424000.0,382500.0,452500.0,3.0,12.0
Terengganu,Kuala Terengganu,2025Q2,low_cost_flat,2.0,100000.0,50000.0,50000.0,37500.0,62500.0,2.0,2.0
Terengganu,Kuala Terengganu,2025Q2,low_cost_house,9.0,752000.0,83555.56,68000.0,68000.0,68000.0,9.0,9.0
Terengganu,Kuala Terengganu,2025Q2,semi_detached,39.0,14715000.0,377307.69,375000.0,345000.0,397500.0,2.0,38.0
Terengganu,Kuala Terengganu,2025Q2,terrace,12.0,4050000.0,337500.0,320000.0,307500.0,405000.0,3.0,12.0
Terengganu,Kuala Terengganu,2025Q3,all,67.0,23770000.0,354776.12,350000.0,320000.0,430000.0,16.0,65.0
Terengganu,Kuala Terengganu,2025Q3,condo,6.0,1862000.0,310333.33,295000.0,256250.0,300000.0,5.0,6.0
Terengganu,Kuala Terengganu,2025Q3,detached,11.0,4978000.0,452545.45,470000.0,415000.0,496500.0,0.0,10.0
Terengganu,Kuala Terengganu,2025Q3,low_cost_flat,3.0,201000.0,67000.0,78000.0,59000.0,80500.0,3.0,3.0
Terengganu,Kuala Terengganu,2025Q3,low_cost_house,4.0,650000.0,162500.0,195000.0,150000.0,207500.0,4.0,4.0
Terengganu,Kuala Terengganu,2025Q3,semi_detached,35.0,13409000.0,383114.29,360000.0,349000.0,415000.0,1.0,34.0
Terengganu,Kuala Terengganu,2025Q3,terrace,8.0,2670000.0,333750.0,335000.0,255000.0,432500.0,3.0,8.0
Terengganu,Kuala Terengganu,2025Q4,all,58.0,21254000.0,366448.28,370000.0,307500.0,437500.0,15.0,53.0
Terengganu,Kuala Terengganu,2025Q4,condo,6.0,1945000.0,324166.67,290000.0,236250.0,407500.0,3.0,6.0
Terengganu,Kuala Terengganu,2025Q4,detached,10.0,4820000.0,482000.0,477500.0,461250.0,532500.0,1.0,7.0
Terengganu,Kuala Terengganu,2025Q4,flat,1.0,160000.0,160000.0,160000.0,160000.0,160000.0,1.0,1.0
Terengganu,Kuala Terengganu,2025Q4,low_cost_flat,2.0,230000.0,115000.0,115000.0,112500.0,117500.0,2.0,2.0
Terengganu,Kuala Terengganu,2025Q4,low_cost_house,3.0,670000.0,223333.33,200000.0,160000.0,275000.0,2.0,3.0
Terengganu,Kuala Terengganu,2025Q4,semi_detached,26.0,10226000.0,393307.69,372500.0,351250.0,417500.0,1.0,24.0
Terengganu,Kuala Terengganu,2025Q4,terrace,10.0,3203000.0,320300.0,305000.0,257500.0,392500.0,5.0,10.0
Terengganu,Kuala Terengganu,2026Q1,all,47.0,15078000.0,320808.51,340000.0,216000.0,410000.0,19.0,42.0
Terengganu,Kuala Terengganu,2026Q1,condo,4.0,642000.0,160500.0,153500.0,75000.0,239000.0,4.0,4.0
Terengganu,Kuala Terengganu,2026Q1,detached,5.0,2485000.0,497000.0,500000.0,390000.0,520000.0,0.0,3.0
Terengganu,Kuala Terengganu,2026Q1,flat,3.0,380000.0,126666.67,140000.0,110000.0,150000.0,3.0,3.0
Terengganu,Kuala Terengganu,2026Q1,low_cost_flat,4.0,334000.0,83500.0,84500.0,76750.0,91250.0,4.0,4.0
Terengganu,Kuala Terengganu,2026Q1,low_cost_house,3.0,630000.0,210000.0,200000.0,190000.0,225000.0,3.0,3.0
Terengganu,Kuala Terengganu,2026Q1,semi_detached,20.0,8227000.0,411350.0,395000.0,350000.0,452500.0,0.0,17.0
Terengganu,Kuala Terengganu,2026Q1,terrace,8.0,2380000.0,297500.0,295000.0,272500.0,320000.0,5.0,8.0
Terengganu,Kuala Terengganu,2026Q2,all,71.0,26248000.0,369690.14,372000.0,320000.0,435000.0,16.0,65.0
Terengganu,Kuala Terengganu,2026Q2,condo,5.0,835000.0,167000.0,80000.0,80000.0,280000.0,4.0,5.0
Terengganu,Kuala Terengganu,2026Q2,detached,9.0,4444000.0,493777.78,475000.0,450000.0,550000.0,0.0,6.0
Terengganu,Kuala Terengganu,2026Q2,flat,3.0,360000.0,120000.0,115000.0,92500.0,145000.0,3.0,3.0
Terengganu,Kuala Terengganu,2026Q2,low_cost_flat,3.0,317000.0,105666.67,120000.0,93500.0,125000.0,3.0,3.0
Terengganu,Kuala Terengganu,2026Q2,low_cost_house,2.0,423000.0,211500.0,211500.0,167250.0,255750.0,2.0,2.0
Terengganu,Kuala Terengganu,2026Q2,semi_detached,42.0,17114000.0,407476.19,391500.0,360000.0,428750.0,1.0,40.0
Terengganu,Kuala Terengganu,2026Q2,terrace,7.0,2755000.0,393571.43,305000.0,295000.0,400000.0,3.0,6.0
Terengganu,Marang,2024Q1,all,121.0,31891000.0,263561.98,285000.0,140000.0,360000.0,65.0,119.0
Terengganu,Marang,2024Q1,cluster,1.0,93000.0,93000.0,93000.0,93000.0,93000.0,1.0,1.0
Terengganu,Marang,2024Q1,detached,21.0,9273000.0,441571.43,450000.0,390000.0,490000.0,1.0,19.0
Terengganu,Marang,2024Q1,low_cost_house,32.0,2012000.0,62875.0,44000.0,40000.0,55500.0,32.0,32.0
Terengganu,Marang,2024Q1,semi_detached,37.0,12845000.0,347162.16,350000.0,338000.0,365000.0,5.0,37.0
Terengganu,Marang,2024Q1,terrace,30.0,7668000.0,255600.0,253000.0,231250.0,273000.0,26.0,30.0
Terengganu,Marang,2024Q2,all,80.0,24937000.0,311712.5,340000.0,255000.0,375000.0,31.0,79.0
Terengganu,Marang,2024Q2,detached,13.0,5488000.0,422153.85,400000.0,398000.0,480000.0,1.0,12.0
Terengganu,Marang,2024Q2,low_cost_house,11.0,1283000.0,116636.36,54000.0,40000.0,190000.0,11.0,11.0
Terengganu,Marang,2024Q2,semi_detached,39.0,13872000.0,355692.31,350000.0,332500.0,372500.0,3.0,39.0
Terengganu,Marang,2024Q2,terrace,17.0,4294000.0,252588.24,255000.0,240000.0,269000.0,16.0,17.0
Terengganu,Marang,2024Q3,all,89.0,28430000.0,319438.2,335000.0,269000.0,380000.0,28.0,88.0
Terengganu,Marang,2024Q3,detached,15.0,5817000.0,387800.0,400000.0,365000.0,452500.0,2.0,14.0
Terengganu,Marang,2024Q3,low_cost_house,5.0,550000.0,110000.0,110000.0,90000.0,120000.0,5.0,5.0
Terengganu,Marang,2024Q3,semi_detached,46.0,16232000.0,352869.57,350000.0,323500.0,380000.0,3.0,46.0
Terengganu,Marang,2024Q3,terrace,23.0,5831000.0,253521.74,260000.0,249000.0,283000.0,18.0,23.0
Terengganu,Marang,2024Q4,all,68.0,22772000.0,334882.35,354000.0,313750.0,380000.0,16.0,66.0
Terengganu,Marang,2024Q4,detached,10.0,4691000.0,469100.0,460000.0,420000.0,500000.0,0.0,8.0
Terengganu,Marang,2024Q4,low_cost_house,7.0,737000.0,105285.71,77000.0,40000.0,170000.0,7.0,7.0
Terengganu,Marang,2024Q4,semi_detached,39.0,14110000.0,361794.87,370000.0,350000.0,375000.0,0.0,39.0
Terengganu,Marang,2024Q4,terrace,12.0,3234000.0,269500.0,255500.0,237500.0,289500.0,9.0,12.0
Terengganu,Marang,2025Q1,all,56.0,19346000.0,345464.29,350000.0,300000.0,381750.0,15.0,54.0
Terengganu,Marang,2025Q1,detached,9.0,3967000.0,440777.78,470000.0,387000.0,490000.0,1.0,7.0
Terengganu,Marang,2025Q1,low_cost_house,3.0,520000.0,173333.33,180000.0,165000.0,185000.0,3.0,3.0
Terengganu,Marang,2025Q1,semi_detached,35.0,12588000.0,359657.14,350000.0,335000.0,380000.0,4.0,35.0
Terengganu,Marang,2025Q1,terrace,9.0,2271000.0,252333.33,255000.0,186000.0,285000.0,7.0,9.0
Terengganu,Marang,2025Q2,all,58.0,19399000.0,334465.52,340000.0,299250.0,387500.0,16.0,57.0
Terengganu,Marang,2025Q2,cluster,1.0,110000.0,110000.0,110000.0,110000.0,110000.0,1.0,1.0
Terengganu,Marang,2025Q2,detached,9.0,3580000.0,397777.78,450000.0,370000.0,480000.0,1.0,8.0
Terengganu,Marang,2025Q2,low_cost_house,3.0,430000.0,143333.33,135000.0,132500.0,150000.0,3.0,3.0
Terengganu,Marang,2025Q2,semi_detached,37.0,13157000.0,355594.59,350000.0,335000.0,390000.0,3.0,37.0
Terengganu,Marang,2025Q2,terrace,8.0,2122000.0,265250.0,262500.0,252500.0,273500.0,8.0,8.0
Terengganu,Marang,2025Q3,all,75.0,24374000.0,324986.67,350000.0,275000.0,400000.0,24.0,75.0
Terengganu,Marang,2025Q3,detached,13.0,5301000.0,407769.23,400000.0,380000.0,448000.0,0.0,13.0
Terengganu,Marang,2025Q3,low_cost_house,5.0,545000.0,109000.0,100000.0,40000.0,150000.0,5.0,5.0
Terengganu,Marang,2025Q3,semi_detached,39.0,14214000.0,364461.54,360000.0,335000.0,400000.0,2.0,39.0
Terengganu,Marang,2025Q3,terrace,18.0,4314000.0,239666.67,247500.0,183500.0,267000.0,17.0,18.0
Terengganu,Marang,2025Q4,all,55.0,19277000.0,350490.91,350000.0,315000.0,400000.0,11.0,54.0
Terengganu,Marang,2025Q4,detached,9.0,4062000.0,451333.33,440000.0,395000.0,455000.0,0.0,8.0
Terengganu,Marang,2025Q4,low_cost_house,1.0,170000.0,170000.0,170000.0,170000.0,170000.0,1.0,1.0
Terengganu,Marang,2025Q4,semi_detached,37.0,13031000.0,352189.19,350000.0,330000.0,375000.0,4.0,37.0
Terengganu,Marang,2025Q4,terrace,8.0,2014000.0,251750.0,255000.0,186000.0,291500.0,6.0,8.0
Terengganu,Marang,2026Q1,all,38.0,13450000.0,353947.37,371000.0,330000.0,417500.0,9.0,36.0
Terengganu,Marang,2026Q1,detached,5.0,2520000.0,504000.0,490000.0,490000.0,520000.0,0.0,3.0
Terengganu,Marang,2026Q1,low_cost_house,5.0,802000.0,160400.0,160000.0,157000.0,160000.0,5.0,5.0
Terengganu,Marang,2026Q1,semi_detached,26.0,9655000.0,371346.15,378500.0,348500.0,397500.0,2.0,26.0
Terengganu,Marang,2026Q1,terrace,2.0,473000.0,236500.0,236500.0,207250.0,265750.0,2.0,2.0
Terengganu,Marang,2026Q2,all,59.0,18760000.0,317966.1,335000.0,258000.0,370000.0,24.0,59.0
Terengganu,Marang,2026Q2,detached,9.0,3468000.0,385333.33,380000.0,350000.0,490000.0,2.0,9.0
Terengganu,Marang,2026Q2,low_cost_house,5.0,634000.0,126800.0,170000.0,59000.0,180000.0,5.0,5.0
Terengganu,Marang,2026Q2,semi_detached,29.0,10548000.0,363724.14,359000.0,335000.0,400000.0,2.0,29.0
Terengganu,Marang,2026Q2,terrace,16.0,4110000.0,256875.0,256000.0,231000.0,286250.0,15.0,16.0
Terengganu,Setiu,2024Q1,all,14.0,2943000.0,210214.29,278500.0,68000.0,311250.0,10.0,14.0
Terengganu,Setiu,2024Q1,detached,4.0,1154000.0,288500.0,339500.0,230500.0,397500.0,2.0,4.0
Terengganu,Setiu,2024Q1,low_cost_house,5.0,296000.0,59200.0,68000.0,30000.0,68000.0,5.0,5.0
Terengganu,Setiu,2024Q1,semi_detached,5.0,1493000.0,298600.0,300000.0,300000.0,315000.0,3.0,5.0
Terengganu,Setiu,2024Q2,all,12.0,2938000.0,244833.33,290000.0,165000.0,322500.0,7.0,12.0
Terengganu,Setiu,2024Q2,detached,4.0,1040000.0,260000.0,270000.0,165000.0,365000.0,2.0,4.0
Terengganu,Setiu,2024Q2,low_cost_house,2.0,93000.0,46500.0,46500.0,35750.0,57250.0,2.0,2.0
Terengganu,Setiu,2024Q2,semi_detached,3.0,925000.0,308333.33,315000.0,302500.0,317500.0,1.0,3.0
Terengganu,Setiu,2024Q2,terrace,3.0,880000.0,293333.33,290000.0,275000.0,310000.0,2.0,3.0
Terengganu,Setiu,2024Q3,all,14.0,2963000.0,211642.86,219000.0,100000.0,307500.0,10.0,14.0
Terengganu,Setiu,2024Q3,detached,5.0,1440000.0,288000.0,320000.0,160000.0,410000.0,2.0,5.0
Terengganu,Setiu,2024Q3,low_cost_house,5.0,410000.0,82000.0,80000.0,25000.0,100000.0,5.0,5.0
Terengganu,Setiu,2024Q3,semi_detached,4.0,1113000.0,278250.0,267500.0,263250.0,282500.0,3.0,4.0
Terengganu,Setiu,2024Q4,all,6.0,1910000.0,318333.33,315000.0,300000.0,345000.0,3.0,6.0
Terengganu,Setiu,2024Q4,detached,2.0,580000.0,290000.0,290000.0,285000.0,295000.0,2.0,2.0
Terengganu,Setiu,2024Q4,semi_detached,4.0,1330000.0,332500.0,340000.0,322500.0,350000.0,1.0,4.0
Terengganu,Setiu,2025Q1,all,2.0,480000.0,240000.0,240000.0,160000.0,320000.0,1.0,2.0
Terengganu,Setiu,2025Q1,detached,1.0,400000.0,400000.0,400000.0,400000.0,400000.0,0.0,1.0
Terengganu,Setiu,2025Q1,low_cost_house,1.0,80000.0,80000.0,80000.0,80000.0,80000.0,1.0,1.0
Terengganu,Setiu,2025Q2,all,4.0,660000.0,165000.0,145000.0,97500.0,212500.0,3.0,4.0
Terengganu,Setiu,2025Q2,detached,2.0,290000.0,145000.0,145000.0,132500.0,157500.0,2.0,2.0
Terengganu,Setiu,2025Q2,low_cost_house,1.0,30000.0,30000.0,30000.0,30000.0,30000.0,1.0,1.0
Terengganu,Setiu,2025Q2,semi_detached,1.0,340000.0,340000.0,340000.0,340000.0,340000.0,0.0,1.0
Terengganu,Setiu,2025Q3,all,4.0,1105000.0,276250.0,335000.0,256250.0,355000.0,1.0,4.0
Terengganu,Setiu,2025Q3,detached,2.0,435000.0,217500.0,217500.0,141250.0,293750.0,1.0,2.0
Terengganu,Setiu,2025Q3,semi_detached,2.0,670000.0,335000.0,335000.0,327500.0,342500.0,0.0,2.0
Terengganu,Setiu,2025Q4,all,7.0,2128000.0,304000.0,358000.0,247500.0,375000.0,2.0,7.0
Terengganu,Setiu,2025Q4,detached,5.0,1643000.0,328600.0,358000.0,350000.0,390000.0,1.0,5.0
Terengganu,Setiu,2025Q4,low_cost_house,1.0,125000.0,125000.0,125000.0,125000.0,125000.0,1.0,1.0
Terengganu,Setiu,2025Q4,semi_detached,1.0,360000.0,360000.0,360000.0,360000.0,360000.0,0.0,1.0
Terengganu,Setiu,2026Q1,all,4.0,1085000.0,271250.0,285000.0,197500.0,358750.0,2.0,4.0
Terengganu,Setiu,2026Q1,detached,2.0,570000.0,285000.0,285000.0,252500.0,317500.0,1.0,2.0
Terengganu,Setiu,2026Q1,low_cost_house,1.0,130000.0,130000.0,130000.0,130000.0,130000.0,1.0,1.0
Terengganu,Setiu,2026Q1,semi_detached,1.0,385000.0,385000.0,385000.0,385000.0,385000.0,0.0,1.0
Terengganu,Setiu,2026Q2,all,11.0,2845000.0,258636.36,290000.0,165000.0,390000.0,7.0,11.0
Terengganu,Setiu,2026Q2,detached,5.0,1145000.0,229000.0,180000.0,35000.0,450000.0,3.0,5.0
Terengganu,Setiu,2026Q2,low_cost_house,2.0,330000.0,165000.0,165000.0,157500.0,172500.0,2.0,2.0
Terengganu,Setiu,2026Q2,semi_detached,4.0,1370000.0,342500.0,340000.0,297500.0,385000.0,2.0,4.0
W.P. Kuala Lumpur,Kuala Lumpur,2024Q1,all,1489.0,1425749000.0,957521.16,540000.0,320000.0,1000000.0,349.0,712.0
W.P. Kuala Lumpur,Kuala Lumpur,2024Q1,cluster,11.0,3030000.0,275454.55,280000.0,245000.0,302500.0,8.0,11.0
W.P. Kuala Lumpur,Kuala Lumpur,2024Q1,condo,829.0,727355000.0,877388.42,545000.0,400000.0,925000.0,85.0,382.0
W.P. Kuala Lumpur,Kuala Lumpur,2024Q1,detached,38.0,153299000.0,4034184.21,2880000.0,1500000.0,6675000.0,0.0,1.0
W.P. Kuala Lumpur,Kuala Lumpur,2024Q1,flat,128.0,34786000.0,271765.62,250000.0,206750.0,300000.0,99.0,121.0
W.P. Kuala Lumpur,Kuala Lumpur,2024Q1,low_cost_flat,156.0,31316000.0,200743.59,200000.0,170000.0,230000.0,155.0,156.0
W.P. Kuala Lumpur,Kuala Lumpur,2024Q1,low_cost_house,9.0,3322000.0,369111.11,355000.0,320000.0,377000.0,1.0,8.0
W.P. Kuala Lumpur,Kuala Lumpur,2024Q1,semi_detached,44.0,136451000.0,3101159.09,2960000.0,2500000.0,3555000.0,0.0,1.0
W.P. Kuala Lumpur,Kuala Lumpur,2024Q1,terrace,256.0,300896000.0,1175375.0,895000.0,639750.0,1500000.0,1.0,31.0
W.P. Kuala Lumpur,Kuala Lumpur,2024Q1,townhouse,18.0,35294000.0,1960777.78,1104000.0,722500.0,1467000.0,0.0,1.0
W.P. Kuala Lumpur,Kuala Lumpur,2024Q2,all,1785.0,1785017000.0,1000009.52,590000.0,350000.0,1180000.0,362.0,784.0
W.P. Kuala Lumpur,Kuala Lumpur,2024Q2,cluster,12.0,3390000.0,282500.0,295000.0,247500.0,315000.0,8.0,12.0
W.P. Kuala Lumpur,Kuala Lumpur,2024Q2,condo,1025.0,1001130000.0,976712.2,580000.0,411000.0,1109000.0,89.0,439.0
W.P. Kuala Lumpur,Kuala Lumpur,2024Q2,detached,40.0,186271000.0,4656775.0,2950000.0,1487500.0,5850000.0,0.0,0.0
W.P. Kuala Lumpur,Kuala Lumpur,2024Q2,flat,172.0,47420000.0,275697.67,250000.0,195000.0,300000.0,130.0,159.0
W.P. Kuala Lumpur,Kuala Lumpur,2024Q2,low_cost_flat,139.0,29729000.0,213877.7,210000.0,177500.0,250000.0,135.0,139.0
W.P. Kuala Lumpur,Kuala Lumpur,2024Q2,low_cost_house,6.0,2297000.0,382833.33,383500.0,358000.0,396250.0,0.0,6.0
W.P. Kuala Lumpur,Kuala Lumpur,2024Q2,semi_detached,38.0,102326000.0,2692789.47,2500000.0,1837500.0,3436500.0,0.0,0.0
W.P. Kuala Lumpur,Kuala Lumpur,2024Q2,terrace,335.0,398446000.0,1189391.04,950000.0,700000.0,1439000.0,0.0,25.0
W.P. Kuala Lumpur,Kuala Lumpur,2024Q2,townhouse,18.0,14008000.0,778222.22,631500.0,522500.0,995000.0,0.0,4.0
W.P. Kuala Lumpur,Kuala Lumpur,2024Q3,all,1903.0,1921029000.0,1009473.99,560000.0,348500.0,1077500.0,385.0,876.0
W.P. Kuala Lumpur,Kuala Lumpur,2024Q3,cluster,11.0,3425000.0,311363.64,300000.0,282500.0,330000.0,6.0,11.0
W.P. Kuala Lumpur,Kuala Lumpur,2024Q3,condo,1041.0,975833000.0,937399.62,560000.0,400000.0,1000000.0,82.0,462.0
W.P. Kuala Lumpur,Kuala Lumpur,2024Q3,detached,53.0,249867000.0,4714471.7,4000000.0,1750000.0,6600000.0,0.0,3.0
W.P. Kuala Lumpur,Kuala Lumpur,2024Q3,flat,152.0,39151000.0,257572.37,250000.0,200000.0,290000.0,121.0,146.0
W.P. Kuala Lumpur,Kuala Lumpur,2024Q3,low_cost_flat,184.0,38418000.0,208793.48,200000.0,175000.0,240000.0,174.0,184.0
W.P. Kuala Lumpur,Kuala Lumpur,2024Q3,low_cost_house,14.0,5920000.0,422857.14,402500.0,355000.0,470000.0,1.0,13.0
W.P. Kuala Lumpur,Kuala Lumpur,2024Q3,semi_detached,58.0,170633000.0,2941948.28,3030000.0,2087500.0,3800000.0,0.0,1.0
W.P. Kuala Lumpur,Kuala Lumpur,2024Q3,terrace,371.0,414392000.0,1116959.57,820000.0,616000.0,1300000.0,1.0,49.0
W.P. Kuala Lumpur,Kuala Lumpur,2024Q3,townhouse,19.0,23390000.0,1231052.63,720000.0,440000.0,1327500.0,0.0,7.0
W.P. Kuala Lumpur,Kuala Lumpur,2024Q4,all,555.0,603190000.0,1086828.83,600000.0,358000.0,1200000.0,108.0,232.0
W.P. Kuala Lumpur,Kuala Lumpur,2024Q4,cluster,5.0,1560000.0,312000.0,280000.0,280000.0,350000.0,3.0,5.0
W.P. Kuala Lumpur,Kuala Lumpur,2024Q4,condo,268.0,256239000.0,956115.67,577500.0,390000.0,1076750.0,28.0,115.0
W.P. Kuala Lumpur,Kuala Lumpur,2024Q4,detached,22.0,105340000.0,4788181.82,3200000.0,615000.0,5912500.0,0.0,3.0
W.P. Kuala Lumpur,Kuala Lumpur,2024Q4,flat,50.0,14244000.0,284880.0,250000.0,200000.0,315000.0,37.0,46.0
W.P. Kuala Lumpur,Kuala Lumpur,2024Q4,low_cost_flat,40.0,8169000.0,204225.0,200000.0,170000.0,235000.0,39.0,40.0
W.P. Kuala Lumpur,Kuala Lumpur,2024Q4,low_cost_house,2.0,738000.0,369000.0,369000.0,334500.0,403500.0,1.0,2.0
W.P. Kuala Lumpur,Kuala Lumpur,2024Q4,semi_detached,16.0,56208000.0,3513000.0,2975000.0,2191000.0,4587500.0,0.0,0.0
W.P. Kuala Lumpur,Kuala Lumpur,2024Q4,terrace,142.0,151705000.0,1068345.07,885000.0,631750.0,1350000.0,0.0,18.0
W.P. Kuala Lumpur,Kuala Lumpur,2024Q4,townhouse,10.0,8987000.0,898700.0,800000.0,530000.0,1247750.0,0.0,3.0
W.P. Kuala Lumpur,Kuala Lumpur,2025Q1,all,468.0,434054000.0,927465.81,562500.0,344250.0,1050000.0,91.0,212.0
W.P. Kuala Lumpur,Kuala Lumpur,2025Q1,cluster,3.0,870000.0,290000.0,270000.0,235000.0,335000.0,2.0,3.0
W.P. Kuala Lumpur,Kuala Lumpur,2025Q1,condo,257.0,227070000.0,883540.86,550000.0,380000.0,1000000.0,20.0,118.0
W.P. Kuala Lumpur,Kuala Lumpur,2025Q1,detached,9.0,35202000.0,3911333.33,4100000.0,1150000.0,5950000.0,0.0,1.0
W.P. Kuala Lumpur,Kuala Lumpur,2025Q1,flat,33.0,8159000.0,247242.42,230000.0,200000.0,300000.0,26.0,33.0
W.P. Kuala Lumpur,Kuala Lumpur,2025Q1,low_cost_flat,44.0,9282000.0,210954.55,212500.0,169250.0,241250.0,43.0,44.0
W.P. Kuala Lumpur,Kuala Lumpur,2025Q1,low_cost_house,4.0,1903000.0,475750.0,461500.0,375000.0,562250.0,0.0,2.0
W.P. Kuala Lumpur,Kuala Lumpur,2025Q1,semi_detached,10.0,26000000.0,2600000.0,2375000.0,2225000.0,3100000.0,0.0,0.0
W.P. Kuala Lumpur,Kuala Lumpur,2025Q1,terrace,102.0,120250000.0,1178921.57,890000.0,665000.0,1437500.0,0.0,10.0
W.P. Kuala Lumpur,Kuala Lumpur,2025Q1,townhouse,6.0,5318000.0,886333.33,812500.0,686000.0,1068750.0,0.0,1.0
W.P. Kuala Lumpur,Kuala Lumpur,2025Q2,all,599.0,615938000.0,1028277.13,560000.0,332500.0,1167500.0,127.0,276.0
W.P. Kuala Lumpur,Kuala Lumpur,2025Q2,cluster,4.0,6750000.0,1687500.0,1355000.0,295000.0,2747500.0,1.0,2.0
W.P. Kuala Lumpur,Kuala Lumpur,2025Q2,condo,334.0,313199000.0,937721.56,517500.0,360000.0,1100000.0,43.0,165.0
W.P. Kuala Lumpur,Kuala Lumpur,2025Q2,detached,14.0,75175000.0,5369642.86,3802000.0,1234500.0,6392500.0,0.0,1.0
W.P. Kuala Lumpur,Kuala Lumpur,2025Q2,flat,42.0,9655000.0,229880.95,229000.0,160500.0,277500.0,35.0,42.0
W.P. Kuala Lumpur,Kuala Lumpur,2025Q2,low_cost_flat,48.0,9173000.0,191104.17,194500.0,157500.0,232500.0,48.0,48.0
W.P. Kuala Lumpur,Kuala Lumpur,2025Q2,low_cost_house,9.0,3943000.0,438111.11,405000.0,400000.0,440000.0,0.0,7.0
W.P. Kuala Lumpur,Kuala Lumpur,2025Q2,semi_detached,11.0,29553000.0,2686636.36,2700000.0,1975000.0,3425000.0,0.0,0.0
W.P. Kuala Lumpur,Kuala Lumpur,2025Q2,terrace,131.0,161854000.0,1235526.72,870000.0,650000.0,1395000.0,0.0,10.0
W.P. Kuala Lumpur,Kuala Lumpur,2025Q2,townhouse,6.0,6636000.0,1106000.0,1094000.0,627000.0,1397500.0,0.0,1.0
W.P. Kuala Lumpur,Kuala Lumpur,2025Q3,all,657.0,679754000.0,1034633.18,600000.0,350000.0,1100000.0,137.0,282.0
W.P. Kuala Lumpur,Kuala Lumpur,2025Q3,cluster,2.0,4250000.0,2125000.0,2125000.0,1212500.0,3037500.0,1.0,1.0
W.P. Kuala Lumpur,Kuala Lumpur,2025Q3,condo,365.0,354615000.0,971547.95,585000.0,390000.0,1050000.0,46.0,158.0
W.P. Kuala Lumpur,Kuala Lumpur,2025Q3,detached,22.0,101282000.0,4603727.27,4294500.0,2135750.0,6000000.0,0.0,1.0
W.P. Kuala Lumpur,Kuala Lumpur,2025Q3,flat,55.0,14443000.0,262600.0,250000.0,220000.0,300000.0,42.0,54.0
W.P. Kuala Lumpur,Kuala Lumpur,2025Q3,low_cost_flat,48.0,9781000.0,203770.83,200000.0,173750.0,230000.0,47.0,48.0
W.P. Kuala Lumpur,Kuala Lumpur,2025Q3,low_cost_house,4.0,1565000.0,391250.0,387500.0,363750.0,415000.0,0.0,4.0
W.P. Kuala Lumpur,Kuala Lumpur,2025Q3,semi_detached,15.0,34095000.0,2273000.0,2400000.0,1825000.0,2575000.0,0.0,0.0
W.P. Kuala Lumpur,Kuala Lumpur,2025Q3,terrace,138.0,151194000.0,1095608.7,780000.0,630000.0,1197500.0,0.0,14.0
W.P. Kuala Lumpur,Kuala Lumpur,2025Q3,townhouse,8.0,8529000.0,1066125.0,790000.0,587250.0,1325000.0,1.0,2.0
W.P. Kuala Lumpur,Kuala Lumpur,2025Q4,all,899.0,1449135000.0,1611941.05,1000000.0,450000.0,2000000.0,115.0,270.0
W.P. Kuala Lumpur,Kuala Lumpur,2025Q4,cluster,5.0,5180000.0,1036000.0,400000.0,300000.0,480000.0,2.0,4.0
W.P. Kuala Lumpur,Kuala Lumpur,2025Q4,condo,573.0,907364000.0,1583532.29,1150000.0,500000.0,2100000.0,33.0,151.0
W.P. Kuala Lumpur,Kuala Lumpur,2025Q4,detached,43.0,252471000.0,5871418.6,5800000.0,3197000.0,8385000.0,0.0,4.0
W.P. Kuala Lumpur,Kuala Lumpur,2025Q4,flat,45.0,11785000.0,261888.89,250000.0,206000.0,320000.0,32.0,44.0
W.P. Kuala Lumpur,Kuala Lumpur,2025Q4,low_cost_flat,52.0,10980000.0,211153.85,205000.0,173750.0,242250.0,48.0,52.0
W.P. Kuala Lumpur,Kuala Lumpur,2025Q4,low_cost_house,1.0,380000.0,380000.0,380000.0,380000.0,380000.0,0.0,1.0
W.P. Kuala Lumpur,Kuala Lumpur,2025Q4,semi_detached,20.0,62395000.0,3119750.0,3150000.0,2362500.0,4000000.0,0.0,0.0
W.P. Kuala Lumpur,Kuala Lumpur,2025Q4,terrace,153.0,193030000.0,1261633.99,890000.0,650000.0,1400000.0,0.0,11.0
W.P. Kuala Lumpur,Kuala Lumpur,2025Q4,townhouse,7.0,5550000.0,792857.14,660000.0,375000.0,1140000.0,0.0,3.0
W.P. Kuala Lumpur,Kuala Lumpur,2026Q1,all,387.0,420554000.0,1086702.84,640000.0,347500.0,1120000.0,77.0,166.0
W.P. Kuala Lumpur,Kuala Lumpur,2026Q1,cluster,2.0,550000.0,275000.0,275000.0,262500.0,287500.0,2.0,2.0
W.P. Kuala Lumpur,Kuala Lumpur,2026Q1,condo,206.0,187036000.0,907941.75,545000.0,381250.0,1000000.0,29.0,98.0
W.P. Kuala Lumpur,Kuala Lumpur,2026Q1,detached,17.0,85203000.0,5011941.18,5100000.0,2500000.0,8380000.0,0.0,1.0
W.P. Kuala Lumpur,Kuala Lumpur,2026Q1,flat,30.0,9536000.0,317866.67,300000.0,223500.0,343750.0,16.0,28.0
W.P. Kuala Lumpur,Kuala Lumpur,2026Q1,low_cost_flat,31.0,6106000.0,196967.74,200000.0,174000.0,220000.0,30.0,31.0
W.P. Kuala Lumpur,Kuala Lumpur,2026Q1,low_cost_house,2.0,930000.0,465000.0,465000.0,457500.0,472500.0,0.0,2.0
W.P. Kuala Lumpur,Kuala Lumpur,2026Q1,semi_detached,12.0,36500000.0,3041666.67,2445000.0,2207500.0,3372500.0,0.0,0.0
W.P. Kuala Lumpur,Kuala Lumpur,2026Q1,terrace,85.0,93243000.0,1096976.47,850000.0,760000.0,1200000.0,0.0,3.0
W.P. Kuala Lumpur,Kuala Lumpur,2026Q1,townhouse,2.0,1450000.0,725000.0,725000.0,587500.0,862500.0,0.0,1.0
W.P. Kuala Lumpur,Kuala Lumpur,2026Q2,all,550.0,595733000.0,1083150.91,610000.0,350000.0,1237500.0,110.0,232.0
W.P. Kuala Lumpur,Kuala Lumpur,2026Q2,cluster,4.0,2010000.0,502500.0,315000.0,287500.0,530000.0,2.0,3.0
W.P. Kuala Lumpur,Kuala Lumpur,2026Q2,condo,313.0,323424000.0,1033303.51,600000.0,400000.0,1200000.0,39.0,130.0
W.P. Kuala Lumpur,Kuala Lumpur,2026Q2,detached,20.0,87590000.0,4379500.0,4210000.0,2396500.0,5325000.0,0.0,0.0
W.P. Kuala Lumpur,Kuala Lumpur,2026Q2,flat,36.0,10000000.0,277777.78,255000.0,207500.0,321250.0,26.0,35.0
W.P. Kuala Lumpur,Kuala Lumpur,2026Q2,low_cost_flat,44.0,8629000.0,196113.64,195000.0,155000.0,250000.0,42.0,44.0
W.P. Kuala Lumpur,Kuala Lumpur,2026Q2,low_cost_house,4.0,1720000.0,430000.0,410000.0,370000.0,470000.0,1.0,3.0
W.P. Kuala Lumpur,Kuala Lumpur,2026Q2,semi_detached,13.0,36612000.0,2816307.69,3100000.0,2050000.0,3300000.0,0.0,1.0
W.P. Kuala Lumpur,Kuala Lumpur,2026Q2,terrace,111.0,118730000.0,1069639.64,860000.0,630000.0,1265000.0,0.0,16.0
W.P. Kuala Lumpur,Kuala Lumpur,2026Q2,townhouse,5.0,7018000.0,1403600.0,1400000.0,1350000.0,1450000.0,0.0,0.0
W.P. Labuan,Labuan,2024Q1,all,23.0,9574000.0,416260.87,400000.0,300000.0,581500.0,6.0,16.0
W.P. Labuan,Labuan,2024Q1,condo,2.0,400000.0,200000.0,200000.0,165000.0,235000.0,2.0,2.0
W.P. Labuan,Labuan,2024Q1,detached,3.0,1580000.0,526666.67,400000.0,365000.0,625000.0,0.0,2.0
W.P. Labuan,Labuan,2024Q1,flat,4.0,1228000.0,307000.0,265000.0,173750.0,398250.0,2.0,3.0
W.P. Labuan,Labuan,2024Q1,low_cost_flat,2.0,203000.0,101500.0,101500.0,99750.0,103250.0,2.0,2.0
W.P. Labuan,Labuan,2024Q1,low_cost_house,2.0,680000.0,340000.0,340000.0,335000.0,345000.0,0.0,2.0
W.P. Labuan,Labuan,2024Q1,semi_detached,2.0,1350000.0,675000.0,675000.0,662500.0,687500.0,0.0,0.0
W.P. Labuan,Labuan,2024Q1,terrace,8.0,4133000.0,516625.0,480000.0,443750.0,622000.0,0.0,5.0
W.P. Labuan,Labuan,2024Q2,all,21.0,11014000.0,524476.19,485000.0,280000.0,680000.0,6.0,11.0
W.P. Labuan,Labuan,2024Q2,condo,2.0,540000.0,270000.0,270000.0,267500.0,272500.0,2.0,2.0
W.P. Labuan,Labuan,2024Q2,detached,1.0,485000.0,485000.0,485000.0,485000.0,485000.0,0.0,1.0
W.P. Labuan,Labuan,2024Q2,flat,3.0,610000.0,203333.33,180000.0,165000.0,230000.0,3.0,3.0
W.P. Labuan,Labuan,2024Q2,low_cost_flat,1.0,120000.0,120000.0,120000.0,120000.0,120000.0,1.0,1.0
W.P. Labuan,Labuan,2024Q2,semi_detached,4.0,3300000.0,825000.0,825000.0,757500.0,892500.0,0.0,0.0
W.P. Labuan,Labuan,2024Q2,terrace,10.0,5959000.0,595900.0,540000.0,432500.0,657500.0,0.0,4.0
W.P. Labuan,Labuan,2024Q3,all,19.0,8830000.0,464736.84,420000.0,340000.0,590000.0,5.0,11.0
W.P. Labuan,Labuan,2024Q3,detached,1.0,575000.0,575000.0,575000.0,575000.0,575000.0,0.0,0.0
W.P. Labuan,Labuan,2024Q3,flat,3.0,860000.0,286666.67,280000.0,220000.0,350000.0,2.0,3.0
W.P. Labuan,Labuan,2024Q3,low_cost_flat,2.0,280000.0,140000.0,140000.0,140000.0,140000.0,2.0,2.0
W.P. Labuan,Labuan,2024Q3,semi_detached,4.0,2430000.0,607500.0,575000.0,512500.0,670000.0,0.0,1.0
W.P. Labuan,Labuan,2024Q3,terrace,9.0,4685000.0,520555.56,490000.0,420000.0,650000.0,1.0,5.0
W.P. Labuan,Labuan,2024Q4,all,12.0,6209000.0,517416.67,524500.0,411250.0,620000.0,2.0,6.0
W.P. Labuan,Labuan,2024Q4,low_cost_house,1.0,300000.0,300000.0,300000.0,300000.0,300000.0,1.0,1.0
W.P. Labuan,Labuan,2024Q4,semi_detached,5.0,3400000.0,680000.0,680000.0,600000.0,680000.0,0.0,0.0
W.P. Labuan,Labuan,2024Q4,terrace,6.0,2509000.0,418166.67,435000.0,383750.0,485500.0,1.0,5.0
W.P. Labuan,Labuan,2025Q1,all,10.0,4690000.0,469000.0,440000.0,405000.0,547500.0,2.0,6.0
W.P. Labuan,Labuan,2025Q1,low_cost_house,1.0,280000.0,280000.0,280000.0,280000.0,280000.0,1.0,1.0
W.P. Labuan,Labuan,2025Q1,semi_detached,1.0,700000.0,700000.0,700000.0,700000.0,700000.0,0.0,0.0
W.P. Labuan,Labuan,2025Q1,terrace,8.0,3710000.0,463750.0,440000.0,415000.0,542500.0,1.0,5.0
W.P. Labuan,Labuan,2025Q2,all,16.0,7603000.0,475187.5,454000.0,407500.0,512500.0,2.0,12.0
W.P. Labuan,Labuan,2025Q2,condo,1.0,215000.0,215000.0,215000.0,215000.0,215000.0,1.0,1.0
W.P. Labuan,Labuan,2025Q2,flat,1.0,230000.0,230000.0,230000.0,230000.0,230000.0,1.0,1.0
W.P. Labuan,Labuan,2025Q2,semi_detached,6.0,3610000.0,601666.67,600000.0,512500.0,687500.0,0.0,2.0
W.P. Labuan,Labuan,2025Q2,terrace,8.0,3548000.0,443500.0,450000.0,437500.0,458500.0,0.0,8.0
W.P. Labuan,Labuan,2025Q3,all,14.0,7183000.0,513071.43,432500.0,321250.0,637500.0,4.0,9.0
W.P. Labuan,Labuan,2025Q3,detached,3.0,2578000.0,859333.33,988000.0,739000.0,1044000.0,0.0,1.0
W.P. Labuan,Labuan,2025Q3,flat,4.0,885000.0,221250.0,235000.0,172500.0,283750.0,4.0,4.0
W.P. Labuan,Labuan,2025Q3,semi_detached,2.0,1400000.0,700000.0,700000.0,650000.0,750000.0,0.0,0.0
W.P. Labuan,Labuan,2025Q3,terrace,5.0,2320000.0,464000.0,415000.0,405000.0,450000.0,0.0,4.0
W.P. Labuan,Labuan,2025Q4,all,9.0,3015000.0,335000.0,325000.0,185000.0,430000.0,4.0,8.0
W.P. Labuan,Labuan,2025Q4,condo,2.0,470000.0,235000.0,235000.0,210000.0,260000.0,2.0,2.0
W.P. Labuan,Labuan,2025Q4,flat,2.0,310000.0,155000.0,155000.0,152500.0,157500.0,2.0,2.0
W.P. Labuan,Labuan,2025Q4,semi_detached,1.0,650000.0,650000.0,650000.0,650000.0,650000.0,0.0,0.0
W.P. Labuan,Labuan,2025Q4,terrace,4.0,1585000.0,396250.0,410000.0,373750.0,432500.0,0.0,4.0
W.P. Labuan,Labuan,2026Q1,all,11.0,5645000.0,513181.82,495000.0,450000.0,555000.0,1.0,7.0
W.P. Labuan,Labuan,2026Q1,condo,1.0,290000.0,290000.0,290000.0,290000.0,290000.0,1.0,1.0
W.P. Labuan,Labuan,2026Q1,detached,1.0,680000.0,680000.0,680000.0,680000.0,680000.0,0.0,0.0
W.P. Labuan,Labuan,2026Q1,semi_detached,3.0,1540000.0,513333.33,550000.0,490000.0,555000.0,0.0,1.0
W.P. Labuan,Labuan,2026Q1,terrace,6.0,3135000.0,522500.0,492500.0,475000.0,498750.0,0.0,5.0
W.P. Labuan,Labuan,2026Q2,all,10.0,4592000.0,459200.0,472500.0,327500.0,497500.0,2.0,8.0
W.P. Labuan,Labuan,2026Q2,condo,1.0,300000.0,300000.0,300000.0,300000.0,300000.0,1.0,1.0
W.P. Labuan,Labuan,2026Q2,semi_detached,1.0,720000.0,720000.0,720000.0,720000.0,720000.0,0.0,0.0
W.P. Labuan,Labuan,2026Q2,terrace,8.0,3572000.0,446500.0,472500.0,342500.0,492500.0,1.0,7.0
W.P. Putrajaya,Putrajaya,2024Q1,all,51.0,38760000.0,760000.0,625000.0,326500.0,875000.0,12.0,21.0
W.P. Putrajaya,Putrajaya,2024Q1,condo,26.0,14619000.0,562269.23,625000.0,380000.0,686500.0,4.0,9.0
W.P. Putrajaya,Putrajaya,2024Q1,detached,1.0,2650000.0,2650000.0,2650000.0,2650000.0,2650000.0,0.0,0.0
W.P. Putrajaya,Putrajaya,2024Q1,low_cost_flat,11.0,3233000.0,293909.09,300000.0,265000.0,316500.0,8.0,11.0
W.P. Putrajaya,Putrajaya,2024Q1,semi_detached,6.0,12093000.0,2015500.0,1923500.0,1623250.0,2181750.0,0.0,0.0
W.P. Putrajaya,Putrajaya,2024Q1,terrace,6.0,5715000.0,952500.0,925000.0,862500.0,1062500.0,0.0,0.0
W.P. Putrajaya,Putrajaya,2024Q1,townhouse,1.0,450000.0,450000.0,450000.0,450000.0,450000.0,0.0,1.0
W.P. Putrajaya,Putrajaya,2024Q2,all,41.0,39938000.0,974097.56,780000.0,450000.0,1050000.0,6.0,11.0
W.P. Putrajaya,Putrajaya,2024Q2,cluster,1.0,2109000.0,2109000.0,2109000.0,2109000.0,2109000.0,0.0,0.0
W.P. Putrajaya,Putrajaya,2024Q2,condo,10.0,5805000.0,580500.0,574500.0,427500.0,650000.0,1.0,4.0
W.P. Putrajaya,Putrajaya,2024Q2,low_cost_flat,7.0,1965000.0,280714.29,270000.0,257500.0,297500.0,5.0,7.0
W.P. Putrajaya,Putrajaya,2024Q2,semi_detached,7.0,14906000.0,2129428.57,2109000.0,1994500.0,2232500.0,0.0,0.0
W.P. Putrajaya,Putrajaya,2024Q2,terrace,16.0,15153000.0,947062.5,855000.0,741250.0,980000.0,0.0,0.0
W.P. Putrajaya,Putrajaya,2024Q3,all,29.0,30005000.0,1034655.17,675000.0,331000.0,1600000.0,6.0,13.0
W.P. Putrajaya,Putrajaya,2024Q3,condo,8.0,3305000.0,413125.0,352000.0,325750.0,496250.0,1.0,6.0
W.P. Putrajaya,Putrajaya,2024Q3,detached,1.0,2500000.0,2500000.0,2500000.0,2500000.0,2500000.0,0.0,0.0
W.P. Putrajaya,Putrajaya,2024Q3,low_cost_flat,7.0,1944000.0,277714.29,250000.0,242500.0,310000.0,5.0,7.0
W.P. Putrajaya,Putrajaya,2024Q3,semi_detached,4.0,10263000.0,2565750.0,2590500.0,1968000.0,3188250.0,0.0,0.0
W.P. Putrajaya,Putrajaya,2024Q3,terrace,9.0,11993000.0,1332555.56,1220000.0,850000.0,1600000.0,0.0,0.0
W.P. Putrajaya,Putrajaya,2024Q4,all,9.0,8560000.0,951111.11,580000.0,400000.0,1500000.0,1.0,4.0
W.P. Putrajaya,Putrajaya,2024Q4,condo,4.0,1780000.0,445000.0,400000.0,400000.0,445000.0,0.0,3.0
W.P. Putrajaya,Putrajaya,2024Q4,detached,1.0,2680000.0,2680000.0,2680000.0,2680000.0,2680000.0,0.0,0.0
W.P. Putrajaya,Putrajaya,2024Q4,low_cost_flat,1.0,230000.0,230000.0,230000.0,230000.0,230000.0,1.0,1.0
W.P. Putrajaya,Putrajaya,2024Q4,semi_detached,1.0,1500000.0,1500000.0,1500000.0,1500000.0,1500000.0,0.0,0.0
W.P. Putrajaya,Putrajaya,2024Q4,terrace,2.0,2370000.0,1185000.0,1185000.0,1027500.0,1342500.0,0.0,0.0
W.P. Putrajaya,Putrajaya,2025Q1,all,12.0,10763000.0,896916.67,750000.0,652500.0,800000.0,0.0,2.0
W.P. Putrajaya,Putrajaya,2025Q1,condo,4.0,2430000.0,607500.0,630000.0,543750.0,693750.0,0.0,1.0
W.P. Putrajaya,Putrajaya,2025Q1,low_cost_flat,1.0,350000.0,350000.0,350000.0,350000.0,350000.0,0.0,1.0
W.P. Putrajaya,Putrajaya,2025Q1,semi_detached,1.0,3313000.0,3313000.0,3313000.0,3313000.0,3313000.0,0.0,0.0
W.P. Putrajaya,Putrajaya,2025Q1,terrace,6.0,4670000.0,778333.33,775000.0,750000.0,800000.0,0.0,0.0
W.P. Putrajaya,Putrajaya,2025Q2,all,7.0,3575000.0,510714.29,400000.0,275000.0,720000.0,3.0,4.0
W.P. Putrajaya,Putrajaya,2025Q2,cluster,1.0,935000.0,935000.0,935000.0,935000.0,935000.0,0.0,0.0
W.P. Putrajaya,Putrajaya,2025Q2,condo,3.0,1240000.0,413333.33,400000.0,340000.0,480000.0,1.0,2.0
W.P. Putrajaya,Putrajaya,2025Q2,low_cost_flat,2.0,520000.0,260000.0,260000.0,255000.0,265000.0,2.0,2.0
W.P. Putrajaya,Putrajaya,2025Q2,terrace,1.0,880000.0,880000.0,880000.0,880000.0,880000.0,0.0,0.0
W.P. Putrajaya,Putrajaya,2025Q3,all,20.0,18793000.0,939650.0,678000.0,492250.0,1015000.0,1.0,5.0
W.P. Putrajaya,Putrajaya,2025Q3,condo,9.0,4714000.0,523777.78,507000.0,441000.0,625000.0,0.0,4.0
W.P. Putrajaya,Putrajaya,2025Q3,low_cost_flat,1.0,250000.0,250000.0,250000.0,250000.0,250000.0,1.0,1.0
W.P. Putrajaya,Putrajaya,2025Q3,semi_detached,3.0,7214000.0,2404666.67,1700000.0,1650000.0,2807000.0,0.0,0.0
W.P. Putrajaya,Putrajaya,2025Q3,terrace,7.0,6615000.0,945000.0,800000.0,770000.0,1110000.0,0.0,0.0
W.P. Putrajaya,Putrajaya,2025Q4,all,6.0,3405000.0,567500.0,532500.0,256250.0,835000.0,3.0,3.0
W.P. Putrajaya,Putrajaya,2025Q4,low_cost_flat,3.0,765000.0,255000.0,250000.0,245000.0,262500.0,3.0,3.0
W.P. Putrajaya,Putrajaya,2025Q4,semi_detached,1.0,1000000.0,1000000.0,1000000.0,1000000.0,1000000.0,0.0,0.0
W.P. Putrajaya,Putrajaya,2025Q4,terrace,2.0,1640000.0,820000.0,820000.0,805000.0,835000.0,0.0,0.0
W.P. Putrajaya,Putrajaya,2026Q1,all,10.0,9364000.0,936400.0,660000.0,435000.0,1133750.0,2.0,4.0
W.P. Putrajaya,Putrajaya,2026Q1,condo,5.0,2458000.0,491600.0,450000.0,430000.0,630000.0,1.0,3.0
W.P. Putrajaya,Putrajaya,2026Q1,low_cost_flat,1.0,270000.0,270000.0,270000.0,270000.0,270000.0,1.0,1.0
W.P. Putrajaya,Putrajaya,2026Q1,semi_detached,2.0,4526000.0,2263000.0,2263000.0,1769000.0,2757000.0,0.0,0.0
W.P. Putrajaya,Putrajaya,2026Q1,terrace,2.0,2110000.0,1055000.0,1055000.0,882500.0,1227500.0,0.0,0.0
W.P. Putrajaya,Putrajaya,2026Q2,all,11.0,10885000.0,989545.45,950000.0,430000.0,1375000.0,3.0,3.0
W.P. Putrajaya,Putrajaya,2026Q2,condo,2.0,780000.0,390000.0,390000.0,305000.0,475000.0,1.0,1.0
W.P. Putrajaya,Putrajaya,2026Q2,detached,2.0,4000000.0,2000000.0,2000000.0,2000000.0,2000000.0,0.0,0.0
W.P. Putrajaya,Putrajaya,2026Q2,low_cost_flat,2.0,545000.0,272500.0,272500.0,258750.0,286250.0,2.0,2.0
W.P. Putrajaya,Putrajaya,2026Q2,semi_detached,2.0,2750000.0,1375000.0,1375000.0,1287500.0,1462500.0,0.0,0.0
W.P. Putrajaya,Putrajaya,2026Q2,terrace,3.0,2810000.0,936666.67,950000.0,925000.0,955000.0,0.0,0.0
